<?xml version="1.0" encoding="UTF-8"?>
<osm generator="VMB">
  <MetaInfo format_version="1" map_version="4" validation_version="1"/>
  <node id="1" lat="42.28449400001" lon="-85.6186400996">
    <tag k="local_x" v="13891.0208"/>
    <tag k="local_y" v="82287.8621"/>
    <tag k="ele" v="0"/>
  </node>
  <node id="2" lat="42.28164687885" lon="-85.61402416384">
    <tag k="local_x" v="14276.7509"/>
    <tag k="local_y" v="81977.9099"/>
    <tag k="ele" v="0"/>
  </node>
  <node id="3" lat="42.28550450002" lon="-85.61045230031">
    <tag k="local_x" v="14564.2739"/>
    <tag k="local_y" v="82411.0507"/>
    <tag k="ele" v="0"/>
  </node>
  <node id="6" lat="42.28508510024" lon="-85.60930080007">
    <tag k="local_x" v="14659.9743"/>
    <tag k="local_y" v="82366.0317"/>
    <tag k="ele" v="0"/>
  </node>
  <node id="7" lat="42.28191110026" lon="-85.62084400011">
    <tag k="local_x" v="13713.9547"/>
    <tag k="local_y" v="81998.1177"/>
    <tag k="ele" v="0"/>
  </node>
  <node id="9" lat="42.28159147904" lon="-85.61407866381">
    <tag k="local_x" v="14272.3573"/>
    <tag k="local_y" v="81971.6853"/>
    <tag k="ele" v="0"/>
  </node>
  <node id="10" lat="42.28155747851" lon="-85.61410166395">
    <tag k="local_x" v="14270.5223"/>
    <tag k="local_y" v="81967.8791"/>
    <tag k="ele" v="0"/>
  </node>
  <node id="11" lat="42.28151947848" lon="-85.61411766414">
    <tag k="local_x" v="14269.2717"/>
    <tag k="local_y" v="81963.6382"/>
    <tag k="ele" v="0"/>
  </node>
  <node id="12" lat="42.28138247867" lon="-85.61413166463">
    <tag k="local_x" v="14268.3649"/>
    <tag k="local_y" v="81948.4073"/>
    <tag k="ele" v="0"/>
  </node>
  <node id="13" lat="42.28066347883" lon="-85.61412666451">
    <tag k="local_x" v="14270.0766"/>
    <tag k="local_y" v="81868.5781"/>
    <tag k="ele" v="0"/>
  </node>
  <node id="14" lat="42.2805684783" lon="-85.61412866425">
    <tag k="local_x" v="14270.0834"/>
    <tag k="local_y" v="81858.0268"/>
    <tag k="ele" v="0"/>
  </node>
  <node id="15" lat="42.28046747904" lon="-85.61412866461">
    <tag k="local_x" v="14270.2659"/>
    <tag k="local_y" v="81846.8121"/>
    <tag k="ele" v="0"/>
  </node>
  <node id="16" lat="42.27859416133" lon="-85.61415364795">
    <tag k="local_x" v="14271.5913"/>
    <tag k="local_y" v="81638.7702"/>
    <tag k="ele" v="0"/>
  </node>
  <node id="17" lat="42.27851600884" lon="-85.61420838056">
    <tag k="local_x" v="14267.2194"/>
    <tag k="local_y" v="81630.0189"/>
    <tag k="ele" v="0"/>
  </node>
  <node id="18" lat="42.27843399982" lon="-85.61427100031">
    <tag k="local_x" v="14262.2041"/>
    <tag k="local_y" v="81620.8288"/>
    <tag k="ele" v="0"/>
  </node>
  <node id="19" lat="42.27826699979" lon="-85.61437500052">
    <tag k="local_x" v="14253.9302"/>
    <tag k="local_y" v="81602.146"/>
    <tag k="ele" v="0"/>
  </node>
  <node id="20" lat="42.27813600045" lon="-85.61447500005">
    <tag k="local_x" v="14245.9211"/>
    <tag k="local_y" v="81587.466"/>
    <tag k="ele" v="0"/>
  </node>
  <node id="21" lat="42.27804899986" lon="-85.61456099955">
    <tag k="local_x" v="14238.9869"/>
    <tag k="local_y" v="81577.6903"/>
    <tag k="ele" v="0"/>
  </node>
  <node id="22" lat="42.27796999966" lon="-85.61465299997">
    <tag k="local_x" v="14231.5434"/>
    <tag k="local_y" v="81568.7949"/>
    <tag k="ele" v="0"/>
  </node>
  <node id="23" lat="42.2778851436" lon="-85.61477891143">
    <tag k="local_x" v="14221.3142"/>
    <tag k="local_y" v="81559.2038"/>
    <tag k="ele" v="0"/>
  </node>
  <node id="31" lat="42.27964000012" lon="-85.61184599975">
    <tag k="local_x" v="14459.9816"/>
    <tag k="local_y" v="81757.9969"/>
    <tag k="ele" v="0"/>
  </node>
  <node id="33" lat="42.29211399955" lon="-85.61537099944">
    <tag k="local_x" v="14146.7973"/>
    <tag k="local_y" v="83138.3466"/>
    <tag k="ele" v="0"/>
  </node>
  <node id="34" lat="42.29165099957" lon="-85.61538499963">
    <tag k="local_x" v="14146.4793"/>
    <tag k="local_y" v="83086.9174"/>
    <tag k="ele" v="0"/>
  </node>
  <node id="35" lat="42.29157199982" lon="-85.61537899984">
    <tag k="local_x" v="14147.1166"/>
    <tag k="local_y" v="83078.1535"/>
    <tag k="ele" v="0"/>
  </node>
  <node id="36" lat="42.29147300002" lon="-85.61535199982">
    <tag k="local_x" v="14149.5213"/>
    <tag k="local_y" v="83067.197"/>
    <tag k="ele" v="0"/>
  </node>
  <node id="37" lat="42.29108900014" lon="-85.61501499948">
    <tag k="local_x" v="14177.9976"/>
    <tag k="local_y" v="83025.0105"/>
    <tag k="ele" v="0"/>
  </node>
  <node id="38" lat="42.2909079997" lon="-85.6148900004">
    <tag k="local_x" v="14188.6297"/>
    <tag k="local_y" v="83005.0803"/>
    <tag k="ele" v="0"/>
  </node>
  <node id="39" lat="42.29076000041" lon="-85.61482500036">
    <tag k="local_x" v="14194.2558"/>
    <tag k="local_y" v="82988.734"/>
    <tag k="ele" v="0"/>
  </node>
  <node id="40" lat="42.29056900033" lon="-85.61477200047">
    <tag k="local_x" v="14198.9703"/>
    <tag k="local_y" v="82967.5969"/>
    <tag k="ele" v="0"/>
  </node>
  <node id="41" lat="42.28971499978" lon="-85.61443600018">
    <tag k="local_x" v="14228.2142"/>
    <tag k="local_y" v="82873.2215"/>
    <tag k="ele" v="0"/>
  </node>
  <node id="42" lat="42.2896070003" lon="-85.61440000059">
    <tag k="local_x" v="14231.3773"/>
    <tag k="local_y" v="82861.2778"/>
    <tag k="ele" v="0"/>
  </node>
  <node id="43" lat="42.28951100015" lon="-85.61439699964">
    <tag k="local_x" v="14231.7982"/>
    <tag k="local_y" v="82850.6222"/>
    <tag k="ele" v="0"/>
  </node>
  <node id="44" lat="42.28945299992" lon="-85.6144039998">
    <tag k="local_x" v="14231.3259"/>
    <tag k="local_y" v="82844.1726"/>
    <tag k="ele" v="0"/>
  </node>
  <node id="45" lat="42.28938700001" lon="-85.61443099975">
    <tag k="local_x" v="14229.2192"/>
    <tag k="local_y" v="82836.8079"/>
    <tag k="ele" v="0"/>
  </node>
  <node id="46" lat="42.28883600013" lon="-85.61469500005">
    <tag k="local_x" v="14208.4496"/>
    <tag k="local_y" v="82775.272"/>
    <tag k="ele" v="0"/>
  </node>
  <node id="47" lat="42.28870899969" lon="-85.61473299969">
    <tag k="local_x" v="14205.5462"/>
    <tag k="local_y" v="82761.1192"/>
    <tag k="ele" v="0"/>
  </node>
  <node id="48" lat="42.28857700044" lon="-85.6147479999">
    <tag k="local_x" v="14204.548"/>
    <tag k="local_y" v="82746.4422"/>
    <tag k="ele" v="0"/>
  </node>
  <node id="49" lat="42.28774039981" lon="-85.61475910035">
    <tag k="local_x" v="14205.1443"/>
    <tag k="local_y" v="82653.5332"/>
    <tag k="ele" v="0"/>
  </node>
  <node id="50" lat="42.28768440002" lon="-85.61474510053">
    <tag k="local_x" v="14206.3997"/>
    <tag k="local_y" v="82647.3339"/>
    <tag k="ele" v="0"/>
  </node>
  <node id="51" lat="42.28761239977" lon="-85.61472070009">
    <tag k="local_x" v="14208.5415"/>
    <tag k="local_y" v="82639.3719"/>
    <tag k="ele" v="0"/>
  </node>
  <node id="52" lat="42.28754859969" lon="-85.61469140054">
    <tag k="local_x" v="14211.0724"/>
    <tag k="local_y" v="82632.327"/>
    <tag k="ele" v="0"/>
  </node>
  <node id="53" lat="42.28740790036" lon="-85.61455289947">
    <tag k="local_x" v="14222.7455"/>
    <tag k="local_y" v="82616.8899"/>
    <tag k="ele" v="0"/>
  </node>
  <node id="54" lat="42.28668079977" lon="-85.61508079999">
    <tag k="local_x" v="14180.5354"/>
    <tag k="local_y" v="82535.4463"/>
    <tag k="ele" v="0"/>
  </node>
  <node id="55" lat="42.28613270039" lon="-85.61542860001">
    <tag k="local_x" v="14152.85"/>
    <tag k="local_y" v="82474.1203"/>
    <tag k="ele" v="0"/>
  </node>
  <node id="56" lat="42.28550709967" lon="-85.61580009966">
    <tag k="local_x" v="14123.35"/>
    <tag k="local_y" v="82404.1571"/>
    <tag k="ele" v="0"/>
  </node>
  <node id="57" lat="42.28427329955" lon="-85.6163971995">
    <tag k="local_x" v="14076.3462"/>
    <tag k="local_y" v="82266.3588"/>
    <tag k="ele" v="0"/>
  </node>
  <node id="58" lat="42.28733140006" lon="-85.61165920058">
    <tag k="local_x" v="14461.4586"/>
    <tag k="local_y" v="82612.2819"/>
    <tag k="ele" v="0"/>
  </node>
  <node id="59" lat="42.28730019971" lon="-85.61125209957">
    <tag k="local_x" v="14495.0791"/>
    <tag k="local_y" v="82609.3649"/>
    <tag k="ele" v="0"/>
  </node>
  <node id="60" lat="42.28724030032" lon="-85.61110399972">
    <tag k="local_x" v="14507.3979"/>
    <tag k="local_y" v="82602.913"/>
    <tag k="ele" v="0"/>
  </node>
  <node id="61" lat="42.28718679993" lon="-85.61101399971">
    <tag k="local_x" v="14514.915"/>
    <tag k="local_y" v="82597.0935"/>
    <tag k="ele" v="0"/>
  </node>
  <node id="62" lat="42.28709270003" lon="-85.61090729999">
    <tag k="local_x" v="14523.8825"/>
    <tag k="local_y" v="82586.7884"/>
    <tag k="ele" v="0"/>
  </node>
  <node id="63" lat="42.28698097022" lon="-85.61083793791">
    <tag k="local_x" v="14529.8036"/>
    <tag k="local_y" v="82574.4755"/>
    <tag k="ele" v="0"/>
  </node>
  <node id="64" lat="42.28572370017" lon="-85.61054880016">
    <tag k="local_x" v="14555.9204"/>
    <tag k="local_y" v="82435.2603"/>
    <tag k="ele" v="0"/>
  </node>
  <node id="65" lat="42.28535220004" lon="-85.61038339946">
    <tag k="local_x" v="14570.2307"/>
    <tag k="local_y" v="82394.2324"/>
    <tag k="ele" v="0"/>
  </node>
  <node id="66" lat="42.28528379978" lon="-85.61037819942">
    <tag k="local_x" v="14570.7834"/>
    <tag k="local_y" v="82386.6444"/>
    <tag k="ele" v="0"/>
  </node>
  <node id="67" lat="42.28518649981" lon="-85.61037950006">
    <tag k="local_x" v="14570.8525"/>
    <tag k="local_y" v="82375.8387"/>
    <tag k="ele" v="0"/>
  </node>
  <node id="68" lat="42.28464590024" lon="-85.6184938998">
    <tag k="local_x" v="13902.8013"/>
    <tag k="local_y" v="82304.9243"/>
    <tag k="ele" v="0"/>
  </node>
  <node id="69" lat="42.2847200002" lon="-85.61844409969">
    <tag k="local_x" v="13906.7738"/>
    <tag k="local_y" v="82313.2188"/>
    <tag k="ele" v="0"/>
  </node>
  <node id="70" lat="42.28484890002" lon="-85.61840329964">
    <tag k="local_x" v="13909.9055"/>
    <tag k="local_y" v="82327.5861"/>
    <tag k="ele" v="0"/>
  </node>
  <node id="71" lat="42.28498599963" lon="-85.61839530045">
    <tag k="local_x" v="13910.318"/>
    <tag k="local_y" v="82342.82"/>
    <tag k="ele" v="0"/>
  </node>
  <node id="73" lat="42.27939695729" lon="-85.61611500054">
    <tag k="local_x" v="14108.4139"/>
    <tag k="local_y" v="81725.2803"/>
    <tag k="ele" v="0"/>
  </node>
  <node id="74" lat="42.27939099973" lon="-85.61256900028">
    <tag k="local_x" v="14400.8161"/>
    <tag k="local_y" v="81729.3769"/>
    <tag k="ele" v="0"/>
  </node>
  <node id="75" lat="42.28043799964" lon="-85.61420599954">
    <tag k="local_x" v="14263.9425"/>
    <tag k="local_y" v="81843.435"/>
    <tag k="ele" v="0"/>
  </node>
  <node id="76" lat="42.28041900009" lon="-85.61425699968">
    <tag k="local_x" v="14259.7716"/>
    <tag k="local_y" v="81841.2569"/>
    <tag k="ele" v="0"/>
  </node>
  <node id="77" lat="42.28039499955" lon="-85.61428899966">
    <tag k="local_x" v="14257.1764"/>
    <tag k="local_y" v="81838.549"/>
    <tag k="ele" v="0"/>
  </node>
  <node id="78" lat="42.28034600011" lon="-85.6143039998">
    <tag k="local_x" v="14256.0281"/>
    <tag k="local_y" v="81833.0881"/>
    <tag k="ele" v="0"/>
  </node>
  <node id="79" lat="42.27992100043" lon="-85.61430699987">
    <tag k="local_x" v="14256.5487"/>
    <tag k="local_y" v="81785.8932"/>
    <tag k="ele" v="0"/>
  </node>
  <node id="80" lat="42.27984900002" lon="-85.6143179997">
    <tag k="local_x" v="14255.7718"/>
    <tag k="local_y" v="81777.8837"/>
    <tag k="ele" v="0"/>
  </node>
  <node id="81" lat="42.27976800016" lon="-85.61436300013">
    <tag k="local_x" v="14252.2076"/>
    <tag k="local_y" v="81768.8293"/>
    <tag k="ele" v="0"/>
  </node>
  <node id="82" lat="42.27970899961" lon="-85.6144140006">
    <tag k="local_x" v="14248.1089"/>
    <tag k="local_y" v="81762.2096"/>
    <tag k="ele" v="0"/>
  </node>
  <node id="83" lat="42.27961199976" lon="-85.6144639999">
    <tag k="local_x" v="14244.1614"/>
    <tag k="local_y" v="81751.3719"/>
    <tag k="ele" v="0"/>
  </node>
  <node id="84" lat="42.27956599981" lon="-85.61447800016">
    <tag k="local_x" v="14243.0901"/>
    <tag k="local_y" v="81746.2454"/>
    <tag k="ele" v="0"/>
  </node>
  <node id="85" lat="42.2795030001" lon="-85.61448700035">
    <tag k="local_x" v="14242.4618"/>
    <tag k="local_y" v="81739.238"/>
    <tag k="ele" v="0"/>
  </node>
  <node id="86" lat="42.2786915409" lon="-85.61449875283">
    <tag k="local_x" v="14242.9588"/>
    <tag k="local_y" v="81649.1199"/>
    <tag k="ele" v="0"/>
  </node>
  <node id="88" lat="42.28218849991" lon="-85.61974169955">
    <tag k="local_x" v="13804.3438"/>
    <tag k="local_y" v="82030.3922"/>
    <tag k="ele" v="0"/>
  </node>
  <node id="89" lat="42.28268976701" lon="-85.61954129812">
    <tag k="local_x" v="13819.9651"/>
    <tag k="local_y" v="82086.3195"/>
    <tag k="ele" v="0"/>
  </node>
  <node id="90" lat="42.28296056649" lon="-85.61962469803">
    <tag k="local_x" v="13812.6011"/>
    <tag k="local_y" v="82116.2769"/>
    <tag k="ele" v="0"/>
  </node>
  <node id="91" lat="42.28308366681" lon="-85.61968809867">
    <tag k="local_x" v="13807.152"/>
    <tag k="local_y" v="82129.8609"/>
    <tag k="ele" v="0"/>
  </node>
  <node id="92" lat="42.28319606698" lon="-85.61971699887">
    <tag k="local_x" v="13804.5668"/>
    <tag k="local_y" v="82142.3029"/>
    <tag k="ele" v="0"/>
  </node>
  <node id="93" lat="42.2833360665" lon="-85.6198589986">
    <tag k="local_x" v="13792.6067"/>
    <tag k="local_y" v="82157.6583"/>
    <tag k="ele" v="0"/>
  </node>
  <node id="94" lat="42.28354936695" lon="-85.62014839857">
    <tag k="local_x" v="13768.3614"/>
    <tag k="local_y" v="82180.9559"/>
    <tag k="ele" v="0"/>
  </node>
  <node id="95" lat="42.28436879978" lon="-85.62143819965">
    <tag k="local_x" v="13660.5425"/>
    <tag k="local_y" v="82270.221"/>
    <tag k="ele" v="0"/>
  </node>
  <node id="96" lat="42.28450850225" lon="-85.62159769558">
    <tag k="local_x" v="13647.1409"/>
    <tag k="local_y" v="82285.5203"/>
    <tag k="ele" v="0"/>
  </node>
  <node id="97" lat="42.28463060215" lon="-85.62168929563">
    <tag k="local_x" v="13639.369"/>
    <tag k="local_y" v="82298.9557"/>
    <tag k="ele" v="0"/>
  </node>
  <node id="98" lat="42.28478660157" lon="-85.62177529587">
    <tag k="local_x" v="13631.9979"/>
    <tag k="local_y" v="82316.1627"/>
    <tag k="ele" v="0"/>
  </node>
  <node id="99" lat="42.28494260183" lon="-85.62183529511">
    <tag k="local_x" v="13626.7706"/>
    <tag k="local_y" v="82333.4045"/>
    <tag k="ele" v="0"/>
  </node>
  <node id="100" lat="42.28527260156" lon="-85.62186829583">
    <tag k="local_x" v="13623.4566"/>
    <tag k="local_y" v="82370.0028"/>
    <tag k="ele" v="0"/>
  </node>
  <node id="101" lat="42.28567260213" lon="-85.62183829616">
    <tag k="local_x" v="13625.2111"/>
    <tag k="local_y" v="82414.4579"/>
    <tag k="ele" v="0"/>
  </node>
  <node id="102" lat="42.28584360195" lon="-85.6218062961">
    <tag k="local_x" v="13627.5421"/>
    <tag k="local_y" v="82433.488"/>
    <tag k="ele" v="0"/>
  </node>
  <node id="103" lat="42.28603860221" lon="-85.62173829571">
    <tag k="local_x" v="13632.7981"/>
    <tag k="local_y" v="82455.2311"/>
    <tag k="ele" v="0"/>
  </node>
  <node id="104" lat="42.28622660155" lon="-85.621651296">
    <tag k="local_x" v="13639.6331"/>
    <tag k="local_y" v="82476.2222"/>
    <tag k="ele" v="0"/>
  </node>
  <node id="105" lat="42.28640060161" lon="-85.62154029585">
    <tag k="local_x" v="13648.472"/>
    <tag k="local_y" v="82495.6909"/>
    <tag k="ele" v="0"/>
  </node>
  <node id="106" lat="42.2864996022" lon="-85.62146529553">
    <tag k="local_x" v="13654.4776"/>
    <tag k="local_y" v="82506.7838"/>
    <tag k="ele" v="0"/>
  </node>
  <node id="107" lat="42.28660322423" lon="-85.62135985237">
    <tag k="local_x" v="13662.9848"/>
    <tag k="local_y" v="82518.4305"/>
    <tag k="ele" v="0"/>
  </node>
  <node id="108" lat="42.28676862235" lon="-85.62117155709">
    <tag k="local_x" v="13678.2118"/>
    <tag k="local_y" v="82537.0473"/>
    <tag k="ele" v="0"/>
  </node>
  <node id="109" lat="42.28701062199" lon="-85.62086755737">
    <tag k="local_x" v="13702.8404"/>
    <tag k="local_y" v="82564.3243"/>
    <tag k="ele" v="0"/>
  </node>
  <node id="110" lat="42.28738962143" lon="-85.62031355756">
    <tag k="local_x" v="13747.8339"/>
    <tag k="local_y" v="82607.1475"/>
    <tag k="ele" v="0"/>
  </node>
  <node id="111" lat="42.28750662179" lon="-85.62015955713">
    <tag k="local_x" v="13760.3201"/>
    <tag k="local_y" v="82620.3447"/>
    <tag k="ele" v="0"/>
  </node>
  <node id="112" lat="42.287576622" lon="-85.62009755686">
    <tag k="local_x" v="13765.3058"/>
    <tag k="local_y" v="82628.2002"/>
    <tag k="ele" v="0"/>
  </node>
  <node id="113" lat="42.28765362211" lon="-85.62004255743">
    <tag k="local_x" v="13769.7017"/>
    <tag k="local_y" v="82636.8236"/>
    <tag k="ele" v="0"/>
  </node>
  <node id="114" lat="42.28795462143" lon="-85.61987855658">
    <tag k="local_x" v="13782.6811"/>
    <tag k="local_y" v="82670.465"/>
    <tag k="ele" v="0"/>
  </node>
  <node id="115" lat="42.28800362226" lon="-85.61984655722">
    <tag k="local_x" v="13785.2311"/>
    <tag k="local_y" v="82675.9487"/>
    <tag k="ele" v="0"/>
  </node>
  <node id="116" lat="42.28805862151" lon="-85.6197995576">
    <tag k="local_x" v="13789.007"/>
    <tag k="local_y" v="82682.1185"/>
    <tag k="ele" v="0"/>
  </node>
  <node id="117" lat="42.28812362203" lon="-85.61972855647">
    <tag k="local_x" v="13794.7437"/>
    <tag k="local_y" v="82689.4309"/>
    <tag k="ele" v="0"/>
  </node>
  <node id="118" lat="42.28815846384" lon="-85.61967757084">
    <tag k="local_x" v="13798.8845"/>
    <tag k="local_y" v="82693.3678"/>
    <tag k="ele" v="0"/>
  </node>
  <node id="119" lat="42.2882494643" lon="-85.61949457122">
    <tag k="local_x" v="13813.8081"/>
    <tag k="local_y" v="82703.7169"/>
    <tag k="ele" v="0"/>
  </node>
  <node id="120" lat="42.2882794645" lon="-85.61938757131">
    <tag k="local_x" v="13822.5757"/>
    <tag k="local_y" v="82707.1911"/>
    <tag k="ele" v="0"/>
  </node>
  <node id="121" lat="42.28829646385" lon="-85.61927057085">
    <tag k="local_x" v="13832.1912"/>
    <tag k="local_y" v="82709.2351"/>
    <tag k="ele" v="0"/>
  </node>
  <node id="122" lat="42.28830546383" lon="-85.6191315715">
    <tag k="local_x" v="13843.6348"/>
    <tag k="local_y" v="82710.4203"/>
    <tag k="ele" v="0"/>
  </node>
  <node id="123" lat="42.28829146376" lon="-85.61768057154">
    <tag k="local_x" v="13963.2878"/>
    <tag k="local_y" v="82710.8071"/>
    <tag k="ele" v="0"/>
  </node>
  <node id="124" lat="42.28829646395" lon="-85.61755157152">
    <tag k="local_x" v="13973.9142"/>
    <tag k="local_y" v="82711.535"/>
    <tag k="ele" v="0"/>
  </node>
  <node id="125" lat="42.28835746456" lon="-85.61726257168">
    <tag k="local_x" v="13997.6308"/>
    <tag k="local_y" v="82718.6953"/>
    <tag k="ele" v="0"/>
  </node>
  <node id="126" lat="42.28845546381" lon="-85.61699957122">
    <tag k="local_x" v="14019.1371"/>
    <tag k="local_y" v="82729.9291"/>
    <tag k="ele" v="0"/>
  </node>
  <node id="127" lat="42.2885917687" lon="-85.61669456593">
    <tag k="local_x" v="14044.0373"/>
    <tag k="local_y" v="82745.4726"/>
    <tag k="ele" v="0"/>
  </node>
  <node id="128" lat="42.28429209962" lon="-85.62059530003">
    <tag k="local_x" v="13730.1777"/>
    <tag k="local_y" v="82262.83"/>
    <tag k="ele" v="0"/>
  </node>
  <node id="129" lat="42.2842359004" lon="-85.62075519988">
    <tag k="local_x" v="13717.095"/>
    <tag k="local_y" v="82256.3762"/>
    <tag k="ele" v="0"/>
  </node>
  <node id="130" lat="42.2921954003" lon="-85.6178244995">
    <tag k="local_x" v="13944.3838"/>
    <tag k="local_y" v="83144.0982"/>
    <tag k="ele" v="0"/>
  </node>
  <node id="131" lat="42.29159800028" lon="-85.6178080004">
    <tag k="local_x" v="13946.821"/>
    <tag k="local_y" v="83077.7864"/>
    <tag k="ele" v="0"/>
  </node>
  <node id="132" lat="42.29148599963" lon="-85.61778499989">
    <tag k="local_x" v="13948.9191"/>
    <tag k="local_y" v="83065.3809"/>
    <tag k="ele" v="0"/>
  </node>
  <node id="133" lat="42.29134899994" lon="-85.61774300007">
    <tag k="local_x" v="13952.6286"/>
    <tag k="local_y" v="83050.225"/>
    <tag k="ele" v="0"/>
  </node>
  <node id="134" lat="42.2908950002" lon="-85.61757099984">
    <tag k="local_x" v="13967.6271"/>
    <tag k="local_y" v="83000.0442"/>
    <tag k="ele" v="0"/>
  </node>
  <node id="135" lat="42.29019900006" lon="-85.61733700009">
    <tag k="local_x" v="13988.1736"/>
    <tag k="local_y" v="82923.0753"/>
    <tag k="ele" v="0"/>
  </node>
  <node id="136" lat="42.2901280003" lon="-85.61730000032">
    <tag k="local_x" v="13991.352"/>
    <tag k="local_y" v="82915.2412"/>
    <tag k="ele" v="0"/>
  </node>
  <node id="137" lat="42.29003899992" lon="-85.61722599999">
    <tag k="local_x" v="13997.6133"/>
    <tag k="local_y" v="82905.4579"/>
    <tag k="ele" v="0"/>
  </node>
  <node id="138" lat="42.28992100009" lon="-85.6170289997">
    <tag k="local_x" v="14014.0674"/>
    <tag k="local_y" v="82892.6193"/>
    <tag k="ele" v="0"/>
  </node>
  <node id="139" lat="42.28985299971" lon="-85.61693999955">
    <tag k="local_x" v="14021.5275"/>
    <tag k="local_y" v="82885.1879"/>
    <tag k="ele" v="0"/>
  </node>
  <node id="140" lat="42.28977100007" lon="-85.61684499976">
    <tag k="local_x" v="14029.5075"/>
    <tag k="local_y" v="82876.2101"/>
    <tag k="ele" v="0"/>
  </node>
  <node id="141" lat="42.28961600022" lon="-85.61670299948">
    <tag k="local_x" v="14041.4941"/>
    <tag k="local_y" v="82859.1895"/>
    <tag k="ele" v="0"/>
  </node>
  <node id="142" lat="42.28952699963" lon="-85.61663200021">
    <tag k="local_x" v="14047.5081"/>
    <tag k="local_y" v="82849.4022"/>
    <tag k="ele" v="0"/>
  </node>
  <node id="143" lat="42.28944099974" lon="-85.61657100053">
    <tag k="local_x" v="14052.6923"/>
    <tag k="local_y" v="82839.9347"/>
    <tag k="ele" v="0"/>
  </node>
  <node id="145" lat="42.29100160013" lon="-85.61806050056">
    <tag k="local_x" v="13927.0797"/>
    <tag k="local_y" v="83011.2256"/>
    <tag k="ele" v="0"/>
  </node>
  <node id="146" lat="42.29037300045" lon="-85.61780900031">
    <tag k="local_x" v="13948.947"/>
    <tag k="local_y" v="82941.764"/>
    <tag k="ele" v="0"/>
  </node>
  <node id="147" lat="42.2899751003" lon="-85.61772370033">
    <tag k="local_x" v="13956.6967"/>
    <tag k="local_y" v="82897.6963"/>
    <tag k="ele" v="0"/>
  </node>
  <node id="148" lat="42.28929350007" lon="-85.61757710021">
    <tag k="local_x" v="13970.0118"/>
    <tag k="local_y" v="82822.2093"/>
    <tag k="ele" v="0"/>
  </node>
  <node id="149" lat="42.28916900037" lon="-85.61753799943">
    <tag k="local_x" v="13973.4599"/>
    <tag k="local_y" v="82808.4375"/>
    <tag k="ele" v="0"/>
  </node>
  <node id="150" lat="42.28906499976" lon="-85.61746900019">
    <tag k="local_x" v="13979.336"/>
    <tag k="local_y" v="82796.9819"/>
    <tag k="ele" v="0"/>
  </node>
  <node id="151" lat="42.28901699996" lon="-85.61741800022">
    <tag k="local_x" v="13983.6272"/>
    <tag k="local_y" v="82791.7204"/>
    <tag k="ele" v="0"/>
  </node>
  <node id="152" lat="42.28894199974" lon="-85.61732699983">
    <tag k="local_x" v="13991.2649"/>
    <tag k="local_y" v="82783.5144"/>
    <tag k="ele" v="0"/>
  </node>
  <node id="153" lat="42.28889299985" lon="-85.61723399962">
    <tag k="local_x" v="13999.0206"/>
    <tag k="local_y" v="82778.1981"/>
    <tag k="ele" v="0"/>
  </node>
  <node id="154" lat="42.28882900017" lon="-85.61708400056">
    <tag k="local_x" v="14011.5026"/>
    <tag k="local_y" v="82771.2926"/>
    <tag k="ele" v="0"/>
  </node>
  <node id="155" lat="42.28880000021" lon="-85.61695200017">
    <tag k="local_x" v="14022.4376"/>
    <tag k="local_y" v="82768.2493"/>
    <tag k="ele" v="0"/>
  </node>
  <node id="156" lat="42.28877" lon="-85.61687199983">
    <tag k="local_x" v="14029.0873"/>
    <tag k="local_y" v="82765.0253"/>
    <tag k="ele" v="0"/>
  </node>
  <node id="157" lat="42.28872000038" lon="-85.61679500012">
    <tag k="local_x" v="14035.5257"/>
    <tag k="local_y" v="82759.5766"/>
    <tag k="ele" v="0"/>
  </node>
  <node id="158" lat="42.2872771004" lon="-85.61416029951">
    <tag k="local_x" v="14255.3503"/>
    <tag k="local_y" v="82602.893"/>
    <tag k="ele" v="0"/>
  </node>
  <node id="160" lat="42.28205171631" lon="-85.62034125792">
    <tag k="local_x" v="13755.1545"/>
    <tag k="local_y" v="82014.4029"/>
    <tag k="ele" v="0"/>
  </node>
  <node id="161" lat="42.28159099957" lon="-85.62154610007">
    <tag k="local_x" v="13656.6396"/>
    <tag k="local_y" v="81961.6371"/>
    <tag k="ele" v="0"/>
  </node>
  <node id="162" lat="42.28844347749" lon="-85.61512833083">
    <tag k="local_x" v="14173.4329"/>
    <tag k="local_y" v="82731.106"/>
    <tag k="ele" v="0"/>
  </node>
  <node id="163" lat="42.28856817799" lon="-85.61569883028">
    <tag k="local_x" v="14126.173"/>
    <tag k="local_y" v="82744.1875"/>
    <tag k="ele" v="0"/>
  </node>
  <node id="164" lat="42.28867304856" lon="-85.61624832136">
    <tag k="local_x" v="14080.6811"/>
    <tag k="local_y" v="82755.0956"/>
    <tag k="ele" v="0"/>
  </node>
  <node id="165" lat="42.28867430452" lon="-85.61635299452">
    <tag k="local_x" v="14072.0491"/>
    <tag k="local_y" v="82755.0948"/>
    <tag k="ele" v="0"/>
  </node>
  <node id="166" lat="42.28866730449" lon="-85.61641399467">
    <tag k="local_x" v="14067.0326"/>
    <tag k="local_y" v="82754.2358"/>
    <tag k="ele" v="0"/>
  </node>
  <node id="167" lat="42.27867883988" lon="-85.61456517297">
    <tag k="local_x" v="14237.5049"/>
    <tag k="local_y" v="81647.6205"/>
    <tag k="ele" v="0"/>
  </node>
  <node id="168" lat="42.27863199997" lon="-85.61470100048">
    <tag k="local_x" v="14226.3895"/>
    <tag k="local_y" v="81642.2373"/>
    <tag k="ele" v="0"/>
  </node>
  <node id="169" lat="42.27859700036" lon="-85.61476699944">
    <tag k="local_x" v="14221.0106"/>
    <tag k="local_y" v="81638.2625"/>
    <tag k="ele" v="0"/>
  </node>
  <node id="170" lat="42.27852300042" lon="-85.61483800021">
    <tag k="local_x" v="14215.2897"/>
    <tag k="local_y" v="81629.9505"/>
    <tag k="ele" v="0"/>
  </node>
  <node id="171" lat="42.27850100034" lon="-85.61492199995">
    <tag k="local_x" v="14208.403"/>
    <tag k="local_y" v="81627.395"/>
    <tag k="ele" v="0"/>
  </node>
  <node id="172" lat="42.27849400039" lon="-85.61505900014">
    <tag k="local_x" v="14197.1189"/>
    <tag k="local_y" v="81626.434"/>
    <tag k="ele" v="0"/>
  </node>
  <node id="175" lat="42.2785351214" lon="-85.61527828851">
    <tag k="local_x" v="14178.9626"/>
    <tag k="local_y" v="81630.7059"/>
    <tag k="ele" v="0"/>
  </node>
  <node id="176" lat="42.27865100007" lon="-85.6153379999">
    <tag k="local_x" v="14173.8297"/>
    <tag k="local_y" v="81643.4927"/>
    <tag k="ele" v="0"/>
  </node>
  <node id="177" lat="42.2786730002" lon="-85.6153829997">
    <tag k="local_x" v="14170.0794"/>
    <tag k="local_y" v="81645.8752"/>
    <tag k="ele" v="0"/>
  </node>
  <node id="179" lat="42.27866995228" lon="-85.61641235994">
    <tag k="local_x" v="14085.2063"/>
    <tag k="local_y" v="81644.1571"/>
    <tag k="ele" v="0"/>
  </node>
  <node id="180" lat="42.27865735193" lon="-85.61816855908">
    <tag k="local_x" v="13940.417"/>
    <tag k="local_y" v="81640.4065"/>
    <tag k="ele" v="0"/>
  </node>
  <node id="181" lat="42.27915349202" lon="-85.61878852714">
    <tag k="local_x" v="13888.4023"/>
    <tag k="local_y" v="81694.6672"/>
    <tag k="ele" v="0"/>
  </node>
  <node id="182" lat="42.2792240002" lon="-85.61875200026">
    <tag k="local_x" v="13891.2872"/>
    <tag k="local_y" v="81702.5451"/>
    <tag k="ele" v="0"/>
  </node>
  <node id="183" lat="42.27928739968" lon="-85.61870049945">
    <tag k="local_x" v="13895.4196"/>
    <tag k="local_y" v="81709.6537"/>
    <tag k="ele" v="0"/>
  </node>
  <node id="184" lat="42.28430049959" lon="-85.62002609979">
    <tag k="local_x" v="13777.0933"/>
    <tag k="local_y" v="82264.5232"/>
    <tag k="ele" v="0"/>
  </node>
  <node id="185" lat="42.28433920008" lon="-85.61900840026">
    <tag k="local_x" v="13860.9332"/>
    <tag k="local_y" v="82270.1809"/>
    <tag k="ele" v="0"/>
  </node>
  <node id="186" lat="42.28436309995" lon="-85.61892120041">
    <tag k="local_x" v="13868.0798"/>
    <tag k="local_y" v="82272.9513"/>
    <tag k="ele" v="0"/>
  </node>
  <node id="187" lat="42.28434379969" lon="-85.61835039974">
    <tag k="local_x" v="13915.1772"/>
    <tag k="local_y" v="82271.5718"/>
    <tag k="ele" v="0"/>
  </node>
  <node id="188" lat="42.28429670022" lon="-85.61796800039">
    <tag k="local_x" v="13946.791"/>
    <tag k="local_y" v="82266.8537"/>
    <tag k="ele" v="0"/>
  </node>
  <node id="189" lat="42.27784399963" lon="-85.61787100007">
    <tag k="local_x" v="13966.4189"/>
    <tag k="local_y" v="81550.4922"/>
    <tag k="ele" v="0"/>
  </node>
  <node id="190" lat="42.27817300012" lon="-85.61807600016">
    <tag k="local_x" v="13948.922"/>
    <tag k="local_y" v="81586.7492"/>
    <tag k="ele" v="0"/>
  </node>
  <node id="191" lat="42.27809399967" lon="-85.61805499998">
    <tag k="local_x" v="13950.796"/>
    <tag k="local_y" v="81578.0053"/>
    <tag k="ele" v="0"/>
  </node>
  <node id="192" lat="42.27801800024" lon="-85.61801899947">
    <tag k="local_x" v="13953.9015"/>
    <tag k="local_y" v="81569.6147"/>
    <tag k="ele" v="0"/>
  </node>
  <node id="193" lat="42.27796400028" lon="-85.61798200042">
    <tag k="local_x" v="13957.0497"/>
    <tag k="local_y" v="81563.6682"/>
    <tag k="ele" v="0"/>
  </node>
  <node id="194" lat="42.28666999963" lon="-85.62152949963">
    <tag k="local_x" v="13648.8778"/>
    <tag k="local_y" v="82525.6186"/>
    <tag k="ele" v="0"/>
  </node>
  <node id="195" lat="42.28674829964" lon="-85.6217386997">
    <tag k="local_x" v="13631.4891"/>
    <tag k="local_y" v="82534.0336"/>
    <tag k="ele" v="0"/>
  </node>
  <node id="196" lat="42.28679719999" lon="-85.6219567998">
    <tag k="local_x" v="13613.4195"/>
    <tag k="local_y" v="82539.1723"/>
    <tag k="ele" v="0"/>
  </node>
  <node id="197" lat="42.28681339968" lon="-85.62208679953">
    <tag k="local_x" v="13602.6723"/>
    <tag k="local_y" v="82540.7976"/>
    <tag k="ele" v="0"/>
  </node>
  <node id="198" lat="42.28681830015" lon="-85.62222780038">
    <tag k="local_x" v="13591.0384"/>
    <tag k="local_y" v="82541.1536"/>
    <tag k="ele" v="0"/>
  </node>
  <node id="199" lat="42.28678739987" lon="-85.62245470034">
    <tag k="local_x" v="13572.3867"/>
    <tag k="local_y" v="82537.4198"/>
    <tag k="ele" v="0"/>
  </node>
  <node id="200" lat="42.28670589955" lon="-85.62271679953">
    <tag k="local_x" v="13550.9238"/>
    <tag k="local_y" v="82528.0206"/>
    <tag k="ele" v="0"/>
  </node>
  <node id="201" lat="42.28653619973" lon="-85.62310430048">
    <tag k="local_x" v="13519.2802"/>
    <tag k="local_y" v="82508.6608"/>
    <tag k="ele" v="0"/>
  </node>
  <node id="209" lat="42.28412919734" lon="-85.60747572027">
    <tag k="local_x" v="14812.1868"/>
    <tag k="local_y" v="82262.3501"/>
    <tag k="ele" v="0"/>
  </node>
  <node id="210" lat="42.28242069992" lon="-85.60881310012">
    <tag k="local_x" v="14705.0188"/>
    <tag k="local_y" v="82070.8402"/>
    <tag k="ele" v="0"/>
  </node>
  <node id="212" lat="42.27793710022" lon="-85.6165159004">
    <tag k="local_x" v="14077.9907"/>
    <tag k="local_y" v="81562.6444"/>
    <tag k="ele" v="0"/>
  </node>
  <node id="213" lat="42.27802349972" lon="-85.6165066998">
    <tag k="local_x" v="14078.5935"/>
    <tag k="local_y" v="81572.2503"/>
    <tag k="ele" v="0"/>
  </node>
  <node id="214" lat="42.27814639994" lon="-85.61643700011">
    <tag k="local_x" v="14084.1191"/>
    <tag k="local_y" v="81585.9902"/>
    <tag k="ele" v="0"/>
  </node>
  <node id="215" lat="42.27825499971" lon="-85.61640649943">
    <tag k="local_x" v="14086.4382"/>
    <tag k="local_y" v="81598.0897"/>
    <tag k="ele" v="0"/>
  </node>
  <node id="216" lat="42.27939593911" lon="-85.61637593316">
    <tag k="local_x" v="14086.9001"/>
    <tag k="local_y" v="81724.8176"/>
    <tag k="ele" v="0"/>
  </node>
  <node id="217" lat="42.27941500005" lon="-85.61630799939">
    <tag k="local_x" v="14092.4673"/>
    <tag k="local_y" v="81727.0251"/>
    <tag k="ele" v="0"/>
  </node>
  <node id="218" lat="42.27941599992" lon="-85.61617600029">
    <tag k="local_x" v="14103.3497"/>
    <tag k="local_y" v="81727.313"/>
    <tag k="ele" v="0"/>
  </node>
  <node id="219" lat="42.27940800006" lon="-85.61613899947">
    <tag k="local_x" v="14106.4151"/>
    <tag k="local_y" v="81726.4743"/>
    <tag k="ele" v="0"/>
  </node>
  <node id="220" lat="42.28209959986" lon="-85.60910369961">
    <tag k="local_x" v="14681.6405"/>
    <tag k="local_y" v="82034.7946"/>
    <tag k="ele" v="0"/>
  </node>
  <node id="221" lat="42.28533310041" lon="-85.60789710012">
    <tag k="local_x" v="14775.2581"/>
    <tag k="local_y" v="82395.4604"/>
    <tag k="ele" v="0"/>
  </node>
  <node id="222" lat="42.28524400019" lon="-85.6078224997">
    <tag k="local_x" v="14781.5706"/>
    <tag k="local_y" v="82385.6675"/>
    <tag k="ele" v="0"/>
  </node>
  <node id="223" lat="42.28516309981" lon="-85.60769619991">
    <tag k="local_x" v="14792.1308"/>
    <tag k="local_y" v="82376.8548"/>
    <tag k="ele" v="0"/>
  </node>
  <node id="224" lat="42.28509640039" lon="-85.60758469998">
    <tag k="local_x" v="14801.445"/>
    <tag k="local_y" v="82369.599"/>
    <tag k="ele" v="0"/>
  </node>
  <node id="225" lat="42.28494459967" lon="-85.60748890022">
    <tag k="local_x" v="14809.6193"/>
    <tag k="local_y" v="82352.8726"/>
    <tag k="ele" v="0"/>
  </node>
  <node id="226" lat="42.2849050999" lon="-85.60749390005">
    <tag k="local_x" v="14809.2788"/>
    <tag k="local_y" v="82348.4799"/>
    <tag k="ele" v="0"/>
  </node>
  <node id="227" lat="42.28482179978" lon="-85.60751099991">
    <tag k="local_x" v="14808.0202"/>
    <tag k="local_y" v="82339.2074"/>
    <tag k="ele" v="0"/>
  </node>
  <node id="228" lat="42.28375009072" lon="-85.60745557586">
    <tag k="local_x" v="14814.5362"/>
    <tag k="local_y" v="82220.2822"/>
    <tag k="ele" v="0"/>
  </node>
  <node id="229" lat="42.28365411086" lon="-85.60747999765">
    <tag k="local_x" v="14812.6969"/>
    <tag k="local_y" v="82209.5919"/>
    <tag k="ele" v="0"/>
  </node>
  <node id="230" lat="42.28351211106" lon="-85.60751699735">
    <tag k="local_x" v="14809.9041"/>
    <tag k="local_y" v="82193.7747"/>
    <tag k="ele" v="0"/>
  </node>
  <node id="231" lat="42.28335611102" lon="-85.60758599777">
    <tag k="local_x" v="14804.4982"/>
    <tag k="local_y" v="82176.3598"/>
    <tag k="ele" v="0"/>
  </node>
  <node id="232" lat="42.28328911034" lon="-85.60763999749">
    <tag k="local_x" v="14800.1675"/>
    <tag k="local_y" v="82168.8474"/>
    <tag k="ele" v="0"/>
  </node>
  <node id="233" lat="42.28321100005" lon="-85.60771500056">
    <tag k="local_x" v="14794.1252"/>
    <tag k="local_y" v="82160.0731"/>
    <tag k="ele" v="0"/>
  </node>
  <node id="234" lat="42.28301799959" lon="-85.60792699947">
    <tag k="local_x" v="14776.9959"/>
    <tag k="local_y" v="82138.357"/>
    <tag k="ele" v="0"/>
  </node>
  <node id="235" lat="42.28279199971" lon="-85.60822200023">
    <tag k="local_x" v="14753.0827"/>
    <tag k="local_y" v="82112.8649"/>
    <tag k="ele" v="0"/>
  </node>
  <node id="236" lat="42.28226199973" lon="-85.60898200029">
    <tag k="local_x" v="14691.3804"/>
    <tag k="local_y" v="82052.991"/>
    <tag k="ele" v="0"/>
  </node>
  <node id="237" lat="42.28169969962" lon="-85.60927520019">
    <tag k="local_x" v="14668.225"/>
    <tag k="local_y" v="81990.1597"/>
    <tag k="ele" v="0"/>
  </node>
  <node id="238" lat="42.28040099998" lon="-85.61059699991">
    <tag k="local_x" v="14561.5908"/>
    <tag k="local_y" v="81844.1761"/>
    <tag k="ele" v="0"/>
  </node>
  <node id="239" lat="42.28021000041" lon="-85.61082400029">
    <tag k="local_x" v="14543.2194"/>
    <tag k="local_y" v="81822.6626"/>
    <tag k="ele" v="0"/>
  </node>
  <node id="240" lat="42.2800539996" lon="-85.61103599985">
    <tag k="local_x" v="14526.0214"/>
    <tag k="local_y" v="81805.0555"/>
    <tag k="ele" v="0"/>
  </node>
  <node id="241" lat="42.27990899978" lon="-85.61127399982">
    <tag k="local_x" v="14506.6595"/>
    <tag k="local_y" v="81788.635"/>
    <tag k="ele" v="0"/>
  </node>
  <node id="242" lat="42.27980599975" lon="-85.61147399976">
    <tag k="local_x" v="14490.3548"/>
    <tag k="local_y" v="81776.9292"/>
    <tag k="ele" v="0"/>
  </node>
  <node id="243" lat="42.27920099967" lon="-85.61309300046">
    <tag k="local_x" v="14357.9524"/>
    <tag k="local_y" v="81707.5759"/>
    <tag k="ele" v="0"/>
  </node>
  <node id="244" lat="42.27909100004" lon="-85.61337800009">
    <tag k="local_x" v="14334.6511"/>
    <tag k="local_y" v="81694.9791"/>
    <tag k="ele" v="0"/>
  </node>
  <node id="245" lat="42.27899000005" lon="-85.61361299983">
    <tag k="local_x" v="14315.4563"/>
    <tag k="local_y" v="81683.4488"/>
    <tag k="ele" v="0"/>
  </node>
  <node id="246" lat="42.27887499992" lon="-85.61382000018">
    <tag k="local_x" v="14298.5955"/>
    <tag k="local_y" v="81670.4016"/>
    <tag k="ele" v="0"/>
  </node>
  <node id="247" lat="42.27778951659" lon="-85.61775388448">
    <tag k="local_x" v="13976.1743"/>
    <tag k="local_y" v="81544.5993"/>
    <tag k="ele" v="0"/>
  </node>
  <node id="248" lat="42.27773811627" lon="-85.61762228481">
    <tag k="local_x" v="13987.1185"/>
    <tag k="local_y" v="81539.0681"/>
    <tag k="ele" v="0"/>
  </node>
  <node id="249" lat="42.27770901712" lon="-85.61748708473">
    <tag k="local_x" v="13998.3194"/>
    <tag k="local_y" v="81536.018"/>
    <tag k="ele" v="0"/>
  </node>
  <node id="250" lat="42.27770121652" lon="-85.61731958384">
    <tag k="local_x" v="14012.1454"/>
    <tag k="local_y" v="81535.3761"/>
    <tag k="ele" v="0"/>
  </node>
  <node id="251" lat="42.2777019436" lon="-85.61546251039">
    <tag k="local_x" v="14165.2763"/>
    <tag k="local_y" v="81537.945"/>
    <tag k="ele" v="0"/>
  </node>
  <node id="252" lat="42.27771774374" lon="-85.61530291052">
    <tag k="local_x" v="14178.4082"/>
    <tag k="local_y" v="81539.9134"/>
    <tag k="ele" v="0"/>
  </node>
  <node id="253" lat="42.27774814392" lon="-85.61514411138">
    <tag k="local_x" v="14191.4477"/>
    <tag k="local_y" v="81543.5019"/>
    <tag k="ele" v="0"/>
  </node>
  <node id="254" lat="42.27778904377" lon="-85.61500431114">
    <tag k="local_x" v="14202.9016"/>
    <tag k="local_y" v="81548.2308"/>
    <tag k="ele" v="0"/>
  </node>
  <node id="255" lat="42.27782714333" lon="-85.61489991093">
    <tag k="local_x" v="14211.4415"/>
    <tag k="local_y" v="81552.6013"/>
    <tag k="ele" v="0"/>
  </node>
  <node id="256" lat="42.28168999997" lon="-85.61367280011">
    <tag k="local_x" v="14305.6442"/>
    <tag k="local_y" v="81983.1696"/>
    <tag k="ele" v="0"/>
  </node>
  <node id="257" lat="42.28169630021" lon="-85.61380819988">
    <tag k="local_x" v="14294.4686"/>
    <tag k="local_y" v="81983.6874"/>
    <tag k="ele" v="0"/>
  </node>
  <node id="258" lat="42.28168610007" lon="-85.61389000019">
    <tag k="local_x" v="14287.7423"/>
    <tag k="local_y" v="81982.445"/>
    <tag k="ele" v="0"/>
  </node>
  <node id="259" lat="42.28166369986" lon="-85.61396169969">
    <tag k="local_x" v="14281.8709"/>
    <tag k="local_y" v="81979.8615"/>
    <tag k="ele" v="0"/>
  </node>
  <node id="265" lat="42.28201209959" lon="-85.61948440001">
    <tag k="local_x" v="13825.8765"/>
    <tag k="local_y" v="82011.1491"/>
    <tag k="ele" v="0"/>
  </node>
  <node id="266" lat="42.28240369631" lon="-85.61948671896">
    <tag k="local_x" v="13824.9803"/>
    <tag k="local_y" v="82054.6279"/>
    <tag k="ele" v="0"/>
  </node>
  <node id="267" lat="42.2820523003" lon="-85.6193134003">
    <tag k="local_x" v="13839.9036"/>
    <tag k="local_y" v="82015.8415"/>
    <tag k="ele" v="0"/>
  </node>
  <node id="268" lat="42.28219129968" lon="-85.61921590026">
    <tag k="local_x" v="13847.6925"/>
    <tag k="local_y" v="82031.406"/>
    <tag k="ele" v="0"/>
  </node>
  <node id="270" lat="42.28162724922" lon="-85.61963625659">
    <tag k="local_x" v="13814.0482"/>
    <tag k="local_y" v="81968.2133"/>
    <tag k="ele" v="0"/>
  </node>
  <node id="271" lat="42.28168114908" lon="-85.61958785699">
    <tag k="local_x" v="13817.9419"/>
    <tag k="local_y" v="81974.2629"/>
    <tag k="ele" v="0"/>
  </node>
  <node id="272" lat="42.28174104899" lon="-85.61953895763">
    <tag k="local_x" v="13821.866"/>
    <tag k="local_y" v="81980.9794"/>
    <tag k="ele" v="0"/>
  </node>
  <node id="273" lat="42.28183778551" lon="-85.61951425342">
    <tag k="local_x" v="13823.7288"/>
    <tag k="local_y" v="81991.7538"/>
    <tag k="ele" v="0"/>
  </node>
  <node id="274" lat="42.2818577004" lon="-85.62060689956">
    <tag k="local_x" v="13733.6005"/>
    <tag k="local_y" v="81992.505"/>
    <tag k="ele" v="0"/>
  </node>
  <node id="275" lat="42.28186708546" lon="-85.61952135382">
    <tag k="local_x" v="13823.0906"/>
    <tag k="local_y" v="81994.9977"/>
    <tag k="ele" v="0"/>
  </node>
  <node id="276" lat="42.28204622039" lon="-85.61962397823">
    <tag k="local_x" v="13814.3064"/>
    <tag k="local_y" v="82014.7512"/>
    <tag k="ele" v="0"/>
  </node>
  <node id="277" lat="42.28202619998" lon="-85.62008360045">
    <tag k="local_x" v="13776.4451"/>
    <tag k="local_y" v="82011.9139"/>
    <tag k="ele" v="0"/>
  </node>
  <node id="278" lat="42.28207840021" lon="-85.61990159973">
    <tag k="local_x" v="13791.3577"/>
    <tag k="local_y" v="82017.9533"/>
    <tag k="ele" v="0"/>
  </node>
  <node id="279" lat="42.28207939984" lon="-85.6197848001">
    <tag k="local_x" v="13800.9864"/>
    <tag k="local_y" v="82018.2204"/>
    <tag k="ele" v="0"/>
    <tag k="highway" v="give_way"/>
  </node>
  <node id="280" lat="42.28208650022" lon="-85.61968530021">
    <tag k="local_x" v="13809.1777"/>
    <tag k="local_y" v="82019.1418"/>
    <tag k="ele" v="0"/>
  </node>
  <node id="282" lat="42.27873660007" lon="-85.6142371284">
    <tag k="local_x" v="14264.4503"/>
    <tag k="local_y" v="81654.4742"/>
    <tag k="ele" v="0"/>
  </node>
  <node id="283" lat="42.27881600017" lon="-85.6198695997">
    <tag k="local_x" v="13799.8677"/>
    <tag k="local_y" v="81655.7476"/>
    <tag k="ele" v="0"/>
  </node>
  <node id="284" lat="42.27882270025" lon="-85.61997529962">
    <tag k="local_x" v="13791.1399"/>
    <tag k="local_y" v="81656.3503"/>
    <tag k="ele" v="0"/>
  </node>
  <node id="285" lat="42.27882040044" lon="-85.61961199984">
    <tag k="local_x" v="13821.1008"/>
    <tag k="local_y" v="81656.5805"/>
    <tag k="ele" v="0"/>
  </node>
  <node id="286" lat="42.27883840013" lon="-85.61944050037">
    <tag k="local_x" v="13835.2098"/>
    <tag k="local_y" v="81658.8084"/>
    <tag k="ele" v="0"/>
  </node>
  <node id="287" lat="42.2789179997" lon="-85.62012219995">
    <tag k="local_x" v="13778.8554"/>
    <tag k="local_y" v="81666.7358"/>
    <tag k="ele" v="0"/>
  </node>
  <node id="288" lat="42.27889190042" lon="-85.61923939981">
    <tag k="local_x" v="13851.6957"/>
    <tag k="local_y" v="81665.0178"/>
    <tag k="ele" v="0"/>
  </node>
  <node id="289" lat="42.27894022158" lon="-85.61870793659">
    <tag k="local_x" v="13895.4317"/>
    <tag k="local_y" v="81671.094"/>
    <tag k="ele" v="0"/>
    <tag k="highway" v="crossing"/>
  </node>
  <node id="290" lat="42.27894879969" lon="-85.61901740056">
    <tag k="local_x" v="13869.8987"/>
    <tag k="local_y" v="81671.6326"/>
    <tag k="ele" v="0"/>
  </node>
  <node id="291" lat="42.27902469986" lon="-85.62014780001">
    <tag k="local_x" v="13776.5525"/>
    <tag k="local_y" v="81678.5493"/>
    <tag k="ele" v="0"/>
  </node>
  <node id="292" lat="42.2813278" lon="-85.62005789985">
    <tag k="local_x" v="13779.821"/>
    <tag k="local_y" v="81934.3997"/>
    <tag k="ele" v="0"/>
  </node>
  <node id="293" lat="42.2816560998" lon="-85.61955919962">
    <tag k="local_x" v="13820.3499"/>
    <tag k="local_y" v="81971.5198"/>
    <tag k="ele" v="0"/>
  </node>
  <node id="294" lat="42.28168659998" lon="-85.61950979968">
    <tag k="local_x" v="13824.3682"/>
    <tag k="local_y" v="81974.9725"/>
    <tag k="ele" v="0"/>
  </node>
  <node id="295" lat="42.28176660012" lon="-85.61941869968">
    <tag k="local_x" v="13831.7357"/>
    <tag k="local_y" v="81983.9773"/>
    <tag k="ele" v="0"/>
  </node>
  <node id="296" lat="42.28185900036" lon="-85.61937770011">
    <tag k="local_x" v="13834.9499"/>
    <tag k="local_y" v="81994.292"/>
    <tag k="ele" v="0"/>
  </node>
  <node id="297" lat="42.28245450025" lon="-85.61960209953">
    <tag k="local_x" v="13815.3754"/>
    <tag k="local_y" v="82060.1148"/>
    <tag k="ele" v="0"/>
  </node>
  <node id="305" lat="42.28209453382" lon="-85.61926104763">
    <tag k="local_x" v="13844.1442"/>
    <tag k="local_y" v="82020.601"/>
    <tag k="ele" v="0"/>
  </node>
  <node id="306" lat="42.28201830038" lon="-85.61940549998">
    <tag k="local_x" v="13832.3709"/>
    <tag k="local_y" v="82011.9431"/>
    <tag k="ele" v="0"/>
  </node>
  <node id="307" lat="42.28224737639" lon="-85.61974034876">
    <tag k="local_x" v="13804.3492"/>
    <tag k="local_y" v="82036.9315"/>
    <tag k="ele" v="0"/>
  </node>
  <node id="308" lat="42.28226249979" lon="-85.61922800041">
    <tag k="local_x" v="13846.5666"/>
    <tag k="local_y" v="82039.2957"/>
    <tag k="ele" v="0"/>
  </node>
  <node id="309" lat="42.28205850003" lon="-85.61964470023">
    <tag k="local_x" v="13812.5757"/>
    <tag k="local_y" v="82016.087"/>
    <tag k="ele" v="0"/>
  </node>
  <node id="310" lat="42.28239969681" lon="-85.61951701874">
    <tag k="local_x" v="13822.4892"/>
    <tag k="local_y" v="82054.1433"/>
    <tag k="ele" v="0"/>
  </node>
  <node id="311" lat="42.2821081371" lon="-85.61970916896">
    <tag k="local_x" v="13807.1707"/>
    <tag k="local_y" v="82021.5124"/>
    <tag k="ele" v="0"/>
  </node>
  <node id="312" lat="42.28239229659" lon="-85.61939441912">
    <tag k="local_x" v="13832.6112"/>
    <tag k="local_y" v="82053.4855"/>
    <tag k="ele" v="0"/>
  </node>
  <node id="313" lat="42.28160709996" lon="-85.62171709961">
    <tag k="local_x" v="13642.5111"/>
    <tag k="local_y" v="81963.1966"/>
    <tag k="ele" v="0"/>
    <tag k="highway" v="traffic_signals"/>
  </node>
  <node id="314" lat="42.28171479975" lon="-85.62155999947">
    <tag k="local_x" v="13655.271"/>
    <tag k="local_y" v="81975.365"/>
    <tag k="ele" v="0"/>
  </node>
  <node id="315" lat="42.28163567918" lon="-85.61403736448">
    <tag k="local_x" v="14275.6827"/>
    <tag k="local_y" v="81976.6486"/>
    <tag k="ele" v="0"/>
  </node>
  <node id="316" lat="42.28060619986" lon="-85.6173703003">
    <tag k="local_x" v="14002.7258"/>
    <tag k="local_y" v="81857.87"/>
    <tag k="ele" v="0"/>
  </node>
  <node id="317" lat="42.28069590016" lon="-85.61739860021">
    <tag k="local_x" v="14000.2306"/>
    <tag k="local_y" v="81867.7922"/>
    <tag k="ele" v="0"/>
  </node>
  <node id="318" lat="42.28079829965" lon="-85.61737639989">
    <tag k="local_x" v="14001.8765"/>
    <tag k="local_y" v="81879.1921"/>
    <tag k="ele" v="0"/>
  </node>
  <node id="319" lat="42.28088709964" lon="-85.61725580028">
    <tag k="local_x" v="14011.6604"/>
    <tag k="local_y" v="81889.2137"/>
    <tag k="ele" v="0"/>
  </node>
  <node id="320" lat="42.28093220023" lon="-85.61712000053">
    <tag k="local_x" v="14022.7764"/>
    <tag k="local_y" v="81894.4034"/>
    <tag k="ele" v="0"/>
  </node>
  <node id="321" lat="42.28107440019" lon="-85.61711180041">
    <tag k="local_x" v="14023.1961"/>
    <tag k="local_y" v="81910.2039"/>
    <tag k="ele" v="0"/>
  </node>
  <node id="322" lat="42.28120449972" lon="-85.6171036005">
    <tag k="local_x" v="14023.6376"/>
    <tag k="local_y" v="81924.6608"/>
    <tag k="ele" v="0"/>
  </node>
  <node id="323" lat="42.28127399986" lon="-85.61706680026">
    <tag k="local_x" v="14026.5466"/>
    <tag k="local_y" v="81932.4272"/>
    <tag k="ele" v="0"/>
  </node>
  <node id="324" lat="42.28134660012" lon="-85.61695640034">
    <tag k="local_x" v="14035.5186"/>
    <tag k="local_y" v="81940.6364"/>
    <tag k="ele" v="0"/>
  </node>
  <node id="325" lat="42.28149239989" lon="-85.6170466997">
    <tag k="local_x" v="14027.8101"/>
    <tag k="local_y" v="81956.7047"/>
    <tag k="ele" v="0"/>
  </node>
  <node id="326" lat="42.28158650014" lon="-85.61714119979">
    <tag k="local_x" v="14019.8485"/>
    <tag k="local_y" v="81967.0268"/>
    <tag k="ele" v="0"/>
  </node>
  <node id="327" lat="42.28165640043" lon="-85.61726020042">
    <tag k="local_x" v="14009.9104"/>
    <tag k="local_y" v="81974.629"/>
    <tag k="ele" v="0"/>
  </node>
  <node id="328" lat="42.28173219998" lon="-85.61745549951">
    <tag k="local_x" v="13993.6706"/>
    <tag k="local_y" v="81982.7841"/>
    <tag k="ele" v="0"/>
  </node>
  <node id="329" lat="42.28174830022" lon="-85.6175774999">
    <tag k="local_x" v="13983.5822"/>
    <tag k="local_y" v="81984.4085"/>
    <tag k="ele" v="0"/>
  </node>
  <node id="330" lat="42.28173609969" lon="-85.6177897998">
    <tag k="local_x" v="13966.0993"/>
    <tag k="local_y" v="81982.7696"/>
    <tag k="ele" v="0"/>
  </node>
  <node id="331" lat="42.28171179978" lon="-85.61790060024">
    <tag k="local_x" v="13957.0072"/>
    <tag k="local_y" v="81979.9231"/>
    <tag k="ele" v="0"/>
  </node>
  <node id="332" lat="42.28147559984" lon="-85.61867620055">
    <tag k="local_x" v="13893.4816"/>
    <tag k="local_y" v="81952.6583"/>
    <tag k="ele" v="0"/>
  </node>
  <node id="333" lat="42.28136780033" lon="-85.61879860058">
    <tag k="local_x" v="13883.5834"/>
    <tag k="local_y" v="81940.5248"/>
    <tag k="ele" v="0"/>
  </node>
  <node id="334" lat="42.28126839995" lon="-85.61888790027">
    <tag k="local_x" v="13876.3993"/>
    <tag k="local_y" v="81929.3682"/>
    <tag k="ele" v="0"/>
  </node>
  <node id="335" lat="42.28119780011" lon="-85.61892280026">
    <tag k="local_x" v="13873.6488"/>
    <tag k="local_y" v="81921.4823"/>
    <tag k="ele" v="0"/>
  </node>
  <node id="336" lat="42.28109449966" lon="-85.61895150028">
    <tag k="local_x" v="13871.4684"/>
    <tag k="local_y" v="81909.9737"/>
    <tag k="ele" v="0"/>
  </node>
  <node id="337" lat="42.28096089966" lon="-85.61895150039">
    <tag k="local_x" v="13871.709"/>
    <tag k="local_y" v="81895.1391"/>
    <tag k="ele" v="0"/>
  </node>
  <node id="338" lat="42.28047190029" lon="-85.61724379951">
    <tag k="local_x" v="14013.3986"/>
    <tag k="local_y" v="81843.1271"/>
    <tag k="ele" v="0"/>
  </node>
  <node id="339" lat="42.28091229974" lon="-85.61691130032">
    <tag k="local_x" v="14040.0206"/>
    <tag k="local_y" v="81892.4732"/>
    <tag k="ele" v="0"/>
  </node>
  <node id="340" lat="42.28091229975" lon="-85.61677989968">
    <tag k="local_x" v="14050.8552"/>
    <tag k="local_y" v="81892.6492"/>
    <tag k="ele" v="0"/>
  </node>
  <node id="341" lat="42.28092440013" lon="-85.61666089945">
    <tag k="local_x" v="14060.6455"/>
    <tag k="local_y" v="81894.1522"/>
    <tag k="ele" v="0"/>
  </node>
  <node id="342" lat="42.28098209975" lon="-85.61657879988">
    <tag k="local_x" v="14067.3109"/>
    <tag k="local_y" v="81900.669"/>
    <tag k="ele" v="0"/>
  </node>
  <node id="343" lat="42.28107930042" lon="-85.61657059953">
    <tag k="local_x" v="14067.8117"/>
    <tag k="local_y" v="81911.4729"/>
    <tag k="ele" v="0"/>
  </node>
  <node id="344" lat="42.28120379974" lon="-85.61657880036">
    <tag k="local_x" v="14066.9109"/>
    <tag k="local_y" v="81925.286"/>
    <tag k="ele" v="0"/>
  </node>
  <node id="345" lat="42.28128890029" lon="-85.6166074996">
    <tag k="local_x" v="14064.391"/>
    <tag k="local_y" v="81934.6969"/>
    <tag k="ele" v="0"/>
  </node>
  <node id="346" lat="42.2813434998" lon="-85.61668550054">
    <tag k="local_x" v="14057.861"/>
    <tag k="local_y" v="81940.655"/>
    <tag k="ele" v="0"/>
  </node>
  <node id="347" lat="42.28137389968" lon="-85.61680869952">
    <tag k="local_x" v="14047.6479"/>
    <tag k="local_y" v="81943.8655"/>
    <tag k="ele" v="0"/>
  </node>
  <node id="348" lat="42.28117329972" lon="-85.61657719977">
    <tag k="local_x" v="14067.0979"/>
    <tag k="local_y" v="81921.9015"/>
    <tag k="ele" v="0"/>
  </node>
  <node id="349" lat="42.28117419972" lon="-85.61710350035">
    <tag k="local_x" v="14023.7005"/>
    <tag k="local_y" v="81921.2965"/>
    <tag k="ele" v="0"/>
  </node>
  <node id="350" lat="42.28136849982" lon="-85.6168379005">
    <tag k="local_x" v="14045.2499"/>
    <tag k="local_y" v="81943.2268"/>
    <tag k="ele" v="0"/>
  </node>
  <node id="351" lat="42.28142149956" lon="-85.61700279968">
    <tag k="local_x" v="14031.5577"/>
    <tag k="local_y" v="81948.8909"/>
    <tag k="ele" v="0"/>
  </node>
  <node id="352" lat="42.2816891997" lon="-85.61732760015">
    <tag k="local_x" v="14004.2939"/>
    <tag k="local_y" v="81978.1807"/>
    <tag k="ele" v="0"/>
  </node>
  <node id="353" lat="42.28092500019" lon="-85.61704460013">
    <tag k="local_x" v="14029.0065"/>
    <tag k="local_y" v="81893.7049"/>
    <tag k="ele" v="0"/>
  </node>
  <node id="357" lat="42.28151689987" lon="-85.61861859994">
    <tag k="local_x" v="13898.1566"/>
    <tag k="local_y" v="81957.3212"/>
    <tag k="ele" v="0"/>
  </node>
  <node id="358" lat="42.27867669533" lon="-85.61783659512">
    <tag k="local_x" v="13967.7551"/>
    <tag k="local_y" v="81642.9986"/>
    <tag k="ele" v="0"/>
    <tag k="crossing" v="marked"/>
    <tag k="crossing:markings" v="yes"/>
    <tag k="highway" v="crossing"/>
  </node>
  <node id="359" lat="42.28813938734" lon="-85.61970532068">
    <tag k="local_x" v="13796.631"/>
    <tag k="local_y" v="82691.2125"/>
    <tag k="ele" v="0"/>
  </node>
  <node id="360" lat="42.28830356391" lon="-85.61893217107">
    <tag k="local_x" v="13860.0778"/>
    <tag k="local_y" v="82710.476"/>
    <tag k="ele" v="0"/>
  </node>
  <node id="361" lat="42.28830136396" lon="-85.61870707159">
    <tag k="local_x" v="13878.6401"/>
    <tag k="local_y" v="82710.5328"/>
    <tag k="ele" v="0"/>
  </node>
  <node id="362" lat="42.288302564" lon="-85.61750887158">
    <tag k="local_x" v="13977.4236"/>
    <tag k="local_y" v="82712.2695"/>
    <tag k="ele" v="0"/>
  </node>
  <node id="363" lat="42.28829896431" lon="-85.61846177153">
    <tag k="local_x" v="13898.8682"/>
    <tag k="local_y" v="82710.5945"/>
    <tag k="ele" v="0"/>
  </node>
  <node id="364" lat="42.28829426391" lon="-85.61796927108">
    <tag k="local_x" v="13939.4809"/>
    <tag k="local_y" v="82710.7316"/>
    <tag k="ele" v="0"/>
  </node>
  <node id="365" lat="42.28829676416" lon="-85.61822567084">
    <tag k="local_x" v="13918.3375"/>
    <tag k="local_y" v="82710.6661"/>
    <tag k="ele" v="0"/>
  </node>
  <node id="366" lat="42.28829206377" lon="-85.61774207089">
    <tag k="local_x" v="13958.2164"/>
    <tag k="local_y" v="82710.7914"/>
    <tag k="ele" v="0"/>
  </node>
  <node id="367" lat="42.29223969995" lon="-85.61785589977">
    <tag k="local_x" v="13941.7153"/>
    <tag k="local_y" v="83148.9751"/>
    <tag k="ele" v="0"/>
  </node>
  <node id="368" lat="42.29226199961" lon="-85.61788190051">
    <tag k="local_x" v="13939.5316"/>
    <tag k="local_y" v="83151.4164"/>
    <tag k="ele" v="0"/>
  </node>
  <node id="369" lat="42.29226949968" lon="-85.61797850036">
    <tag k="local_x" v="13931.5544"/>
    <tag k="local_y" v="83152.1199"/>
    <tag k="ele" v="0"/>
  </node>
  <node id="370" lat="42.29226080026" lon="-85.61873809968">
    <tag k="local_x" v="13868.9488"/>
    <tag k="local_y" v="83150.1376"/>
    <tag k="ele" v="0"/>
  </node>
  <node id="371" lat="42.29152379987" lon="-85.6187124">
    <tag k="local_x" v="13872.3953"/>
    <tag k="local_y" v="83068.3372"/>
    <tag k="ele" v="0"/>
  </node>
  <node id="372" lat="42.29153439956" lon="-85.61805009961">
    <tag k="local_x" v="13926.9768"/>
    <tag k="local_y" v="83070.4003"/>
    <tag k="ele" v="0"/>
  </node>
  <node id="373" lat="42.29226805388" lon="-85.61805991734">
    <tag k="local_x" v="13924.845"/>
    <tag k="local_y" v="83151.8504"/>
    <tag k="ele" v="0"/>
  </node>
  <node id="374" lat="42.29226659992" lon="-85.61828989974">
    <tag k="local_x" v="13905.8879"/>
    <tag k="local_y" v="83151.3812"/>
    <tag k="ele" v="0"/>
  </node>
  <node id="375" lat="42.29153080028" lon="-85.61827259962">
    <tag k="local_x" v="13908.6402"/>
    <tag k="local_y" v="83069.7029"/>
    <tag k="ele" v="0"/>
  </node>
  <node id="376" lat="42.29152719961" lon="-85.61850099963">
    <tag k="local_x" v="13889.8172"/>
    <tag k="local_y" v="83068.9975"/>
    <tag k="ele" v="0"/>
  </node>
  <node id="377" lat="42.2922647997" lon="-85.61851540036">
    <tag k="local_x" v="13887.3009"/>
    <tag k="local_y" v="83150.8796"/>
    <tag k="ele" v="0"/>
  </node>
  <node id="378" lat="42.27769774409" lon="-85.61574671116">
    <tag k="local_x" v="14141.849"/>
    <tag k="local_y" v="81537.0977"/>
    <tag k="ele" v="0"/>
  </node>
  <node id="379" lat="42.27858280002" lon="-85.61529969957">
    <tag k="local_x" v="14177.111"/>
    <tag k="local_y" v="81635.9713"/>
    <tag k="ele" v="0"/>
  </node>
  <node id="380" lat="42.27848779994" lon="-85.61610450013">
    <tag k="local_x" v="14110.9204"/>
    <tag k="local_y" v="81624.3439"/>
    <tag k="ele" v="0"/>
  </node>
  <node id="381" lat="42.27848690037" lon="-85.61459739983">
    <tag k="local_x" v="14235.1943"/>
    <tag k="local_y" v="81626.2648"/>
    <tag k="ele" v="0"/>
  </node>
  <node id="382" lat="42.2780524002" lon="-85.61491879989">
    <tag k="local_x" v="14209.4771"/>
    <tag k="local_y" v="81577.5879"/>
    <tag k="ele" v="0"/>
  </node>
  <node id="383" lat="42.27801109983" lon="-85.61497540041">
    <tag k="local_x" v="14204.8845"/>
    <tag k="local_y" v="81572.9261"/>
    <tag k="ele" v="0"/>
  </node>
  <node id="384" lat="42.27798640001" lon="-85.61503870023">
    <tag k="local_x" v="14199.7095"/>
    <tag k="local_y" v="81570.0986"/>
    <tag k="ele" v="0"/>
  </node>
  <node id="385" lat="42.27796740013" lon="-85.61613350021">
    <tag k="local_x" v="14109.4682"/>
    <tag k="local_y" v="81566.5212"/>
    <tag k="ele" v="0"/>
  </node>
  <node id="386" lat="42.27832270003" lon="-85.61611960038">
    <tag k="local_x" v="14109.9732"/>
    <tag k="local_y" v="81605.9914"/>
    <tag k="ele" v="0"/>
  </node>
  <node id="387" lat="42.2783273003" lon="-85.61469789971">
    <tag k="local_x" v="14227.1956"/>
    <tag k="local_y" v="81608.4084"/>
    <tag k="ele" v="0"/>
  </node>
  <node id="388" lat="42.27816069968" lon="-85.61481330047">
    <tag k="local_x" v="14217.9808"/>
    <tag k="local_y" v="81589.7547"/>
    <tag k="ele" v="0"/>
  </node>
  <node id="389" lat="42.27796760013" lon="-85.61569419993">
    <tag k="local_x" v="14145.6919"/>
    <tag k="local_y" v="81567.1322"/>
    <tag k="ele" v="0"/>
  </node>
  <node id="390" lat="42.27800879956" lon="-85.61636200056">
    <tag k="local_x" v="14090.5517"/>
    <tag k="local_y" v="81570.8119"/>
    <tag k="ele" v="0"/>
  </node>
  <node id="391" lat="42.27812120004" lon="-85.61621390035">
    <tag k="local_x" v="14102.561"/>
    <tag k="local_y" v="81583.491"/>
    <tag k="ele" v="0"/>
  </node>
  <node id="392" lat="42.27824770021" lon="-85.61614170058">
    <tag k="local_x" v="14108.2862"/>
    <tag k="local_y" v="81597.634"/>
    <tag k="ele" v="0"/>
  </node>
  <node id="395" lat="42.28486610001" lon="-85.60749920057">
    <tag k="local_x" v="14808.9126"/>
    <tag k="local_y" v="82344.1423"/>
    <tag k="ele" v="0"/>
  </node>
  <node id="396" lat="42.28432099967" lon="-85.61827390006">
    <tag k="local_x" v="13921.5257"/>
    <tag k="local_y" v="82269.1425"/>
    <tag k="ele" v="0"/>
  </node>
  <node id="397" lat="42.2851416996" lon="-85.61827439996">
    <tag k="local_x" v="13920.0056"/>
    <tag k="local_y" v="82360.2703"/>
    <tag k="ele" v="0"/>
  </node>
  <node id="398" lat="42.28555360003" lon="-85.61828120002">
    <tag k="local_x" v="13918.7027"/>
    <tag k="local_y" v="82405.9976"/>
    <tag k="ele" v="0"/>
  </node>
  <node id="399" lat="42.28562060029" lon="-85.61832599966">
    <tag k="local_x" v="13914.8883"/>
    <tag k="local_y" v="82413.3772"/>
    <tag k="ele" v="0"/>
  </node>
  <node id="400" lat="42.28562050013" lon="-85.61849579987">
    <tag k="local_x" v="13900.8887"/>
    <tag k="local_y" v="82413.1389"/>
    <tag k="ele" v="0"/>
  </node>
  <node id="401" lat="42.28555359991" lon="-85.61852559945">
    <tag k="local_x" v="13898.5523"/>
    <tag k="local_y" v="82405.6706"/>
    <tag k="ele" v="0"/>
  </node>
  <node id="402" lat="42.28514419999" lon="-85.61852219984">
    <tag k="local_x" v="13899.5702"/>
    <tag k="local_y" v="82360.2164"/>
    <tag k="ele" v="0"/>
  </node>
  <node id="403" lat="42.28535279987" lon="-85.61827750004">
    <tag k="local_x" v="13919.3696"/>
    <tag k="local_y" v="82383.7062"/>
    <tag k="ele" v="0"/>
  </node>
  <node id="404" lat="42.28535380037" lon="-85.61852309941">
    <tag k="local_x" v="13899.1184"/>
    <tag k="local_y" v="82383.4887"/>
    <tag k="ele" v="0"/>
  </node>
  <node id="405" lat="42.28534469992" lon="-85.61918419968">
    <tag k="local_x" v="13844.6278"/>
    <tag k="local_y" v="82381.594"/>
    <tag k="ele" v="0"/>
  </node>
  <node id="406" lat="42.28532909963" lon="-85.61935740016">
    <tag k="local_x" v="13830.3757"/>
    <tag k="local_y" v="82379.6302"/>
    <tag k="ele" v="0"/>
  </node>
  <node id="407" lat="42.28531889983" lon="-85.62005140018">
    <tag k="local_x" v="13773.1745"/>
    <tag k="local_y" v="82377.57"/>
    <tag k="ele" v="0"/>
  </node>
  <node id="408" lat="42.28469150008" lon="-85.62004070047">
    <tag k="local_x" v="13775.1858"/>
    <tag k="local_y" v="82307.9194"/>
    <tag k="ele" v="0"/>
  </node>
  <node id="409" lat="42.28475970019" lon="-85.62004180008">
    <tag k="local_x" v="13774.9724"/>
    <tag k="local_y" v="82315.4907"/>
    <tag k="ele" v="0"/>
  </node>
  <node id="410" lat="42.28505449984" lon="-85.62004689964">
    <tag k="local_x" v="13774.0214"/>
    <tag k="local_y" v="82348.2177"/>
    <tag k="ele" v="0"/>
  </node>
  <node id="411" lat="42.28455840022" lon="-85.62003840011">
    <tag k="local_x" v="13775.615"/>
    <tag k="local_y" v="82293.1434"/>
    <tag k="ele" v="0"/>
  </node>
  <node id="412" lat="42.28290266695" lon="-85.61959999797">
    <tag k="local_x" v="13814.7419"/>
    <tag k="local_y" v="82109.8809"/>
    <tag k="ele" v="0"/>
  </node>
  <node id="413" lat="42.28140820001" lon="-85.61996160035">
    <tag k="local_x" v="13787.6166"/>
    <tag k="local_y" v="81943.4558"/>
    <tag k="ele" v="0"/>
  </node>
  <node id="414" lat="42.27848820021" lon="-85.61640789968">
    <tag k="local_x" v="14085.902"/>
    <tag k="local_y" v="81623.9818"/>
    <tag k="ele" v="0"/>
  </node>
  <node id="415" lat="42.27831499965" lon="-85.61640690022">
    <tag k="local_x" v="14086.2969"/>
    <tag k="local_y" v="81604.7514"/>
    <tag k="ele" v="0"/>
  </node>
  <node id="416" lat="42.27810809985" lon="-85.61645129943">
    <tag k="local_x" v="14083.0091"/>
    <tag k="local_y" v="81581.7183"/>
    <tag k="ele" v="0"/>
  </node>
  <node id="418" lat="42.2816887996" lon="-85.61364160042">
    <tag k="local_x" v="14308.2189"/>
    <tag k="local_y" v="81983.0782"/>
    <tag k="ele" v="0"/>
  </node>
  <node id="422" lat="42.28165150009" lon="-85.61316590019">
    <tag k="local_x" v="14347.5096"/>
    <tag k="local_y" v="81979.5753"/>
    <tag k="ele" v="0"/>
  </node>
  <node id="426" lat="42.2814396996" lon="-85.61872220036">
    <tag k="local_x" v="13889.7534"/>
    <tag k="local_y" v="81948.6105"/>
    <tag k="ele" v="0"/>
  </node>
  <node id="427" lat="42.28123630009" lon="-85.62009859946">
    <tag k="local_x" v="13776.6298"/>
    <tag k="local_y" v="81924.1854"/>
    <tag k="ele" v="0"/>
  </node>
  <node id="428" lat="42.27885850022" lon="-85.62005389995">
    <tag k="local_x" v="13784.5943"/>
    <tag k="local_y" v="81660.2204"/>
    <tag k="ele" v="0"/>
  </node>
  <node id="429" lat="42.28640449994" lon="-85.61620190025">
    <tag k="local_x" v="14088.6025"/>
    <tag k="local_y" v="82503.2637"/>
    <tag k="ele" v="0"/>
  </node>
  <node id="430" lat="42.28644039967" lon="-85.61620959983">
    <tag k="local_x" v="14087.9029"/>
    <tag k="local_y" v="82507.2396"/>
    <tag k="ele" v="0"/>
  </node>
  <node id="431" lat="42.28647780013" lon="-85.61619799973">
    <tag k="local_x" v="14088.7918"/>
    <tag k="local_y" v="82511.408"/>
    <tag k="ele" v="0"/>
  </node>
  <node id="432" lat="42.28651949994" lon="-85.61616490035">
    <tag k="local_x" v="14091.4455"/>
    <tag k="local_y" v="82516.0826"/>
    <tag k="ele" v="0"/>
  </node>
  <node id="433" lat="42.28654689965" lon="-85.61612990043">
    <tag k="local_x" v="14094.2817"/>
    <tag k="local_y" v="82519.1719"/>
    <tag k="ele" v="0"/>
  </node>
  <node id="434" lat="42.28656130015" lon="-85.61608520049">
    <tag k="local_x" v="14097.9411"/>
    <tag k="local_y" v="82520.8308"/>
    <tag k="ele" v="0"/>
  </node>
  <node id="435" lat="42.28656559995" lon="-85.6160424003">
    <tag k="local_x" v="14101.4621"/>
    <tag k="local_y" v="82521.3656"/>
    <tag k="ele" v="0"/>
  </node>
  <node id="436" lat="42.28655839961" lon="-85.61599770021">
    <tag k="local_x" v="14105.1605"/>
    <tag k="local_y" v="82520.626"/>
    <tag k="ele" v="0"/>
  </node>
  <node id="437" lat="42.28654110038" lon="-85.61596459939">
    <tag k="local_x" v="14107.9208"/>
    <tag k="local_y" v="82518.7495"/>
    <tag k="ele" v="0"/>
  </node>
  <node id="438" lat="42.28651379969" lon="-85.61593550059">
    <tag k="local_x" v="14110.3692"/>
    <tag k="local_y" v="82515.7571"/>
    <tag k="ele" v="0"/>
  </node>
  <node id="439" lat="42.28647929997" lon="-85.61591209992">
    <tag k="local_x" v="14112.3608"/>
    <tag k="local_y" v="82511.9577"/>
    <tag k="ele" v="0"/>
  </node>
  <node id="440" lat="42.28642749962" lon="-85.61589069971">
    <tag k="local_x" v="14114.2187"/>
    <tag k="local_y" v="82506.2346"/>
    <tag k="ele" v="0"/>
  </node>
  <node id="441" lat="42.28634260038" lon="-85.61587130019">
    <tag k="local_x" v="14115.9714"/>
    <tag k="local_y" v="82496.8336"/>
    <tag k="ele" v="0"/>
  </node>
  <node id="442" lat="42.28631239979" lon="-85.61587130039">
    <tag k="local_x" v="14116.0259"/>
    <tag k="local_y" v="82493.4802"/>
    <tag k="ele" v="0"/>
  </node>
  <node id="443" lat="42.28628220009" lon="-85.61587130058">
    <tag k="local_x" v="14116.0804"/>
    <tag k="local_y" v="82490.1269"/>
    <tag k="ele" v="0"/>
  </node>
  <node id="444" lat="42.28638480035" lon="-85.61618309985">
    <tag k="local_x" v="14090.1881"/>
    <tag k="local_y" v="82501.1015"/>
    <tag k="ele" v="0"/>
  </node>
  <node id="445" lat="42.28623699977" lon="-85.61627070011">
    <tag k="local_x" v="14083.2324"/>
    <tag k="local_y" v="82484.5727"/>
    <tag k="ele" v="0"/>
  </node>
  <node id="446" lat="42.27940690032" lon="-85.61252290009">
    <tag k="local_x" v="14404.5886"/>
    <tag k="local_y" v="81731.2044"/>
    <tag k="ele" v="0"/>
  </node>
  <node id="451" lat="42.28397429984" lon="-85.60747940005">
    <tag k="local_x" v="14812.1647"/>
    <tag k="local_y" v="82245.1457"/>
    <tag k="ele" v="0"/>
  </node>
  <node id="457" lat="42.28241669845" lon="-85.61961375772">
    <tag k="local_x" v="13814.4822"/>
    <tag k="local_y" v="82055.9018"/>
    <tag k="ele" v="0"/>
    <tag k="highway" v="give_way"/>
  </node>
  <node id="458" lat="42.28496420013" lon="-85.61036529949">
    <tag k="local_x" v="14572.4262"/>
    <tag k="local_y" v="82351.1742"/>
    <tag k="ele" v="0"/>
  </node>
  <node id="459" lat="42.28508140039" lon="-85.61038100002">
    <tag k="local_x" v="14570.9193"/>
    <tag k="local_y" v="82364.1667"/>
    <tag k="ele" v="0"/>
  </node>
  <node id="463" lat="42.28203125252" lon="-85.61957460896">
    <tag k="local_x" v="13818.404"/>
    <tag k="local_y" v="82013.1552"/>
    <tag k="ele" v="0"/>
  </node>
  <node id="464" lat="42.28190978526" lon="-85.61953405348">
    <tag k="local_x" v="13821.9666"/>
    <tag k="local_y" v="81999.722"/>
    <tag k="ele" v="0"/>
  </node>
  <node id="465" lat="42.28180708496" lon="-85.61951125378">
    <tag k="local_x" v="13824.0314"/>
    <tag k="local_y" v="81988.3489"/>
    <tag k="ele" v="0"/>
  </node>
  <node id="466" lat="42.28177690493" lon="-85.61951782635">
    <tag k="local_x" v="13823.5438"/>
    <tag k="local_y" v="81984.989"/>
    <tag k="ele" v="0"/>
  </node>
  <node id="467" lat="42.2817209484" lon="-85.61955345651">
    <tag k="local_x" v="13820.7067"/>
    <tag k="local_y" v="81978.7281"/>
    <tag k="ele" v="0"/>
  </node>
  <node id="468" lat="42.28193128489" lon="-85.61954255399">
    <tag k="local_x" v="13821.227"/>
    <tag k="local_y" v="82002.0979"/>
    <tag k="ele" v="0"/>
  </node>
  <node id="469" lat="42.2819003" lon="-85.61937059965">
    <tag k="local_x" v="13835.461"/>
    <tag k="local_y" v="81998.8873"/>
    <tag k="ele" v="0"/>
  </node>
  <node id="470" lat="42.28196249968" lon="-85.61934120013">
    <tag k="local_x" v="13837.7731"/>
    <tag k="local_y" v="82005.8331"/>
    <tag k="ele" v="0"/>
    <tag k="highway" v="give_way"/>
  </node>
  <node id="471" lat="42.28192949974" lon="-85.61936040027">
    <tag k="local_x" v="13836.2494"/>
    <tag k="local_y" v="82002.1432"/>
    <tag k="ele" v="0"/>
  </node>
  <node id="472" lat="42.28182150043" lon="-85.61938780055">
    <tag k="local_x" v="13834.1846"/>
    <tag k="local_y" v="81990.1146"/>
    <tag k="ele" v="0"/>
  </node>
  <node id="473" lat="42.28179519982" lon="-85.61940100013">
    <tag k="local_x" v="13833.1436"/>
    <tag k="local_y" v="81987.1766"/>
    <tag k="ele" v="0"/>
  </node>
  <node id="474" lat="42.28173959988" lon="-85.61944530022">
    <tag k="local_x" v="13829.591"/>
    <tag k="local_y" v="81980.9437"/>
    <tag k="ele" v="0"/>
  </node>
  <node id="475" lat="42.28171179971" lon="-85.61947540016">
    <tag k="local_x" v="13827.1592"/>
    <tag k="local_y" v="81977.8166"/>
    <tag k="ele" v="0"/>
  </node>
  <node id="476" lat="42.2821200809" lon="-85.61923979434">
    <tag k="local_x" v="13845.8506"/>
    <tag k="local_y" v="82023.4661"/>
    <tag k="ele" v="0"/>
  </node>
  <node id="477" lat="42.2821480002" lon="-85.61922550048">
    <tag k="local_x" v="13846.9789"/>
    <tag k="local_y" v="82026.5853"/>
    <tag k="ele" v="0"/>
  </node>
  <node id="478" lat="42.28222159996" lon="-85.61921609964">
    <tag k="local_x" v="13847.6215"/>
    <tag k="local_y" v="82034.7702"/>
    <tag k="ele" v="0"/>
  </node>
  <node id="479" lat="42.28229169982" lon="-85.61924490001">
    <tag k="local_x" v="13845.1206"/>
    <tag k="local_y" v="82042.5154"/>
    <tag k="ele" v="0"/>
  </node>
  <node id="480" lat="42.28237973002" lon="-85.61935256274">
    <tag k="local_x" v="13836.085"/>
    <tag k="local_y" v="82052.1461"/>
    <tag k="ele" v="0"/>
  </node>
  <node id="481" lat="42.2824901998" lon="-85.6194171004">
    <tag k="local_x" v="13830.5648"/>
    <tag k="local_y" v="82064.3261"/>
    <tag k="ele" v="0"/>
  </node>
  <node id="482" lat="42.28253440014" lon="-85.6194337005">
    <tag k="local_x" v="13829.1165"/>
    <tag k="local_y" v="82069.2118"/>
    <tag k="ele" v="0"/>
  </node>
  <node id="483" lat="42.28257919982" lon="-85.61945519946">
    <tag k="local_x" v="13827.2632"/>
    <tag k="local_y" v="82074.1575"/>
    <tag k="ele" v="0"/>
  </node>
  <node id="484" lat="42.28264238457" lon="-85.61949744375">
    <tag k="local_x" v="13823.6663"/>
    <tag k="local_y" v="82081.1169"/>
    <tag k="ele" v="0"/>
  </node>
  <node id="485" lat="42.28240079633" lon="-85.61943831816">
    <tag k="local_x" v="13828.9763"/>
    <tag k="local_y" v="82054.3706"/>
    <tag k="ele" v="0"/>
  </node>
  <node id="486" lat="42.28239109643" lon="-85.61956551904">
    <tag k="local_x" v="13818.5057"/>
    <tag k="local_y" v="82053.1235"/>
    <tag k="ele" v="0"/>
  </node>
  <node id="487" lat="42.28215050018" lon="-85.61973340027">
    <tag k="local_x" v="13805.0965"/>
    <tag k="local_y" v="82026.1839"/>
    <tag k="ele" v="0"/>
  </node>
  <node id="488" lat="42.28201306152" lon="-85.61951006508">
    <tag k="local_x" v="13823.7586"/>
    <tag k="local_y" v="82011.2216"/>
    <tag k="ele" v="0"/>
  </node>
  <node id="489" lat="42.28201259972" lon="-85.61944649974">
    <tag k="local_x" v="13829.0006"/>
    <tag k="local_y" v="82011.2553"/>
    <tag k="ele" v="0"/>
  </node>
  <node id="490" lat="42.28203570014" lon="-85.61934800039">
    <tag k="local_x" v="13837.0806"/>
    <tag k="local_y" v="82013.952"/>
    <tag k="ele" v="0"/>
  </node>
  <node id="491" lat="42.28217900517" lon="-85.61986030998">
    <tag k="local_x" v="13794.5811"/>
    <tag k="local_y" v="82029.1794"/>
    <tag k="ele" v="0"/>
  </node>
  <node id="492" lat="42.28214969917" lon="-85.61996666436">
    <tag k="local_x" v="13785.8646"/>
    <tag k="local_y" v="82025.7832"/>
    <tag k="ele" v="0"/>
  </node>
  <node id="493" lat="42.28097359965" lon="-85.61711759972">
    <tag k="local_x" v="14022.8997"/>
    <tag k="local_y" v="81899.0035"/>
    <tag k="ele" v="0"/>
  </node>
  <node id="495" lat="42.28673689986" lon="-85.62263530017">
    <tag k="local_x" v="13557.5875"/>
    <tag k="local_y" v="82531.5715"/>
    <tag k="ele" v="0"/>
  </node>
  <node id="496" lat="42.28676779975" lon="-85.6225384003">
    <tag k="local_x" v="13565.5211"/>
    <tag k="local_y" v="82535.1318"/>
    <tag k="ele" v="0"/>
  </node>
  <node id="497" lat="42.28680860043" lon="-85.62234890037">
    <tag k="local_x" v="13581.0715"/>
    <tag k="local_y" v="82539.915"/>
    <tag k="ele" v="0"/>
  </node>
  <node id="498" lat="42.28677599999" lon="-85.62184890024">
    <tag k="local_x" v="13622.3536"/>
    <tag k="local_y" v="82536.9623"/>
    <tag k="ele" v="0"/>
  </node>
  <node id="499" lat="42.28913999957" lon="-85.6163904999">
    <tag k="local_x" v="14068.1166"/>
    <tag k="local_y" v="82806.7542"/>
    <tag k="ele" v="0"/>
  </node>
  <node id="500" lat="42.2795218002" lon="-85.6185374">
    <tag k="local_x" v="13908.446"/>
    <tag k="local_y" v="81735.8991"/>
    <tag k="ele" v="0"/>
  </node>
  <node id="501" lat="42.27956450982" lon="-85.61853273888">
    <tag k="local_x" v="13908.7534"/>
    <tag k="local_y" v="81740.6477"/>
    <tag k="ele" v="0"/>
  </node>
  <node id="502" lat="42.28040519967" lon="-85.61804980018">
    <tag k="local_x" v="13947.0598"/>
    <tag k="local_y" v="81834.6419"/>
    <tag k="ele" v="0"/>
  </node>
  <node id="503" lat="42.28081370038" lon="-85.61805679952">
    <tag k="local_x" v="13945.7465"/>
    <tag k="local_y" v="81879.9914"/>
    <tag k="ele" v="0"/>
  </node>
  <node id="504" lat="42.28089579992" lon="-85.61827690029">
    <tag k="local_x" v="13927.4502"/>
    <tag k="local_y" v="81888.813"/>
    <tag k="ele" v="0"/>
  </node>
  <node id="505" lat="42.28127699986" lon="-85.62008609994">
    <tag k="local_x" v="13777.5872"/>
    <tag k="local_y" v="81928.7213"/>
    <tag k="ele" v="0"/>
  </node>
  <node id="506" lat="42.28163200025" lon="-85.6196023994">
    <tag k="local_x" v="13816.8313"/>
    <tag k="local_y" v="81968.7861"/>
    <tag k="ele" v="0"/>
  </node>
  <node id="507" lat="42.28033770714" lon="-85.6201115141">
    <tag k="local_x" v="13777.1819"/>
    <tag k="local_y" v="81824.3907"/>
    <tag k="ele" v="0"/>
  </node>
  <node id="508" lat="42.2809263996" lon="-85.6170595996">
    <tag k="local_x" v="14027.7672"/>
    <tag k="local_y" v="81893.8402"/>
    <tag k="ele" v="0"/>
  </node>
  <node id="509" lat="42.28063279976" lon="-85.61738560002">
    <tag k="local_x" v="14001.4163"/>
    <tag k="local_y" v="81860.8031"/>
    <tag k="ele" v="0"/>
  </node>
  <node id="510" lat="42.28066109979" lon="-85.61739670032">
    <tag k="local_x" v="14000.45"/>
    <tag k="local_y" v="81863.9306"/>
    <tag k="ele" v="0"/>
  </node>
  <node id="511" lat="42.28073210034" lon="-85.61739409996">
    <tag k="local_x" v="14000.5364"/>
    <tag k="local_y" v="81871.8178"/>
    <tag k="ele" v="0"/>
  </node>
  <node id="512" lat="42.28076419985" lon="-85.61738479942">
    <tag k="local_x" v="14001.2454"/>
    <tag k="local_y" v="81875.3945"/>
    <tag k="ele" v="0"/>
  </node>
  <node id="513" lat="42.28082970013" lon="-85.61735140055">
    <tag k="local_x" v="14003.8812"/>
    <tag k="local_y" v="81882.7122"/>
    <tag k="ele" v="0"/>
  </node>
  <node id="514" lat="42.28086080016" lon="-85.61731029953">
    <tag k="local_x" v="14007.2141"/>
    <tag k="local_y" v="81886.2205"/>
    <tag k="ele" v="0"/>
  </node>
  <node id="515" lat="42.27867155224" lon="-85.6174714593">
    <tag k="local_x" v="13997.8726"/>
    <tag k="local_y" v="81642.9163"/>
    <tag k="ele" v="0"/>
  </node>
  <node id="518" lat="42.27935740019" lon="-85.61639350037">
    <tag k="local_x" v="14085.5211"/>
    <tag k="local_y" v="81720.5148"/>
    <tag k="ele" v="0"/>
  </node>
  <node id="522" lat="42.28731819981" lon="-85.61445359952">
    <tag k="local_x" v="14231.0945"/>
    <tag k="local_y" v="82607.063"/>
    <tag k="ele" v="0"/>
  </node>
  <node id="523" lat="42.28730370023" lon="-85.61440649983">
    <tag k="local_x" v="14235.0039"/>
    <tag k="local_y" v="82605.5162"/>
    <tag k="ele" v="0"/>
  </node>
  <node id="524" lat="42.28728400028" lon="-85.61430459968">
    <tag k="local_x" v="14243.4408"/>
    <tag k="local_y" v="82603.4655"/>
    <tag k="ele" v="0"/>
  </node>
  <node id="525" lat="42.28728779961" lon="-85.61401360008">
    <tag k="local_x" v="14267.4258"/>
    <tag k="local_y" v="82604.2779"/>
    <tag k="ele" v="0"/>
  </node>
  <node id="526" lat="42.28731969966" lon="-85.61351510058">
    <tag k="local_x" v="14308.4676"/>
    <tag k="local_y" v="82608.4892"/>
    <tag k="ele" v="0"/>
  </node>
  <node id="527" lat="42.28731669974" lon="-85.61339400032">
    <tag k="local_x" v="14318.4573"/>
    <tag k="local_y" v="82608.3187"/>
    <tag k="ele" v="0"/>
  </node>
  <node id="528" lat="42.28730099965" lon="-85.61318459987">
    <tag k="local_x" v="14335.75"/>
    <tag k="local_y" v="82606.8566"/>
    <tag k="ele" v="0"/>
  </node>
  <node id="529" lat="42.28727979961" lon="-85.61265289984">
    <tag k="local_x" v="14379.6251"/>
    <tag k="local_y" v="82605.2168"/>
    <tag k="ele" v="0"/>
  </node>
  <node id="530" lat="42.28525719989" lon="-85.61586809956">
    <tag k="local_x" v="14118.1946"/>
    <tag k="local_y" v="82376.3177"/>
    <tag k="ele" v="0"/>
  </node>
  <node id="531" lat="42.28139239958" lon="-85.60950910029">
    <tag k="local_x" v="14649.4963"/>
    <tag k="local_y" v="81955.7229"/>
    <tag k="ele" v="0"/>
  </node>
  <node id="532" lat="42.28153919988" lon="-85.60937589989">
    <tag k="local_x" v="14660.213"/>
    <tag k="local_y" v="81972.2026"/>
    <tag k="ele" v="0"/>
  </node>
  <node id="533" lat="42.28164310006" lon="-85.61274100011">
    <tag k="local_x" v="14382.5594"/>
    <tag k="local_y" v="81979.2133"/>
    <tag k="ele" v="0"/>
  </node>
  <node id="534" lat="42.28504720032" lon="-85.60943229949">
    <tag k="local_x" v="14649.201"/>
    <tag k="local_y" v="82361.6463"/>
    <tag k="ele" v="0"/>
  </node>
  <node id="535" lat="42.28393173861" lon="-85.60748237143">
    <tag k="local_x" v="14811.997"/>
    <tag k="local_y" v="82240.4158"/>
    <tag k="ele" v="0"/>
    <tag k="direction" v="backward"/>
    <tag k="highway" v="stop"/>
  </node>
  <node id="536" lat="42.28500459997" lon="-85.61618240007">
    <tag k="local_x" v="14092.7367"/>
    <tag k="local_y" v="82347.8484"/>
    <tag k="ele" v="0"/>
  </node>
  <node id="537" lat="42.28460930011" lon="-85.61616060017">
    <tag k="local_x" v="14095.2475"/>
    <tag k="local_y" v="82303.9845"/>
    <tag k="ele" v="0"/>
  </node>
  <node id="538" lat="42.28460719973" lon="-85.61638849973">
    <tag k="local_x" v="14076.461"/>
    <tag k="local_y" v="82303.4459"/>
    <tag k="ele" v="0"/>
  </node>
  <node id="539" lat="42.28557159988" lon="-85.61642879982">
    <tag k="local_x" v="14071.3981"/>
    <tag k="local_y" v="82410.4765"/>
    <tag k="ele" v="0"/>
  </node>
  <node id="540" lat="42.2852322998" lon="-85.61641749995">
    <tag k="local_x" v="14072.942"/>
    <tag k="local_y" v="82372.8166"/>
    <tag k="ele" v="0"/>
  </node>
  <node id="541" lat="42.2852363002" lon="-85.61619009992">
    <tag k="local_x" v="14091.6837"/>
    <tag k="local_y" v="82373.5655"/>
    <tag k="ele" v="0"/>
  </node>
  <node id="542" lat="42.28553590036" lon="-85.61620880011">
    <tag k="local_x" v="14089.6012"/>
    <tag k="local_y" v="82406.8073"/>
    <tag k="ele" v="0"/>
  </node>
  <node id="543" lat="42.28558789956" lon="-85.61631810041">
    <tag k="local_x" v="14080.4957"/>
    <tag k="local_y" v="82412.4347"/>
    <tag k="ele" v="0"/>
  </node>
  <node id="544" lat="42.28562650011" lon="-85.61622959968">
    <tag k="local_x" v="14087.7228"/>
    <tag k="local_y" v="82416.8394"/>
    <tag k="ele" v="0"/>
  </node>
  <node id="545" lat="42.28570189992" lon="-85.61617609992">
    <tag k="local_x" v="14091.9977"/>
    <tag k="local_y" v="82425.2833"/>
    <tag k="ele" v="0"/>
  </node>
  <node id="546" lat="42.28574230026" lon="-85.61617420039">
    <tag k="local_x" v="14092.0814"/>
    <tag k="local_y" v="82429.7718"/>
    <tag k="ele" v="0"/>
  </node>
  <node id="547" lat="42.28577119996" lon="-85.61619170036">
    <tag k="local_x" v="14090.5864"/>
    <tag k="local_y" v="82432.9573"/>
    <tag k="ele" v="0"/>
  </node>
  <node id="548" lat="42.28579870011" lon="-85.61621890005">
    <tag k="local_x" v="14088.2942"/>
    <tag k="local_y" v="82435.9744"/>
    <tag k="ele" v="0"/>
  </node>
  <node id="549" lat="42.28581849973" lon="-85.6162839004">
    <tag k="local_x" v="14082.8993"/>
    <tag k="local_y" v="82438.0858"/>
    <tag k="ele" v="0"/>
  </node>
  <node id="550" lat="42.28581869998" lon="-85.6163498998">
    <tag k="local_x" v="14077.4574"/>
    <tag k="local_y" v="82438.0196"/>
    <tag k="ele" v="0"/>
  </node>
  <node id="551" lat="42.28581829958" lon="-85.61642210047">
    <tag k="local_x" v="14071.5053"/>
    <tag k="local_y" v="82437.8784"/>
    <tag k="ele" v="0"/>
  </node>
  <node id="552" lat="42.28593379957" lon="-85.61673160031">
    <tag k="local_x" v="14045.7792"/>
    <tag k="local_y" v="82450.2886"/>
    <tag k="ele" v="0"/>
  </node>
  <node id="553" lat="42.28597409966" lon="-85.61654999996">
    <tag k="local_x" v="14060.6791"/>
    <tag k="local_y" v="82455.0067"/>
    <tag k="ele" v="0"/>
  </node>
  <node id="554" lat="42.28595580022" lon="-85.6164940001">
    <tag k="local_x" v="14065.3292"/>
    <tag k="local_y" v="82453.0498"/>
    <tag k="ele" v="0"/>
  </node>
  <node id="555" lat="42.2859341998" lon="-85.61644910006">
    <tag k="local_x" v="14069.0701"/>
    <tag k="local_y" v="82450.7115"/>
    <tag k="ele" v="0"/>
  </node>
  <node id="556" lat="42.2859038999" lon="-85.61642960021">
    <tag k="local_x" v="14070.7325"/>
    <tag k="local_y" v="82447.3732"/>
    <tag k="ele" v="0"/>
  </node>
  <node id="557" lat="42.28575959985" lon="-85.61643159999">
    <tag k="local_x" v="14070.828"/>
    <tag k="local_y" v="82431.3478"/>
    <tag k="ele" v="0"/>
  </node>
  <node id="558" lat="42.28569469975" lon="-85.61648620024">
    <tag k="local_x" v="14066.4434"/>
    <tag k="local_y" v="82424.0683"/>
    <tag k="ele" v="0"/>
  </node>
  <node id="559" lat="42.28563839962" lon="-85.61643550055">
    <tag k="local_x" v="14070.7251"/>
    <tag k="local_y" v="82417.8848"/>
    <tag k="ele" v="0"/>
  </node>
  <node id="560" lat="42.28577689965" lon="-85.61657589983">
    <tag k="local_x" v="14058.8995"/>
    <tag k="local_y" v="82433.0754"/>
    <tag k="ele" v="0"/>
  </node>
  <node id="561" lat="42.28595869964" lon="-85.61677089992">
    <tag k="local_x" v="14042.4941"/>
    <tag k="local_y" v="82453.0008"/>
    <tag k="ele" v="0"/>
  </node>
  <node id="562" lat="42.28599189976" lon="-85.61682939987">
    <tag k="local_x" v="14037.611"/>
    <tag k="local_y" v="82456.6089"/>
    <tag k="ele" v="0"/>
  </node>
  <node id="563" lat="42.28600770012" lon="-85.61688400028">
    <tag k="local_x" v="14033.0808"/>
    <tag k="local_y" v="82458.2902"/>
    <tag k="ele" v="0"/>
  </node>
  <node id="564" lat="42.28602499987" lon="-85.61695419958">
    <tag k="local_x" v="14027.2618"/>
    <tag k="local_y" v="82460.1171"/>
    <tag k="ele" v="0"/>
  </node>
  <node id="565" lat="42.28603660013" lon="-85.61702630049">
    <tag k="local_x" v="14021.2963"/>
    <tag k="local_y" v="82461.3086"/>
    <tag k="ele" v="0"/>
  </node>
  <node id="566" lat="42.28603950016" lon="-85.61709649951">
    <tag k="local_x" v="14015.5033"/>
    <tag k="local_y" v="82461.5366"/>
    <tag k="ele" v="0"/>
  </node>
  <node id="567" lat="42.28603950033" lon="-85.61715699945">
    <tag k="local_x" v="14010.5152"/>
    <tag k="local_y" v="82461.4556"/>
    <tag k="ele" v="0"/>
  </node>
  <node id="568" lat="42.28603370003" lon="-85.61722910016">
    <tag k="local_x" v="14004.5811"/>
    <tag k="local_y" v="82460.715"/>
    <tag k="ele" v="0"/>
  </node>
  <node id="569" lat="42.28602070012" lon="-85.61729730002">
    <tag k="local_x" v="13998.9816"/>
    <tag k="local_y" v="82459.1802"/>
    <tag k="ele" v="0"/>
  </node>
  <node id="570" lat="42.28600049989" lon="-85.61737140033">
    <tag k="local_x" v="13992.9086"/>
    <tag k="local_y" v="82456.838"/>
    <tag k="ele" v="0"/>
  </node>
  <node id="571" lat="42.28597599959" lon="-85.61743380055">
    <tag k="local_x" v="13987.808"/>
    <tag k="local_y" v="82454.034"/>
    <tag k="ele" v="0"/>
  </node>
  <node id="572" lat="42.28593130035" lon="-85.61750790043">
    <tag k="local_x" v="13981.7792"/>
    <tag k="local_y" v="82448.9715"/>
    <tag k="ele" v="0"/>
  </node>
  <node id="573" lat="42.28588799964" lon="-85.61756250043">
    <tag k="local_x" v="13977.3556"/>
    <tag k="local_y" v="82444.0904"/>
    <tag k="ele" v="0"/>
  </node>
  <node id="574" lat="42.28582599985" lon="-85.6176366">
    <tag k="local_x" v="13971.358"/>
    <tag k="local_y" v="82437.1069"/>
    <tag k="ele" v="0"/>
  </node>
  <node id="575" lat="42.28577839997" lon="-85.61767949978">
    <tag k="local_x" v="13967.9068"/>
    <tag k="local_y" v="82431.7641"/>
    <tag k="ele" v="0"/>
  </node>
  <node id="576" lat="42.28571200006" lon="-85.6176892999">
    <tag k="local_x" v="13967.2185"/>
    <tag k="local_y" v="82424.3781"/>
    <tag k="ele" v="0"/>
  </node>
  <node id="577" lat="42.28443570044" lon="-85.62153039996">
    <tag k="local_x" v="13652.8203"/>
    <tag k="local_y" v="82277.5264"/>
    <tag k="ele" v="0"/>
  </node>
  <node id="578" lat="42.29063390002" lon="-85.61787329949">
    <tag k="local_x" v="13943.1757"/>
    <tag k="local_y" v="82970.6476"/>
    <tag k="ele" v="0"/>
  </node>
  <node id="579" lat="42.29071930009" lon="-85.61751190011">
    <tag k="local_x" v="13972.8162"/>
    <tag k="local_y" v="82980.614"/>
    <tag k="ele" v="0"/>
  </node>
  <node id="580" lat="42.29220870005" lon="-85.61751260005">
    <tag k="local_x" v="13970.0728"/>
    <tag k="local_y" v="83145.9925"/>
    <tag k="ele" v="0"/>
  </node>
  <node id="581" lat="42.29220870002" lon="-85.61745769948">
    <tag k="local_x" v="13974.5988"/>
    <tag k="local_y" v="83146.066"/>
    <tag k="ele" v="0"/>
  </node>
  <node id="582" lat="42.29222759969" lon="-85.61738710042">
    <tag k="local_x" v="13980.3849"/>
    <tag k="local_y" v="83148.2591"/>
    <tag k="ele" v="0"/>
  </node>
  <node id="583" lat="42.29228119975" lon="-85.61728510047">
    <tag k="local_x" v="13988.6971"/>
    <tag k="local_y" v="83154.3473"/>
    <tag k="ele" v="0"/>
  </node>
  <node id="584" lat="42.29233489967" lon="-85.61718899943">
    <tag k="local_x" v="13996.5228"/>
    <tag k="local_y" v="83160.4387"/>
    <tag k="ele" v="0"/>
  </node>
  <node id="585" lat="42.29236680002" lon="-85.61708710032">
    <tag k="local_x" v="14004.8658"/>
    <tag k="local_y" v="83164.1173"/>
    <tag k="ele" v="0"/>
  </node>
  <node id="586" lat="42.29236680038" lon="-85.61692630046">
    <tag k="local_x" v="14018.1221"/>
    <tag k="local_y" v="83164.3327"/>
    <tag k="ele" v="0"/>
  </node>
  <node id="587" lat="42.29236390039" lon="-85.61635569994">
    <tag k="local_x" v="14065.1675"/>
    <tag k="local_y" v="83164.7751"/>
    <tag k="ele" v="0"/>
  </node>
  <node id="588" lat="42.29234789994" lon="-85.6158890002">
    <tag k="local_x" v="14103.671"/>
    <tag k="local_y" v="83163.6239"/>
    <tag k="ele" v="0"/>
  </node>
  <node id="589" lat="42.29233909963" lon="-85.6153644997">
    <tag k="local_x" v="14146.9266"/>
    <tag k="local_y" v="83163.3499"/>
    <tag k="ele" v="0"/>
  </node>
  <node id="590" lat="42.2895814999" lon="-85.6176403002">
    <tag k="local_x" v="13964.2821"/>
    <tag k="local_y" v="82854.1035"/>
    <tag k="ele" v="0"/>
  </node>
  <node id="591" lat="42.28927080021" lon="-85.6175699005">
    <tag k="local_x" v="13970.6463"/>
    <tag k="local_y" v="82819.6984"/>
    <tag k="ele" v="0"/>
  </node>
  <node id="592" lat="42.28144460034" lon="-85.61701710022">
    <tag k="local_x" v="14030.3369"/>
    <tag k="local_y" v="81951.4368"/>
    <tag k="ele" v="0"/>
  </node>
  <node id="593" lat="42.28189720015" lon="-85.61710710051">
    <tag k="local_x" v="14022.0998"/>
    <tag k="local_y" v="82001.5718"/>
    <tag k="ele" v="0"/>
  </node>
  <node id="594" lat="42.2816986003" lon="-85.61735480027">
    <tag k="local_x" v="14002.0342"/>
    <tag k="local_y" v="81979.1881"/>
    <tag k="ele" v="0"/>
  </node>
  <node id="595" lat="42.28169279958" lon="-85.6179404001">
    <tag k="local_x" v="13953.7598"/>
    <tag k="local_y" v="81977.7601"/>
    <tag k="ele" v="0"/>
  </node>
  <node id="596" lat="42.28438370013" lon="-85.61843279988">
    <tag k="local_x" v="13908.3114"/>
    <tag k="local_y" v="82275.892"/>
    <tag k="ele" v="0"/>
  </node>
  <node id="597" lat="42.28478850013" lon="-85.61842089983">
    <tag k="local_x" v="13908.5632"/>
    <tag k="local_y" v="82320.8559"/>
    <tag k="ele" v="0"/>
  </node>
  <node id="598" lat="42.28458279994" lon="-85.61854629994">
    <tag k="local_x" v="13898.5946"/>
    <tag k="local_y" v="82297.8477"/>
    <tag k="ele" v="0"/>
  </node>
  <node id="599" lat="42.28432669963" lon="-85.61909669974">
    <tag k="local_x" v="13853.6754"/>
    <tag k="local_y" v="82268.6748"/>
    <tag k="ele" v="0"/>
  </node>
  <node id="600" lat="42.28431470028" lon="-85.61920590025">
    <tag k="local_x" v="13844.6934"/>
    <tag k="local_y" v="82267.1964"/>
    <tag k="ele" v="0"/>
  </node>
  <node id="601" lat="42.28429630044" lon="-85.62053410002">
    <tag k="local_x" v="13735.2161"/>
    <tag k="local_y" v="82263.3782"/>
    <tag k="ele" v="0"/>
  </node>
  <node id="602" lat="42.28427959967" lon="-85.62065199948">
    <tag k="local_x" v="13725.5253"/>
    <tag k="local_y" v="82261.3663"/>
    <tag k="ele" v="0"/>
  </node>
  <node id="603" lat="42.28426529985" lon="-85.62070080007">
    <tag k="local_x" v="13721.5274"/>
    <tag k="local_y" v="82259.7133"/>
    <tag k="ele" v="0"/>
  </node>
  <node id="604" lat="42.28425190013" lon="-85.62072799951">
    <tag k="local_x" v="13719.3089"/>
    <tag k="local_y" v="82258.1891"/>
    <tag k="ele" v="0"/>
  </node>
  <node id="605" lat="42.28411520014" lon="-85.62091120021">
    <tag k="local_x" v="13704.4498"/>
    <tag k="local_y" v="82242.7656"/>
    <tag k="ele" v="0"/>
  </node>
  <node id="606" lat="42.28216130018" lon="-85.61752749992">
    <tag k="local_x" v="13986.9603"/>
    <tag k="local_y" v="82030.3339"/>
    <tag k="ele" v="0"/>
  </node>
  <node id="607" lat="42.28220570026" lon="-85.61734089972">
    <tag k="local_x" v="14002.266"/>
    <tag k="local_y" v="82035.5138"/>
    <tag k="ele" v="0"/>
  </node>
  <node id="608" lat="42.28220059991" lon="-85.61730009948">
    <tag k="local_x" v="14005.6393"/>
    <tag k="local_y" v="82035.0021"/>
    <tag k="ele" v="0"/>
  </node>
  <node id="609" lat="42.28218650044" lon="-85.61727009965">
    <tag k="local_x" v="14008.1383"/>
    <tag k="local_y" v="82033.4767"/>
    <tag k="ele" v="0"/>
  </node>
  <node id="610" lat="42.28216240037" lon="-85.61723880012">
    <tag k="local_x" v="14010.7625"/>
    <tag k="local_y" v="82030.8426"/>
    <tag k="ele" v="0"/>
  </node>
  <node id="611" lat="42.2821231" lon="-85.61720749952">
    <tag k="local_x" v="14013.4142"/>
    <tag k="local_y" v="82026.5207"/>
    <tag k="ele" v="0"/>
  </node>
  <node id="612" lat="42.28155540025" lon="-85.61692850002">
    <tag k="local_x" v="14037.4425"/>
    <tag k="local_y" v="81963.8584"/>
    <tag k="ele" v="0"/>
  </node>
  <node id="613" lat="42.28151959992" lon="-85.61693240002">
    <tag k="local_x" v="14037.1855"/>
    <tag k="local_y" v="81959.878"/>
    <tag k="ele" v="0"/>
  </node>
  <node id="614" lat="42.28148539958" lon="-85.61695150019">
    <tag k="local_x" v="14035.6723"/>
    <tag k="local_y" v="81956.0549"/>
    <tag k="ele" v="0"/>
  </node>
  <node id="615" lat="42.28144500003" lon="-85.61697459991">
    <tag k="local_x" v="14033.8405"/>
    <tag k="local_y" v="81951.5381"/>
    <tag k="ele" v="0"/>
  </node>
  <node id="645" lat="42.27947859968" lon="-85.61855080007">
    <tag k="local_x" v="13907.4189"/>
    <tag k="local_y" v="81731.0843"/>
    <tag k="ele" v="0"/>
  </node>
  <node id="646" lat="42.28533950031" lon="-85.6158587997">
    <tag k="local_x" v="14118.8128"/>
    <tag k="local_y" v="82385.4686"/>
    <tag k="ele" v="0"/>
  </node>
  <node id="647" lat="42.27979870018" lon="-85.62011739965">
    <tag k="local_x" v="13777.6665"/>
    <tag k="local_y" v="81764.5329"/>
    <tag k="ele" v="0"/>
  </node>
  <node id="648" lat="42.2791375997" lon="-85.62014900009">
    <tag k="local_x" v="13776.2504"/>
    <tag k="local_y" v="81691.0838"/>
    <tag k="ele" v="0"/>
  </node>
  <node id="649" lat="42.27896169957" lon="-85.62014040052">
    <tag k="local_x" v="13777.276"/>
    <tag k="local_y" v="81671.5638"/>
    <tag k="ele" v="0"/>
  </node>
  <node id="650" lat="42.27888369989" lon="-85.62008960028">
    <tag k="local_x" v="13781.6052"/>
    <tag k="local_y" v="81662.9708"/>
    <tag k="ele" v="0"/>
  </node>
  <node id="657" lat="42.28733690011" lon="-85.61146130022">
    <tag k="local_x" v="14477.7648"/>
    <tag k="local_y" v="82613.1587"/>
    <tag k="ele" v="0"/>
  </node>
  <node id="658" lat="42.28728980033" lon="-85.6130666997">
    <tag k="local_x" v="14345.4907"/>
    <tag k="local_y" v="82605.7714"/>
    <tag k="ele" v="0"/>
  </node>
  <node id="659" lat="42.28731350025" lon="-85.61330309983">
    <tag k="local_x" v="14325.9575"/>
    <tag k="local_y" v="82608.0855"/>
    <tag k="ele" v="0"/>
  </node>
  <node id="660" lat="42.28627120005" lon="-85.61064619974">
    <tag k="local_x" v="14546.8979"/>
    <tag k="local_y" v="82495.9223"/>
    <tag k="ele" v="0"/>
  </node>
  <node id="661" lat="42.28543140031" lon="-85.61041060016">
    <tag k="local_x" v="14567.8445"/>
    <tag k="local_y" v="82402.99"/>
    <tag k="ele" v="0"/>
  </node>
  <node id="662" lat="42.28557739974" lon="-85.6104962997">
    <tag k="local_x" v="14560.5141"/>
    <tag k="local_y" v="82419.0861"/>
    <tag k="ele" v="0"/>
  </node>
  <node id="663" lat="42.28583769975" lon="-85.61056800033">
    <tag k="local_x" v="14554.1308"/>
    <tag k="local_y" v="82447.8927"/>
    <tag k="ele" v="0"/>
  </node>
  <node id="664" lat="42.28596530005" lon="-85.61058659965">
    <tag k="local_x" v="14552.3661"/>
    <tag k="local_y" v="82462.0361"/>
    <tag k="ele" v="0"/>
  </node>
  <node id="665" lat="42.28427519965" lon="-85.61686000032">
    <tag k="local_x" v="14038.1847"/>
    <tag k="local_y" v="82265.9498"/>
    <tag k="ele" v="0"/>
  </node>
  <node id="666" lat="42.28427780015" lon="-85.61708120033">
    <tag k="local_x" v="14019.942"/>
    <tag k="local_y" v="82265.9423"/>
    <tag k="ele" v="0"/>
  </node>
  <node id="667" lat="42.28514549989" lon="-85.61586459963">
    <tag k="local_x" v="14118.6848"/>
    <tag k="local_y" v="82363.9195"/>
    <tag k="ele" v="0"/>
  </node>
  <node id="668" lat="42.2850694996" lon="-85.61586200034">
    <tag k="local_x" v="14119.0363"/>
    <tag k="local_y" v="82355.4841"/>
    <tag k="ele" v="0"/>
  </node>
  <node id="669" lat="42.28659680013" lon="-85.62296579955">
    <tag k="local_x" v="13530.5904"/>
    <tag k="local_y" v="82515.5744"/>
    <tag k="ele" v="0"/>
  </node>
  <node id="670" lat="42.28957899998" lon="-85.61667349991">
    <tag k="local_x" v="14043.9929"/>
    <tag k="local_y" v="82855.1206"/>
    <tag k="ele" v="0"/>
  </node>
  <node id="671" lat="42.28868339985" lon="-85.61676249984">
    <tag k="local_x" v="14038.2712"/>
    <tag k="local_y" v="82755.5561"/>
    <tag k="ele" v="0"/>
  </node>
  <node id="672" lat="42.2890263" lon="-85.61742789941">
    <tag k="local_x" v="13982.7943"/>
    <tag k="local_y" v="82792.7398"/>
    <tag k="ele" v="0"/>
  </node>
  <node id="673" lat="42.28895750013" lon="-85.61804970013">
    <tag k="local_x" v="13931.6545"/>
    <tag k="local_y" v="82784.2681"/>
    <tag k="ele" v="0"/>
  </node>
  <node id="674" lat="42.2891359996" lon="-85.61807320056">
    <tag k="local_x" v="13929.3953"/>
    <tag k="local_y" v="82804.0568"/>
    <tag k="ele" v="0"/>
  </node>
  <node id="675" lat="42.28916859975" lon="-85.61775950056">
    <tag k="local_x" v="13955.1992"/>
    <tag k="local_y" v="82808.0965"/>
    <tag k="ele" v="0"/>
  </node>
  <node id="676" lat="42.28897729973" lon="-85.61773560046">
    <tag k="local_x" v="13957.5145"/>
    <tag k="local_y" v="82786.887"/>
    <tag k="ele" v="0"/>
  </node>
  <node id="677" lat="42.28899789971" lon="-85.61767970034">
    <tag k="local_x" v="13962.086"/>
    <tag k="local_y" v="82789.2492"/>
    <tag k="ele" v="0"/>
  </node>
  <node id="678" lat="42.28236296269" lon="-85.61963494236">
    <tag k="local_x" v="13812.8322"/>
    <tag k="local_y" v="82049.9068"/>
    <tag k="ele" v="0"/>
  </node>
  <node id="679" lat="42.28228142323" lon="-85.61971706173">
    <tag k="local_x" v="13806.208"/>
    <tag k="local_y" v="82040.7431"/>
    <tag k="ele" v="0"/>
  </node>
  <node id="680" lat="42.28238245584" lon="-85.61959990909">
    <tag k="local_x" v="13815.6857"/>
    <tag k="local_y" v="82052.1181"/>
    <tag k="ele" v="0"/>
  </node>
  <node id="681" lat="42.28206559999" lon="-85.61996490035">
    <tag k="local_x" v="13786.1614"/>
    <tag k="local_y" v="82016.4474"/>
    <tag k="ele" v="0"/>
  </node>
  <node id="682" lat="42.28208170011" lon="-85.6198312005">
    <tag k="local_x" v="13797.1564"/>
    <tag k="local_y" v="82018.4138"/>
    <tag k="ele" v="0"/>
  </node>
  <node id="683" lat="42.28206935906" lon="-85.61969112843">
    <tag k="local_x" v="13808.728"/>
    <tag k="local_y" v="82017.2307"/>
    <tag k="ele" v="0"/>
  </node>
  <node id="684" lat="42.28501769989" lon="-85.61585580024">
    <tag k="local_x" v="14119.641"/>
    <tag k="local_y" v="82349.7407"/>
    <tag k="ele" v="0"/>
  </node>
  <node id="685" lat="42.28199579971" lon="-85.62053630057">
    <tag k="local_x" v="13739.1732"/>
    <tag k="local_y" v="82007.9335"/>
    <tag k="ele" v="0"/>
  </node>
  <node id="686" lat="42.28261950018" lon="-85.60848399945">
    <tag k="local_x" v="14731.7933"/>
    <tag k="local_y" v="82093.3579"/>
    <tag k="ele" v="0"/>
  </node>
  <node id="691" lat="42.2906684001" lon="-85.61788749986">
    <tag k="local_x" v="13941.9428"/>
    <tag k="local_y" v="82974.4594"/>
    <tag k="ele" v="0"/>
  </node>
  <node id="692" lat="42.29073089995" lon="-85.61751579963">
    <tag k="local_x" v="13972.4738"/>
    <tag k="local_y" v="82981.8968"/>
    <tag k="ele" v="0"/>
  </node>
  <node id="693" lat="42.28517820035" lon="-85.6089914997">
    <tag k="local_x" v="14685.307"/>
    <tag k="local_y" v="82376.7859"/>
    <tag k="ele" v="0"/>
  </node>
  <node id="696" lat="42.28641999968" lon="-85.61434550024">
    <tag k="local_x" v="14241.6301"/>
    <tag k="local_y" v="82507.4741"/>
    <tag k="ele" v="0"/>
  </node>
  <node id="697" lat="42.28672680041" lon="-85.6139330002">
    <tag k="local_x" v="14275.0851"/>
    <tag k="local_y" v="82542.0941"/>
    <tag k="ele" v="0"/>
  </node>
  <node id="698" lat="42.28683640018" lon="-85.61370689943">
    <tag k="local_x" v="14293.5283"/>
    <tag k="local_y" v="82554.5673"/>
    <tag k="ele" v="0"/>
  </node>
  <node id="699" lat="42.28694420013" lon="-85.61340289986">
    <tag k="local_x" v="14318.3972"/>
    <tag k="local_y" v="82566.9453"/>
    <tag k="ele" v="0"/>
  </node>
  <node id="700" lat="42.2870195" lon="-85.61300960023">
    <tag k="local_x" v="14350.6873"/>
    <tag k="local_y" v="82575.8346"/>
    <tag k="ele" v="0"/>
  </node>
  <node id="701" lat="42.2870336997" lon="-85.61273490058">
    <tag k="local_x" v="14373.3097"/>
    <tag k="local_y" v="82577.7803"/>
    <tag k="ele" v="0"/>
  </node>
  <node id="702" lat="42.28671680007" lon="-85.61270560012">
    <tag k="local_x" v="14376.2988"/>
    <tag k="local_y" v="82542.6319"/>
    <tag k="ele" v="0"/>
  </node>
  <node id="703" lat="42.28664490009" lon="-85.61323680036">
    <tag k="local_x" v="14332.6329"/>
    <tag k="local_y" v="82533.9348"/>
    <tag k="ele" v="0"/>
  </node>
  <node id="704" lat="42.28657799996" lon="-85.61344470035">
    <tag k="local_x" v="14315.6131"/>
    <tag k="local_y" v="82526.2272"/>
    <tag k="ele" v="0"/>
  </node>
  <node id="705" lat="42.28645679974" lon="-85.61369900009">
    <tag k="local_x" v="14294.8659"/>
    <tag k="local_y" v="82512.428"/>
    <tag k="ele" v="0"/>
  </node>
  <node id="706" lat="42.2863079002" lon="-85.6138933999">
    <tag k="local_x" v="14279.1073"/>
    <tag k="local_y" v="82495.6336"/>
    <tag k="ele" v="0"/>
  </node>
  <node id="707" lat="42.28618420035" lon="-85.61404030029">
    <tag k="local_x" v="14267.2193"/>
    <tag k="local_y" v="82481.7011"/>
    <tag k="ele" v="0"/>
  </node>
  <node id="708" lat="42.28629949983" lon="-85.6141895997">
    <tag k="local_x" v="14254.7015"/>
    <tag k="local_y" v="82494.3033"/>
    <tag k="ele" v="0"/>
  </node>
  <node id="709" lat="42.28688420039" lon="-85.61272110003">
    <tag k="local_x" v="14374.718"/>
    <tag k="local_y" v="82561.1988"/>
    <tag k="ele" v="0"/>
  </node>
  <node id="710" lat="42.28705570024" lon="-85.61218609988">
    <tag k="local_x" v="14418.5167"/>
    <tag k="local_y" v="82580.9606"/>
    <tag k="ele" v="0"/>
  </node>
  <node id="711" lat="42.28674180002" lon="-85.61216569964">
    <tag k="local_x" v="14420.7668"/>
    <tag k="local_y" v="82546.1333"/>
    <tag k="ele" v="0"/>
  </node>
  <node id="712" lat="42.2867820996" lon="-85.61106430019">
    <tag k="local_x" v="14511.501"/>
    <tag k="local_y" v="82552.0889"/>
    <tag k="ele" v="0"/>
  </node>
  <node id="713" lat="42.2871039999" lon="-85.6112302001">
    <tag k="local_x" v="14497.24"/>
    <tag k="local_y" v="82587.6088"/>
    <tag k="ele" v="0"/>
  </node>
  <node id="714" lat="42.28689870015" lon="-85.61217590023">
    <tag k="local_x" v="14419.6418"/>
    <tag k="local_y" v="82563.5414"/>
    <tag k="ele" v="0"/>
  </node>
  <node id="715" lat="42.28694880024" lon="-85.61115019952">
    <tag k="local_x" v="14504.1169"/>
    <tag k="local_y" v="82570.4834"/>
    <tag k="ele" v="0"/>
  </node>
  <node id="716" lat="42.28659599966" lon="-85.61129280023">
    <tag k="local_x" v="14492.9989"/>
    <tag k="local_y" v="82531.1175"/>
    <tag k="ele" v="0"/>
  </node>
  <node id="717" lat="42.2865936997" lon="-85.61105570049">
    <tag k="local_x" v="14512.5513"/>
    <tag k="local_y" v="82531.181"/>
    <tag k="ele" v="0"/>
  </node>
  <node id="718" lat="42.28588410034" lon="-85.61107720008">
    <tag k="local_x" v="14512.0641"/>
    <tag k="local_y" v="82452.3599"/>
    <tag k="ele" v="0"/>
  </node>
  <node id="719" lat="42.28589209975" lon="-85.61130199948">
    <tag k="local_x" v="14493.5153"/>
    <tag k="local_y" v="82452.9458"/>
    <tag k="ele" v="0"/>
  </node>
  <node id="722" lat="42.28640019959" lon="-85.6143198995">
    <tag k="local_x" v="14243.7766"/>
    <tag k="local_y" v="82505.3099"/>
    <tag k="ele" v="0"/>
  </node>
  <node id="725" lat="42.2866028003" lon="-85.61084479987">
    <tag k="local_x" v="14529.923"/>
    <tag k="local_y" v="82532.4752"/>
    <tag k="ele" v="0"/>
  </node>
  <node id="726" lat="42.28730119965" lon="-85.61230840052">
    <tag k="local_x" v="14407.9891"/>
    <tag k="local_y" v="82608.0559"/>
    <tag k="ele" v="0"/>
  </node>
  <node id="727" lat="42.28673449958" lon="-85.61242359967">
    <tag k="local_x" v="14399.5169"/>
    <tag k="local_y" v="82544.9761"/>
    <tag k="ele" v="0"/>
  </node>
  <node id="728" lat="42.28489739985" lon="-85.60996159991">
    <tag k="local_x" v="14605.8321"/>
    <tag k="local_y" v="82344.3002"/>
    <tag k="ele" v="0"/>
  </node>
  <node id="729" lat="42.28625729988" lon="-85.61448920006">
    <tag k="local_x" v="14230.0764"/>
    <tag k="local_y" v="82489.2155"/>
    <tag k="ele" v="0"/>
  </node>
  <node id="730" lat="42.28555130005" lon="-85.61390970015">
    <tag k="local_x" v="14279.1311"/>
    <tag k="local_y" v="82411.6007"/>
    <tag k="ele" v="0"/>
  </node>
  <node id="731" lat="42.28544640004" lon="-85.61385699989">
    <tag k="local_x" v="14283.6658"/>
    <tag k="local_y" v="82400.0236"/>
    <tag k="ele" v="0"/>
  </node>
  <node id="732" lat="42.28532640031" lon="-85.61381910045">
    <tag k="local_x" v="14287.0075"/>
    <tag k="local_y" v="82386.75"/>
    <tag k="ele" v="0"/>
  </node>
  <node id="733" lat="42.28507399961" lon="-85.61378420011">
    <tag k="local_x" v="14290.3413"/>
    <tag k="local_y" v="82358.7709"/>
    <tag k="ele" v="0"/>
  </node>
  <node id="734" lat="42.28502799973" lon="-85.61378270053">
    <tag k="local_x" v="14290.5481"/>
    <tag k="local_y" v="82353.6652"/>
    <tag k="ele" v="0"/>
  </node>
  <node id="735" lat="42.28484269961" lon="-85.61443879962">
    <tag k="local_x" v="14236.788"/>
    <tag k="local_y" v="82332.2094"/>
    <tag k="ele" v="0"/>
  </node>
  <node id="736" lat="42.28481670033" lon="-85.61457080001">
    <tag k="local_x" v="14225.9516"/>
    <tag k="local_y" v="82329.1454"/>
    <tag k="ele" v="0"/>
  </node>
  <node id="737" lat="42.28482810006" lon="-85.61475349954">
    <tag k="local_x" v="14210.8675"/>
    <tag k="local_y" v="82330.1661"/>
    <tag k="ele" v="0"/>
  </node>
  <node id="738" lat="42.28488829968" lon="-85.61492960057">
    <tag k="local_x" v="14196.2393"/>
    <tag k="local_y" v="82336.6143"/>
    <tag k="ele" v="0"/>
  </node>
  <node id="739" lat="42.2849681001" lon="-85.61513870033">
    <tag k="local_x" v="14178.855"/>
    <tag k="local_y" v="82345.1947"/>
    <tag k="ele" v="0"/>
  </node>
  <node id="740" lat="42.28499909997" lon="-85.61533680022">
    <tag k="local_x" v="14162.4658"/>
    <tag k="local_y" v="82348.3712"/>
    <tag k="ele" v="0"/>
  </node>
  <node id="741" lat="42.28500560014" lon="-85.61552390006">
    <tag k="local_x" v="14147.0278"/>
    <tag k="local_y" v="82348.8421"/>
    <tag k="ele" v="0"/>
  </node>
  <node id="742" lat="42.28515050013" lon="-85.6156934005">
    <tag k="local_x" v="14132.791"/>
    <tag k="local_y" v="82364.7042"/>
    <tag k="ele" v="0"/>
  </node>
  <node id="743" lat="42.28536060034" lon="-85.61555690011">
    <tag k="local_x" v="14143.666"/>
    <tag k="local_y" v="82388.2162"/>
    <tag k="ele" v="0"/>
  </node>
  <node id="744" lat="42.28551359966" lon="-85.61547109951">
    <tag k="local_x" v="14150.4639"/>
    <tag k="local_y" v="82405.3199"/>
    <tag k="ele" v="0"/>
  </node>
  <node id="745" lat="42.28581650011" lon="-85.61501980051">
    <tag k="local_x" v="14187.1258"/>
    <tag k="local_y" v="82439.5584"/>
    <tag k="ele" v="0"/>
  </node>
  <node id="746" lat="42.28608839956" lon="-85.61473810008">
    <tag k="local_x" v="14209.8603"/>
    <tag k="local_y" v="82470.1273"/>
    <tag k="ele" v="0"/>
  </node>
  <node id="747" lat="42.2862528998" lon="-85.6145641997">
    <tag k="local_x" v="14223.9008"/>
    <tag k="local_y" v="82488.6263"/>
    <tag k="ele" v="0"/>
  </node>
  <node id="748" lat="42.28610029984" lon="-85.61440610027">
    <tag k="local_x" v="14237.2115"/>
    <tag k="local_y" v="82471.8941"/>
    <tag k="ele" v="0"/>
  </node>
  <node id="749" lat="42.28594969992" lon="-85.6143263998">
    <tag k="local_x" v="14244.0548"/>
    <tag k="local_y" v="82455.2788"/>
    <tag k="ele" v="0"/>
  </node>
  <node id="750" lat="42.28568919997" lon="-85.61520950005">
    <tag k="local_x" v="14171.7153"/>
    <tag k="local_y" v="82425.1689"/>
    <tag k="ele" v="0"/>
  </node>
  <node id="751" lat="42.28578850043" lon="-85.6142260996">
    <tag k="local_x" v="14252.6157"/>
    <tag k="local_y" v="82437.5142"/>
    <tag k="ele" v="0"/>
  </node>
  <node id="752" lat="42.28543179974" lon="-85.61551699954">
    <tag k="local_x" v="14146.8272"/>
    <tag k="local_y" v="82396.1755"/>
    <tag k="ele" v="0"/>
  </node>
  <node id="753" lat="42.28563430033" lon="-85.61414539939">
    <tag k="local_x" v="14259.548"/>
    <tag k="local_y" v="82420.5005"/>
    <tag k="ele" v="0"/>
  </node>
  <node id="754" lat="42.28522219959" lon="-85.6156468003">
    <tag k="local_x" v="14136.5037"/>
    <tag k="local_y" v="82372.728"/>
    <tag k="ele" v="0"/>
  </node>
  <node id="755" lat="42.28502120015" lon="-85.61571440046">
    <tag k="local_x" v="14131.293"/>
    <tag k="local_y" v="82350.3189"/>
    <tag k="ele" v="0"/>
  </node>
  <node id="756" lat="42.28551110038" lon="-85.61407079993">
    <tag k="local_x" v="14265.9213"/>
    <tag k="local_y" v="82406.9208"/>
    <tag k="ele" v="0"/>
  </node>
  <node id="757" lat="42.28497790023" lon="-85.61520139939">
    <tag k="local_x" v="14173.6678"/>
    <tag k="local_y" v="82346.1988"/>
    <tag k="ele" v="0"/>
  </node>
  <node id="758" lat="42.28537440001" lon="-85.61383419982">
    <tag k="local_x" v="14285.6758"/>
    <tag k="local_y" v="82392.0595"/>
    <tag k="ele" v="0"/>
  </node>
  <node id="759" lat="42.28521109984" lon="-85.61380309957">
    <tag k="local_x" v="14288.5352"/>
    <tag k="local_y" v="82373.9688"/>
    <tag k="ele" v="0"/>
  </node>
  <node id="760" lat="42.28500200045" lon="-85.61542060029">
    <tag k="local_x" v="14155.5513"/>
    <tag k="local_y" v="82348.5809"/>
    <tag k="ele" v="0"/>
  </node>
  <node id="761" lat="42.28551530024" lon="-85.61852529992">
    <tag k="local_x" v="13898.646"/>
    <tag k="local_y" v="82401.4183"/>
    <tag k="ele" v="0"/>
  </node>
  <node id="762" lat="42.28565040003" lon="-85.61841">
    <tag k="local_x" v="13907.9089"/>
    <tag k="local_y" v="82416.5737"/>
    <tag k="ele" v="0"/>
  </node>
  <node id="763" lat="42.28563850004" lon="-85.6184584004">
    <tag k="local_x" v="13903.9398"/>
    <tag k="local_y" v="82415.1876"/>
    <tag k="ele" v="0"/>
  </node>
  <node id="765" lat="42.28727950019" lon="-85.61287699987">
    <tag k="local_x" v="14361.1494"/>
    <tag k="local_y" v="82604.8825"/>
    <tag k="ele" v="0"/>
  </node>
  <node id="766" lat="42.28730929979" lon="-85.61372739989">
    <tag k="local_x" v="14290.9831"/>
    <tag k="local_y" v="82607.0494"/>
    <tag k="ele" v="0"/>
  </node>
  <node id="767" lat="42.28750670021" lon="-85.61466909994">
    <tag k="local_x" v="14212.9867"/>
    <tag k="local_y" v="82627.7045"/>
    <tag k="ele" v="0"/>
  </node>
  <node id="768" lat="42.28484189982" lon="-85.61015730023">
    <tag k="local_x" v="14589.7973"/>
    <tag k="local_y" v="82337.8742"/>
    <tag k="ele" v="0"/>
  </node>
  <node id="770" lat="42.28538915607" lon="-85.60792245678">
    <tag k="local_x" v="14773.0657"/>
    <tag k="local_y" v="82401.6505"/>
    <tag k="ele" v="0"/>
  </node>
  <node id="773" lat="42.28526970011" lon="-85.60867700009">
    <tag k="local_x" v="14711.0712"/>
    <tag k="local_y" v="82387.3695"/>
    <tag k="ele" v="0"/>
  </node>
  <node id="774" lat="42.28542245909" lon="-85.60810583156">
    <tag k="local_x" v="14757.8862"/>
    <tag k="local_y" v="82405.1012"/>
    <tag k="ele" v="0"/>
  </node>
  <node id="778" lat="42.27769844369" lon="-85.61566971082">
    <tag k="local_x" v="14148.1971"/>
    <tag k="local_y" v="81537.2786"/>
    <tag k="ele" v="0"/>
  </node>
  <node id="779" lat="42.27769954412" lon="-85.61553051072">
    <tag k="local_x" v="14159.6734"/>
    <tag k="local_y" v="81537.5874"/>
    <tag k="ele" v="0"/>
  </node>
  <node id="780" lat="42.27770934358" lon="-85.61536941114">
    <tag k="local_x" v="14172.9398"/>
    <tag k="local_y" v="81538.8915"/>
    <tag k="ele" v="0"/>
  </node>
  <node id="781" lat="42.27773294349" lon="-85.61521591143">
    <tag k="local_x" v="14185.5546"/>
    <tag k="local_y" v="81541.7178"/>
    <tag k="ele" v="0"/>
  </node>
  <node id="782" lat="42.27777094333" lon="-85.61506081074">
    <tag k="local_x" v="14198.2754"/>
    <tag k="local_y" v="81546.1452"/>
    <tag k="ele" v="0"/>
  </node>
  <node id="783" lat="42.27769361967" lon="-85.61640398339">
    <tag k="local_x" v="14087.6585"/>
    <tag k="local_y" v="81535.7589"/>
    <tag k="ele" v="0"/>
  </node>
  <node id="784" lat="42.27769436044" lon="-85.61654031632">
    <tag k="local_x" v="14076.4153"/>
    <tag k="local_y" v="81535.6585"/>
    <tag k="ele" v="0"/>
  </node>
  <node id="785" lat="42.27781005653" lon="-85.61659465119">
    <tag k="local_x" v="14071.7262"/>
    <tag k="local_y" v="81548.4323"/>
    <tag k="ele" v="0"/>
  </node>
  <node id="786" lat="42.27798540017" lon="-85.61641230001">
    <tag k="local_x" v="14086.4463"/>
    <tag k="local_y" v="81568.1463"/>
    <tag k="ele" v="0"/>
  </node>
  <node id="787" lat="42.28169449973" lon="-85.61375059972">
    <tag k="local_x" v="14299.2212"/>
    <tag k="local_y" v="81983.5648"/>
    <tag k="ele" v="0"/>
  </node>
  <node id="805" lat="42.28435720028" lon="-85.60747430044">
    <tag k="local_x" v="14811.8898"/>
    <tag k="local_y" v="82287.6689"/>
    <tag k="ele" v="0"/>
  </node>
  <node id="806" lat="42.28640259991" lon="-85.61526689998">
    <tag k="local_x" v="14165.6944"/>
    <tag k="local_y" v="82504.3061"/>
    <tag k="ele" v="0"/>
  </node>
  <node id="807" lat="42.28649290022" lon="-85.61520920044">
    <tag k="local_x" v="14170.2885"/>
    <tag k="local_y" v="82514.4102"/>
    <tag k="ele" v="0"/>
  </node>
  <node id="808" lat="42.28657680017" lon="-85.61515449973">
    <tag k="local_x" v="14174.6469"/>
    <tag k="local_y" v="82523.7996"/>
    <tag k="ele" v="0"/>
  </node>
  <node id="809" lat="42.28680080006" lon="-85.61499650045">
    <tag k="local_x" v="14187.2689"/>
    <tag k="local_y" v="82548.8839"/>
    <tag k="ele" v="0"/>
  </node>
  <node id="810" lat="42.28690629979" lon="-85.61492480013">
    <tag k="local_x" v="14192.9898"/>
    <tag k="local_y" v="82560.6945"/>
    <tag k="ele" v="0"/>
  </node>
  <node id="811" lat="42.28488260002" lon="-85.61377649989">
    <tag k="local_x" v="14291.3222"/>
    <tag k="local_y" v="82337.5287"/>
    <tag k="ele" v="0"/>
  </node>
  <node id="812" lat="42.28479949977" lon="-85.61377870042">
    <tag k="local_x" v="14291.291"/>
    <tag k="local_y" v="82328.2985"/>
    <tag k="ele" v="0"/>
  </node>
  <node id="813" lat="42.2847529001" lon="-85.61378100055">
    <tag k="local_x" v="14291.1856"/>
    <tag k="local_y" v="82323.1211"/>
    <tag k="ele" v="0"/>
  </node>
  <node id="814" lat="42.28472710011" lon="-85.6137921994">
    <tag k="local_x" v="14290.3089"/>
    <tag k="local_y" v="82320.2413"/>
    <tag k="ele" v="0"/>
  </node>
  <node id="815" lat="42.28471130013" lon="-85.61382260051">
    <tag k="local_x" v="14287.8309"/>
    <tag k="local_y" v="82318.4461"/>
    <tag k="ele" v="0"/>
  </node>
  <node id="816" lat="42.2846074001" lon="-85.61423060021">
    <tag k="local_x" v="14254.3792"/>
    <tag k="local_y" v="82306.3617"/>
    <tag k="ele" v="0"/>
  </node>
  <node id="818" lat="42.2847993003" lon="-85.61350150043">
    <tag k="local_x" v="14314.1464"/>
    <tag k="local_y" v="82328.6485"/>
    <tag k="ele" v="0"/>
  </node>
  <node id="819" lat="42.28480339961" lon="-85.61348480038">
    <tag k="local_x" v="14315.5159"/>
    <tag k="local_y" v="82329.1261"/>
    <tag k="ele" v="0"/>
  </node>
  <node id="820" lat="42.28463950003" lon="-85.60747020009">
    <tag k="local_x" v="14811.7152"/>
    <tag k="local_y" v="82319.0203"/>
    <tag k="ele" v="0"/>
  </node>
  <node id="821" lat="42.28468389985" lon="-85.60750850056">
    <tag k="local_x" v="14808.4767"/>
    <tag k="local_y" v="82323.8987"/>
    <tag k="ele" v="0"/>
  </node>
  <node id="822" lat="42.28501940002" lon="-85.60752289997">
    <tag k="local_x" v="14806.6802"/>
    <tag k="local_y" v="82361.1324"/>
    <tag k="ele" v="0"/>
  </node>
  <node id="823" lat="42.28506560039" lon="-85.60755440053">
    <tag k="local_x" v="14803.9991"/>
    <tag k="local_y" v="82366.2199"/>
    <tag k="ele" v="0"/>
  </node>
  <node id="824" lat="42.28513639973" lon="-85.60765310043">
    <tag k="local_x" v="14795.7328"/>
    <tag k="local_y" v="82373.9482"/>
    <tag k="ele" v="0"/>
  </node>
  <node id="825" lat="42.28529697789" lon="-85.60786990854">
    <tag k="local_x" v="14777.5656"/>
    <tag k="local_y" v="82391.4861"/>
    <tag k="ele" v="0"/>
  </node>
  <node id="826" lat="42.28839297746" lon="-85.61488303154">
    <tag k="local_x" v="14193.7478"/>
    <tag k="local_y" v="82725.8276"/>
    <tag k="ele" v="0"/>
  </node>
  <node id="827" lat="42.28838512722" lon="-85.61482840699">
    <tag k="local_x" v="14198.2655"/>
    <tag k="local_y" v="82725.0292"/>
    <tag k="ele" v="0"/>
  </node>
  <node id="828" lat="42.28542979969" lon="-85.61583300061">
    <tag k="local_x" v="14120.7769"/>
    <tag k="local_y" v="82395.5298"/>
    <tag k="ele" v="0"/>
  </node>
  <node id="829" lat="42.28560500014" lon="-85.61574759986">
    <tag k="local_x" v="14127.5018"/>
    <tag k="local_y" v="82415.0981"/>
    <tag k="ele" v="0"/>
  </node>
  <node id="830" lat="42.28575009974" lon="-85.6156598001">
    <tag k="local_x" v="14134.4788"/>
    <tag k="local_y" v="82431.3273"/>
    <tag k="ele" v="0"/>
  </node>
  <node id="831" lat="42.28592270005" lon="-85.61555649983">
    <tag k="local_x" v="14142.6841"/>
    <tag k="local_y" v="82450.6309"/>
    <tag k="ele" v="0"/>
  </node>
  <node id="832" lat="42.28608580021" lon="-85.61545800025">
    <tag k="local_x" v="14150.5107"/>
    <tag k="local_y" v="82468.8732"/>
    <tag k="ele" v="0"/>
  </node>
  <node id="833" lat="42.2861728999" lon="-85.61540470018">
    <tag k="local_x" v="14154.7479"/>
    <tag k="local_y" v="82478.616"/>
    <tag k="ele" v="0"/>
  </node>
  <node id="834" lat="42.28586480004" lon="-85.61642680031">
    <tag k="local_x" v="14071.0339"/>
    <tag k="local_y" v="82443.0354"/>
    <tag k="ele" v="0"/>
  </node>
  <node id="835" lat="42.28591339975" lon="-85.61643589942">
    <tag k="local_x" v="14070.196"/>
    <tag k="local_y" v="82448.4196"/>
    <tag k="ele" v="0"/>
  </node>
  <node id="836" lat="42.28596620018" lon="-85.6166172999">
    <tag k="local_x" v="14055.1446"/>
    <tag k="local_y" v="82454.0394"/>
    <tag k="ele" v="0"/>
  </node>
  <node id="837" lat="42.2857428997" lon="-85.61644559946">
    <tag k="local_x" v="14069.7039"/>
    <tag k="local_y" v="82429.4747"/>
    <tag k="ele" v="0"/>
  </node>
  <node id="838" lat="42.28175060015" lon="-85.62142319943">
    <tag k="local_x" v="13666.4863"/>
    <tag k="local_y" v="81979.5228"/>
    <tag k="ele" v="0"/>
  </node>
  <node id="839" lat="42.28164510034" lon="-85.6213860994">
    <tag k="local_x" v="13669.735"/>
    <tag k="local_y" v="81967.8579"/>
    <tag k="ele" v="0"/>
  </node>
  <node id="840" lat="42.28194059996" lon="-85.62031710025">
    <tag k="local_x" v="13757.3463"/>
    <tag k="local_y" v="82002.0971"/>
    <tag k="ele" v="0"/>
  </node>
  <node id="841" lat="42.28210651605" lon="-85.62013425795">
    <tag k="local_x" v="13772.1237"/>
    <tag k="local_y" v="82020.7643"/>
    <tag k="ele" v="0"/>
  </node>
  <node id="842" lat="42.28199759985" lon="-85.6205297">
    <tag k="local_x" v="13739.7142"/>
    <tag k="local_y" v="82008.1422"/>
    <tag k="ele" v="0"/>
  </node>
  <node id="843" lat="42.28301596657" lon="-85.61964959825">
    <tag k="local_x" v="13810.4483"/>
    <tag k="local_y" v="82122.3951"/>
    <tag k="ele" v="0"/>
  </node>
  <node id="844" lat="42.28239709628" lon="-85.61953911845">
    <tag k="local_x" v="13820.6717"/>
    <tag k="local_y" v="82053.825"/>
    <tag k="ele" v="0"/>
  </node>
  <node id="845" lat="42.28233025003" lon="-85.61927624988">
    <tag k="local_x" v="13842.4663"/>
    <tag k="local_y" v="82046.754"/>
    <tag k="ele" v="0"/>
  </node>
  <node id="846" lat="42.28201838195" lon="-85.61954647021">
    <tag k="local_x" v="13820.7473"/>
    <tag k="local_y" v="82011.7637"/>
    <tag k="ele" v="0"/>
  </node>
  <node id="847" lat="42.2822217004" lon="-85.61974080013">
    <tag k="local_x" v="13804.3582"/>
    <tag k="local_y" v="82034.0799"/>
    <tag k="ele" v="0"/>
  </node>
  <node id="848" lat="42.28136860014" lon="-85.62001640013">
    <tag k="local_x" v="13783.1694"/>
    <tag k="local_y" v="81938.9855"/>
    <tag k="ele" v="0"/>
  </node>
  <node id="849" lat="42.27770081694" lon="-85.61689448375">
    <tag k="local_x" v="14047.1994"/>
    <tag k="local_y" v="81535.901"/>
    <tag k="ele" v="0"/>
  </node>
  <node id="850" lat="42.27890999993" lon="-85.61916560054">
    <tag k="local_x" v="13857.7484"/>
    <tag k="local_y" v="81667.1262"/>
    <tag k="ele" v="0"/>
  </node>
  <node id="851" lat="42.29056739959" lon="-85.61785070037">
    <tag k="local_x" v="13945.1587"/>
    <tag k="local_y" v="82963.2938"/>
    <tag k="ele" v="0"/>
  </node>
  <node id="852" lat="42.2816976" lon="-85.6211937006">
    <tag k="local_x" v="13685.5046"/>
    <tag k="local_y" v="81973.9442"/>
    <tag k="ele" v="0"/>
  </node>
  <node id="853" lat="42.28104399984" lon="-85.6201009006">
    <tag k="local_x" v="13776.7861"/>
    <tag k="local_y" v="81902.8298"/>
    <tag k="ele" v="0"/>
  </node>
  <node id="854" lat="42.28180040011" lon="-85.62081669985">
    <tag k="local_x" v="13716.4048"/>
    <tag k="local_y" v="81985.8623"/>
    <tag k="ele" v="0"/>
  </node>
  <node id="855" lat="42.29230010003" lon="-85.61536560032">
    <tag k="local_x" v="14146.9063"/>
    <tag k="local_y" v="83159.018"/>
    <tag k="ele" v="0"/>
  </node>
  <node id="856" lat="42.29229220036" lon="-85.61467379983">
    <tag k="local_x" v="14203.9525"/>
    <tag k="local_y" v="83159.0687"/>
    <tag k="ele" v="0"/>
  </node>
  <node id="857" lat="42.29229600036" lon="-85.61438039967">
    <tag k="local_x" v="14228.1335"/>
    <tag k="local_y" v="83159.8843"/>
    <tag k="ele" v="0"/>
  </node>
  <node id="858" lat="42.29228649966" lon="-85.61432939971">
    <tag k="local_x" v="14232.3551"/>
    <tag k="local_y" v="83158.8978"/>
    <tag k="ele" v="0"/>
  </node>
  <node id="859" lat="42.29226009964" lon="-85.61429869996">
    <tag k="local_x" v="14234.9337"/>
    <tag k="local_y" v="83156.0076"/>
    <tag k="ele" v="0"/>
  </node>
  <node id="860" lat="42.29142779967" lon="-85.61428339945">
    <tag k="local_x" v="14237.6994"/>
    <tag k="local_y" v="83063.6115"/>
    <tag k="ele" v="0"/>
  </node>
  <node id="861" lat="42.2913976004" lon="-85.61428849985">
    <tag k="local_x" v="14237.3335"/>
    <tag k="local_y" v="83060.2514"/>
    <tag k="ele" v="0"/>
  </node>
  <node id="862" lat="42.29135980045" lon="-85.61433700019">
    <tag k="local_x" v="14233.4034"/>
    <tag k="local_y" v="83055.9891"/>
    <tag k="ele" v="0"/>
  </node>
  <node id="863" lat="42.29135979972" lon="-85.61452839994">
    <tag k="local_x" v="14217.6242"/>
    <tag k="local_y" v="83055.7322"/>
    <tag k="ele" v="0"/>
  </node>
  <node id="864" lat="42.29137299987" lon="-85.61467889954">
    <tag k="local_x" v="14205.193"/>
    <tag k="local_y" v="83056.996"/>
    <tag k="ele" v="0"/>
  </node>
  <node id="865" lat="42.29139569974" lon="-85.61477330016">
    <tag k="local_x" v="14197.3695"/>
    <tag k="local_y" v="83059.3899"/>
    <tag k="ele" v="0"/>
  </node>
  <node id="866" lat="42.29145800001" lon="-85.61489830039">
    <tag k="local_x" v="14186.9518"/>
    <tag k="local_y" v="83066.1399"/>
    <tag k="ele" v="0"/>
  </node>
  <node id="867" lat="42.29152030035" lon="-85.61497999952">
    <tag k="local_x" v="14180.1039"/>
    <tag k="local_y" v="83072.948"/>
    <tag k="ele" v="0"/>
  </node>
  <node id="868" lat="42.2916296997" lon="-85.61508710033">
    <tag k="local_x" v="14171.0768"/>
    <tag k="local_y" v="83084.9518"/>
    <tag k="ele" v="0"/>
  </node>
  <node id="869" lat="42.2917430001" lon="-85.61514839948">
    <tag k="local_x" v="14165.8186"/>
    <tag k="local_y" v="83097.4502"/>
    <tag k="ele" v="0"/>
  </node>
  <node id="870" lat="42.29183169969" lon="-85.61515599989">
    <tag k="local_x" v="14165.0318"/>
    <tag k="local_y" v="83107.289"/>
    <tag k="ele" v="0"/>
  </node>
  <node id="871" lat="42.29195249999" lon="-85.61520959988">
    <tag k="local_x" v="14160.3948"/>
    <tag k="local_y" v="83120.6305"/>
    <tag k="ele" v="0"/>
  </node>
  <node id="872" lat="42.2919675998" lon="-85.61528099976">
    <tag k="local_x" v="14154.4813"/>
    <tag k="local_y" v="83122.2114"/>
    <tag k="ele" v="0"/>
  </node>
  <node id="873" lat="42.29196779958" lon="-85.61537539948">
    <tag k="local_x" v="14146.6986"/>
    <tag k="local_y" v="83122.107"/>
    <tag k="ele" v="0"/>
  </node>
  <node id="874" lat="42.28557640028" lon="-85.61660400032">
    <tag k="local_x" v="14056.9444"/>
    <tag k="local_y" v="82410.7748"/>
    <tag k="ele" v="0"/>
  </node>
  <node id="875" lat="42.28557339994" lon="-85.61667569968">
    <tag k="local_x" v="14051.0383"/>
    <tag k="local_y" v="82410.3456"/>
    <tag k="ele" v="0"/>
  </node>
  <node id="876" lat="42.28555439984" lon="-85.61677900008">
    <tag k="local_x" v="14042.5556"/>
    <tag k="local_y" v="82408.0975"/>
    <tag k="ele" v="0"/>
  </node>
  <node id="877" lat="42.28551340004" lon="-85.61685260054">
    <tag k="local_x" v="14036.5613"/>
    <tag k="local_y" v="82403.4464"/>
    <tag k="ele" v="0"/>
  </node>
  <node id="878" lat="42.28546450017" lon="-85.61689320041">
    <tag k="local_x" v="14033.3021"/>
    <tag k="local_y" v="82397.9623"/>
    <tag k="ele" v="0"/>
  </node>
  <node id="879" lat="42.2852695998" lon="-85.61690659974">
    <tag k="local_x" v="14032.5489"/>
    <tag k="local_y" v="82376.3031"/>
    <tag k="ele" v="0"/>
  </node>
  <node id="880" lat="42.28518460001" lon="-85.61690669945">
    <tag k="local_x" v="14032.694"/>
    <tag k="local_y" v="82366.8648"/>
    <tag k="ele" v="0"/>
  </node>
  <node id="881" lat="42.28514859957" lon="-85.61690669989">
    <tag k="local_x" v="14032.7589"/>
    <tag k="local_y" v="82362.8674"/>
    <tag k="ele" v="0"/>
  </node>
  <node id="882" lat="42.28514859978" lon="-85.61681749948">
    <tag k="local_x" v="14040.1134"/>
    <tag k="local_y" v="82362.9869"/>
    <tag k="ele" v="0"/>
  </node>
  <node id="883" lat="42.28514169987" lon="-85.61641369979">
    <tag k="local_x" v="14073.4188"/>
    <tag k="local_y" v="82362.7617"/>
    <tag k="ele" v="0"/>
  </node>
  <node id="884" lat="42.28429340026" lon="-85.61781339992">
    <tag k="local_x" v="13959.5438"/>
    <tag k="local_y" v="82266.6942"/>
    <tag k="ele" v="0"/>
  </node>
  <node id="885" lat="42.28440720028" lon="-85.61779440017">
    <tag k="local_x" v="13960.9052"/>
    <tag k="local_y" v="82279.3557"/>
    <tag k="ele" v="0"/>
  </node>
  <node id="886" lat="42.28449409975" lon="-85.61778140024">
    <tag k="local_x" v="13961.8204"/>
    <tag k="local_y" v="82289.0222"/>
    <tag k="ele" v="0"/>
  </node>
  <node id="887" lat="42.28455100044" lon="-85.61774509979">
    <tag k="local_x" v="13964.7108"/>
    <tag k="local_y" v="82295.3889"/>
    <tag k="ele" v="0"/>
  </node>
  <node id="888" lat="42.28462069957" lon="-85.61767840054">
    <tag k="local_x" v="13970.0845"/>
    <tag k="local_y" v="82303.2174"/>
    <tag k="ele" v="0"/>
  </node>
  <node id="889" lat="42.28465720024" lon="-85.61757400004">
    <tag k="local_x" v="13978.6265"/>
    <tag k="local_y" v="82307.4101"/>
    <tag k="ele" v="0"/>
  </node>
  <node id="890" lat="42.28467010041" lon="-85.61742170059">
    <tag k="local_x" v="13991.1603"/>
    <tag k="local_y" v="82309.0464"/>
    <tag k="ele" v="0"/>
  </node>
  <node id="891" lat="42.28466580039" lon="-85.61727960023">
    <tag k="local_x" v="14002.8842"/>
    <tag k="local_y" v="82308.7592"/>
    <tag k="ele" v="0"/>
  </node>
  <node id="892" lat="42.28465610023" lon="-85.6171722997">
    <tag k="local_x" v="14011.7486"/>
    <tag k="local_y" v="82307.8258"/>
    <tag k="ele" v="0"/>
  </node>
  <node id="893" lat="42.28462389994" lon="-85.61707370002">
    <tag k="local_x" v="14019.9362"/>
    <tag k="local_y" v="82304.3824"/>
    <tag k="ele" v="0"/>
  </node>
  <node id="894" lat="42.28458209989" lon="-85.61703309947">
    <tag k="local_x" v="14023.3591"/>
    <tag k="local_y" v="82299.7954"/>
    <tag k="ele" v="0"/>
  </node>
  <node id="895" lat="42.28451990037" lon="-85.61700839943">
    <tag k="local_x" v="14025.5078"/>
    <tag k="local_y" v="82292.922"/>
    <tag k="ele" v="0"/>
  </node>
  <node id="896" lat="42.28439220004" lon="-85.61699830028">
    <tag k="local_x" v="14026.5708"/>
    <tag k="local_y" v="82278.756"/>
    <tag k="ele" v="0"/>
  </node>
  <node id="897" lat="42.28427670007" lon="-85.61698819988">
    <tag k="local_x" v="14027.6119"/>
    <tag k="local_y" v="82265.9447"/>
    <tag k="ele" v="0"/>
  </node>
  <node id="898" lat="42.29220869988" lon="-85.61747890037">
    <tag k="local_x" v="13972.851"/>
    <tag k="local_y" v="83146.0376"/>
    <tag k="ele" v="0"/>
  </node>
  <node id="899" lat="42.29218879972" lon="-85.61747899966">
    <tag k="local_x" v="13972.8787"/>
    <tag k="local_y" v="83143.8278"/>
    <tag k="ele" v="0"/>
  </node>
  <node id="900" lat="42.29113700033" lon="-85.61835540042">
    <tag k="local_x" v="13902.5237"/>
    <tag k="local_y" v="83025.8655"/>
    <tag k="ele" v="0"/>
  </node>
  <node id="901" lat="42.29111750001" lon="-85.61856710045">
    <tag k="local_x" v="13885.106"/>
    <tag k="local_y" v="83023.417"/>
    <tag k="ele" v="0"/>
  </node>
  <node id="902" lat="42.29093030017" lon="-85.61853239952">
    <tag k="local_x" v="13888.3041"/>
    <tag k="local_y" v="83002.6772"/>
    <tag k="ele" v="0"/>
  </node>
  <node id="903" lat="42.29111830017" lon="-85.61811340058">
    <tag k="local_x" v="13922.5082"/>
    <tag k="local_y" v="83024.1129"/>
    <tag k="ele" v="0"/>
  </node>
  <node id="904" lat="42.29114230008" lon="-85.61814649977">
    <tag k="local_x" v="13919.7362"/>
    <tag k="local_y" v="83026.7335"/>
    <tag k="ele" v="0"/>
  </node>
  <node id="905" lat="42.29115050025" lon="-85.61819330057">
    <tag k="local_x" v="13915.8631"/>
    <tag k="local_y" v="83027.5814"/>
    <tag k="ele" v="0"/>
  </node>
  <node id="906" lat="42.29096529985" lon="-85.61802769951">
    <tag k="local_x" v="13929.8493"/>
    <tag k="local_y" v="83007.2388"/>
    <tag k="ele" v="0"/>
  </node>
  <node id="907" lat="42.29090120042" lon="-85.61799120025">
    <tag k="local_x" v="13932.9739"/>
    <tag k="local_y" v="83000.1702"/>
    <tag k="ele" v="0"/>
  </node>
  <node id="908" lat="42.29081640014" lon="-85.61794740034">
    <tag k="local_x" v="13936.7377"/>
    <tag k="local_y" v="82990.8128"/>
    <tag k="ele" v="0"/>
  </node>
  <node id="909" lat="42.28914019967" lon="-85.61803260001">
    <tag k="local_x" v="13932.735"/>
    <tag k="local_y" v="82804.5775"/>
    <tag k="ele" v="0"/>
  </node>
  <node id="910" lat="42.28900010003" lon="-85.61765820012">
    <tag k="local_x" v="13963.8546"/>
    <tag k="local_y" v="82789.5223"/>
    <tag k="ele" v="0"/>
  </node>
  <node id="911" lat="42.28967420003" lon="-85.61765890044">
    <tag k="local_x" v="13962.5815"/>
    <tag k="local_y" v="82864.3718"/>
    <tag k="ele" v="0"/>
  </node>
  <node id="912" lat="42.28161960015" lon="-85.62146140032">
    <tag k="local_x" v="13663.572"/>
    <tag k="local_y" v="81964.9259"/>
    <tag k="ele" v="0"/>
  </node>
  <node id="913" lat="42.27977269963" lon="-85.61154869997">
    <tag k="local_x" v="14484.2556"/>
    <tag k="local_y" v="81773.1312"/>
    <tag k="ele" v="0"/>
  </node>
  <node id="915" lat="42.2852278996" lon="-85.62004980005">
    <tag k="local_x" v="13773.4702"/>
    <tag k="local_y" v="82367.4677"/>
    <tag k="ele" v="0"/>
  </node>
  <node id="916" lat="42.28514609998" lon="-85.61667119976">
    <tag k="local_x" v="14052.1802"/>
    <tag k="local_y" v="82362.9053"/>
    <tag k="ele" v="0"/>
  </node>
  <node id="917" lat="42.28109540022" lon="-85.61078589986">
    <tag k="local_x" v="14544.757"/>
    <tag k="local_y" v="81921.0264"/>
    <tag k="ele" v="0"/>
  </node>
  <node id="918" lat="42.28108330007" lon="-85.61088939962">
    <tag k="local_x" v="14536.2449"/>
    <tag k="local_y" v="81919.5436"/>
    <tag k="ele" v="0"/>
  </node>
  <node id="919" lat="42.28082279985" lon="-85.61103229957">
    <tag k="local_x" v="14524.934"/>
    <tag k="local_y" v="81890.4261"/>
    <tag k="ele" v="0"/>
  </node>
  <node id="920" lat="42.28035419992" lon="-85.61144860035">
    <tag k="local_x" v="14491.4565"/>
    <tag k="local_y" v="81837.8341"/>
    <tag k="ele" v="0"/>
  </node>
  <node id="921" lat="42.28025720031" lon="-85.61159809953">
    <tag k="local_x" v="14479.3051"/>
    <tag k="local_y" v="81826.8625"/>
    <tag k="ele" v="0"/>
  </node>
  <node id="922" lat="42.28017759972" lon="-85.61174110023">
    <tag k="local_x" v="14467.658"/>
    <tag k="local_y" v="81817.8316"/>
    <tag k="ele" v="0"/>
  </node>
  <node id="924" lat="42.2817482999" lon="-85.61768370024">
    <tag k="local_x" v="13974.8256"/>
    <tag k="local_y" v="81984.2663"/>
    <tag k="ele" v="0"/>
  </node>
  <node id="925" lat="42.2842379996" lon="-85.61612889983">
    <tag k="local_x" v="14098.5313"/>
    <tag k="local_y" v="82262.7987"/>
    <tag k="ele" v="0"/>
  </node>
  <node id="926" lat="42.28421709974" lon="-85.61618280036">
    <tag k="local_x" v="14094.1249"/>
    <tag k="local_y" v="82260.4058"/>
    <tag k="ele" v="0"/>
  </node>
  <node id="927" lat="42.28446929977" lon="-85.61632710051">
    <tag k="local_x" v="14081.7722"/>
    <tag k="local_y" v="82288.2161"/>
    <tag k="ele" v="0"/>
  </node>
  <node id="928" lat="42.28448340023" lon="-85.61626880043">
    <tag k="local_x" v="14086.5536"/>
    <tag k="local_y" v="82289.8599"/>
    <tag k="ele" v="0"/>
  </node>
  <node id="929" lat="42.28448269978" lon="-85.61620740039">
    <tag k="local_x" v="14091.6173"/>
    <tag k="local_y" v="82289.8644"/>
    <tag k="ele" v="0"/>
  </node>
  <node id="930" lat="42.2844672003" lon="-85.61614969966">
    <tag k="local_x" v="14096.4027"/>
    <tag k="local_y" v="82288.2207"/>
    <tag k="ele" v="0"/>
  </node>
  <node id="931" lat="42.28443859984" lon="-85.61610199949">
    <tag k="local_x" v="14100.3872"/>
    <tag k="local_y" v="82285.1089"/>
    <tag k="ele" v="0"/>
  </node>
  <node id="932" lat="42.28421800004" lon="-85.61630299961">
    <tag k="local_x" v="14084.2128"/>
    <tag k="local_y" v="82260.3447"/>
    <tag k="ele" v="0"/>
  </node>
  <node id="933" lat="42.28421019999" lon="-85.61624299961">
    <tag k="local_x" v="14089.1739"/>
    <tag k="local_y" v="82259.559"/>
    <tag k="ele" v="0"/>
  </node>
  <node id="934" lat="42.28423990002" lon="-85.61635630054">
    <tag k="local_x" v="14079.7786"/>
    <tag k="local_y" v="82262.705"/>
    <tag k="ele" v="0"/>
  </node>
  <node id="935" lat="42.2844419002" lon="-85.6163759997">
    <tag k="local_x" v="14077.7899"/>
    <tag k="local_y" v="82285.1082"/>
    <tag k="ele" v="0"/>
  </node>
  <node id="936" lat="42.2842706998" lon="-85.61608700047">
    <tag k="local_x" v="14101.9269"/>
    <tag k="local_y" v="82266.4858"/>
    <tag k="ele" v="0"/>
  </node>
  <node id="937" lat="42.28431170031" lon="-85.61606170039">
    <tag k="local_x" v="14103.9389"/>
    <tag k="local_y" v="82271.0723"/>
    <tag k="ele" v="0"/>
  </node>
  <node id="938" lat="42.28435660008" lon="-85.61605569995">
    <tag k="local_x" v="14104.3526"/>
    <tag k="local_y" v="82276.0659"/>
    <tag k="ele" v="0"/>
  </node>
  <node id="939" lat="42.28440049992" lon="-85.61606960007">
    <tag k="local_x" v="14103.1273"/>
    <tag k="local_y" v="82280.9218"/>
    <tag k="ele" v="0"/>
  </node>
  <node id="940" lat="42.28440409967" lon="-85.61641019987">
    <tag k="local_x" v="14075.0383"/>
    <tag k="local_y" v="82280.8651"/>
    <tag k="ele" v="0"/>
  </node>
  <node id="941" lat="42.28436030036" lon="-85.61642589942">
    <tag k="local_x" v="14073.8229"/>
    <tag k="local_y" v="82275.9807"/>
    <tag k="ele" v="0"/>
  </node>
  <node id="942" lat="42.2843150001" lon="-85.61642140021">
    <tag k="local_x" v="14074.2756"/>
    <tag k="local_y" v="82270.9567"/>
    <tag k="ele" v="0"/>
  </node>
  <node id="943" lat="42.28535349957" lon="-85.61845649988">
    <tag k="local_x" v="13904.61"/>
    <tag k="local_y" v="82383.5444"/>
    <tag k="ele" v="0"/>
  </node>
  <node id="944" lat="42.28416200022" lon="-85.61602900058">
    <tag k="local_x" v="14106.9052"/>
    <tag k="local_y" v="82254.4938"/>
    <tag k="ele" v="0"/>
  </node>
  <node id="945" lat="42.28417069978" lon="-85.61569459972">
    <tag k="local_x" v="14134.461"/>
    <tag k="local_y" v="82255.908"/>
    <tag k="ele" v="0"/>
  </node>
  <node id="946" lat="42.28357969972" lon="-85.61539940022">
    <tag k="local_x" v="14159.8675"/>
    <tag k="local_y" v="82190.6806"/>
    <tag k="ele" v="0"/>
  </node>
  <node id="947" lat="42.2830074" lon="-85.61502689959">
    <tag k="local_x" v="14191.6143"/>
    <tag k="local_y" v="82127.6334"/>
    <tag k="ele" v="0"/>
  </node>
  <node id="948" lat="42.2829552002" lon="-85.61470570052">
    <tag k="local_x" v="14218.1921"/>
    <tag k="local_y" v="82122.2681"/>
    <tag k="ele" v="0"/>
  </node>
  <node id="949" lat="42.28314069969" lon="-85.6151763001">
    <tag k="local_x" v="14179.0552"/>
    <tag k="local_y" v="82142.2343"/>
    <tag k="ele" v="0"/>
  </node>
  <node id="950" lat="42.28296209959" lon="-85.61489900001">
    <tag k="local_x" v="14202.2417"/>
    <tag k="local_y" v="82122.7749"/>
    <tag k="ele" v="0"/>
  </node>
  <node id="951" lat="42.28076730015" lon="-85.61020249967">
    <tag k="local_x" v="14593.4556"/>
    <tag k="local_y" v="81885.38"/>
    <tag k="ele" v="0"/>
  </node>
  <node id="952" lat="42.28089849967" lon="-85.61895139949">
    <tag k="local_x" v="13871.8297"/>
    <tag k="local_y" v="81888.2105"/>
    <tag k="ele" v="0"/>
  </node>
  <node id="953" lat="42.28207663597" lon="-85.61974634888">
    <tag k="local_x" v="13804.1618"/>
    <tag k="local_y" v="82017.9649"/>
    <tag k="ele" v="0"/>
  </node>
  <node id="954" lat="42.2806601999" lon="-85.61113060059">
    <tag k="local_x" v="14517.1231"/>
    <tag k="local_y" v="81872.2392"/>
    <tag k="ele" v="0"/>
  </node>
  <node id="955" lat="42.2810236001" lon="-85.61094579972">
    <tag k="local_x" v="14531.7026"/>
    <tag k="local_y" v="81912.8388"/>
    <tag k="ele" v="0"/>
  </node>
  <node id="956" lat="42.28105519975" lon="-85.61066440051">
    <tag k="local_x" v="14554.848"/>
    <tag k="local_y" v="81916.7261"/>
    <tag k="ele" v="0"/>
  </node>
  <node id="957" lat="42.28286390011" lon="-85.61189969945">
    <tag k="local_x" v="14449.7179"/>
    <tag k="local_y" v="82115.8984"/>
    <tag k="ele" v="0"/>
  </node>
  <node id="958" lat="42.28310000036" lon="-85.61221499983">
    <tag k="local_x" v="14423.2934"/>
    <tag k="local_y" v="82141.6906"/>
    <tag k="ele" v="0"/>
  </node>
  <node id="959" lat="42.28313179976" lon="-85.6125083002">
    <tag k="local_x" v="14399.0527"/>
    <tag k="local_y" v="82144.8274"/>
    <tag k="ele" v="0"/>
  </node>
  <node id="960" lat="42.28313019994" lon="-85.61285699954">
    <tag k="local_x" v="14370.3047"/>
    <tag k="local_y" v="82144.1813"/>
    <tag k="ele" v="0"/>
  </node>
  <node id="961" lat="42.28327799979" lon="-85.61316919996">
    <tag k="local_x" v="14344.2959"/>
    <tag k="local_y" v="82160.1733"/>
    <tag k="ele" v="0"/>
  </node>
  <node id="962" lat="42.28310290015" lon="-85.61224200046">
    <tag k="local_x" v="14421.0619"/>
    <tag k="local_y" v="82141.9763"/>
    <tag k="ele" v="0"/>
  </node>
  <node id="964" lat="42.28212409984" lon="-85.60908529959">
    <tag k="local_x" v="14683.1132"/>
    <tag k="local_y" v="82037.5398"/>
    <tag k="ele" v="0"/>
  </node>
  <node id="965" lat="42.28215299973" lon="-85.60906359973">
    <tag k="local_x" v="14684.85"/>
    <tag k="local_y" v="82040.778"/>
    <tag k="ele" v="0"/>
  </node>
  <node id="966" lat="42.28258360015" lon="-85.60951579959">
    <tag k="local_x" v="14646.7839"/>
    <tag k="local_y" v="82087.9818"/>
    <tag k="ele" v="0"/>
  </node>
  <node id="967" lat="42.28294229989" lon="-85.61011750013">
    <tag k="local_x" v="14596.522"/>
    <tag k="local_y" v="82127.0009"/>
    <tag k="ele" v="0"/>
  </node>
  <node id="968" lat="42.28302079968" lon="-85.61043249945">
    <tag k="local_x" v="14570.4074"/>
    <tag k="local_y" v="82135.2934"/>
    <tag k="ele" v="0"/>
  </node>
  <node id="969" lat="42.28307580009" lon="-85.61095629979">
    <tag k="local_x" v="14527.1194"/>
    <tag k="local_y" v="82140.6958"/>
    <tag k="ele" v="0"/>
  </node>
  <node id="970" lat="42.28306009977" lon="-85.61129249987">
    <tag k="local_x" v="14499.4275"/>
    <tag k="local_y" v="82138.5003"/>
    <tag k="ele" v="0"/>
  </node>
  <node id="971" lat="42.28303649975" lon="-85.61150490044">
    <tag k="local_x" v="14481.9574"/>
    <tag k="local_y" v="82135.5942"/>
    <tag k="ele" v="0"/>
  </node>
  <node id="972" lat="42.28293439999" lon="-85.61181990011">
    <tag k="local_x" v="14456.1699"/>
    <tag k="local_y" v="82123.8338"/>
    <tag k="ele" v="0"/>
  </node>
  <node id="973" lat="42.28264380041" lon="-85.61214899985">
    <tag k="local_x" v="14429.5609"/>
    <tag k="local_y" v="82091.124"/>
    <tag k="ele" v="0"/>
  </node>
  <node id="974" lat="42.28232369996" lon="-85.61252060057">
    <tag k="local_x" v="14399.5007"/>
    <tag k="local_y" v="82055.0815"/>
    <tag k="ele" v="0"/>
  </node>
  <node id="975" lat="42.28215350037" lon="-85.61264799978">
    <tag k="local_x" v="14389.3042"/>
    <tag k="local_y" v="82036.0118"/>
    <tag k="ele" v="0"/>
  </node>
  <node id="976" lat="42.2818863997" lon="-85.61271880028">
    <tag k="local_x" v="14383.9497"/>
    <tag k="local_y" v="82006.2585"/>
    <tag k="ele" v="0"/>
  </node>
  <node id="977" lat="42.28139210005" lon="-85.61274710023">
    <tag k="local_x" v="14382.5105"/>
    <tag k="local_y" v="81951.3347"/>
    <tag k="ele" v="0"/>
  </node>
  <node id="978" lat="42.2809455" lon="-85.61278340052">
    <tag k="local_x" v="14380.3253"/>
    <tag k="local_y" v="81901.6966"/>
    <tag k="ele" v="0"/>
  </node>
  <node id="979" lat="42.28002709979" lon="-85.61269570003">
    <tag k="local_x" v="14389.2181"/>
    <tag k="local_y" v="81799.8376"/>
    <tag k="ele" v="0"/>
  </node>
  <node id="980" lat="42.28013370032" lon="-85.61274039978">
    <tag k="local_x" v="14385.3395"/>
    <tag k="local_y" v="81811.6142"/>
    <tag k="ele" v="0"/>
  </node>
  <node id="981" lat="42.28026079997" lon="-85.61279230012">
    <tag k="local_x" v="14380.8301"/>
    <tag k="local_y" v="81825.6573"/>
    <tag k="ele" v="0"/>
  </node>
  <node id="982" lat="42.28042400013" lon="-85.61282529949">
    <tag k="local_x" v="14377.8139"/>
    <tag k="local_y" v="81843.7343"/>
    <tag k="ele" v="0"/>
  </node>
  <node id="983" lat="42.28004930042" lon="-85.61201440004">
    <tag k="local_x" v="14445.3551"/>
    <tag k="local_y" v="81803.2182"/>
    <tag k="ele" v="0"/>
  </node>
  <node id="984" lat="42.28064460009" lon="-85.61280420009">
    <tag k="local_x" v="14379.1546"/>
    <tag k="local_y" v="81868.2575"/>
    <tag k="ele" v="0"/>
  </node>
  <node id="985" lat="42.28062739963" lon="-85.61269179968">
    <tag k="local_x" v="14388.4537"/>
    <tag k="local_y" v="81866.4986"/>
    <tag k="ele" v="0"/>
  </node>
  <node id="986" lat="42.28063189966" lon="-85.61260029966">
    <tag k="local_x" v="14395.9902"/>
    <tag k="local_y" v="81867.1212"/>
    <tag k="ele" v="0"/>
  </node>
  <node id="987" lat="42.28070279984" lon="-85.61255540031">
    <tag k="local_x" v="14399.5641"/>
    <tag k="local_y" v="81875.0541"/>
    <tag k="ele" v="0"/>
  </node>
  <node id="988" lat="42.28082460026" lon="-85.61254320001">
    <tag k="local_x" v="14400.3497"/>
    <tag k="local_y" v="81888.5949"/>
    <tag k="ele" v="0"/>
  </node>
  <node id="989" lat="42.28064869971" lon="-85.61256779959">
    <tag k="local_x" v="14398.6396"/>
    <tag k="local_y" v="81869.0303"/>
    <tag k="ele" v="0"/>
  </node>
  <node id="990" lat="42.28062439978" lon="-85.61264609998">
    <tag k="local_x" v="14392.2273"/>
    <tag k="local_y" v="81866.2269"/>
    <tag k="ele" v="0"/>
  </node>
  <node id="991" lat="42.28067560036" lon="-85.61255929955">
    <tag k="local_x" v="14399.2918"/>
    <tag k="local_y" v="81872.0287"/>
    <tag k="ele" v="0"/>
  </node>
  <node id="992" lat="42.28223289965" lon="-85.61258860046">
    <tag k="local_x" v="14394.0582"/>
    <tag k="local_y" v="82044.9079"/>
    <tag k="ele" v="0"/>
  </node>
  <node id="993" lat="42.28056069999" lon="-85.61281220047">
    <tag k="local_x" v="14378.6467"/>
    <tag k="local_y" v="81858.9307"/>
    <tag k="ele" v="0"/>
  </node>
  <node id="994" lat="42.28238679987" lon="-85.60930919973">
    <tag k="local_x" v="14664.1755"/>
    <tag k="local_y" v="82066.4078"/>
    <tag k="ele" v="0"/>
  </node>
  <node id="995" lat="42.28221190042" lon="-85.60912379958">
    <tag k="local_x" v="14679.7795"/>
    <tag k="local_y" v="82047.2371"/>
    <tag k="ele" v="0"/>
  </node>
  <node id="996" lat="42.28226889998" lon="-85.60917710043">
    <tag k="local_x" v="14675.2813"/>
    <tag k="local_y" v="82053.4944"/>
    <tag k="ele" v="0"/>
  </node>
  <node id="997" lat="42.28299649958" lon="-85.61168220034">
    <tag k="local_x" v="14467.4111"/>
    <tag k="local_y" v="82130.9143"/>
    <tag k="ele" v="0"/>
  </node>
  <node id="998" lat="42.28117237918" lon="-85.61413016446">
    <tag k="local_x" v="14268.8683"/>
    <tag k="local_y" v="81925.0804"/>
    <tag k="ele" v="0"/>
  </node>
  <node id="1005" lat="42.28071067914" lon="-85.61412696403">
    <tag k="local_x" v="14269.9666"/>
    <tag k="local_y" v="81873.8187"/>
    <tag k="ele" v="0"/>
  </node>
  <node id="1006" lat="42.28049670009" lon="-85.61128659941">
    <tag k="local_x" v="14504.5563"/>
    <tag k="local_y" v="81853.8748"/>
    <tag k="ele" v="0"/>
  </node>
  <node id="1007" lat="42.28294069974" lon="-85.61199860024">
    <tag k="local_x" v="14441.4243"/>
    <tag k="local_y" v="82124.2931"/>
    <tag k="ele" v="0"/>
  </node>
  <node id="1008" lat="42.28119249981" lon="-85.6097309003">
    <tag k="local_x" v="14631.5704"/>
    <tag k="local_y" v="81933.2279"/>
    <tag k="ele" v="0"/>
  </node>
  <node id="1009" lat="42.27985739991" lon="-85.61256049961">
    <tag k="local_x" v="14400.6732"/>
    <tag k="local_y" v="81781.1762"/>
    <tag k="ele" v="0"/>
  </node>
  <node id="1010" lat="42.28158169984" lon="-85.61274180029">
    <tag k="local_x" v="14382.6045"/>
    <tag k="local_y" v="81972.3945"/>
    <tag k="ele" v="0"/>
  </node>
  <node id="1011" lat="42.2830650004" lon="-85.61084339959">
    <tag k="local_x" v="14536.4478"/>
    <tag k="local_y" v="82139.6485"/>
    <tag k="ele" v="0"/>
  </node>
  <node id="1012" lat="42.28427479987" lon="-85.61675280025">
    <tag k="local_x" v="14047.0241"/>
    <tag k="local_y" v="82266.049"/>
    <tag k="ele" v="0"/>
  </node>
  <node id="1013" lat="42.2840261004" lon="-85.61670989991">
    <tag k="local_x" v="14051.0099"/>
    <tag k="local_y" v="82238.4915"/>
    <tag k="ele" v="0"/>
  </node>
  <node id="1014" lat="42.28400030003" lon="-85.61672460014">
    <tag k="local_x" v="14049.8444"/>
    <tag k="local_y" v="82235.607"/>
    <tag k="ele" v="0"/>
  </node>
  <node id="1015" lat="42.28393279961" lon="-85.61695269955">
    <tag k="local_x" v="14031.1592"/>
    <tag k="local_y" v="82227.8064"/>
    <tag k="ele" v="0"/>
  </node>
  <node id="1016" lat="42.27947700002" lon="-85.61231919979">
    <tag k="local_x" v="14421.2582"/>
    <tag k="local_y" v="81739.2618"/>
    <tag k="ele" v="0"/>
  </node>
  <node id="1020" lat="42.28237180011" lon="-85.60886520041">
    <tag k="local_x" v="14700.8117"/>
    <tag k="local_y" v="82065.3403"/>
    <tag k="ele" v="0"/>
  </node>
  <node id="1021" lat="42.28271409986" lon="-85.61231409961">
    <tag k="local_x" v="14415.8208"/>
    <tag k="local_y" v="82098.708"/>
    <tag k="ele" v="0"/>
  </node>
  <node id="1022" lat="42.28261540023" lon="-85.61247189975">
    <tag k="local_x" v="14402.9884"/>
    <tag k="local_y" v="82087.5366"/>
    <tag k="ele" v="0"/>
  </node>
  <node id="1023" lat="42.28248020021" lon="-85.61256890014">
    <tag k="local_x" v="14395.2351"/>
    <tag k="local_y" v="82072.394"/>
    <tag k="ele" v="0"/>
  </node>
  <node id="1024" lat="42.28238350004" lon="-85.61245119962">
    <tag k="local_x" v="14405.1148"/>
    <tag k="local_y" v="82061.8148"/>
    <tag k="ele" v="0"/>
  </node>
  <node id="1025" lat="42.2826944002" lon="-85.61237139995">
    <tag k="local_x" v="14411.1319"/>
    <tag k="local_y" v="82096.4436"/>
    <tag k="ele" v="0"/>
  </node>
  <node id="1026" lat="42.28270940025" lon="-85.61226019946">
    <tag k="local_x" v="14420.2735"/>
    <tag k="local_y" v="82098.2586"/>
    <tag k="ele" v="0"/>
  </node>
  <node id="1027" lat="42.28243220013" lon="-85.61254209992">
    <tag k="local_x" v="14397.5317"/>
    <tag k="local_y" v="82067.1002"/>
    <tag k="ele" v="0"/>
  </node>
  <node id="1028" lat="42.28253299956" lon="-85.6125500004">
    <tag k="local_x" v="14396.6979"/>
    <tag k="local_y" v="82078.2821"/>
    <tag k="ele" v="0"/>
  </node>
  <node id="1029" lat="42.28830266461" lon="-85.61883777146">
    <tag k="local_x" v="13867.8622"/>
    <tag k="local_y" v="82710.5024"/>
    <tag k="ele" v="0"/>
  </node>
  <node id="1030" lat="42.29097519978" lon="-85.61493640048">
    <tag k="local_x" v="14184.683"/>
    <tag k="local_y" v="83012.4798"/>
    <tag k="ele" v="0"/>
  </node>
  <node id="1031" lat="42.29092469985" lon="-85.6150173005">
    <tag k="local_x" v="14178.1047"/>
    <tag k="local_y" v="83006.7639"/>
    <tag k="ele" v="0"/>
  </node>
  <node id="1032" lat="42.29087640043" lon="-85.61504440026">
    <tag k="local_x" v="14175.9578"/>
    <tag k="local_y" v="83001.3645"/>
    <tag k="ele" v="0"/>
  </node>
  <node id="1033" lat="42.29077620038" lon="-85.61500520052">
    <tag k="local_x" v="14179.3705"/>
    <tag k="local_y" v="82990.2911"/>
    <tag k="ele" v="0"/>
  </node>
  <node id="1034" lat="42.29074509967" lon="-85.61494439989">
    <tag k="local_x" v="14184.4392"/>
    <tag k="local_y" v="82986.9193"/>
    <tag k="ele" v="0"/>
  </node>
  <node id="1035" lat="42.29073399969" lon="-85.61481779984">
    <tag k="local_x" v="14194.8964"/>
    <tag k="local_y" v="82985.8566"/>
    <tag k="ele" v="0"/>
  </node>
  <node id="1036" lat="42.28941989992" lon="-85.61441849963">
    <tag k="local_x" v="14230.1903"/>
    <tag k="local_y" v="82840.4778"/>
    <tag k="ele" v="0"/>
  </node>
  <node id="1037" lat="42.28946339985" lon="-85.61453679983">
    <tag k="local_x" v="14220.3586"/>
    <tag k="local_y" v="82845.1492"/>
    <tag k="ele" v="0"/>
  </node>
  <node id="1038" lat="42.28954579972" lon="-85.61457480044">
    <tag k="local_x" v="14217.0768"/>
    <tag k="local_y" v="82854.2477"/>
    <tag k="ele" v="0"/>
  </node>
  <node id="1039" lat="42.28961540019" lon="-85.61455919984">
    <tag k="local_x" v="14218.2372"/>
    <tag k="local_y" v="82861.9969"/>
    <tag k="ele" v="0"/>
  </node>
  <node id="1040" lat="42.28965260038" lon="-85.61449779981">
    <tag k="local_x" v="14223.232"/>
    <tag k="local_y" v="82866.2099"/>
    <tag k="ele" v="0"/>
  </node>
  <node id="1041" lat="42.28967219998" lon="-85.6144217">
    <tag k="local_x" v="14229.4705"/>
    <tag k="local_y" v="82868.4883"/>
    <tag k="ele" v="0"/>
  </node>
  <node id="1042" lat="42.28943370043" lon="-85.61448660026">
    <tag k="local_x" v="14224.5509"/>
    <tag k="local_y" v="82841.9188"/>
    <tag k="ele" v="0"/>
  </node>
  <node id="1043" lat="42.28306700014" lon="-85.61086409987">
    <tag k="local_x" v="14534.7374"/>
    <tag k="local_y" v="82139.8427"/>
    <tag k="ele" v="0"/>
  </node>
  <node id="1044" lat="42.28486918787" lon="-85.61032916456">
    <tag k="local_x" v="14575.5777"/>
    <tag k="local_y" v="82340.6729"/>
    <tag k="ele" v="0"/>
  </node>
  <node id="1045" lat="42.28191089253" lon="-85.62063244146">
    <tag k="local_x" v="13731.3988"/>
    <tag k="local_y" v="81998.3772"/>
    <tag k="ele" v="0"/>
  </node>
  <node id="1046" lat="42.28199297089" lon="-85.6203453438">
    <tag k="local_x" v="13754.9233"/>
    <tag k="local_y" v="82007.8745"/>
    <tag k="ele" v="0"/>
  </node>
  <node id="1047" lat="42.28208575741" lon="-85.62008809422">
    <tag k="local_x" v="13775.9674"/>
    <tag k="local_y" v="82018.521"/>
    <tag k="ele" v="0"/>
  </node>
  <node id="1048" lat="42.28211704757" lon="-85.61998892626">
    <tag k="local_x" v="13784.0878"/>
    <tag k="local_y" v="82022.1279"/>
    <tag k="ele" v="0"/>
  </node>
  <node id="1049" lat="42.28213812602" lon="-85.61984174155">
    <tag k="local_x" v="13796.1857"/>
    <tag k="local_y" v="82024.6651"/>
    <tag k="ele" v="0"/>
  </node>
  <node id="1050" lat="42.28213572825" lon="-85.61978858788">
    <tag k="local_x" v="13800.5727"/>
    <tag k="local_y" v="82024.4699"/>
    <tag k="ele" v="0"/>
    <tag k="highway" v="give_way"/>
  </node>
  <node id="1051" lat="42.28213443362" lon="-85.6197594444">
    <tag k="local_x" v="13802.978"/>
    <tag k="local_y" v="82024.3651"/>
    <tag k="ele" v="0"/>
  </node>
  <node id="1052" lat="42.28188215551" lon="-85.6206173298">
    <tag k="local_x" v="13732.6965"/>
    <tag k="local_y" v="81995.2065"/>
    <tag k="ele" v="0"/>
  </node>
  <node id="1053" lat="42.28196440609" lon="-85.62033100105">
    <tag k="local_x" v="13756.1573"/>
    <tag k="local_y" v="82004.7219"/>
    <tag k="ele" v="0"/>
  </node>
  <node id="1054" lat="42.28204961132" lon="-85.62009866925">
    <tag k="local_x" v="13775.1605"/>
    <tag k="local_y" v="82014.4933"/>
    <tag k="ele" v="0"/>
  </node>
  <node id="1055" lat="42.28208980466" lon="-85.61997748979">
    <tag k="local_x" v="13785.0798"/>
    <tag k="local_y" v="82019.1182"/>
    <tag k="ele" v="0"/>
  </node>
  <node id="1056" lat="42.28210764576" lon="-85.61983160318">
    <tag k="local_x" v="13797.0765"/>
    <tag k="local_y" v="82021.2942"/>
    <tag k="ele" v="0"/>
  </node>
  <node id="1057" lat="42.28210514704" lon="-85.61978046258">
    <tag k="local_x" v="13801.2977"/>
    <tag k="local_y" v="82021.0851"/>
    <tag k="ele" v="0"/>
    <tag k="highway" v="give_way"/>
  </node>
  <node id="1058" lat="42.28210270446" lon="-85.61974154467">
    <tag k="local_x" v="13804.511"/>
    <tag k="local_y" v="82020.8659"/>
    <tag k="ele" v="0"/>
  </node>
  <node id="1059" lat="42.28209750844" lon="-85.61968763833">
    <tag k="local_x" v="13808.9651"/>
    <tag k="local_y" v="82020.361"/>
    <tag k="ele" v="0"/>
  </node>
  <node id="1060" lat="42.28209315921" lon="-85.61965881503">
    <tag k="local_x" v="13811.3495"/>
    <tag k="local_y" v="82019.9166"/>
    <tag k="ele" v="0"/>
  </node>
  <node id="1061" lat="42.28233817133" lon="-85.61962000324">
    <tag k="local_x" v="13814.1086"/>
    <tag k="local_y" v="82047.174"/>
    <tag k="ele" v="0"/>
  </node>
  <node id="1062" lat="42.28231125909" lon="-85.61965459083">
    <tag k="local_x" v="13811.3052"/>
    <tag k="local_y" v="82044.1395"/>
    <tag k="ele" v="0"/>
  </node>
  <node id="1063" lat="42.28225073201" lon="-85.61969568401">
    <tag k="local_x" v="13808.0259"/>
    <tag k="local_y" v="82037.3638"/>
    <tag k="ele" v="0"/>
  </node>
  <node id="1064" lat="42.2822193403" lon="-85.61970125332">
    <tag k="local_x" v="13807.6232"/>
    <tag k="local_y" v="82033.8707"/>
    <tag k="ele" v="0"/>
  </node>
  <node id="1065" lat="42.28219076696" lon="-85.61970214271">
    <tag k="local_x" v="13807.6013"/>
    <tag k="local_y" v="82030.6968"/>
    <tag k="ele" v="0"/>
  </node>
  <node id="1066" lat="42.28215824563" lon="-85.61969512101">
    <tag k="local_x" v="13808.2388"/>
    <tag k="local_y" v="82027.0951"/>
    <tag k="ele" v="0"/>
  </node>
  <node id="1067" lat="42.28213145765" lon="-85.61968085495">
    <tag k="local_x" v="13809.4633"/>
    <tag k="local_y" v="82024.1397"/>
    <tag k="ele" v="0"/>
  </node>
  <node id="1068" lat="42.28210617399" lon="-85.61965576812">
    <tag k="local_x" v="13811.5773"/>
    <tag k="local_y" v="82021.3658"/>
    <tag k="ele" v="0"/>
  </node>
  <node id="1069" lat="42.28208627813" lon="-85.61962555599">
    <tag k="local_x" v="13814.1042"/>
    <tag k="local_y" v="82019.197"/>
    <tag k="ele" v="0"/>
  </node>
  <node id="1070" lat="42.28206052265" lon="-85.61958244865">
    <tag k="local_x" v="13817.7049"/>
    <tag k="local_y" v="82016.3948"/>
    <tag k="ele" v="0"/>
  </node>
  <node id="1071" lat="42.2820515301" lon="-85.6195540894">
    <tag k="local_x" v="13820.0594"/>
    <tag k="local_y" v="82015.4342"/>
    <tag k="ele" v="0"/>
  </node>
  <node id="1072" lat="42.28204493385" lon="-85.61951703777">
    <tag k="local_x" v="13823.1263"/>
    <tag k="local_y" v="82014.7513"/>
    <tag k="ele" v="0"/>
  </node>
  <node id="1073" lat="42.28204150556" lon="-85.61948197876">
    <tag k="local_x" v="13826.0232"/>
    <tag k="local_y" v="82014.4175"/>
    <tag k="ele" v="0"/>
  </node>
  <node id="1074" lat="42.28204189687" lon="-85.61945067489">
    <tag k="local_x" v="13828.6036"/>
    <tag k="local_y" v="82014.5028"/>
    <tag k="ele" v="0"/>
  </node>
  <node id="1075" lat="42.28204639338" lon="-85.61941744883">
    <tag k="local_x" v="13831.3351"/>
    <tag k="local_y" v="82015.0465"/>
    <tag k="ele" v="0"/>
  </node>
  <node id="1076" lat="42.28206208146" lon="-85.61936566255">
    <tag k="local_x" v="13835.5768"/>
    <tag k="local_y" v="82016.8577"/>
    <tag k="ele" v="0"/>
  </node>
  <node id="1077" lat="42.28207505031" lon="-85.6193386078">
    <tag k="local_x" v="13837.7842"/>
    <tag k="local_y" v="82018.3339"/>
    <tag k="ele" v="0"/>
  </node>
  <node id="1079" lat="42.28212535485" lon="-85.61928190559">
    <tag k="local_x" v="13842.3689"/>
    <tag k="local_y" v="82023.9954"/>
    <tag k="ele" v="0"/>
  </node>
  <node id="1080" lat="42.28215642679" lon="-85.61926361825">
    <tag k="local_x" v="13843.8208"/>
    <tag k="local_y" v="82027.47"/>
    <tag k="ele" v="0"/>
  </node>
  <node id="1081" lat="42.28219408294" lon="-85.61925549843">
    <tag k="local_x" v="13844.4225"/>
    <tag k="local_y" v="82031.6621"/>
    <tag k="ele" v="0"/>
  </node>
  <node id="1082" lat="42.28221791261" lon="-85.61925556261">
    <tag k="local_x" v="13844.3743"/>
    <tag k="local_y" v="82034.308"/>
    <tag k="ele" v="0"/>
  </node>
  <node id="1083" lat="42.28225390426" lon="-85.61926604851">
    <tag k="local_x" v="13843.4449"/>
    <tag k="local_y" v="82038.2904"/>
    <tag k="ele" v="0"/>
  </node>
  <node id="1084" lat="42.28227748477" lon="-85.61927975016">
    <tag k="local_x" v="13842.2727"/>
    <tag k="local_y" v="82040.8904"/>
    <tag k="ele" v="0"/>
  </node>
  <node id="1085" lat="42.28231301137" lon="-85.61931032801">
    <tag k="local_x" v="13839.6875"/>
    <tag k="local_y" v="82044.7943"/>
    <tag k="ele" v="0"/>
  </node>
  <node id="1086" lat="42.28232950731" lon="-85.61932758028">
    <tag k="local_x" v="13838.2353"/>
    <tag k="local_y" v="82046.6029"/>
    <tag k="ele" v="0"/>
  </node>
  <node id="1087" lat="42.28235066232" lon="-85.61936864146">
    <tag k="local_x" v="13834.8116"/>
    <tag k="local_y" v="82048.897"/>
    <tag k="ele" v="0"/>
  </node>
  <node id="1088" lat="42.28236467387" lon="-85.61940821407">
    <tag k="local_x" v="13831.5235"/>
    <tag k="local_y" v="82050.3999"/>
    <tag k="ele" v="0"/>
  </node>
  <node id="1089" lat="42.28237173409" lon="-85.61944482762">
    <tag k="local_x" v="13828.4919"/>
    <tag k="local_y" v="82051.1349"/>
    <tag k="ele" v="0"/>
  </node>
  <node id="1090" lat="42.2823742405" lon="-85.61948597223">
    <tag k="local_x" v="13825.0949"/>
    <tag k="local_y" v="82051.3582"/>
    <tag k="ele" v="0"/>
  </node>
  <node id="1091" lat="42.28237065102" lon="-85.61951038332">
    <tag k="local_x" v="13823.0886"/>
    <tag k="local_y" v="82050.927"/>
    <tag k="ele" v="0"/>
  </node>
  <node id="1092" lat="42.28236844091" lon="-85.61952990332">
    <tag k="local_x" v="13821.4831"/>
    <tag k="local_y" v="82050.6555"/>
    <tag k="ele" v="0"/>
  </node>
  <node id="1093" lat="42.28236340309" lon="-85.61955198104">
    <tag k="local_x" v="13819.6718"/>
    <tag k="local_y" v="82050.0666"/>
    <tag k="ele" v="0"/>
  </node>
  <node id="1094" lat="42.28235272512" lon="-85.61958889455">
    <tag k="local_x" v="13816.6474"/>
    <tag k="local_y" v="82048.8316"/>
    <tag k="ele" v="0"/>
  </node>
  <node id="1095" lat="42.28231510702" lon="-85.61958903062">
    <tag k="local_x" v="13816.7039"/>
    <tag k="local_y" v="82044.6544"/>
    <tag k="ele" v="0"/>
  </node>
  <node id="1096" lat="42.28228938203" lon="-85.61962229336">
    <tag k="local_x" v="13814.0076"/>
    <tag k="local_y" v="82041.7535"/>
    <tag k="ele" v="0"/>
  </node>
  <node id="1097" lat="42.282243715" lon="-85.61965591989">
    <tag k="local_x" v="13811.3172"/>
    <tag k="local_y" v="82036.6378"/>
    <tag k="ele" v="0"/>
  </node>
  <node id="1098" lat="42.28221692076" lon="-85.61966051078">
    <tag k="local_x" v="13810.9869"/>
    <tag k="local_y" v="82033.6565"/>
    <tag k="ele" v="0"/>
  </node>
  <node id="1099" lat="42.28219302223" lon="-85.61966138424">
    <tag k="local_x" v="13810.9579"/>
    <tag k="local_y" v="82031.0017"/>
    <tag k="ele" v="0"/>
  </node>
  <node id="1100" lat="42.28216606201" lon="-85.6196556286">
    <tag k="local_x" v="13811.481"/>
    <tag k="local_y" v="82028.0158"/>
    <tag k="ele" v="0"/>
  </node>
  <node id="1101" lat="42.2821112983" lon="-85.61960608748">
    <tag k="local_x" v="13815.6644"/>
    <tag k="local_y" v="82022.0012"/>
    <tag k="ele" v="0"/>
  </node>
  <node id="1102" lat="42.28209439238" lon="-85.61957415095">
    <tag k="local_x" v="13818.3281"/>
    <tag k="local_y" v="82020.1667"/>
    <tag k="ele" v="0"/>
  </node>
  <node id="1103" lat="42.28207813517" lon="-85.61953603072">
    <tag k="local_x" v="13821.5005"/>
    <tag k="local_y" v="82018.4125"/>
    <tag k="ele" v="0"/>
  </node>
  <node id="1104" lat="42.2820745175" lon="-85.61950790703">
    <tag k="local_x" v="13823.8259"/>
    <tag k="local_y" v="82018.0484"/>
    <tag k="ele" v="0"/>
  </node>
  <node id="1105" lat="42.28207179839" lon="-85.61947946416">
    <tag k="local_x" v="13826.176"/>
    <tag k="local_y" v="82017.7845"/>
    <tag k="ele" v="0"/>
  </node>
  <node id="1106" lat="42.28207209071" lon="-85.61945482319">
    <tag k="local_x" v="13828.2072"/>
    <tag k="local_y" v="82017.8499"/>
    <tag k="ele" v="0"/>
  </node>
  <node id="1107" lat="42.282075302" lon="-85.61942989533">
    <tag k="local_x" v="13830.2568"/>
    <tag k="local_y" v="82018.2398"/>
    <tag k="ele" v="0"/>
  </node>
  <node id="1108" lat="42.28208934093" lon="-85.61938363057">
    <tag k="local_x" v="13834.0462"/>
    <tag k="local_y" v="82019.8605"/>
    <tag k="ele" v="0"/>
  </node>
  <node id="1109" lat="42.28209838957" lon="-85.61936473509">
    <tag k="local_x" v="13835.5879"/>
    <tag k="local_y" v="82020.8905"/>
    <tag k="ele" v="0"/>
  </node>
  <node id="1110" lat="42.28212339337" lon="-85.61933119581">
    <tag k="local_x" v="13838.3083"/>
    <tag k="local_y" v="82023.7117"/>
    <tag k="ele" v="0"/>
  </node>
  <node id="1111" lat="42.28216507954" lon="-85.61930279351">
    <tag k="local_x" v="13840.5751"/>
    <tag k="local_y" v="82028.3784"/>
    <tag k="ele" v="0"/>
  </node>
  <node id="1112" lat="42.2821970215" lon="-85.61929617746">
    <tag k="local_x" v="13841.0631"/>
    <tag k="local_y" v="82031.934"/>
    <tag k="ele" v="0"/>
  </node>
  <node id="1113" lat="42.28221397147" lon="-85.61929608869">
    <tag k="local_x" v="13841.0399"/>
    <tag k="local_y" v="82033.8162"/>
    <tag k="ele" v="0"/>
  </node>
  <node id="1114" lat="42.28224514344" lon="-85.61930518082">
    <tag k="local_x" v="13840.2341"/>
    <tag k="local_y" v="82037.2653"/>
    <tag k="ele" v="0"/>
  </node>
  <node id="1115" lat="42.28226270534" lon="-85.61931544824">
    <tag k="local_x" v="13839.3559"/>
    <tag k="local_y" v="82039.2016"/>
    <tag k="ele" v="0"/>
  </node>
  <node id="1116" lat="42.28229491724" lon="-85.61934314286">
    <tag k="local_x" v="13837.0144"/>
    <tag k="local_y" v="82042.7413"/>
    <tag k="ele" v="0"/>
  </node>
  <node id="1117" lat="42.28230992046" lon="-85.61936178123">
    <tag k="local_x" v="13835.4506"/>
    <tag k="local_y" v="82044.3823"/>
    <tag k="ele" v="0"/>
  </node>
  <node id="1118" lat="42.28232444685" lon="-85.61938951036">
    <tag k="local_x" v="13833.1381"/>
    <tag k="local_y" v="82045.9582"/>
    <tag k="ele" v="0"/>
  </node>
  <node id="1119" lat="42.28233623616" lon="-85.61942276178">
    <tag k="local_x" v="13830.3752"/>
    <tag k="local_y" v="82047.2228"/>
    <tag k="ele" v="0"/>
  </node>
  <node id="1120" lat="42.2823417956" lon="-85.61945178918">
    <tag k="local_x" v="13827.9718"/>
    <tag k="local_y" v="82047.8013"/>
    <tag k="ele" v="0"/>
  </node>
  <node id="1121" lat="42.28234390083" lon="-85.61948534424">
    <tag k="local_x" v="13825.2013"/>
    <tag k="local_y" v="82047.9902"/>
    <tag k="ele" v="0"/>
  </node>
  <node id="1122" lat="42.28234077203" lon="-85.61950351139">
    <tag k="local_x" v="13823.709"/>
    <tag k="local_y" v="82047.6185"/>
    <tag k="ele" v="0"/>
  </node>
  <node id="1123" lat="42.28233889678" lon="-85.61952084829">
    <tag k="local_x" v="13822.2829"/>
    <tag k="local_y" v="82047.3871"/>
    <tag k="ele" v="0"/>
  </node>
  <node id="1124" lat="42.28233483999" lon="-85.61953846082">
    <tag k="local_x" v="13820.838"/>
    <tag k="local_y" v="82046.9131"/>
    <tag k="ele" v="0"/>
  </node>
  <node id="1125" lat="42.28232605755" lon="-85.6195696703">
    <tag k="local_x" v="13818.2805"/>
    <tag k="local_y" v="82045.8962"/>
    <tag k="ele" v="0"/>
  </node>
  <node id="1126" lat="42.28202205471" lon="-85.61961545341">
    <tag k="local_x" v="13815.0528"/>
    <tag k="local_y" v="82012.0793"/>
    <tag k="ele" v="0"/>
  </node>
  <node id="1127" lat="42.28195228387" lon="-85.61959422561">
    <tag k="local_x" v="13816.9287"/>
    <tag k="local_y" v="82004.3605"/>
    <tag k="ele" v="0"/>
  </node>
  <node id="1128" lat="42.2819239296" lon="-85.61958555819">
    <tag k="local_x" v="13817.6944"/>
    <tag k="local_y" v="82001.2237"/>
    <tag k="ele" v="0"/>
  </node>
  <node id="1129" lat="42.28190329872" lon="-85.61957942429">
    <tag k="local_x" v="13818.2373"/>
    <tag k="local_y" v="81998.9411"/>
    <tag k="ele" v="0"/>
  </node>
  <node id="1130" lat="42.28186195566" lon="-85.61956713523">
    <tag k="local_x" v="13819.325"/>
    <tag k="local_y" v="81994.3669"/>
    <tag k="ele" v="0"/>
  </node>
  <node id="1131" lat="42.28183536472" lon="-85.61956063422">
    <tag k="local_x" v="13819.9089"/>
    <tag k="local_y" v="81991.423"/>
    <tag k="ele" v="0"/>
  </node>
  <node id="1132" lat="42.28180991355" lon="-85.61955799172">
    <tag k="local_x" v="13820.1726"/>
    <tag k="local_y" v="81988.6005"/>
    <tag k="ele" v="0"/>
  </node>
  <node id="1133" lat="42.28179018347" lon="-85.61955905557">
    <tag k="local_x" v="13820.1204"/>
    <tag k="local_y" v="81986.4083"/>
    <tag k="ele" v="0"/>
  </node>
  <node id="1134" lat="42.28181502083" lon="-85.61934099437">
    <tag k="local_x" v="13838.0556"/>
    <tag k="local_y" v="81989.4577"/>
    <tag k="ele" v="0"/>
  </node>
  <node id="1135" lat="42.28185402125" lon="-85.61933052883">
    <tag k="local_x" v="13838.8483"/>
    <tag k="local_y" v="81993.8022"/>
    <tag k="ele" v="0"/>
  </node>
  <node id="1136" lat="42.28189452069" lon="-85.61932361318">
    <tag k="local_x" v="13839.3456"/>
    <tag k="local_y" v="81998.3084"/>
    <tag k="ele" v="0"/>
  </node>
  <node id="1137" lat="42.28191740913" lon="-85.61931566552">
    <tag k="local_x" v="13839.9597"/>
    <tag k="local_y" v="82000.8605"/>
    <tag k="ele" v="0"/>
  </node>
  <node id="1138" lat="42.28195281031" lon="-85.61929543904">
    <tag k="local_x" v="13841.5637"/>
    <tag k="local_y" v="82004.8184"/>
    <tag k="ele" v="0"/>
    <tag k="highway" v="give_way"/>
  </node>
  <node id="1139" lat="42.28204928192" lon="-85.61927042968">
    <tag k="local_x" v="13843.4521"/>
    <tag k="local_y" v="82015.5638"/>
    <tag k="ele" v="0"/>
  </node>
  <node id="1140" lat="42.2823851884" lon="-85.61930587992">
    <tag k="local_x" v="13839.9243"/>
    <tag k="local_y" v="82052.8146"/>
    <tag k="ele" v="0"/>
  </node>
  <node id="1141" lat="42.28244294402" lon="-85.61933769462">
    <tag k="local_x" v="13837.1971"/>
    <tag k="local_y" v="82059.1851"/>
    <tag k="ele" v="0"/>
  </node>
  <node id="1142" lat="42.28250237536" lon="-85.61937554537">
    <tag k="local_x" v="13833.9692"/>
    <tag k="local_y" v="82065.7336"/>
    <tag k="ele" v="0"/>
  </node>
  <node id="1143" lat="42.28254444974" lon="-85.61939112701">
    <tag k="local_x" v="13832.6087"/>
    <tag k="local_y" v="82070.3846"/>
    <tag k="ele" v="0"/>
  </node>
  <node id="1144" lat="42.28258796622" lon="-85.61941211426">
    <tag k="local_x" v="13830.7999"/>
    <tag k="local_y" v="82075.1885"/>
    <tag k="ele" v="0"/>
  </node>
  <node id="1147" lat="42.28268377743" lon="-85.61958515838">
    <tag k="local_x" v="13816.3595"/>
    <tag k="local_y" v="82085.5958"/>
    <tag k="ele" v="0"/>
  </node>
  <node id="1148" lat="42.28246400741" lon="-85.61964133763">
    <tag k="local_x" v="13812.123"/>
    <tag k="local_y" v="82061.118"/>
    <tag k="ele" v="0"/>
  </node>
  <node id="1149" lat="42.28242684619" lon="-85.61965428923">
    <tag k="local_x" v="13811.122"/>
    <tag k="local_y" v="82056.9744"/>
    <tag k="ele" v="0"/>
    <tag k="highway" v="give_way"/>
  </node>
  <node id="1150" lat="42.28237237947" lon="-85.61967924224">
    <tag k="local_x" v="13809.1626"/>
    <tag k="local_y" v="82050.8932"/>
    <tag k="ele" v="0"/>
  </node>
  <node id="1151" lat="42.28225823865" lon="-85.61977702239">
    <tag k="local_x" v="13801.3058"/>
    <tag k="local_y" v="82038.0886"/>
    <tag k="ele" v="0"/>
  </node>
  <node id="1152" lat="42.28223316752" lon="-85.61981605224">
    <tag k="local_x" v="13798.1328"/>
    <tag k="local_y" v="82035.2526"/>
    <tag k="ele" v="0"/>
  </node>
  <node id="1153" lat="42.28220458927" lon="-85.61987040608">
    <tag k="local_x" v="13793.7026"/>
    <tag k="local_y" v="82032.0067"/>
    <tag k="ele" v="0"/>
  </node>
  <node id="1154" lat="42.28217330144" lon="-85.61997522225">
    <tag k="local_x" v="13785.1165"/>
    <tag k="local_y" v="82028.3925"/>
    <tag k="ele" v="0"/>
  </node>
  <node id="1155" lat="42.28213381225" lon="-85.62013800046">
    <tag k="local_x" v="13771.766"/>
    <tag k="local_y" v="82023.7902"/>
    <tag k="ele" v="0"/>
  </node>
  <node id="1156" lat="42.28207911251" lon="-85.62034462843">
    <tag k="local_x" v="13754.8273"/>
    <tag k="local_y" v="82017.4404"/>
    <tag k="ele" v="0"/>
  </node>
  <node id="1157" lat="42.28159298044" lon="-85.61962951083">
    <tag k="local_x" v="13814.6661"/>
    <tag k="local_y" v="81964.4172"/>
    <tag k="ele" v="0"/>
  </node>
  <node id="1158" lat="42.28160052367" lon="-85.61958117008">
    <tag k="local_x" v="13818.6384"/>
    <tag k="local_y" v="81965.3194"/>
    <tag k="ele" v="0"/>
  </node>
  <node id="1159" lat="42.28162853065" lon="-85.61952972042">
    <tag k="local_x" v="13822.8302"/>
    <tag k="local_y" v="81968.498"/>
    <tag k="ele" v="0"/>
  </node>
  <node id="1160" lat="42.28166037038" lon="-85.61947818219">
    <tag k="local_x" v="13827.0224"/>
    <tag k="local_y" v="81972.1023"/>
    <tag k="ele" v="0"/>
  </node>
  <node id="1161" lat="42.28168819666" lon="-85.6194402276">
    <tag k="local_x" v="13830.1018"/>
    <tag k="local_y" v="81975.2428"/>
    <tag k="ele" v="0"/>
  </node>
  <node id="1162" lat="42.28171815255" lon="-85.61940770834">
    <tag k="local_x" v="13832.7292"/>
    <tag k="local_y" v="81978.6125"/>
    <tag k="ele" v="0"/>
  </node>
  <node id="1163" lat="42.28174867421" lon="-85.61937789944">
    <tag k="local_x" v="13835.1321"/>
    <tag k="local_y" v="81982.0414"/>
    <tag k="ele" v="0"/>
  </node>
  <node id="1164" lat="42.2817816253" lon="-85.61935725962">
    <tag k="local_x" v="13836.7746"/>
    <tag k="local_y" v="81985.7278"/>
    <tag k="ele" v="0"/>
  </node>
  <node id="1165" lat="42.28179421373" lon="-85.6193502185">
    <tag k="local_x" v="13837.3325"/>
    <tag k="local_y" v="81987.135"/>
    <tag k="ele" v="0"/>
  </node>
  <node id="1166" lat="42.28177202208" lon="-85.6195674384">
    <tag k="local_x" v="13819.4619"/>
    <tag k="local_y" v="81984.3805"/>
    <tag k="ele" v="0"/>
  </node>
  <node id="1167" lat="42.28173946483" lon="-85.61958982565">
    <tag k="local_x" v="13817.6746"/>
    <tag k="local_y" v="81980.7355"/>
    <tag k="ele" v="0"/>
  </node>
  <node id="1168" lat="42.28172131606" lon="-85.61960284715">
    <tag k="local_x" v="13816.6336"/>
    <tag k="local_y" v="81978.7029"/>
    <tag k="ele" v="0"/>
  </node>
  <node id="1169" lat="42.28168255261" lon="-85.61963636633">
    <tag k="local_x" v="13813.9396"/>
    <tag k="local_y" v="81974.3539"/>
    <tag k="ele" v="0"/>
  </node>
  <node id="1170" lat="42.28164336476" lon="-85.61966687607">
    <tag k="local_x" v="13811.4945"/>
    <tag k="local_y" v="81969.9618"/>
    <tag k="ele" v="0"/>
  </node>
  <node id="1171" lat="42.28232644198" lon="-85.6196806029">
    <tag k="local_x" v="13809.1331"/>
    <tag k="local_y" v="82045.7906"/>
    <tag k="ele" v="0"/>
  </node>
  <node id="1173" lat="42.28271411303" lon="-85.61959195734">
    <tag k="local_x" v="13815.7443"/>
    <tag k="local_y" v="82088.9551"/>
    <tag k="ele" v="0"/>
  </node>
  <node id="1174" lat="42.28289486017" lon="-85.61964597198">
    <tag k="local_x" v="13810.9653"/>
    <tag k="local_y" v="82108.9526"/>
    <tag k="ele" v="0"/>
  </node>
  <node id="1175" lat="42.28294973998" lon="-85.61966954823">
    <tag k="local_x" v="13808.9226"/>
    <tag k="local_y" v="82115.0148"/>
    <tag k="ele" v="0"/>
  </node>
  <node id="1176" lat="42.28300345709" lon="-85.61969364716">
    <tag k="local_x" v="13806.8389"/>
    <tag k="local_y" v="82120.9472"/>
    <tag k="ele" v="0"/>
  </node>
  <node id="1177" lat="42.28307429011" lon="-85.61973353704">
    <tag k="local_x" v="13803.4224"/>
    <tag k="local_y" v="82128.759"/>
    <tag k="ele" v="0"/>
  </node>
  <node id="1178" lat="42.28318033642" lon="-85.61975913402">
    <tag k="local_x" v="13801.121"/>
    <tag k="local_y" v="82140.4999"/>
    <tag k="ele" v="0"/>
  </node>
  <node id="1179" lat="42.28331254374" lon="-85.61989393594">
    <tag k="local_x" v="13789.7684"/>
    <tag k="local_y" v="82154.9997"/>
    <tag k="ele" v="0"/>
  </node>
  <node id="1180" lat="42.28352555348" lon="-85.62017669712">
    <tag k="local_x" v="13766.071"/>
    <tag k="local_y" v="82178.2739"/>
    <tag k="ele" v="0"/>
  </node>
  <node id="1181" lat="42.28270278285" lon="-85.61950033954">
    <tag k="local_x" v="13823.3188"/>
    <tag k="local_y" v="82087.8195"/>
    <tag k="ele" v="0"/>
  </node>
  <node id="1182" lat="42.28291136126" lon="-85.61955495907">
    <tag k="local_x" v="13818.4398"/>
    <tag k="local_y" v="82110.9065"/>
    <tag k="ele" v="0"/>
  </node>
  <node id="1183" lat="42.28297325573" lon="-85.61958114491">
    <tag k="local_x" v="13816.1693"/>
    <tag k="local_y" v="82117.7441"/>
    <tag k="ele" v="0"/>
  </node>
  <node id="1184" lat="42.28303088224" lon="-85.619607105">
    <tag k="local_x" v="13813.9251"/>
    <tag k="local_y" v="82124.1081"/>
    <tag k="ele" v="0"/>
  </node>
  <node id="1185" lat="42.28309443744" lon="-85.61964376748">
    <tag k="local_x" v="13810.7878"/>
    <tag k="local_y" v="82131.1161"/>
    <tag k="ele" v="0"/>
  </node>
  <node id="1186" lat="42.28321524416" lon="-85.61967703826">
    <tag k="local_x" v="13807.8271"/>
    <tag k="local_y" v="82144.4857"/>
    <tag k="ele" v="0"/>
  </node>
  <node id="1187" lat="42.28336555311" lon="-85.61982856044">
    <tag k="local_x" v="13795.0633"/>
    <tag k="local_y" v="82160.9731"/>
    <tag k="ele" v="0"/>
  </node>
  <node id="1188" lat="42.28358061547" lon="-85.62012022758">
    <tag k="local_x" v="13770.6279"/>
    <tag k="local_y" v="82184.4633"/>
    <tag k="ele" v="0"/>
  </node>
  <node id="1189" lat="42.28270356738" lon="-85.61945180226">
    <tag k="local_x" v="13827.3194"/>
    <tag k="local_y" v="82087.9715"/>
    <tag k="ele" v="0"/>
  </node>
  <node id="1190" lat="42.28291829841" lon="-85.61950998884">
    <tag k="local_x" v="13822.1352"/>
    <tag k="local_y" v="82111.7369"/>
    <tag k="ele" v="0"/>
  </node>
  <node id="1191" lat="42.28298301793" lon="-85.61953721177">
    <tag k="local_x" v="13819.7741"/>
    <tag k="local_y" v="82118.8868"/>
    <tag k="ele" v="0"/>
  </node>
  <node id="1192" lat="42.28304220604" lon="-85.61956391516">
    <tag k="local_x" v="13817.4658"/>
    <tag k="local_y" v="82125.4232"/>
    <tag k="ele" v="0"/>
  </node>
  <node id="1193" lat="42.28310304302" lon="-85.61959936227">
    <tag k="local_x" v="13814.4336"/>
    <tag k="local_y" v="82132.131"/>
    <tag k="ele" v="0"/>
  </node>
  <node id="1194" lat="42.28322947985" lon="-85.61963558821">
    <tag k="local_x" v="13811.2191"/>
    <tag k="local_y" v="82146.1218"/>
    <tag k="ele" v="0"/>
  </node>
  <node id="1195" lat="42.28338658004" lon="-85.61979337797">
    <tag k="local_x" v="13797.9263"/>
    <tag k="local_y" v="82163.3549"/>
    <tag k="ele" v="0"/>
  </node>
  <node id="1196" lat="42.28360006152" lon="-85.62009092183">
    <tag k="local_x" v="13773.0092"/>
    <tag k="local_y" v="82186.6617"/>
    <tag k="ele" v="0"/>
  </node>
  <node id="1197" lat="42.28176324416" lon="-85.61952369381">
    <tag k="local_x" v="13823.0846"/>
    <tag k="local_y" v="81983.4643"/>
    <tag k="ele" v="0"/>
  </node>
  <node id="1198" lat="42.27888008113" lon="-85.62002627677">
    <tag k="local_x" v="13786.8332"/>
    <tag k="local_y" v="81662.6536"/>
    <tag k="ele" v="0"/>
  </node>
  <node id="1199" lat="42.27890301526" lon="-85.62005908805">
    <tag k="local_x" v="13784.0864"/>
    <tag k="local_y" v="81665.1563"/>
    <tag k="ele" v="0"/>
  </node>
  <node id="1200" lat="42.27893096353" lon="-85.62008610579">
    <tag k="local_x" v="13781.8083"/>
    <tag k="local_y" v="81668.2235"/>
    <tag k="ele" v="0"/>
  </node>
  <node id="1201" lat="42.27896692264" lon="-85.62010092795">
    <tag k="local_x" v="13780.5214"/>
    <tag k="local_y" v="81672.1965"/>
    <tag k="ele" v="0"/>
  </node>
  <node id="1202" lat="42.27902578021" lon="-85.62010773139">
    <tag k="local_x" v="13779.8545"/>
    <tag k="local_y" v="81678.7228"/>
    <tag k="ele" v="0"/>
  </node>
  <node id="1203" lat="42.27913673196" lon="-85.62010892298">
    <tag k="local_x" v="13779.5566"/>
    <tag k="local_y" v="81691.041"/>
    <tag k="ele" v="0"/>
  </node>
  <node id="1204" lat="42.27979797645" lon="-85.62007731655">
    <tag k="local_x" v="13780.9729"/>
    <tag k="local_y" v="81764.5061"/>
    <tag k="ele" v="0"/>
  </node>
  <node id="1205" lat="42.28104385962" lon="-85.62006260739">
    <tag k="local_x" v="13779.9438"/>
    <tag k="local_y" v="81902.8654"/>
    <tag k="ele" v="0"/>
  </node>
  <node id="1206" lat="42.28123502383" lon="-85.62006034913">
    <tag k="local_x" v="13779.786"/>
    <tag k="local_y" v="81924.0948"/>
    <tag k="ele" v="0"/>
  </node>
  <node id="1207" lat="42.28126778882" lon="-85.62004982739">
    <tag k="local_x" v="13780.5946"/>
    <tag k="local_y" v="81927.747"/>
    <tag k="ele" v="0"/>
  </node>
  <node id="1208" lat="42.28131328019" lon="-85.62002479211">
    <tag k="local_x" v="13782.577"/>
    <tag k="local_y" v="81932.8317"/>
    <tag k="ele" v="0"/>
  </node>
  <node id="1209" lat="42.28134893983" lon="-85.61998824121">
    <tag k="local_x" v="13785.5266"/>
    <tag k="local_y" v="81936.8401"/>
    <tag k="ele" v="0"/>
  </node>
  <node id="1210" lat="42.28138637409" lon="-85.61993631329">
    <tag k="local_x" v="13789.7409"/>
    <tag k="local_y" v="81941.0661"/>
    <tag k="ele" v="0"/>
  </node>
  <node id="1211" lat="42.28156973096" lon="-85.61966522356">
    <tag k="local_x" v="13811.7633"/>
    <tag k="local_y" v="81961.7879"/>
    <tag k="ele" v="0"/>
  </node>
  <node id="1212" lat="42.27883750144" lon="-85.62008207554">
    <tag k="local_x" v="13782.3088"/>
    <tag k="local_y" v="81657.8511"/>
    <tag k="ele" v="0"/>
  </node>
  <node id="1213" lat="42.27886481664" lon="-85.62012047295">
    <tag k="local_x" v="13779.0935"/>
    <tag k="local_y" v="81660.8328"/>
    <tag k="ele" v="0"/>
  </node>
  <node id="1214" lat="42.27890504655" lon="-85.62015828417">
    <tag k="local_x" v="13775.9033"/>
    <tag k="local_y" v="81665.2493"/>
    <tag k="ele" v="0"/>
  </node>
  <node id="1215" lat="42.27895597295" lon="-85.62017963909">
    <tag k="local_x" v="13774.0508"/>
    <tag k="local_y" v="81670.8755"/>
    <tag k="ele" v="0"/>
  </node>
  <node id="1216" lat="42.27902284078" lon="-85.62018759455">
    <tag k="local_x" v="13773.2745"/>
    <tag k="local_y" v="81678.2897"/>
    <tag k="ele" v="0"/>
  </node>
  <node id="1217" lat="42.27913755992" lon="-85.62018880231">
    <tag k="local_x" v="13772.9685"/>
    <tag k="local_y" v="81691.0262"/>
    <tag k="ele" v="0"/>
  </node>
  <node id="1218" lat="42.27979852539" lon="-85.62015720765">
    <tag k="local_x" v="13774.3844"/>
    <tag k="local_y" v="81764.4603"/>
    <tag k="ele" v="0"/>
  </node>
  <node id="1220" lat="42.2810433992" lon="-85.62014071868">
    <tag k="local_x" v="13773.504"/>
    <tag k="local_y" v="81902.7099"/>
    <tag k="ele" v="0"/>
  </node>
  <node id="1221" lat="42.28123675987" lon="-85.62013837755">
    <tag k="local_x" v="13773.3491"/>
    <tag k="local_y" v="81924.1833"/>
    <tag k="ele" v="0"/>
  </node>
  <node id="1222" lat="42.28128486825" lon="-85.6201240318">
    <tag k="local_x" v="13774.4454"/>
    <tag k="local_y" v="81929.5443"/>
    <tag k="ele" v="0"/>
  </node>
  <node id="1223" lat="42.28134062485" lon="-85.62009287713">
    <tag k="local_x" v="13776.9139"/>
    <tag k="local_y" v="81935.777"/>
    <tag k="ele" v="0"/>
  </node>
  <node id="1224" lat="42.28138622363" lon="-85.62004675746">
    <tag k="local_x" v="13780.6346"/>
    <tag k="local_y" v="81940.9018"/>
    <tag k="ele" v="0"/>
  </node>
  <node id="1225" lat="42.2814278455" lon="-85.61998927571">
    <tag k="local_x" v="13785.2993"/>
    <tag k="local_y" v="81945.6002"/>
    <tag k="ele" v="0"/>
  </node>
  <node id="1226" lat="42.28163153616" lon="-85.61968302199">
    <tag k="local_x" v="13810.1845"/>
    <tag k="local_y" v="81968.6268"/>
    <tag k="ele" v="0"/>
  </node>
  <node id="1227" lat="42.28206225125" lon="-85.62039954609">
    <tag k="local_x" v="13750.3295"/>
    <tag k="local_y" v="82015.4948"/>
    <tag k="ele" v="0"/>
  </node>
  <node id="1228" lat="42.28202190226" lon="-85.62054233481">
    <tag k="local_x" v="13738.6287"/>
    <tag k="local_y" v="82010.8238"/>
    <tag k="ele" v="0"/>
  </node>
  <node id="1229" lat="42.28202022648" lon="-85.62054849242">
    <tag k="local_x" v="13738.124"/>
    <tag k="local_y" v="82010.6295"/>
    <tag k="ele" v="0"/>
  </node>
  <node id="1230" lat="42.28193551318" lon="-85.62085624089">
    <tag k="local_x" v="13712.9015"/>
    <tag k="local_y" v="82000.8121"/>
    <tag k="ele" v="0"/>
  </node>
  <node id="1231" lat="42.28177503804" lon="-85.62143535011">
    <tag k="local_x" v="13665.4405"/>
    <tag k="local_y" v="81982.2201"/>
    <tag k="ele" v="0"/>
  </node>
  <node id="1232" lat="42.28173656653" lon="-85.62157927301">
    <tag k="local_x" v="13653.6427"/>
    <tag k="local_y" v="81977.7562"/>
    <tag k="ele" v="0"/>
  </node>
  <node id="1233" lat="42.2816262409" lon="-85.62174089594">
    <tag k="local_x" v="13640.5146"/>
    <tag k="local_y" v="81965.2902"/>
    <tag k="ele" v="0"/>
    <tag k="highway" v="traffic_signals"/>
  </node>
  <node id="1234" lat="42.27875044614" lon="-85.61817613575">
    <tag k="local_x" v="13939.6245"/>
    <tag k="local_y" v="81650.7333"/>
    <tag k="ele" v="0"/>
  </node>
  <node id="1235" lat="42.2787660428" lon="-85.61820103095">
    <tag k="local_x" v="13937.5436"/>
    <tag k="local_y" v="81652.4318"/>
    <tag k="ele" v="0"/>
  </node>
  <node id="1236" lat="42.27882417249" lon="-85.61828291877">
    <tag k="local_x" v="13930.6866"/>
    <tag k="local_y" v="81658.7768"/>
    <tag k="ele" v="0"/>
  </node>
  <node id="1237" lat="42.27890201517" lon="-85.61844342662">
    <tag k="local_x" v="13917.3113"/>
    <tag k="local_y" v="81667.2055"/>
    <tag k="ele" v="0"/>
  </node>
  <node id="1238" lat="42.27895089533" lon="-85.61858749084">
    <tag k="local_x" v="13905.3441"/>
    <tag k="local_y" v="81672.4403"/>
    <tag k="ele" v="0"/>
  </node>
  <node id="1239" lat="42.2789642851" lon="-85.61869967602">
    <tag k="local_x" v="13896.0695"/>
    <tag k="local_y" v="81673.777"/>
    <tag k="ele" v="0"/>
    <tag k="highway" v="crossing"/>
  </node>
  <node id="1240" lat="42.2790065957" lon="-85.61884820268">
    <tag k="local_x" v="13883.7462"/>
    <tag k="local_y" v="81678.2764"/>
    <tag k="ele" v="0"/>
  </node>
  <node id="1241" lat="42.27897696736" lon="-85.61902888986">
    <tag k="local_x" v="13868.9006"/>
    <tag k="local_y" v="81674.7449"/>
    <tag k="ele" v="0"/>
  </node>
  <node id="1242" lat="42.2789378211" lon="-85.61917853094">
    <tag k="local_x" v="13856.6321"/>
    <tag k="local_y" v="81670.1981"/>
    <tag k="ele" v="0"/>
  </node>
  <node id="1243" lat="42.2789196734" lon="-85.61925251684">
    <tag k="local_x" v="13850.5641"/>
    <tag k="local_y" v="81668.0841"/>
    <tag k="ele" v="0"/>
  </node>
  <node id="1244" lat="42.27886689554" lon="-85.61945041581">
    <tag k="local_x" v="13834.3409"/>
    <tag k="local_y" v="81661.9592"/>
    <tag k="ele" v="0"/>
  </node>
  <node id="1245" lat="42.27884976005" lon="-85.61961477888">
    <tag k="local_x" v="13820.8188"/>
    <tag k="local_y" v="81659.8368"/>
    <tag k="ele" v="0"/>
  </node>
  <node id="1246" lat="42.27884543123" lon="-85.61986926175">
    <tag k="local_x" v="13799.8426"/>
    <tag k="local_y" v="81659.016"/>
    <tag k="ele" v="0"/>
  </node>
  <node id="1247" lat="42.27885080783" lon="-85.6199635459">
    <tag k="local_x" v="13792.0585"/>
    <tag k="local_y" v="81659.487"/>
    <tag k="ele" v="0"/>
  </node>
  <node id="1248" lat="42.27887131457" lon="-85.62000770687">
    <tag k="local_x" v="13788.3802"/>
    <tag k="local_y" v="81661.705"/>
    <tag k="ele" v="0"/>
  </node>
  <node id="1249" lat="42.27869254303" lon="-85.61830205788">
    <tag k="local_x" v="13929.3456"/>
    <tag k="local_y" v="81644.1354"/>
    <tag k="ele" v="0"/>
  </node>
  <node id="1250" lat="42.27874873604" lon="-85.61836994199">
    <tag k="local_x" v="13923.6468"/>
    <tag k="local_y" v="81650.2841"/>
    <tag k="ele" v="0"/>
  </node>
  <node id="1251" lat="42.27887136159" lon="-85.61861924749">
    <tag k="local_x" v="13902.8688"/>
    <tag k="local_y" v="81663.5666"/>
    <tag k="ele" v="0"/>
  </node>
  <node id="1252" lat="42.27891156327" lon="-85.61873788324">
    <tag k="local_x" v="13893.014"/>
    <tag k="local_y" v="81667.8718"/>
    <tag k="ele" v="0"/>
    <tag k="highway" v="crossing"/>
  </node>
  <node id="1253" lat="42.27894444342" lon="-85.61885842541">
    <tag k="local_x" v="13883.0152"/>
    <tag k="local_y" v="81671.3615"/>
    <tag k="ele" v="0"/>
  </node>
  <node id="1254" lat="42.27891883731" lon="-85.61900517916">
    <tag k="local_x" v="13870.9604"/>
    <tag k="local_y" v="81668.322"/>
    <tag k="ele" v="0"/>
  </node>
  <node id="1255" lat="42.27888040637" lon="-85.6191518466">
    <tag k="local_x" v="13858.9358"/>
    <tag k="local_y" v="81663.8586"/>
    <tag k="ele" v="0"/>
  </node>
  <node id="1256" lat="42.27886235762" lon="-85.61922544705">
    <tag k="local_x" v="13852.8994"/>
    <tag k="local_y" v="81661.7561"/>
    <tag k="ele" v="0"/>
  </node>
  <node id="1257" lat="42.27880808871" lon="-85.61942995272">
    <tag k="local_x" v="13836.1341"/>
    <tag k="local_y" v="81655.4568"/>
    <tag k="ele" v="0"/>
  </node>
  <node id="1258" lat="42.27878917085" lon="-85.61960904334">
    <tag k="local_x" v="13821.4008"/>
    <tag k="local_y" v="81653.1168"/>
    <tag k="ele" v="0"/>
  </node>
  <node id="1259" lat="42.27878469432" lon="-85.61986995917">
    <tag k="local_x" v="13799.8944"/>
    <tag k="local_y" v="81652.271"/>
    <tag k="ele" v="0"/>
  </node>
  <node id="1260" lat="42.27879280138" lon="-85.61998780188">
    <tag k="local_x" v="13790.1628"/>
    <tag k="local_y" v="81653.0137"/>
    <tag k="ele" v="0"/>
  </node>
  <node id="1261" lat="42.27881586534" lon="-85.62004225175">
    <tag k="local_x" v="13785.6315"/>
    <tag k="local_y" v="81655.5019"/>
    <tag k="ele" v="0"/>
  </node>
  <node id="1262" lat="42.28202180288" lon="-85.61927693492">
    <tag k="local_x" v="13842.9652"/>
    <tag k="local_y" v="82012.5039"/>
    <tag k="ele" v="0"/>
  </node>
  <node id="1263" lat="42.28206899119" lon="-85.61928917743">
    <tag k="local_x" v="13841.8708"/>
    <tag k="local_y" v="82017.7272"/>
    <tag k="ele" v="0"/>
  </node>
  <node id="1264" lat="42.2819517492" lon="-85.61955011293">
    <tag k="local_x" v="13820.5669"/>
    <tag k="local_y" v="82004.3601"/>
    <tag k="ele" v="0"/>
  </node>
  <node id="1265" lat="42.28212019726" lon="-85.61923973479">
    <tag k="local_x" v="13845.8553"/>
    <tag k="local_y" v="82023.4791"/>
    <tag k="ele" v="0"/>
  </node>
  <node id="1266" lat="42.28209937799" lon="-85.6193052373">
    <tag k="local_x" v="13840.4919"/>
    <tag k="local_y" v="82021.0798"/>
    <tag k="ele" v="0"/>
  </node>
  <node id="1267" lat="42.28238163478" lon="-85.61936348257">
    <tag k="local_x" v="13835.1812"/>
    <tag k="local_y" v="82052.343"/>
    <tag k="ele" v="0"/>
  </node>
  <node id="1268" lat="42.28236153365" lon="-85.61932557836">
    <tag k="local_x" v="13838.3427"/>
    <tag k="local_y" v="82050.1617"/>
    <tag k="ele" v="0"/>
  </node>
  <node id="1269" lat="42.28243950564" lon="-85.61938519811">
    <tag k="local_x" v="13833.2865"/>
    <tag k="local_y" v="82058.7398"/>
    <tag k="ele" v="0"/>
  </node>
  <node id="1270" lat="42.28236243157" lon="-85.61929341915">
    <tag k="local_x" v="13840.9927"/>
    <tag k="local_y" v="82050.3044"/>
    <tag k="ele" v="0"/>
  </node>
  <node id="1271" lat="42.28235324835" lon="-85.61933943135">
    <tag k="local_x" v="13837.2154"/>
    <tag k="local_y" v="82049.2232"/>
    <tag k="ele" v="0"/>
  </node>
  <node id="1272" lat="42.28237408843" lon="-85.61934925124">
    <tag k="local_x" v="13836.3682"/>
    <tag k="local_y" v="82051.5241"/>
    <tag k="ele" v="0"/>
  </node>
  <node id="1273" lat="42.28230024536" lon="-85.61929940402">
    <tag k="local_x" v="13840.6112"/>
    <tag k="local_y" v="82043.3914"/>
    <tag k="ele" v="0"/>
  </node>
  <node id="1274" lat="42.28230136452" lon="-85.61925323444">
    <tag k="local_x" v="13844.416"/>
    <tag k="local_y" v="82043.5774"/>
    <tag k="ele" v="0"/>
  </node>
  <node id="1275" lat="42.28192797383" lon="-85.62064289554">
    <tag k="local_x" v="13730.5061"/>
    <tag k="local_y" v="82000.2599"/>
    <tag k="ele" v="0"/>
  </node>
  <node id="1276" lat="42.28190405199" lon="-85.62068435691">
    <tag k="local_x" v="13727.1305"/>
    <tag k="local_y" v="81997.5483"/>
    <tag k="ele" v="0"/>
  </node>
  <node id="1277" lat="42.28169511763" lon="-85.62140242224">
    <tag k="local_x" v="13668.2992"/>
    <tag k="local_y" v="81973.3899"/>
    <tag k="ele" v="0"/>
  </node>
  <node id="1278" lat="42.28163347207" lon="-85.62157092431">
    <tag k="local_x" v="13654.5164"/>
    <tag k="local_y" v="81966.32"/>
    <tag k="ele" v="0"/>
  </node>
  <node id="1279" lat="42.2820353619" lon="-85.6200559995">
    <tag k="local_x" v="13778.7044"/>
    <tag k="local_y" v="82012.9681"/>
    <tag k="ele" v="0"/>
  </node>
  <node id="1280" lat="42.28205903806" lon="-85.62007024751">
    <tag k="local_x" v="13777.487"/>
    <tag k="local_y" v="82015.578"/>
    <tag k="ele" v="0"/>
  </node>
  <node id="1281" lat="42.2822269851" lon="-85.61977379454">
    <tag k="local_x" v="13801.6282"/>
    <tag k="local_y" v="82034.6226"/>
    <tag k="ele" v="0"/>
  </node>
  <node id="1282" lat="42.28209903582" lon="-85.61993551428">
    <tag k="local_x" v="13788.5242"/>
    <tag k="local_y" v="82020.1993"/>
    <tag k="ele" v="0"/>
  </node>
  <node id="1283" lat="42.28213536654" lon="-85.61990481337">
    <tag k="local_x" v="13790.9902"/>
    <tag k="local_y" v="82024.2744"/>
    <tag k="ele" v="0"/>
  </node>
  <node id="1284" lat="42.28227288974" lon="-85.6196870332">
    <tag k="local_x" v="13808.6993"/>
    <tag k="local_y" v="82039.8357"/>
    <tag k="ele" v="0"/>
  </node>
  <node id="1285" lat="42.28263162191" lon="-85.61959831251">
    <tag k="local_x" v="13815.3688"/>
    <tag k="local_y" v="82079.787"/>
    <tag k="ele" v="0"/>
  </node>
  <node id="1286" lat="42.28220601685" lon="-85.61981100897">
    <tag k="local_x" v="13798.5975"/>
    <tag k="local_y" v="82032.2446"/>
    <tag k="ele" v="0"/>
  </node>
  <node id="1287" lat="42.28208659162" lon="-85.61955860932">
    <tag k="local_x" v="13819.6236"/>
    <tag k="local_y" v="82019.3213"/>
    <tag k="ele" v="0"/>
  </node>
  <node id="1288" lat="42.2821155944" lon="-85.61933981334">
    <tag k="local_x" v="13837.6118"/>
    <tag k="local_y" v="82022.8342"/>
    <tag k="ele" v="0"/>
  </node>
  <node id="1289" lat="42.28228351277" lon="-85.61933340195">
    <tag k="local_x" v="13837.8381"/>
    <tag k="local_y" v="82041.488"/>
    <tag k="ele" v="0"/>
  </node>
  <node id="1290" lat="42.28213699818" lon="-85.61931896224">
    <tag k="local_x" v="13839.2925"/>
    <tag k="local_y" v="82025.2387"/>
    <tag k="ele" v="0"/>
  </node>
  <node id="1291" lat="42.28226217198" lon="-85.61964740323">
    <tag k="local_x" v="13811.9862"/>
    <tag k="local_y" v="82038.6986"/>
    <tag k="ele" v="0"/>
  </node>
  <node id="1292" lat="42.28231878674" lon="-85.61969846984">
    <tag k="local_x" v="13807.6737"/>
    <tag k="local_y" v="82044.9167"/>
    <tag k="ele" v="0"/>
  </node>
  <node id="1293" lat="42.28228537593" lon="-85.61973179845">
    <tag k="local_x" v="13804.9858"/>
    <tag k="local_y" v="82041.1623"/>
    <tag k="ele" v="0"/>
  </node>
  <node id="1294" lat="42.28230471003" lon="-85.61935530943">
    <tag k="local_x" v="13835.9936"/>
    <tag k="local_y" v="82043.8124"/>
    <tag k="ele" v="0"/>
  </node>
  <node id="1295" lat="42.28237098069" lon="-85.61950814332">
    <tag k="local_x" v="13823.2727"/>
    <tag k="local_y" v="82050.9666"/>
    <tag k="ele" v="0"/>
  </node>
  <node id="1296" lat="42.28234144122" lon="-85.61949962548">
    <tag k="local_x" v="13824.0282"/>
    <tag k="local_y" v="82047.698"/>
    <tag k="ele" v="0"/>
  </node>
  <node id="1297" lat="42.28213950964" lon="-85.61973036197">
    <tag k="local_x" v="13805.3668"/>
    <tag k="local_y" v="82024.9676"/>
    <tag k="ele" v="0"/>
  </node>
  <node id="1298" lat="42.28214934108" lon="-85.61969037927">
    <tag k="local_x" v="13808.6458"/>
    <tag k="local_y" v="82026.1127"/>
    <tag k="ele" v="0"/>
  </node>
  <node id="1299" lat="42.28212625585" lon="-85.61972268071">
    <tag k="local_x" v="13806.024"/>
    <tag k="local_y" v="82023.5062"/>
    <tag k="ele" v="0"/>
  </node>
  <node id="1300" lat="42.28215328767" lon="-85.61965111688">
    <tag k="local_x" v="13811.876"/>
    <tag k="local_y" v="82026.6034"/>
    <tag k="ele" v="0"/>
  </node>
  <node id="1301" lat="42.28207919422" lon="-85.61988466249">
    <tag k="local_x" v="13792.7528"/>
    <tag k="local_y" v="82018.0641"/>
    <tag k="ele" v="0"/>
  </node>
  <node id="1302" lat="42.28210427781" lon="-85.61989545111">
    <tag k="local_x" v="13791.8181"/>
    <tag k="local_y" v="82020.8349"/>
    <tag k="ele" v="0"/>
  </node>
  <node id="1303" lat="42.28207291521" lon="-85.61971826018">
    <tag k="local_x" v="13806.4845"/>
    <tag k="local_y" v="82017.5893"/>
    <tag k="ele" v="0"/>
  </node>
  <node id="1304" lat="42.28210063296" lon="-85.61971385171">
    <tag k="local_x" v="13806.7981"/>
    <tag k="local_y" v="82020.6729"/>
    <tag k="ele" v="0"/>
  </node>
  <node id="1305" lat="42.28213159284" lon="-85.61972178679">
    <tag k="local_x" v="13806.0881"/>
    <tag k="local_y" v="82024.1"/>
    <tag k="ele" v="0"/>
  </node>
  <node id="1306" lat="42.28212860716" lon="-85.61968488671">
    <tag k="local_x" v="13809.136"/>
    <tag k="local_y" v="82023.8178"/>
    <tag k="ele" v="0"/>
  </node>
  <node id="1307" lat="42.2821220983" lon="-85.61965052799">
    <tag k="local_x" v="13811.9807"/>
    <tag k="local_y" v="82023.141"/>
    <tag k="ele" v="0"/>
  </node>
  <node id="1308" lat="42.28211696276" lon="-85.6196262614">
    <tag k="local_x" v="13813.9908"/>
    <tag k="local_y" v="82022.6032"/>
    <tag k="ele" v="0"/>
  </node>
  <node id="1309" lat="42.28206473125" lon="-85.61966474898">
    <tag k="local_x" v="13810.9114"/>
    <tag k="local_y" v="82016.7521"/>
    <tag k="ele" v="0"/>
  </node>
  <node id="1310" lat="42.28212389974" lon="-85.61962788066">
    <tag k="local_x" v="13813.8448"/>
    <tag k="local_y" v="82023.3713"/>
    <tag k="ele" v="0"/>
  </node>
  <node id="1311" lat="42.28213979316" lon="-85.61964446209">
    <tag k="local_x" v="13812.449"/>
    <tag k="local_y" v="82025.1139"/>
    <tag k="ele" v="0"/>
  </node>
  <node id="1312" lat="42.28204508919" lon="-85.61942708761">
    <tag k="local_x" v="13830.5427"/>
    <tag k="local_y" v="82014.8888"/>
    <tag k="ele" v="0"/>
  </node>
  <node id="1313" lat="42.28207474691" lon="-85.61943420686">
    <tag k="local_x" v="13829.9023"/>
    <tag k="local_y" v="82018.1724"/>
    <tag k="ele" v="0"/>
  </node>
  <node id="1314" lat="42.28161456063" lon="-85.62156052811">
    <tag k="local_x" v="13655.4076"/>
    <tag k="local_y" v="81964.234"/>
    <tag k="ele" v="0"/>
  </node>
  <node id="1315" lat="42.28164315601" lon="-85.62147584422">
    <tag k="local_x" v="13662.3387"/>
    <tag k="local_y" v="81967.5222"/>
    <tag k="ele" v="0"/>
  </node>
  <node id="1316" lat="42.28166919489" lon="-85.62139883118">
    <tag k="local_x" v="13668.6419"/>
    <tag k="local_y" v="81970.5163"/>
    <tag k="ele" v="0"/>
  </node>
  <node id="1317" lat="42.28172189581" lon="-85.62120571723">
    <tag k="local_x" v="13684.4701"/>
    <tag k="local_y" v="81976.6259"/>
    <tag k="ele" v="0"/>
  </node>
  <node id="1318" lat="42.2818246951" lon="-85.62082872001">
    <tag k="local_x" v="13715.37"/>
    <tag k="local_y" v="81988.5439"/>
    <tag k="ele" v="0"/>
  </node>
  <node id="1319" lat="42.28187208819" lon="-85.62065225509">
    <tag k="local_x" v="13729.8349"/>
    <tag k="local_y" v="81994.042"/>
    <tag k="ele" v="0"/>
  </node>
  <node id="1320" lat="42.28036379039" lon="-85.618997805">
    <tag k="local_x" v="13868.9663"/>
    <tag k="local_y" v="81828.7757"/>
    <tag k="ele" v="0"/>
  </node>
  <node id="1321" lat="42.28037689655" lon="-85.62003749567">
    <tag k="local_x" v="13783.2146"/>
    <tag k="local_y" v="81828.8411"/>
    <tag k="ele" v="0"/>
  </node>
  <node id="1322" lat="42.28038501595" lon="-85.61899625841">
    <tag k="local_x" v="13869.0556"/>
    <tag k="local_y" v="81831.1346"/>
    <tag k="ele" v="0"/>
  </node>
  <node id="1323" lat="42.28035441364" lon="-85.62004225168">
    <tag k="local_x" v="13782.8629"/>
    <tag k="local_y" v="81826.3383"/>
    <tag k="ele" v="0"/>
  </node>
  <node id="1324" lat="42.28040577693" lon="-85.62011098549">
    <tag k="local_x" v="13777.103"/>
    <tag k="local_y" v="81831.9497"/>
    <tag k="ele" v="0"/>
  </node>
  <node id="1325" lat="42.280391394" lon="-85.62014882028">
    <tag k="local_x" v="13774.0092"/>
    <tag k="local_y" v="81830.3021"/>
    <tag k="ele" v="0"/>
  </node>
  <node id="1326" lat="42.28218681934" lon="-85.61754302381">
    <tag k="local_x" v="13985.6343"/>
    <tag k="local_y" v="82033.1467"/>
    <tag k="ele" v="0"/>
  </node>
  <node id="1327" lat="42.28223217205" lon="-85.61735177463">
    <tag k="local_x" v="14001.3216"/>
    <tag k="local_y" v="82038.4386"/>
    <tag k="ele" v="0"/>
  </node>
  <node id="1328" lat="42.2822255471" lon="-85.61727722603">
    <tag k="local_x" v="14007.4803"/>
    <tag k="local_y" v="82037.8028"/>
    <tag k="ele" v="0"/>
  </node>
  <node id="1329" lat="42.28220382426" lon="-85.61722946756">
    <tag k="local_x" v="14011.4573"/>
    <tag k="local_y" v="82035.4547"/>
    <tag k="ele" v="0"/>
  </node>
  <node id="1330" lat="42.28217203866" lon="-85.61718847475">
    <tag k="local_x" v="14014.8946"/>
    <tag k="local_y" v="82031.9802"/>
    <tag k="ele" v="0"/>
  </node>
  <node id="1331" lat="42.28212194775" lon="-85.61714936803">
    <tag k="local_x" v="14018.2094"/>
    <tag k="local_y" v="82026.4706"/>
    <tag k="ele" v="0"/>
  </node>
  <node id="1332" lat="42.28189590923" lon="-85.61704890072">
    <tag k="local_x" v="14026.9009"/>
    <tag k="local_y" v="82001.5064"/>
    <tag k="ele" v="0"/>
  </node>
  <node id="1333" lat="42.28155332119" lon="-85.61686992484">
    <tag k="local_x" v="14042.276"/>
    <tag k="local_y" v="81963.706"/>
    <tag k="ele" v="0"/>
  </node>
  <node id="1334" lat="42.28149280179" lon="-85.616872299">
    <tag k="local_x" v="14042.1894"/>
    <tag k="local_y" v="81956.9829"/>
    <tag k="ele" v="0"/>
  </node>
  <node id="1335" lat="42.28145199224" lon="-85.6168943332">
    <tag k="local_x" v="14040.4462"/>
    <tag k="local_y" v="81952.422"/>
    <tag k="ele" v="0"/>
  </node>
  <node id="1336" lat="42.28140610446" lon="-85.61692116591">
    <tag k="local_x" v="14038.3165"/>
    <tag k="local_y" v="81947.2908"/>
    <tag k="ele" v="0"/>
  </node>
  <node id="1337" lat="42.28137586405" lon="-85.61695602098">
    <tag k="local_x" v="14035.4971"/>
    <tag k="local_y" v="81943.8863"/>
    <tag k="ele" v="0"/>
  </node>
  <node id="1338" lat="42.28213278929" lon="-85.61750540737">
    <tag k="local_x" v="13988.8333"/>
    <tag k="local_y" v="82027.1977"/>
    <tag k="ele" v="0"/>
  </node>
  <node id="1339" lat="42.2821761559" lon="-85.61732384846">
    <tag k="local_x" v="14003.7252"/>
    <tag k="local_y" v="82032.2561"/>
    <tag k="ele" v="0"/>
  </node>
  <node id="1340" lat="42.28217270916" lon="-85.61731965353">
    <tag k="local_x" v="14004.0773"/>
    <tag k="local_y" v="82031.879"/>
    <tag k="ele" v="0"/>
  </node>
  <node id="1341" lat="42.28216687891" lon="-85.61730891667">
    <tag k="local_x" v="14004.9731"/>
    <tag k="local_y" v="82031.246"/>
    <tag k="ele" v="0"/>
  </node>
  <node id="1342" lat="42.28215111457" lon="-85.61728813061">
    <tag k="local_x" v="14006.7154"/>
    <tag k="local_y" v="82029.5234"/>
    <tag k="ele" v="0"/>
  </node>
  <node id="1343" lat="42.28212351781" lon="-85.61726529656">
    <tag k="local_x" v="14008.6479"/>
    <tag k="local_y" v="82026.4897"/>
    <tag k="ele" v="0"/>
  </node>
  <node id="1344" lat="42.2818977693" lon="-85.61716497166">
    <tag k="local_x" v="14017.3271"/>
    <tag k="local_y" v="82001.5575"/>
    <tag k="ele" v="0"/>
  </node>
  <node id="1345" lat="42.28154783516" lon="-85.61699233383">
    <tag k="local_x" v="14032.1928"/>
    <tag k="local_y" v="81962.9329"/>
    <tag k="ele" v="0"/>
  </node>
  <node id="1346" lat="42.28151981874" lon="-85.61700183767">
    <tag k="local_x" v="14031.4597"/>
    <tag k="local_y" v="81959.8093"/>
    <tag k="ele" v="0"/>
  </node>
  <node id="1347" lat="42.2814951886" lon="-85.6170153764">
    <tag k="local_x" v="14030.3878"/>
    <tag k="local_y" v="81957.0563"/>
    <tag k="ele" v="0"/>
  </node>
  <node id="1348" lat="42.28156770211" lon="-85.61699246444">
    <tag k="local_x" v="14032.1462"/>
    <tag k="local_y" v="81965.1387"/>
    <tag k="ele" v="0"/>
  </node>
  <node id="1349" lat="42.28073932917" lon="-85.61895126316">
    <tag k="local_x" v="13872.1276"/>
    <tag k="local_y" v="81870.5368"/>
    <tag k="ele" v="0"/>
  </node>
  <node id="1350" lat="42.28147188144" lon="-85.61703399327">
    <tag k="local_x" v="14028.8948"/>
    <tag k="local_y" v="81954.4434"/>
    <tag k="ele" v="0"/>
  </node>
  <node id="1351" lat="42.28148225908" lon="-85.61700144278">
    <tag k="local_x" v="14031.56"/>
    <tag k="local_y" v="81955.6393"/>
    <tag k="ele" v="0"/>
  </node>
  <node id="1352" lat="42.28150722361" lon="-85.61701756907">
    <tag k="local_x" v="14030.1853"/>
    <tag k="local_y" v="81958.3897"/>
    <tag k="ele" v="0"/>
  </node>
  <node id="1353" lat="42.28160495218" lon="-85.6171160842">
    <tag k="local_x" v="14021.8861"/>
    <tag k="local_y" v="81969.1093"/>
    <tag k="ele" v="0"/>
  </node>
  <node id="1354" lat="42.28167799887" lon="-85.61723991332">
    <tag k="local_x" v="14011.5442"/>
    <tag k="local_y" v="81977.0544"/>
    <tag k="ele" v="0"/>
  </node>
  <node id="1355" lat="42.28171237463" lon="-85.61731048646">
    <tag k="local_x" v="14005.6632"/>
    <tag k="local_y" v="81980.7769"/>
    <tag k="ele" v="0"/>
  </node>
  <node id="1356" lat="42.28172334122" lon="-85.61734170674">
    <tag k="local_x" v="14003.0692"/>
    <tag k="local_y" v="81981.9528"/>
    <tag k="ele" v="0"/>
  </node>
  <node id="1357" lat="42.28175830122" lon="-85.61744729418">
    <tag k="local_x" v="13994.3001"/>
    <tag k="local_y" v="81985.6933"/>
    <tag k="ele" v="0"/>
  </node>
  <node id="1358" lat="42.28177550331" lon="-85.6175768736">
    <tag k="local_x" v="13983.5848"/>
    <tag k="local_y" v="81987.4299"/>
    <tag k="ele" v="0"/>
  </node>
  <node id="1359" lat="42.28177554728" lon="-85.61768981014">
    <tag k="local_x" v="13974.2727"/>
    <tag k="local_y" v="81987.2836"/>
    <tag k="ele" v="0"/>
  </node>
  <node id="1360" lat="42.28176271349" lon="-85.617801551">
    <tag k="local_x" v="13965.0824"/>
    <tag k="local_y" v="81985.709"/>
    <tag k="ele" v="0"/>
  </node>
  <node id="1361" lat="42.28173716852" lon="-85.6179178448">
    <tag k="local_x" v="13955.5396"/>
    <tag k="local_y" v="81982.7169"/>
    <tag k="ele" v="0"/>
  </node>
  <node id="1362" lat="42.28171836347" lon="-85.61795694911">
    <tag k="local_x" v="13952.3492"/>
    <tag k="local_y" v="81980.5765"/>
    <tag k="ele" v="0"/>
  </node>
  <node id="1363" lat="42.28154217338" lon="-85.61863617185">
    <tag k="local_x" v="13896.6622"/>
    <tag k="local_y" v="81960.104"/>
    <tag k="ele" v="0"/>
  </node>
  <node id="1364" lat="42.28149436726" lon="-85.6187070662">
    <tag k="local_x" v="13890.9028"/>
    <tag k="local_y" v="81954.7009"/>
    <tag k="ele" v="0"/>
  </node>
  <node id="1365" lat="42.28145668244" lon="-85.61875526862">
    <tag k="local_x" v="13886.9962"/>
    <tag k="local_y" v="81950.452"/>
    <tag k="ele" v="0"/>
  </node>
  <node id="1366" lat="42.28138300088" lon="-85.61883353907">
    <tag k="local_x" v="13880.6752"/>
    <tag k="local_y" v="81942.1659"/>
    <tag k="ele" v="0"/>
  </node>
  <node id="1367" lat="42.28128049704" lon="-85.61892545824">
    <tag k="local_x" v="13873.2807"/>
    <tag k="local_y" v="81930.6612"/>
    <tag k="ele" v="0"/>
  </node>
  <node id="1368" lat="42.28120364268" lon="-85.61896373417">
    <tag k="local_x" v="13870.2631"/>
    <tag k="local_y" v="81922.0763"/>
    <tag k="ele" v="0"/>
  </node>
  <node id="1369" lat="42.28109531797" lon="-85.61899364629">
    <tag k="local_x" v="13867.9918"/>
    <tag k="local_y" v="81910.0082"/>
    <tag k="ele" v="0"/>
  </node>
  <node id="1370" lat="42.28095909734" lon="-85.61899380421">
    <tag k="local_x" v="13868.2241"/>
    <tag k="local_y" v="81894.8824"/>
    <tag k="ele" v="0"/>
  </node>
  <node id="1371" lat="42.28089668564" lon="-85.61899370352">
    <tag k="local_x" v="13868.3448"/>
    <tag k="local_y" v="81887.9525"/>
    <tag k="ele" v="0"/>
  </node>
  <node id="1372" lat="42.28074141234" lon="-85.61899299443">
    <tag k="local_x" v="13868.6829"/>
    <tag k="local_y" v="81870.7123"/>
    <tag k="ele" v="0"/>
  </node>
  <node id="1373" lat="42.28041323383" lon="-85.61899195163">
    <tag k="local_x" v="13869.3599"/>
    <tag k="local_y" v="81834.2736"/>
    <tag k="ele" v="0"/>
  </node>
  <node id="1374" lat="42.28039910381" lon="-85.62003617541">
    <tag k="local_x" v="13783.2835"/>
    <tag k="local_y" v="81831.3087"/>
    <tag k="ele" v="0"/>
  </node>
  <node id="1375" lat="42.28032810449" lon="-85.62007083856">
    <tag k="local_x" v="13780.5531"/>
    <tag k="local_y" v="81823.3788"/>
    <tag k="ele" v="0"/>
  </node>
  <node id="1376" lat="42.2804273229" lon="-85.6200714784">
    <tag k="local_x" v="13780.3218"/>
    <tag k="local_y" v="81834.3949"/>
    <tag k="ele" v="0"/>
  </node>
  <node id="1377" lat="42.28041813904" lon="-85.62006605153">
    <tag k="local_x" v="13780.7858"/>
    <tag k="local_y" v="81833.3824"/>
    <tag k="ele" v="0"/>
  </node>
  <node id="1378" lat="42.28040839364" lon="-85.62005744247">
    <tag k="local_x" v="13781.5132"/>
    <tag k="local_y" v="81832.3118"/>
    <tag k="ele" v="0"/>
  </node>
  <node id="1379" lat="42.28040299288" lon="-85.62004937045">
    <tag k="local_x" v="13782.1885"/>
    <tag k="local_y" v="81831.7229"/>
    <tag k="ele" v="0"/>
  </node>
  <node id="1380" lat="42.28037794825" lon="-85.62005386704">
    <tag k="local_x" v="13781.8628"/>
    <tag k="local_y" v="81828.936"/>
    <tag k="ele" v="0"/>
  </node>
  <node id="1381" lat="42.28038185314" lon="-85.62006747892">
    <tag k="local_x" v="13780.7334"/>
    <tag k="local_y" v="81829.3514"/>
    <tag k="ele" v="0"/>
  </node>
  <node id="1382" lat="42.28038892139" lon="-85.62008067977">
    <tag k="local_x" v="13779.6322"/>
    <tag k="local_y" v="81830.1186"/>
    <tag k="ele" v="0"/>
  </node>
  <node id="1383" lat="42.28039768117" lon="-85.62009187779">
    <tag k="local_x" v="13778.6931"/>
    <tag k="local_y" v="81831.0763"/>
    <tag k="ele" v="0"/>
  </node>
  <node id="1384" lat="42.28040643832" lon="-85.62009866622">
    <tag k="local_x" v="13778.1176"/>
    <tag k="local_y" v="81832.0396"/>
    <tag k="ele" v="0"/>
  </node>
  <node id="1385" lat="42.28041605944" lon="-85.62010480636">
    <tag k="local_x" v="13777.594"/>
    <tag k="local_y" v="81833.0997"/>
    <tag k="ele" v="0"/>
  </node>
  <node id="1386" lat="42.28043482378" lon="-85.62011052624">
    <tag k="local_x" v="13777.0886"/>
    <tag k="local_y" v="81835.1756"/>
    <tag k="ele" v="0"/>
  </node>
  <node id="1387" lat="42.28043511056" lon="-85.62014827741">
    <tag k="local_x" v="13773.9753"/>
    <tag k="local_y" v="81835.157"/>
    <tag k="ele" v="0"/>
  </node>
  <node id="1388" lat="42.28035520247" lon="-85.62005212223">
    <tag k="local_x" v="13782.0476"/>
    <tag k="local_y" v="81826.4127"/>
    <tag k="ele" v="0"/>
  </node>
  <node id="1389" lat="42.28035806004" lon="-85.62007067841">
    <tag k="local_x" v="13780.5124"/>
    <tag k="local_y" v="81826.7052"/>
    <tag k="ele" v="0"/>
  </node>
  <node id="1390" lat="42.28036200414" lon="-85.62008956866">
    <tag k="local_x" v="13778.9477"/>
    <tag k="local_y" v="81827.1179"/>
    <tag k="ele" v="0"/>
  </node>
  <node id="1391" lat="42.28037286373" lon="-85.6201085178">
    <tag k="local_x" v="13777.3657"/>
    <tag k="local_y" v="81828.2984"/>
    <tag k="ele" v="0"/>
  </node>
  <node id="1392" lat="42.28038479868" lon="-85.62012365476">
    <tag k="local_x" v="13776.0961"/>
    <tag k="local_y" v="81829.6034"/>
    <tag k="ele" v="0"/>
  </node>
  <node id="1393" lat="42.28039806918" lon="-85.62013414796">
    <tag k="local_x" v="13775.207"/>
    <tag k="local_y" v="81831.0629"/>
    <tag k="ele" v="0"/>
  </node>
  <node id="1394" lat="42.28041054915" lon="-85.62014136573">
    <tag k="local_x" v="13774.5894"/>
    <tag k="local_y" v="81832.439"/>
    <tag k="ele" v="0"/>
  </node>
  <node id="1395" lat="42.28042158343" lon="-85.62014512104">
    <tag k="local_x" v="13774.2599"/>
    <tag k="local_y" v="81833.6592"/>
    <tag k="ele" v="0"/>
  </node>
  <node id="1396" lat="42.28039777749" lon="-85.6200580489">
    <tag k="local_x" v="13781.4823"/>
    <tag k="local_y" v="81831.1322"/>
    <tag k="ele" v="0"/>
  </node>
  <node id="1397" lat="42.28039416388" lon="-85.62007417888">
    <tag k="local_x" v="13780.1588"/>
    <tag k="local_y" v="81830.7094"/>
    <tag k="ele" v="0"/>
  </node>
  <node id="1398" lat="42.2803887802" lon="-85.62009177249">
    <tag k="local_x" v="13778.7178"/>
    <tag k="local_y" v="81830.0881"/>
    <tag k="ele" v="0"/>
  </node>
  <node id="1399" lat="42.2803823872" lon="-85.62010489721">
    <tag k="local_x" v="13777.6471"/>
    <tag k="local_y" v="81829.3607"/>
    <tag k="ele" v="0"/>
  </node>
  <node id="1400" lat="42.28037215117" lon="-85.62011905419">
    <tag k="local_x" v="13776.4982"/>
    <tag k="local_y" v="81828.2052"/>
    <tag k="ele" v="0"/>
  </node>
  <node id="1401" lat="42.28036398609" lon="-85.62012808807">
    <tag k="local_x" v="13775.768"/>
    <tag k="local_y" v="81827.2865"/>
    <tag k="ele" v="0"/>
  </node>
  <node id="1402" lat="42.2803552753" lon="-85.62013592836">
    <tag k="local_x" v="13775.1372"/>
    <tag k="local_y" v="81826.3088"/>
    <tag k="ele" v="0"/>
  </node>
  <node id="1403" lat="42.28034614247" lon="-85.6201422255">
    <tag k="local_x" v="13774.6344"/>
    <tag k="local_y" v="81825.2863"/>
    <tag k="ele" v="0"/>
  </node>
  <node id="1404" lat="42.28036370509" lon="-85.62011117354">
    <tag k="local_x" v="13777.1632"/>
    <tag k="local_y" v="81827.2779"/>
    <tag k="ele" v="0"/>
  </node>
  <node id="1405" lat="42.28036275647" lon="-85.62014939186">
    <tag k="local_x" v="13774.0136"/>
    <tag k="local_y" v="81827.1215"/>
    <tag k="ele" v="0"/>
  </node>
  <node id="1406" lat="42.28033470757" lon="-85.62014933329">
    <tag k="local_x" v="13774.0689"/>
    <tag k="local_y" v="81824.0071"/>
    <tag k="ele" v="0"/>
  </node>
  <node id="1407" lat="42.28037604657" lon="-85.62005292619">
    <tag k="local_x" v="13781.9438"/>
    <tag k="local_y" v="81828.7261"/>
    <tag k="ele" v="0"/>
  </node>
  <node id="1408" lat="42.28037340131" lon="-85.62006413419">
    <tag k="local_x" v="13781.0244"/>
    <tag k="local_y" v="81828.4174"/>
    <tag k="ele" v="0"/>
  </node>
  <node id="1409" lat="42.2803691768" lon="-85.62007814422">
    <tag k="local_x" v="13779.8768"/>
    <tag k="local_y" v="81827.9296"/>
    <tag k="ele" v="0"/>
  </node>
  <node id="1410" lat="42.2803653345" lon="-85.62008604805">
    <tag k="local_x" v="13779.232"/>
    <tag k="local_y" v="81827.4924"/>
    <tag k="ele" v="0"/>
  </node>
  <node id="1411" lat="42.2803570762" lon="-85.62009736278">
    <tag k="local_x" v="13778.3139"/>
    <tag k="local_y" v="81826.5603"/>
    <tag k="ele" v="0"/>
  </node>
  <node id="1412" lat="42.28035083402" lon="-85.62010423598">
    <tag k="local_x" v="13777.7584"/>
    <tag k="local_y" v="81825.858"/>
    <tag k="ele" v="0"/>
  </node>
  <node id="1413" lat="42.28034285654" lon="-85.62006390092">
    <tag k="local_x" v="13781.0986"/>
    <tag k="local_y" v="81825.0261"/>
    <tag k="ele" v="0"/>
  </node>
  <node id="1414" lat="42.28034706967" lon="-85.62005627884">
    <tag k="local_x" v="13781.7195"/>
    <tag k="local_y" v="81825.5041"/>
    <tag k="ele" v="0"/>
  </node>
  <node id="1415" lat="42.2803378779" lon="-85.62006912748">
    <tag k="local_x" v="13780.6766"/>
    <tag k="local_y" v="81824.4663"/>
    <tag k="ele" v="0"/>
  </node>
  <node id="1416" lat="42.28035179188" lon="-85.62004867719">
    <tag k="local_x" v="13782.3378"/>
    <tag k="local_y" v="81826.0386"/>
    <tag k="ele" v="0"/>
  </node>
  <node id="1417" lat="42.28072465417" lon="-85.620067734">
    <tag k="local_x" v="13780.0955"/>
    <tag k="local_y" v="81867.4148"/>
    <tag k="ele" v="0"/>
  </node>
  <node id="1418" lat="42.28072605606" lon="-85.62010557257">
    <tag k="local_x" v="13776.973"/>
    <tag k="local_y" v="81867.5199"/>
    <tag k="ele" v="0"/>
  </node>
  <node id="1419" lat="42.28072601737" lon="-85.62014501436">
    <tag k="local_x" v="13773.7209"/>
    <tag k="local_y" v="81867.4629"/>
    <tag k="ele" v="0"/>
  </node>
  <node id="1420" lat="42.28061014728" lon="-85.62014545213">
    <tag k="local_x" v="13773.8933"/>
    <tag k="local_y" v="81854.5964"/>
    <tag k="ele" v="0"/>
  </node>
  <node id="1421" lat="42.28068368073" lon="-85.6200330973">
    <tag k="local_x" v="13783.0252"/>
    <tag k="local_y" v="81862.9115"/>
    <tag k="ele" v="0"/>
  </node>
  <node id="1422" lat="42.28068756981" lon="-85.6200462924">
    <tag k="local_x" v="13781.9302"/>
    <tag k="local_y" v="81863.3257"/>
    <tag k="ele" v="0"/>
  </node>
  <node id="1423" lat="42.28069297057" lon="-85.62005436445">
    <tag k="local_x" v="13781.2549"/>
    <tag k="local_y" v="81863.9146"/>
    <tag k="ele" v="0"/>
  </node>
  <node id="1424" lat="42.28070271597" lon="-85.62006297355">
    <tag k="local_x" v="13780.5275"/>
    <tag k="local_y" v="81864.9852"/>
    <tag k="ele" v="0"/>
  </node>
  <node id="1425" lat="42.28071189983" lon="-85.62006840044">
    <tag k="local_x" v="13780.0635"/>
    <tag k="local_y" v="81865.9977"/>
    <tag k="ele" v="0"/>
  </node>
  <node id="1426" lat="42.28066147348" lon="-85.62003441757">
    <tag k="local_x" v="13782.9563"/>
    <tag k="local_y" v="81860.4439"/>
    <tag k="ele" v="0"/>
  </node>
  <node id="1427" lat="42.28066252518" lon="-85.62005078901">
    <tag k="local_x" v="13781.6045"/>
    <tag k="local_y" v="81860.5388"/>
    <tag k="ele" v="0"/>
  </node>
  <node id="1428" lat="42.28066643007" lon="-85.62006440096">
    <tag k="local_x" v="13780.4751"/>
    <tag k="local_y" v="81860.9542"/>
    <tag k="ele" v="0"/>
  </node>
  <node id="1429" lat="42.28067349832" lon="-85.62007760186">
    <tag k="local_x" v="13779.3739"/>
    <tag k="local_y" v="81861.7214"/>
    <tag k="ele" v="0"/>
  </node>
  <node id="1430" lat="42.2806822581" lon="-85.62008879993">
    <tag k="local_x" v="13778.4348"/>
    <tag k="local_y" v="81862.6791"/>
    <tag k="ele" v="0"/>
  </node>
  <node id="1431" lat="42.28069101525" lon="-85.62009558839">
    <tag k="local_x" v="13777.8593"/>
    <tag k="local_y" v="81863.6424"/>
    <tag k="ele" v="0"/>
  </node>
  <node id="1432" lat="42.28070063638" lon="-85.62010172855">
    <tag k="local_x" v="13777.3357"/>
    <tag k="local_y" v="81864.7025"/>
    <tag k="ele" v="0"/>
  </node>
  <node id="1433" lat="42.28071563188" lon="-85.62010589102">
    <tag k="local_x" v="13776.9655"/>
    <tag k="local_y" v="81866.362"/>
    <tag k="ele" v="0"/>
  </node>
  <node id="1434" lat="42.28071970524" lon="-85.62014457846">
    <tag k="local_x" v="13773.7682"/>
    <tag k="local_y" v="81866.7626"/>
    <tag k="ele" v="0"/>
  </node>
  <node id="1435" lat="42.28070616037" lon="-85.62014204341">
    <tag k="local_x" v="13774.0016"/>
    <tag k="local_y" v="81865.262"/>
    <tag k="ele" v="0"/>
  </node>
  <node id="1436" lat="42.28069512609" lon="-85.62013828809">
    <tag k="local_x" v="13774.3311"/>
    <tag k="local_y" v="81864.0418"/>
    <tag k="ele" v="0"/>
  </node>
  <node id="1437" lat="42.28068264611" lon="-85.62013107029">
    <tag k="local_x" v="13774.9487"/>
    <tag k="local_y" v="81862.6657"/>
    <tag k="ele" v="0"/>
  </node>
  <node id="1438" lat="42.28066937562" lon="-85.62012057704">
    <tag k="local_x" v="13775.8378"/>
    <tag k="local_y" v="81861.2062"/>
    <tag k="ele" v="0"/>
  </node>
  <node id="1439" lat="42.28065744066" lon="-85.62010544001">
    <tag k="local_x" v="13777.1074"/>
    <tag k="local_y" v="81859.9012"/>
    <tag k="ele" v="0"/>
  </node>
  <node id="1440" lat="42.28064658107" lon="-85.62008649079">
    <tag k="local_x" v="13778.6894"/>
    <tag k="local_y" v="81858.7207"/>
    <tag k="ele" v="0"/>
  </node>
  <node id="1441" lat="42.28064263697" lon="-85.62006760047">
    <tag k="local_x" v="13780.2541"/>
    <tag k="local_y" v="81858.308"/>
    <tag k="ele" v="0"/>
  </node>
  <node id="1442" lat="42.28063977941" lon="-85.6200490442">
    <tag k="local_x" v="13781.7893"/>
    <tag k="local_y" v="81858.0155"/>
    <tag k="ele" v="0"/>
  </node>
  <node id="1443" lat="42.28063948575" lon="-85.62003250098">
    <tag k="local_x" v="13783.1539"/>
    <tag k="local_y" v="81858.005"/>
    <tag k="ele" v="0"/>
  </node>
  <node id="1444" lat="42.2806209832" lon="-85.6201081773">
    <tag k="local_x" v="13776.9473"/>
    <tag k="local_y" v="81855.8494"/>
    <tag k="ele" v="0"/>
  </node>
  <node id="1445" lat="42.28063541096" lon="-85.62010115818">
    <tag k="local_x" v="13777.5001"/>
    <tag k="local_y" v="81857.4608"/>
    <tag k="ele" v="0"/>
  </node>
  <node id="1446" lat="42.28064165315" lon="-85.62009428616">
    <tag k="local_x" v="13778.0555"/>
    <tag k="local_y" v="81858.1631"/>
    <tag k="ele" v="0"/>
  </node>
  <node id="1447" lat="42.28064991145" lon="-85.62008297138">
    <tag k="local_x" v="13778.9736"/>
    <tag k="local_y" v="81859.0952"/>
    <tag k="ele" v="0"/>
  </node>
  <node id="1448" lat="42.28065375373" lon="-85.6200750663">
    <tag k="local_x" v="13779.6185"/>
    <tag k="local_y" v="81859.5324"/>
    <tag k="ele" v="0"/>
  </node>
  <node id="1449" lat="42.28065797824" lon="-85.62006105621">
    <tag k="local_x" v="13780.7661"/>
    <tag k="local_y" v="81860.0202"/>
    <tag k="ele" v="0"/>
  </node>
  <node id="1450" lat="42.28066062351" lon="-85.62004984937">
    <tag k="local_x" v="13781.6854"/>
    <tag k="local_y" v="81860.3289"/>
    <tag k="ele" v="0"/>
  </node>
  <node id="1451" lat="42.28068235442" lon="-85.62005497089">
    <tag k="local_x" v="13781.224"/>
    <tag k="local_y" v="81862.735"/>
    <tag k="ele" v="0"/>
  </node>
  <node id="1452" lat="42.28067874081" lon="-85.62007110094">
    <tag k="local_x" v="13779.9005"/>
    <tag k="local_y" v="81862.3122"/>
    <tag k="ele" v="0"/>
  </node>
  <node id="1453" lat="42.28067335713" lon="-85.62008869463">
    <tag k="local_x" v="13778.4595"/>
    <tag k="local_y" v="81861.6909"/>
    <tag k="ele" v="0"/>
  </node>
  <node id="1454" lat="42.28066696414" lon="-85.62010181941">
    <tag k="local_x" v="13777.3888"/>
    <tag k="local_y" v="81860.9635"/>
    <tag k="ele" v="0"/>
  </node>
  <node id="1455" lat="42.2806567281" lon="-85.62011597645">
    <tag k="local_x" v="13776.2399"/>
    <tag k="local_y" v="81859.808"/>
    <tag k="ele" v="0"/>
  </node>
  <node id="1456" lat="42.28064856303" lon="-85.62012501038">
    <tag k="local_x" v="13775.5097"/>
    <tag k="local_y" v="81858.8893"/>
    <tag k="ele" v="0"/>
  </node>
  <node id="1457" lat="42.28063985224" lon="-85.6201328507">
    <tag k="local_x" v="13774.8789"/>
    <tag k="local_y" v="81857.9116"/>
    <tag k="ele" v="0"/>
  </node>
  <node id="1458" lat="42.28063071941" lon="-85.62013914788">
    <tag k="local_x" v="13774.3761"/>
    <tag k="local_y" v="81856.8891"/>
    <tag k="ele" v="0"/>
  </node>
  <node id="1459" lat="42.28061929299" lon="-85.62014576312">
    <tag k="local_x" v="13773.8512"/>
    <tag k="local_y" v="81855.6115"/>
    <tag k="ele" v="0"/>
  </node>
  <node id="1460" lat="42.28062386935" lon="-85.62006991412">
    <tag k="local_x" v="13780.0971"/>
    <tag k="local_y" v="81856.221"/>
    <tag k="ele" v="0"/>
  </node>
  <node id="1461" lat="42.28063118248" lon="-85.62006275313">
    <tag k="local_x" v="13780.6744"/>
    <tag k="local_y" v="81857.0426"/>
    <tag k="ele" v="0"/>
  </node>
  <node id="1462" lat="42.28063603924" lon="-85.62005375986">
    <tag k="local_x" v="13781.4072"/>
    <tag k="local_y" v="81857.5939"/>
    <tag k="ele" v="0"/>
  </node>
  <node id="1463" lat="42.28063792659" lon="-85.62004400672">
    <tag k="local_x" v="13782.208"/>
    <tag k="local_y" v="81857.8165"/>
    <tag k="ele" v="0"/>
  </node>
  <node id="1464" lat="42.28064828203" lon="-85.62010809577">
    <tag k="local_x" v="13776.9049"/>
    <tag k="local_y" v="81858.8807"/>
    <tag k="ele" v="0"/>
  </node>
  <node id="1465" lat="42.28069035387" lon="-85.62010790772">
    <tag k="local_x" v="13776.8447"/>
    <tag k="local_y" v="81863.5525"/>
    <tag k="ele" v="0"/>
  </node>
  <node id="1466" lat="42.2806483934" lon="-85.62014593821">
    <tag k="local_x" v="13773.7844"/>
    <tag k="local_y" v="81858.8425"/>
    <tag k="ele" v="0"/>
  </node>
  <node id="1467" lat="42.28067597093" lon="-85.62014574268">
    <tag k="local_x" v="13773.7509"/>
    <tag k="local_y" v="81861.9049"/>
    <tag k="ele" v="0"/>
  </node>
  <node id="1468" lat="42.28063399947" lon="-85.62014604009">
    <tag k="local_x" v="13773.8019"/>
    <tag k="local_y" v="81857.2441"/>
    <tag k="ele" v="0"/>
  </node>
  <node id="1469" lat="42.28068273494" lon="-85.61998706251">
    <tag k="local_x" v="13786.8227"/>
    <tag k="local_y" v="81862.868"/>
    <tag k="ele" v="0"/>
  </node>
  <node id="1470" lat="42.28066052769" lon="-85.61998838279">
    <tag k="local_x" v="13786.7538"/>
    <tag k="local_y" v="81860.4004"/>
    <tag k="ele" v="0"/>
  </node>
  <node id="1471" lat="42.28063853996" lon="-85.61998646622">
    <tag k="local_x" v="13786.9514"/>
    <tag k="local_y" v="81857.9615"/>
    <tag k="ele" v="0"/>
  </node>
  <node id="1472" lat="42.28068307503" lon="-85.62002744318">
    <tag k="local_x" v="13783.4925"/>
    <tag k="local_y" v="81862.8518"/>
    <tag k="ele" v="0"/>
  </node>
  <node id="1473" lat="42.28068271815" lon="-85.62002308253">
    <tag k="local_x" v="13783.8527"/>
    <tag k="local_y" v="81862.818"/>
    <tag k="ele" v="0"/>
  </node>
  <node id="1474" lat="42.2806822869" lon="-85.62001478802">
    <tag k="local_x" v="13784.5374"/>
    <tag k="local_y" v="81862.7812"/>
    <tag k="ele" v="0"/>
  </node>
  <node id="1475" lat="42.28066097742" lon="-85.62003068939">
    <tag k="local_x" v="13783.2646"/>
    <tag k="local_y" v="81860.3938"/>
    <tag k="ele" v="0"/>
  </node>
  <node id="1476" lat="42.28066056863" lon="-85.62002560826">
    <tag k="local_x" v="13783.6843"/>
    <tag k="local_y" v="81860.3552"/>
    <tag k="ele" v="0"/>
  </node>
  <node id="1477" lat="42.28066033703" lon="-85.6200205075">
    <tag k="local_x" v="13784.1053"/>
    <tag k="local_y" v="81860.3363"/>
    <tag k="ele" v="0"/>
  </node>
  <node id="1478" lat="42.28070757993" lon="-85.61895099852">
    <tag k="local_x" v="13872.2066"/>
    <tag k="local_y" v="81867.0118"/>
    <tag k="ele" v="0"/>
  </node>
  <node id="1479" lat="42.28065919307" lon="-85.61894998757">
    <tag k="local_x" v="13872.3771"/>
    <tag k="local_y" v="81861.6404"/>
    <tag k="ele" v="0"/>
  </node>
  <node id="1480" lat="42.28070649076" lon="-85.61899284393">
    <tag k="local_x" v="13868.7582"/>
    <tag k="local_y" v="81866.8349"/>
    <tag k="ele" v="0"/>
  </node>
  <node id="1481" lat="42.28064416623" lon="-85.61899242843">
    <tag k="local_x" v="13868.9047"/>
    <tag k="local_y" v="81859.9151"/>
    <tag k="ele" v="0"/>
  </node>
  <node id="1482" lat="42.28063861461" lon="-85.61898776405">
    <tag k="local_x" v="13869.2993"/>
    <tag k="local_y" v="81859.3049"/>
    <tag k="ele" v="0"/>
  </node>
  <node id="1483" lat="42.28067103624" lon="-85.61898769991">
    <tag k="local_x" v="13869.2462"/>
    <tag k="local_y" v="81862.905"/>
    <tag k="ele" v="0"/>
  </node>
  <node id="1484" lat="42.28067702162" lon="-85.61897065208">
    <tag k="local_x" v="13870.6411"/>
    <tag k="local_y" v="81863.5924"/>
    <tag k="ele" v="0"/>
  </node>
  <node id="1485" lat="42.28068556889" lon="-85.61896135497">
    <tag k="local_x" v="13871.3923"/>
    <tag k="local_y" v="81864.5539"/>
    <tag k="ele" v="0"/>
  </node>
  <node id="1486" lat="42.2806940525" lon="-85.61895439992">
    <tag k="local_x" v="13871.9505"/>
    <tag k="local_y" v="81865.5052"/>
    <tag k="ele" v="0"/>
  </node>
  <node id="1487" lat="42.28066799686" lon="-85.61898830962">
    <tag k="local_x" v="13869.2014"/>
    <tag k="local_y" v="81862.5667"/>
    <tag k="ele" v="0"/>
  </node>
  <node id="1488" lat="42.28066439198" lon="-85.61897494224">
    <tag k="local_x" v="13870.3101"/>
    <tag k="local_y" v="81862.1843"/>
    <tag k="ele" v="0"/>
  </node>
  <node id="1489" lat="42.28065951456" lon="-85.61896336967">
    <tag k="local_x" v="13871.2731"/>
    <tag k="local_y" v="81861.6582"/>
    <tag k="ele" v="0"/>
  </node>
  <node id="1490" lat="42.28065404129" lon="-85.61895676191">
    <tag k="local_x" v="13871.8278"/>
    <tag k="local_y" v="81861.0593"/>
    <tag k="ele" v="0"/>
  </node>
  <node id="1491" lat="42.28064816683" lon="-85.61895243567">
    <tag k="local_x" v="13872.1951"/>
    <tag k="local_y" v="81860.4128"/>
    <tag k="ele" v="0"/>
  </node>
  <node id="1492" lat="42.28064176904" lon="-85.61894974841">
    <tag k="local_x" v="13872.4282"/>
    <tag k="local_y" v="81859.706"/>
    <tag k="ele" v="0"/>
  </node>
  <node id="1493" lat="42.28064676864" lon="-85.61898073737">
    <tag k="local_x" v="13869.864"/>
    <tag k="local_y" v="81860.2197"/>
    <tag k="ele" v="0"/>
  </node>
  <node id="1494" lat="42.2806516233" lon="-85.61897060406">
    <tag k="local_x" v="13870.6908"/>
    <tag k="local_y" v="81860.7723"/>
    <tag k="ele" v="0"/>
  </node>
  <node id="1495" lat="42.28065632879" lon="-85.61896476119">
    <tag k="local_x" v="13871.1641"/>
    <tag k="local_y" v="81861.3026"/>
    <tag k="ele" v="0"/>
  </node>
  <node id="1496" lat="42.28066196381" lon="-85.61895982457">
    <tag k="local_x" v="13871.561"/>
    <tag k="local_y" v="81861.9349"/>
    <tag k="ele" v="0"/>
  </node>
  <node id="1497" lat="42.28067422357" lon="-85.61895458439">
    <tag k="local_x" v="13871.971"/>
    <tag k="local_y" v="81863.3032"/>
    <tag k="ele" v="0"/>
  </node>
  <node id="1498" lat="42.28068528171" lon="-85.61899232116">
    <tag k="local_x" v="13868.8395"/>
    <tag k="local_y" v="81864.4806"/>
    <tag k="ele" v="0"/>
  </node>
  <node id="1499" lat="42.28069219981" lon="-85.61899184868">
    <tag k="local_x" v="13868.866"/>
    <tag k="local_y" v="81865.2494"/>
    <tag k="ele" v="0"/>
  </node>
  <node id="1500" lat="42.28067662554" lon="-85.61899646511">
    <tag k="local_x" v="13868.5134"/>
    <tag k="local_y" v="81863.5139"/>
    <tag k="ele" v="0"/>
  </node>
  <node id="1501" lat="42.28064552362" lon="-85.61900515604">
    <tag k="local_x" v="13867.8528"/>
    <tag k="local_y" v="81860.0488"/>
    <tag k="ele" v="0"/>
  </node>
  <node id="1502" lat="42.28068870616" lon="-85.6190144124">
    <tag k="local_x" v="13867.0118"/>
    <tag k="local_y" v="81864.8313"/>
    <tag k="ele" v="0"/>
  </node>
  <node id="1503" lat="42.28066888355" lon="-85.61901414921">
    <tag k="local_x" v="13867.0692"/>
    <tag k="local_y" v="81862.6306"/>
    <tag k="ele" v="0"/>
  </node>
  <node id="1504" lat="42.28068966622" lon="-85.61900716082">
    <tag k="local_x" v="13867.608"/>
    <tag k="local_y" v="81864.9476"/>
    <tag k="ele" v="0"/>
  </node>
  <node id="1505" lat="42.28069471171" lon="-85.61899739323">
    <tag k="local_x" v="13868.4043"/>
    <tag k="local_y" v="81865.5209"/>
    <tag k="ele" v="0"/>
  </node>
  <node id="1506" lat="42.28040867601" lon="-85.61894799218">
    <tag k="local_x" v="13872.9928"/>
    <tag k="local_y" v="81833.8263"/>
    <tag k="ele" v="0"/>
  </node>
  <node id="1507" lat="42.28038922164" lon="-85.61895056249">
    <tag k="local_x" v="13872.8159"/>
    <tag k="local_y" v="81831.6627"/>
    <tag k="ele" v="0"/>
  </node>
  <node id="1508" lat="42.28038086563" lon="-85.61895510129">
    <tag k="local_x" v="13872.4567"/>
    <tag k="local_y" v="81830.7288"/>
    <tag k="ele" v="0"/>
  </node>
  <node id="1509" lat="42.28037144605" lon="-85.61896532578">
    <tag k="local_x" v="13871.6306"/>
    <tag k="local_y" v="81829.6692"/>
    <tag k="ele" v="0"/>
  </node>
  <node id="1510" lat="42.28036594373" lon="-85.61897851363">
    <tag k="local_x" v="13870.5531"/>
    <tag k="local_y" v="81829.0406"/>
    <tag k="ele" v="0"/>
  </node>
  <node id="1511" lat="42.2803873253" lon="-85.61898109677">
    <tag k="local_x" v="13870.3016"/>
    <tag k="local_y" v="81831.4113"/>
    <tag k="ele" v="0"/>
  </node>
  <node id="1512" lat="42.2803909284" lon="-85.61897143471">
    <tag k="local_x" v="13871.0918"/>
    <tag k="local_y" v="81831.8243"/>
    <tag k="ele" v="0"/>
  </node>
  <node id="1513" lat="42.28039520245" lon="-85.61896371784">
    <tag k="local_x" v="13871.7204"/>
    <tag k="local_y" v="81832.3092"/>
    <tag k="ele" v="0"/>
  </node>
  <node id="1514" lat="42.28040008504" lon="-85.6189558288">
    <tag k="local_x" v="13872.3621"/>
    <tag k="local_y" v="81832.8619"/>
    <tag k="ele" v="0"/>
  </node>
  <node id="1515" lat="42.28041055338" lon="-85.61899948088">
    <tag k="local_x" v="13868.7439"/>
    <tag k="local_y" v="81833.9659"/>
    <tag k="ele" v="0"/>
  </node>
  <node id="1516" lat="42.28042175976" lon="-85.61898888385">
    <tag k="local_x" v="13869.5975"/>
    <tag k="local_y" v="81835.2244"/>
    <tag k="ele" v="0"/>
  </node>
  <node id="1517" lat="42.2804165351" lon="-85.61898998032">
    <tag k="local_x" v="13869.5165"/>
    <tag k="local_y" v="81834.6428"/>
    <tag k="ele" v="0"/>
  </node>
  <node id="1518" lat="42.28040930828" lon="-85.61901320033">
    <tag k="local_x" v="13867.6149"/>
    <tag k="local_y" v="81833.8093"/>
    <tag k="ele" v="0"/>
  </node>
  <node id="1519" lat="42.28039197021" lon="-85.61899130999">
    <tag k="local_x" v="13869.4511"/>
    <tag k="local_y" v="81831.9134"/>
    <tag k="ele" v="0"/>
  </node>
  <node id="1520" lat="42.28039949304" lon="-85.61898915309">
    <tag k="local_x" v="13869.6154"/>
    <tag k="local_y" v="81832.7516"/>
    <tag k="ele" v="0"/>
  </node>
  <node id="1521" lat="42.2789445482" lon="-85.61888140594">
    <tag k="local_x" v="13881.1201"/>
    <tag k="local_y" v="81671.3424"/>
    <tag k="ele" v="0"/>
  </node>
  <node id="1522" lat="42.27897752295" lon="-85.6188869617">
    <tag k="local_x" v="13880.6026"/>
    <tag k="local_y" v="81674.9964"/>
    <tag k="ele" v="0"/>
  </node>
  <node id="1523" lat="42.27900179375" lon="-85.61891048893">
    <tag k="local_x" v="13878.6189"/>
    <tag k="local_y" v="81677.6599"/>
    <tag k="ele" v="0"/>
  </node>
  <node id="1524" lat="42.27897733424" lon="-85.61885581634">
    <tag k="local_x" v="13883.1711"/>
    <tag k="local_y" v="81675.0171"/>
    <tag k="ele" v="0"/>
  </node>
  <node id="1525" lat="42.27902605939" lon="-85.61888266962">
    <tag k="local_x" v="13880.8691"/>
    <tag k="local_y" v="81680.3915"/>
    <tag k="ele" v="0"/>
    <tag k="direction" v="backward"/>
    <tag k="highway" v="stop"/>
  </node>
  <node id="1526" lat="42.27906516781" lon="-85.61887563889">
    <tag k="local_x" v="13881.3784"/>
    <tag k="local_y" v="81684.7434"/>
    <tag k="ele" v="0"/>
  </node>
  <node id="1527" lat="42.27913572469" lon="-85.61885257386">
    <tag k="local_x" v="13883.1532"/>
    <tag k="local_y" v="81692.6087"/>
    <tag k="ele" v="0"/>
  </node>
  <node id="1528" lat="42.27916530568" lon="-85.61882797223">
    <tag k="local_x" v="13885.1285"/>
    <tag k="local_y" v="81695.9262"/>
    <tag k="ele" v="0"/>
  </node>
  <node id="1529" lat="42.27923720489" lon="-85.61878520691">
    <tag k="local_x" v="13888.5253"/>
    <tag k="local_y" v="81703.9669"/>
    <tag k="ele" v="0"/>
  </node>
  <node id="1530" lat="42.27930195222" lon="-85.61873270404">
    <tag k="local_x" v="13892.7379"/>
    <tag k="local_y" v="81711.2265"/>
    <tag k="ele" v="0"/>
  </node>
  <node id="1531" lat="42.27949176067" lon="-85.61858403687">
    <tag k="local_x" v="13904.6546"/>
    <tag k="local_y" v="81732.5012"/>
    <tag k="ele" v="0"/>
  </node>
  <node id="1532" lat="42.27952602802" lon="-85.61857458668">
    <tag k="local_x" v="13905.3721"/>
    <tag k="local_y" v="81736.3188"/>
    <tag k="ele" v="0"/>
  </node>
  <node id="1533" lat="42.27956579703" lon="-85.61857013658">
    <tag k="local_x" v="13905.6674"/>
    <tag k="local_y" v="81740.7406"/>
    <tag k="ele" v="0"/>
  </node>
  <node id="1534" lat="42.27914808999" lon="-85.6187482083">
    <tag k="local_x" v="13891.7366"/>
    <tag k="local_y" v="81694.1213"/>
    <tag k="ele" v="0"/>
  </node>
  <node id="1535" lat="42.27921128226" lon="-85.61871755933">
    <tag k="local_x" v="13894.15"/>
    <tag k="local_y" v="81701.179"/>
    <tag k="ele" v="0"/>
  </node>
  <node id="1536" lat="42.27927342406" lon="-85.61866699432">
    <tag k="local_x" v="13898.2075"/>
    <tag k="local_y" v="81708.1467"/>
    <tag k="ele" v="0"/>
  </node>
  <node id="1537" lat="42.27946592277" lon="-85.61851633146">
    <tag k="local_x" v="13910.2839"/>
    <tag k="local_y" v="81729.7228"/>
    <tag k="ele" v="0"/>
  </node>
  <node id="1538" lat="42.27951745716" lon="-85.61849924684">
    <tag k="local_x" v="13911.5998"/>
    <tag k="local_y" v="81735.4679"/>
    <tag k="ele" v="0"/>
  </node>
  <node id="1539" lat="42.27956134455" lon="-85.61849412095">
    <tag k="local_x" v="13911.9434"/>
    <tag k="local_y" v="81740.3479"/>
    <tag k="ele" v="0"/>
  </node>
  <node id="1540" lat="42.27900996549" lon="-85.61889730612">
    <tag k="local_x" v="13879.6912"/>
    <tag k="local_y" v="81678.5849"/>
    <tag k="ele" v="0"/>
  </node>
  <node id="1541" lat="42.27901750039" lon="-85.61888994509">
    <tag k="local_x" v="13880.2846"/>
    <tag k="local_y" v="81679.4314"/>
    <tag k="ele" v="0"/>
  </node>
  <node id="1542" lat="42.27913564914" lon="-85.61879149763">
    <tag k="local_x" v="13888.1895"/>
    <tag k="local_y" v="81692.682"/>
    <tag k="ele" v="0"/>
  </node>
  <node id="1543" lat="42.27904187283" lon="-85.61879555187">
    <tag k="local_x" v="13888.0241"/>
    <tag k="local_y" v="81682.2639"/>
    <tag k="ele" v="0"/>
  </node>
  <node id="1544" lat="42.27901767532" lon="-85.61879478277">
    <tag k="local_x" v="13888.1311"/>
    <tag k="local_y" v="81679.5781"/>
    <tag k="ele" v="0"/>
  </node>
  <node id="1545" lat="42.27900677771" lon="-85.61887587489">
    <tag k="local_x" v="13881.4641"/>
    <tag k="local_y" v="81678.2596"/>
    <tag k="ele" v="0"/>
  </node>
  <node id="1546" lat="42.27908696129" lon="-85.618796602">
    <tag k="local_x" v="13887.8563"/>
    <tag k="local_y" v="81687.269"/>
    <tag k="ele" v="0"/>
  </node>
  <node id="1547" lat="42.27908964522" lon="-85.61883078302">
    <tag k="local_x" v="13885.033"/>
    <tag k="local_y" v="81687.5213"/>
    <tag k="ele" v="0"/>
  </node>
  <node id="1548" lat="42.27901958255" lon="-85.61883850201">
    <tag k="local_x" v="13884.5227"/>
    <tag k="local_y" v="81679.7314"/>
    <tag k="ele" v="0"/>
  </node>
  <node id="1549" lat="42.27910630735" lon="-85.61882227423">
    <tag k="local_x" v="13885.7046"/>
    <tag k="local_y" v="81689.3828"/>
    <tag k="ele" v="0"/>
  </node>
  <node id="1550" lat="42.27913999325" lon="-85.61874967311">
    <tag k="local_x" v="13891.6304"/>
    <tag k="local_y" v="81693.2203"/>
    <tag k="ele" v="0"/>
  </node>
  <node id="1551" lat="42.27908742731" lon="-85.618758207">
    <tag k="local_x" v="13891.0214"/>
    <tag k="local_y" v="81687.3721"/>
    <tag k="ele" v="0"/>
  </node>
  <node id="1552" lat="42.27904365055" lon="-85.61875532367">
    <tag k="local_x" v="13891.338"/>
    <tag k="local_y" v="81682.5151"/>
    <tag k="ele" v="0"/>
  </node>
  <node id="1553" lat="42.27901882259" lon="-85.61875268253">
    <tag k="local_x" v="13891.6005"/>
    <tag k="local_y" v="81679.7618"/>
    <tag k="ele" v="0"/>
  </node>
  <node id="1554" lat="42.27900848742" lon="-85.61884210974">
    <tag k="local_x" v="13884.2452"/>
    <tag k="local_y" v="81678.4946"/>
    <tag k="ele" v="0"/>
  </node>
  <node id="1555" lat="42.27899818735" lon="-85.61884944264">
    <tag k="local_x" v="13883.6591"/>
    <tag k="local_y" v="81677.3411"/>
    <tag k="ele" v="0"/>
  </node>
  <node id="1556" lat="42.2789913826" lon="-85.61885685807">
    <tag k="local_x" v="13883.0599"/>
    <tag k="local_y" v="81676.5756"/>
    <tag k="ele" v="0"/>
  </node>
  <node id="1557" lat="42.27898515795" lon="-85.61886495695">
    <tag k="local_x" v="13882.4033"/>
    <tag k="local_y" v="81675.8736"/>
    <tag k="ele" v="0"/>
  </node>
  <node id="1558" lat="42.27898113305" lon="-85.61887332067">
    <tag k="local_x" v="13881.7209"/>
    <tag k="local_y" v="81675.4155"/>
    <tag k="ele" v="0"/>
  </node>
  <node id="1559" lat="42.27911052153" lon="-85.61886484076">
    <tag k="local_x" v="13882.1871"/>
    <tag k="local_y" v="81689.7938"/>
    <tag k="ele" v="0"/>
  </node>
  <node id="1560" lat="42.27900159473" lon="-85.61883766396">
    <tag k="local_x" v="13884.6242"/>
    <tag k="local_y" v="81677.7352"/>
    <tag k="ele" v="0"/>
  </node>
  <node id="1561" lat="42.27899147229" lon="-85.61883454636">
    <tag k="local_x" v="13884.8995"/>
    <tag k="local_y" v="81676.6154"/>
    <tag k="ele" v="0"/>
  </node>
  <node id="1562" lat="42.27897845379" lon="-85.61882801142">
    <tag k="local_x" v="13885.4618"/>
    <tag k="local_y" v="81675.1786"/>
    <tag k="ele" v="0"/>
  </node>
  <node id="1563" lat="42.27896887998" lon="-85.61881974947">
    <tag k="local_x" v="13886.1603"/>
    <tag k="local_y" v="81674.1266"/>
    <tag k="ele" v="0"/>
  </node>
  <node id="1564" lat="42.27895956226" lon="-85.61881151347">
    <tag k="local_x" v="13886.8562"/>
    <tag k="local_y" v="81673.103"/>
    <tag k="ele" v="0"/>
  </node>
  <node id="1565" lat="42.27894912092" lon="-85.61880038898">
    <tag k="local_x" v="13887.7923"/>
    <tag k="local_y" v="81671.9585"/>
    <tag k="ele" v="0"/>
  </node>
  <node id="1566" lat="42.27893883458" lon="-85.61878650575">
    <tag k="local_x" v="13888.9556"/>
    <tag k="local_y" v="81670.8349"/>
    <tag k="ele" v="0"/>
  </node>
  <node id="1567" lat="42.2789300068" lon="-85.61877415996">
    <tag k="local_x" v="13889.9895"/>
    <tag k="local_y" v="81669.8712"/>
    <tag k="ele" v="0"/>
  </node>
  <node id="1568" lat="42.27892323993" lon="-85.61876221545">
    <tag k="local_x" v="13890.9866"/>
    <tag k="local_y" v="81669.1358"/>
    <tag k="ele" v="0"/>
  </node>
  <node id="1569" lat="42.2790042781" lon="-85.61879247041">
    <tag k="local_x" v="13888.3459"/>
    <tag k="local_y" v="81678.0936"/>
    <tag k="ele" v="0"/>
  </node>
  <node id="1570" lat="42.27899461916" lon="-85.61879022557">
    <tag k="local_x" v="13888.5484"/>
    <tag k="local_y" v="81677.0241"/>
    <tag k="ele" v="0"/>
  </node>
  <node id="1571" lat="42.27898417595" lon="-85.61878544987">
    <tag k="local_x" v="13888.961"/>
    <tag k="local_y" v="81675.8709"/>
    <tag k="ele" v="0"/>
  </node>
  <node id="1572" lat="42.2789779276" lon="-85.61878081418">
    <tag k="local_x" v="13889.3545"/>
    <tag k="local_y" v="81675.1833"/>
    <tag k="ele" v="0"/>
  </node>
  <node id="1573" lat="42.27896704078" lon="-85.61877218315">
    <tag k="local_x" v="13890.0858"/>
    <tag k="local_y" v="81673.986"/>
    <tag k="ele" v="0"/>
  </node>
  <node id="1574" lat="42.27895775276" lon="-85.61876200246">
    <tag k="local_x" v="13890.942"/>
    <tag k="local_y" v="81672.9683"/>
    <tag k="ele" v="0"/>
  </node>
  <node id="1575" lat="42.27897512272" lon="-85.61883760184">
    <tag k="local_x" v="13884.677"/>
    <tag k="local_y" v="81674.7959"/>
    <tag k="ele" v="0"/>
  </node>
  <node id="1576" lat="42.27894789589" lon="-85.6187505778">
    <tag k="local_x" v="13891.9018"/>
    <tag k="local_y" v="81671.8891"/>
    <tag k="ele" v="0"/>
  </node>
  <node id="1577" lat="42.27894105019" lon="-85.6188383315">
    <tag k="local_x" v="13884.6782"/>
    <tag k="local_y" v="81671.0116"/>
    <tag k="ele" v="0"/>
  </node>
  <node id="1578" lat="42.2790891264" lon="-85.6188707036">
    <tag k="local_x" v="13881.7422"/>
    <tag k="local_y" v="81687.4103"/>
    <tag k="ele" v="0"/>
  </node>
  <node id="1579" lat="42.27907000102" lon="-85.61879695791">
    <tag k="local_x" v="13887.8575"/>
    <tag k="local_y" v="81685.3853"/>
    <tag k="ele" v="0"/>
  </node>
  <node id="1580" lat="42.27900870683" lon="-85.61875109164">
    <tag k="local_x" v="13891.7499"/>
    <tag k="local_y" v="81678.6407"/>
    <tag k="ele" v="0"/>
  </node>
  <node id="1581" lat="42.27900018686" lon="-85.61874762616">
    <tag k="local_x" v="13892.051"/>
    <tag k="local_y" v="81677.6993"/>
    <tag k="ele" v="0"/>
  </node>
  <node id="1582" lat="42.27899174754" lon="-85.61874375385">
    <tag k="local_x" v="13892.3855"/>
    <tag k="local_y" v="81676.7674"/>
    <tag k="ele" v="0"/>
  </node>
  <node id="1583" lat="42.27898447202" lon="-85.61873892837">
    <tag k="local_x" v="13892.7965"/>
    <tag k="local_y" v="81675.966"/>
    <tag k="ele" v="0"/>
  </node>
  <node id="1584" lat="42.27897632295" lon="-85.61872775018">
    <tag k="local_x" v="13893.7329"/>
    <tag k="local_y" v="81675.0761"/>
    <tag k="ele" v="0"/>
  </node>
  <node id="1585" lat="42.27890424565" lon="-85.61871333939">
    <tag k="local_x" v="13895.051"/>
    <tag k="local_y" v="81667.0921"/>
    <tag k="ele" v="0"/>
  </node>
  <node id="1586" lat="42.27900541451" lon="-85.61880090695">
    <tag k="local_x" v="13887.6482"/>
    <tag k="local_y" v="81678.2085"/>
    <tag k="ele" v="0"/>
  </node>
  <node id="1587" lat="42.27899326357" lon="-85.61881121879">
    <tag k="local_x" v="13886.8198"/>
    <tag k="local_y" v="81676.8455"/>
    <tag k="ele" v="0"/>
  </node>
  <node id="1588" lat="42.27898576191" lon="-85.61883023606">
    <tag k="local_x" v="13885.2652"/>
    <tag k="local_y" v="81675.9871"/>
    <tag k="ele" v="0"/>
  </node>
  <node id="1589" lat="42.2789820291" lon="-85.61884722212">
    <tag k="local_x" v="13883.8713"/>
    <tag k="local_y" v="81675.5499"/>
    <tag k="ele" v="0"/>
  </node>
  <node id="1590" lat="42.27899655462" lon="-85.61875755909">
    <tag k="local_x" v="13891.2385"/>
    <tag k="local_y" v="81677.2827"/>
    <tag k="ele" v="0"/>
  </node>
  <node id="1591" lat="42.27898725527" lon="-85.61876363315">
    <tag k="local_x" v="13890.7544"/>
    <tag k="local_y" v="81676.242"/>
    <tag k="ele" v="0"/>
  </node>
  <node id="1592" lat="42.27897514996" lon="-85.61877541506">
    <tag k="local_x" v="13889.8047"/>
    <tag k="local_y" v="81674.8821"/>
    <tag k="ele" v="0"/>
  </node>
  <node id="1593" lat="42.27896672474" lon="-85.61878901089">
    <tag k="local_x" v="13888.6988"/>
    <tag k="local_y" v="81673.9284"/>
    <tag k="ele" v="0"/>
  </node>
  <node id="1594" lat="42.27895576228" lon="-85.61881529657">
    <tag k="local_x" v="13886.5511"/>
    <tag k="local_y" v="81672.676"/>
    <tag k="ele" v="0"/>
  </node>
  <node id="1595" lat="42.27895095967" lon="-85.61883124483">
    <tag k="local_x" v="13885.2447"/>
    <tag k="local_y" v="81672.1214"/>
    <tag k="ele" v="0"/>
  </node>
  <node id="1596" lat="42.27894799455" lon="-85.61884990832">
    <tag k="local_x" v="13883.7111"/>
    <tag k="local_y" v="81671.7672"/>
    <tag k="ele" v="0"/>
  </node>
  <node id="1597" lat="42.27912239313" lon="-85.61881197345">
    <tag k="local_x" v="13886.525"/>
    <tag k="local_y" v="81691.1827"/>
    <tag k="ele" v="0"/>
  </node>
  <node id="1598" lat="42.27913796436" lon="-85.61880030137">
    <tag k="local_x" v="13887.4594"/>
    <tag k="local_y" v="81692.9273"/>
    <tag k="ele" v="0"/>
  </node>
  <node id="1599" lat="42.27907810544" lon="-85.61883224297">
    <tag k="local_x" v="13884.9334"/>
    <tag k="local_y" v="81686.238"/>
    <tag k="ele" v="0"/>
  </node>
  <node id="1600" lat="42.27908230998" lon="-85.61879669996">
    <tag k="local_x" v="13887.8566"/>
    <tag k="local_y" v="81686.7524"/>
    <tag k="ele" v="0"/>
  </node>
  <node id="1601" lat="42.27908298384" lon="-85.61875791477">
    <tag k="local_x" v="13891.0535"/>
    <tag k="local_y" v="81686.8791"/>
    <tag k="ele" v="0"/>
  </node>
  <node id="1602" lat="42.28038884019" lon="-85.61853446696">
    <tag k="local_x" v="13907.1259"/>
    <tag k="local_y" v="81832.1769"/>
    <tag k="ele" v="0"/>
  </node>
  <node id="1603" lat="42.27957103731" lon="-85.61849416507">
    <tag k="local_x" v="13911.9223"/>
    <tag k="local_y" v="81741.4241"/>
    <tag k="ele" v="0"/>
  </node>
  <node id="1604" lat="42.28038888863" lon="-85.61849565582">
    <tag k="local_x" v="13910.326"/>
    <tag k="local_y" v="81832.2342"/>
    <tag k="ele" v="0"/>
  </node>
  <node id="1605" lat="42.27957424795" lon="-85.61857003806">
    <tag k="local_x" v="13905.6603"/>
    <tag k="local_y" v="81741.6791"/>
    <tag k="ele" v="0"/>
  </node>
  <node id="1606" lat="42.28038917124" lon="-85.61857039189">
    <tag k="local_x" v="13904.1631"/>
    <tag k="local_y" v="81832.1656"/>
    <tag k="ele" v="0"/>
  </node>
  <node id="1607" lat="42.28040247075" lon="-85.61849582235">
    <tag k="local_x" v="13910.2878"/>
    <tag k="local_y" v="81833.7421"/>
    <tag k="ele" v="0"/>
  </node>
  <node id="1608" lat="42.28083205111" lon="-85.61827824242">
    <tag k="local_x" v="13927.4544"/>
    <tag k="local_y" v="81881.7327"/>
    <tag k="ele" v="0"/>
  </node>
  <node id="1609" lat="42.28073008155" lon="-85.61828269858">
    <tag k="local_x" v="13927.2707"/>
    <tag k="local_y" v="81870.4043"/>
    <tag k="ele" v="0"/>
  </node>
  <node id="1610" lat="42.28070396042" lon="-85.61818971044">
    <tag k="local_x" v="13934.9851"/>
    <tag k="local_y" v="81867.6283"/>
    <tag k="ele" v="0"/>
  </node>
  <node id="1611" lat="42.2805322009" lon="-85.61819020769">
    <tag k="local_x" v="13935.2536"/>
    <tag k="local_y" v="81848.5559"/>
    <tag k="ele" v="0"/>
  </node>
  <node id="1612" lat="42.28052981261" lon="-85.61857379668">
    <tag k="local_x" v="13903.629"/>
    <tag k="local_y" v="81847.7775"/>
    <tag k="ele" v="0"/>
  </node>
  <node id="1613" lat="42.28040310342" lon="-85.61857038706">
    <tag k="local_x" v="13904.1384"/>
    <tag k="local_y" v="81833.7126"/>
    <tag k="ele" v="0"/>
  </node>
  <node id="1614" lat="42.28040279816" lon="-85.61853443488">
    <tag k="local_x" v="13907.1034"/>
    <tag k="local_y" v="81833.7268"/>
    <tag k="ele" v="0"/>
  </node>
  <node id="1615" lat="42.27872992645" lon="-85.61821974091">
    <tag k="local_x" v="13936.0659"/>
    <tag k="local_y" v="81648.3965"/>
    <tag k="ele" v="0"/>
  </node>
  <node id="1616" lat="42.27874486125" lon="-85.61824150472">
    <tag k="local_x" v="13934.2444"/>
    <tag k="local_y" v="81650.0257"/>
    <tag k="ele" v="0"/>
  </node>
  <node id="1617" lat="42.27880176965" lon="-85.61831434425">
    <tag k="local_x" v="13928.1357"/>
    <tag k="local_y" v="81656.2472"/>
    <tag k="ele" v="0"/>
  </node>
  <node id="1618" lat="42.27887581508" lon="-85.6184670546">
    <tag k="local_x" v="13915.4102"/>
    <tag k="local_y" v="81664.2647"/>
    <tag k="ele" v="0"/>
  </node>
  <node id="1619" lat="42.27892695001" lon="-85.61860533807">
    <tag k="local_x" v="13903.9156"/>
    <tag k="local_y" v="81669.7576"/>
    <tag k="ele" v="0"/>
  </node>
  <node id="1620" lat="42.2789441793" lon="-85.61869003485">
    <tag k="local_x" v="13896.9007"/>
    <tag k="local_y" v="81671.5574"/>
    <tag k="ele" v="0"/>
    <tag k="highway" v="crossing"/>
  </node>
  <node id="1621" lat="42.2789301383" lon="-85.61869453889">
    <tag k="local_x" v="13896.5546"/>
    <tag k="local_y" v="81669.9923"/>
    <tag k="ele" v="0"/>
  </node>
  <node id="1622" lat="42.27889880835" lon="-85.61859773041">
    <tag k="local_x" v="13904.5936"/>
    <tag k="local_y" v="81666.643"/>
    <tag k="ele" v="0"/>
  </node>
  <node id="1623" lat="42.27885890741" lon="-85.61849621948">
    <tag k="local_x" v="13913.0358"/>
    <tag k="local_y" v="81662.3483"/>
    <tag k="ele" v="0"/>
  </node>
  <node id="1624" lat="42.27877331993" lon="-85.61834275839">
    <tag k="local_x" v="13925.844"/>
    <tag k="local_y" v="81653.0502"/>
    <tag k="ele" v="0"/>
  </node>
  <node id="1625" lat="42.27870995483" lon="-85.61826690196">
    <tag k="local_x" v="13932.2131"/>
    <tag k="local_y" v="81646.1158"/>
    <tag k="ele" v="0"/>
  </node>
  <node id="1626" lat="42.27883815866" lon="-85.61838993889">
    <tag k="local_x" v="13921.8368"/>
    <tag k="local_y" v="81660.1866"/>
    <tag k="ele" v="0"/>
  </node>
  <node id="1627" lat="42.27890736904" lon="-85.61854110934">
    <tag k="local_x" v="13909.247"/>
    <tag k="local_y" v="81667.6693"/>
    <tag k="ele" v="0"/>
  </node>
  <node id="1634" lat="42.27870904414" lon="-85.61746750344">
    <tag k="local_x" v="13998.1312"/>
    <tag k="local_y" v="81647.0846"/>
    <tag k="ele" v="0"/>
  </node>
  <node id="1635" lat="42.27871123554" lon="-85.61783768231">
    <tag k="local_x" v="13967.6032"/>
    <tag k="local_y" v="81646.8324"/>
    <tag k="ele" v="0"/>
    <tag k="crossing" v="marked"/>
    <tag k="crossing:markings" v="yes"/>
    <tag k="highway" v="crossing"/>
  </node>
  <node id="1636" lat="42.27871765233" lon="-85.61807141025">
    <tag k="local_x" v="13948.319"/>
    <tag k="local_y" v="81647.2321"/>
    <tag k="ele" v="0"/>
    <tag k="direction" v="forward"/>
    <tag k="highway" v="stop"/>
  </node>
  <node id="1637" lat="42.27871943735" lon="-85.61809383128">
    <tag k="local_x" v="13946.467"/>
    <tag k="local_y" v="81647.4003"/>
    <tag k="ele" v="0"/>
  </node>
  <node id="1644" lat="42.2786323975" lon="-85.61747187756">
    <tag k="local_x" v="13997.9087"/>
    <tag k="local_y" v="81638.5681"/>
    <tag k="ele" v="0"/>
  </node>
  <node id="1645" lat="42.27863460147" lon="-85.61783817008">
    <tag k="local_x" v="13967.7011"/>
    <tag k="local_y" v="81638.3225"/>
    <tag k="ele" v="0"/>
    <tag k="crossing" v="marked"/>
    <tag k="crossing:markings" v="yes"/>
    <tag k="highway" v="crossing"/>
  </node>
  <node id="1646" lat="42.27862691189" lon="-85.61806596887">
    <tag k="local_x" v="13948.9312"/>
    <tag k="local_y" v="81637.1638"/>
    <tag k="ele" v="0"/>
    <tag k="direction" v="forward"/>
    <tag k="highway" v="stop"/>
  </node>
  <node id="1647" lat="42.27865852662" lon="-85.61822172072">
    <tag k="local_x" v="13936.0313"/>
    <tag k="local_y" v="81640.4658"/>
    <tag k="ele" v="0"/>
  </node>
  <node id="1648" lat="42.27816719937" lon="-85.61812935627">
    <tag k="local_x" v="13944.5328"/>
    <tag k="local_y" v="81586.0337"/>
    <tag k="ele" v="0"/>
  </node>
  <node id="1649" lat="42.27808323869" lon="-85.61810695699">
    <tag k="local_x" v="13946.5311"/>
    <tag k="local_y" v="81576.7409"/>
    <tag k="ele" v="0"/>
  </node>
  <node id="1650" lat="42.2780021097" lon="-85.61806858364">
    <tag k="local_x" v="13949.8415"/>
    <tag k="local_y" v="81567.7839"/>
    <tag k="ele" v="0"/>
  </node>
  <node id="1651" lat="42.27794180916" lon="-85.61802717572">
    <tag k="local_x" v="13953.3646"/>
    <tag k="local_y" v="81561.1437"/>
    <tag k="ele" v="0"/>
  </node>
  <node id="1652" lat="42.27782045034" lon="-85.61791497045">
    <tag k="local_x" v="13962.8356"/>
    <tag k="local_y" v="81547.8185"/>
    <tag k="ele" v="0"/>
  </node>
  <node id="1653" lat="42.27865302503" lon="-85.61826642626">
    <tag k="local_x" v="13932.3549"/>
    <tag k="local_y" v="81639.7951"/>
    <tag k="ele" v="0"/>
  </node>
  <node id="1654" lat="42.27816226878" lon="-85.61817719967">
    <tag k="local_x" v="13940.5966"/>
    <tag k="local_y" v="81585.4222"/>
    <tag k="ele" v="0"/>
  </node>
  <node id="1655" lat="42.27807420088" lon="-85.61815363733">
    <tag k="local_x" v="13942.6982"/>
    <tag k="local_y" v="81575.6749"/>
    <tag k="ele" v="0"/>
  </node>
  <node id="1656" lat="42.27798877003" lon="-85.61811326961">
    <tag k="local_x" v="13946.1808"/>
    <tag k="local_y" v="81566.2429"/>
    <tag k="ele" v="0"/>
  </node>
  <node id="1657" lat="42.27792337061" lon="-85.61806829851">
    <tag k="local_x" v="13950.0069"/>
    <tag k="local_y" v="81559.0413"/>
    <tag k="ele" v="0"/>
  </node>
  <node id="1658" lat="42.27778438251" lon="-85.61792783872">
    <tag k="local_x" v="13961.8395"/>
    <tag k="local_y" v="81543.7964"/>
    <tag k="ele" v="0"/>
  </node>
  <node id="1659" lat="42.27871867301" lon="-85.61820019603">
    <tag k="local_x" v="13937.6978"/>
    <tag k="local_y" v="81647.1731"/>
    <tag k="ele" v="0"/>
  </node>
  <node id="1660" lat="42.27870537508" lon="-85.61817862204">
    <tag k="local_x" v="13939.5007"/>
    <tag k="local_y" v="81645.7254"/>
    <tag k="ele" v="0"/>
  </node>
  <node id="1661" lat="42.27867679927" lon="-85.61809022862">
    <tag k="local_x" v="13946.8409"/>
    <tag k="local_y" v="81642.6707"/>
    <tag k="ele" v="0"/>
  </node>
  <node id="1662" lat="42.27871430901" lon="-85.6180209458">
    <tag k="local_x" v="13952.4862"/>
    <tag k="local_y" v="81646.9284"/>
    <tag k="ele" v="0"/>
  </node>
  <node id="1663" lat="42.27867426461" lon="-85.61796540774">
    <tag k="local_x" v="13957.1379"/>
    <tag k="local_y" v="81642.5563"/>
    <tag k="ele" v="0"/>
  </node>
  <node id="1664" lat="42.2786626843" lon="-85.61811796087">
    <tag k="local_x" v="13944.5796"/>
    <tag k="local_y" v="81641.0663"/>
    <tag k="ele" v="0"/>
  </node>
  <node id="1665" lat="42.27817861861" lon="-85.61802545792">
    <tag k="local_x" v="13953.0795"/>
    <tag k="local_y" v="81587.4407"/>
    <tag k="ele" v="0"/>
  </node>
  <node id="1666" lat="42.27810399832" lon="-85.61800569972">
    <tag k="local_x" v="13954.8432"/>
    <tag k="local_y" v="81579.1815"/>
    <tag k="ele" v="0"/>
  </node>
  <node id="1667" lat="42.27803260682" lon="-85.6179718312">
    <tag k="local_x" v="13957.7646"/>
    <tag k="local_y" v="81571.2997"/>
    <tag k="ele" v="0"/>
  </node>
  <node id="1668" lat="42.277984268" lon="-85.61793879293">
    <tag k="local_x" v="13960.576"/>
    <tag k="local_y" v="81565.9765"/>
    <tag k="ele" v="0"/>
  </node>
  <node id="1669" lat="42.27786548807" lon="-85.6178288756">
    <tag k="local_x" v="13969.8537"/>
    <tag k="local_y" v="81552.9346"/>
    <tag k="ele" v="0"/>
  </node>
  <node id="1670" lat="42.27868997974" lon="-85.61812753688">
    <tag k="local_x" v="13943.7408"/>
    <tag k="local_y" v="81644.0843"/>
    <tag k="ele" v="0"/>
  </node>
  <node id="1671" lat="42.27870326507" lon="-85.61813423924">
    <tag k="local_x" v="13943.1642"/>
    <tag k="local_y" v="81645.5505"/>
    <tag k="ele" v="0"/>
  </node>
  <node id="1672" lat="42.27871600553" lon="-85.61814258465">
    <tag k="local_x" v="13942.4531"/>
    <tag k="local_y" v="81646.954"/>
    <tag k="ele" v="0"/>
  </node>
  <node id="1673" lat="42.27872747686" lon="-85.61815375439">
    <tag k="local_x" v="13941.5114"/>
    <tag k="local_y" v="81648.2128"/>
    <tag k="ele" v="0"/>
  </node>
  <node id="1674" lat="42.27873888881" lon="-85.61816507824">
    <tag k="local_x" v="13940.5571"/>
    <tag k="local_y" v="81649.4648"/>
    <tag k="ele" v="0"/>
  </node>
  <node id="1675" lat="42.27872199345" lon="-85.61820983149">
    <tag k="local_x" v="13936.8973"/>
    <tag k="local_y" v="81647.5289"/>
    <tag k="ele" v="0"/>
  </node>
  <node id="1676" lat="42.27871363456" lon="-85.61820060204">
    <tag k="local_x" v="13937.6734"/>
    <tag k="local_y" v="81646.6131"/>
    <tag k="ele" v="0"/>
  </node>
  <node id="1677" lat="42.27870462064" lon="-85.61819254385">
    <tag k="local_x" v="13938.3541"/>
    <tag k="local_y" v="81645.623"/>
    <tag k="ele" v="0"/>
  </node>
  <node id="1678" lat="42.27869838064" lon="-85.6181874072">
    <tag k="local_x" v="13938.7889"/>
    <tag k="local_y" v="81644.937"/>
    <tag k="ele" v="0"/>
  </node>
  <node id="1679" lat="42.27867512747" lon="-85.61817509784">
    <tag k="local_x" v="13939.8458"/>
    <tag k="local_y" v="81642.3715"/>
    <tag k="ele" v="0"/>
  </node>
  <node id="1680" lat="42.27871555638" lon="-85.61804859702">
    <tag k="local_x" v="13950.2039"/>
    <tag k="local_y" v="81647.0299"/>
    <tag k="ele" v="0"/>
  </node>
  <node id="1681" lat="42.27872404133" lon="-85.6181169329">
    <tag k="local_x" v="13944.5538"/>
    <tag k="local_y" v="81647.8806"/>
    <tag k="ele" v="0"/>
  </node>
  <node id="1682" lat="42.27873100941" lon="-85.61813981309">
    <tag k="local_x" v="13942.6546"/>
    <tag k="local_y" v="81648.6237"/>
    <tag k="ele" v="0"/>
  </node>
  <node id="1683" lat="42.27869598093" lon="-85.61816120856">
    <tag k="local_x" v="13940.9535"/>
    <tag k="local_y" v="81644.7056"/>
    <tag k="ele" v="0"/>
  </node>
  <node id="1684" lat="42.278688227" lon="-85.61814187101">
    <tag k="local_x" v="13942.562"/>
    <tag k="local_y" v="81643.8705"/>
    <tag k="ele" v="0"/>
  </node>
  <node id="1685" lat="42.27868558399" lon="-85.61817880833">
    <tag k="local_x" v="13939.521"/>
    <tag k="local_y" v="81643.5276"/>
    <tag k="ele" v="0"/>
  </node>
  <node id="1686" lat="42.27867666548" lon="-85.61812104981">
    <tag k="local_x" v="13944.2997"/>
    <tag k="local_y" v="81642.6146"/>
    <tag k="ele" v="0"/>
  </node>
  <node id="1687" lat="42.27864069707" lon="-85.61815524813">
    <tag k="local_x" v="13941.5446"/>
    <tag k="local_y" v="81638.575"/>
    <tag k="ele" v="0"/>
  </node>
  <node id="1688" lat="42.27859591692" lon="-85.61820832977">
    <tag k="local_x" v="13937.2483"/>
    <tag k="local_y" v="81633.5317"/>
    <tag k="ele" v="0"/>
  </node>
  <node id="1689" lat="42.27863240612" lon="-85.61821361068">
    <tag k="local_x" v="13936.7471"/>
    <tag k="local_y" v="81637.5763"/>
    <tag k="ele" v="0"/>
  </node>
  <node id="1690" lat="42.27868954362" lon="-85.61813282427">
    <tag k="local_x" v="13943.3056"/>
    <tag k="local_y" v="81644.0288"/>
    <tag k="ele" v="0"/>
  </node>
  <node id="1691" lat="42.27868356355" lon="-85.61815217089">
    <tag k="local_x" v="13941.7211"/>
    <tag k="local_y" v="81643.3389"/>
    <tag k="ele" v="0"/>
  </node>
  <node id="1692" lat="42.27867428109" lon="-85.6181735434">
    <tag k="local_x" v="13939.9755"/>
    <tag k="local_y" v="81642.2796"/>
    <tag k="ele" v="0"/>
  </node>
  <node id="1693" lat="42.27866502458" lon="-85.61819221335">
    <tag k="local_x" v="13938.4527"/>
    <tag k="local_y" v="81641.2268"/>
    <tag k="ele" v="0"/>
  </node>
  <node id="1694" lat="42.2786559515" lon="-85.6182060756">
    <tag k="local_x" v="13937.326"/>
    <tag k="local_y" v="81640.2008"/>
    <tag k="ele" v="0"/>
  </node>
  <node id="1695" lat="42.27864150744" lon="-85.61822428769">
    <tag k="local_x" v="13935.8503"/>
    <tag k="local_y" v="81638.5726"/>
    <tag k="ele" v="0"/>
  </node>
  <node id="1696" lat="42.27862568322" lon="-85.6182390251">
    <tag k="local_x" v="13934.6636"/>
    <tag k="local_y" v="81636.7958"/>
    <tag k="ele" v="0"/>
  </node>
  <node id="1697" lat="42.27861337859" lon="-85.61824905898">
    <tag k="local_x" v="13933.8584"/>
    <tag k="local_y" v="81635.4161"/>
    <tag k="ele" v="0"/>
  </node>
  <node id="1698" lat="42.2786047736" lon="-85.61825453335">
    <tag k="local_x" v="13933.4225"/>
    <tag k="local_y" v="81634.4533"/>
    <tag k="ele" v="0"/>
  </node>
  <node id="1699" lat="42.27859414096" lon="-85.6182575077">
    <tag k="local_x" v="13933.1964"/>
    <tag k="local_y" v="81633.2687"/>
    <tag k="ele" v="0"/>
  </node>
  <node id="1700" lat="42.27869756131" lon="-85.61810148516">
    <tag k="local_x" v="13945.8753"/>
    <tag k="local_y" v="81644.961"/>
    <tag k="ele" v="0"/>
  </node>
  <node id="1701" lat="42.27870234951" lon="-85.61806237986">
    <tag k="local_x" v="13949.0912"/>
    <tag k="local_y" v="81645.545"/>
    <tag k="ele" v="0"/>
  </node>
  <node id="1702" lat="42.27870528606" lon="-85.61803575293">
    <tag k="local_x" v="13951.2815"/>
    <tag k="local_y" v="81645.9067"/>
    <tag k="ele" v="0"/>
  </node>
  <node id="1703" lat="42.27870830331" lon="-85.61801365505">
    <tag k="local_x" v="13953.0982"/>
    <tag k="local_y" v="81646.2713"/>
    <tag k="ele" v="0"/>
  </node>
  <node id="1704" lat="42.27871025702" lon="-85.61799552305">
    <tag k="local_x" v="13954.5898"/>
    <tag k="local_y" v="81646.5125"/>
    <tag k="ele" v="0"/>
  </node>
  <node id="1705" lat="42.2787134062" lon="-85.61796711116">
    <tag k="local_x" v="13956.9269"/>
    <tag k="local_y" v="81646.9002"/>
    <tag k="ele" v="0"/>
  </node>
  <node id="1706" lat="42.27869080821" lon="-85.61824321703">
    <tag k="local_x" v="13934.2006"/>
    <tag k="local_y" v="81644.0215"/>
    <tag k="ele" v="0"/>
  </node>
  <node id="1707" lat="42.27867650939" lon="-85.61822991157">
    <tag k="local_x" v="13935.3235"/>
    <tag k="local_y" v="81642.4516"/>
    <tag k="ele" v="0"/>
  </node>
  <node id="1708" lat="42.27868142853" lon="-85.61828828747">
    <tag k="local_x" v="13930.5011"/>
    <tag k="local_y" v="81642.9197"/>
    <tag k="ele" v="0"/>
  </node>
  <node id="1709" lat="42.27867168466" lon="-85.61827727522">
    <tag k="local_x" v="13931.4267"/>
    <tag k="local_y" v="81641.8525"/>
    <tag k="ele" v="0"/>
  </node>
  <node id="1710" lat="42.27867501422" lon="-85.61794630518">
    <tag k="local_x" v="13958.7117"/>
    <tag k="local_y" v="81642.6651"/>
    <tag k="ele" v="0"/>
  </node>
  <node id="1711" lat="42.27868489769" lon="-85.61823694775">
    <tag k="local_x" v="13934.7282"/>
    <tag k="local_y" v="81643.3736"/>
    <tag k="ele" v="0"/>
  </node>
  <node id="1712" lat="42.27867319702" lon="-85.61822281421">
    <tag k="local_x" v="13935.9147"/>
    <tag k="local_y" v="81642.0933"/>
    <tag k="ele" v="0"/>
  </node>
  <node id="1713" lat="42.27866568962" lon="-85.61821347035">
    <tag k="local_x" v="13936.6987"/>
    <tag k="local_y" v="81641.2722"/>
    <tag k="ele" v="0"/>
  </node>
  <node id="1714" lat="42.27865768156" lon="-85.61820106918">
    <tag k="local_x" v="13937.7357"/>
    <tag k="local_y" v="81640.3996"/>
    <tag k="ele" v="0"/>
  </node>
  <node id="1715" lat="42.27865227398" lon="-85.61818930367">
    <tag k="local_x" v="13938.7156"/>
    <tag k="local_y" v="81639.8149"/>
    <tag k="ele" v="0"/>
  </node>
  <node id="1716" lat="42.27864735186" lon="-85.61817731654">
    <tag k="local_x" v="13939.7129"/>
    <tag k="local_y" v="81639.2844"/>
    <tag k="ele" v="0"/>
  </node>
  <node id="1717" lat="42.27864177968" lon="-85.61816489611">
    <tag k="local_x" v="13940.7471"/>
    <tag k="local_y" v="81638.6823"/>
    <tag k="ele" v="0"/>
  </node>
  <node id="1718" lat="42.27863667956" lon="-85.61814897509">
    <tag k="local_x" v="13942.0691"/>
    <tag k="local_y" v="81638.1373"/>
    <tag k="ele" v="0"/>
  </node>
  <node id="1719" lat="42.27863303755" lon="-85.61813238552">
    <tag k="local_x" v="13943.4436"/>
    <tag k="local_y" v="81637.7551"/>
    <tag k="ele" v="0"/>
  </node>
  <node id="1720" lat="42.27869225146" lon="-85.61818160232">
    <tag k="local_x" v="13939.2786"/>
    <tag k="local_y" v="81644.2642"/>
    <tag k="ele" v="0"/>
  </node>
  <node id="1721" lat="42.27870081883" lon="-85.61817188536">
    <tag k="local_x" v="13940.0644"/>
    <tag k="local_y" v="81645.2285"/>
    <tag k="ele" v="0"/>
  </node>
  <node id="1722" lat="42.27868075985" lon="-85.61811763377">
    <tag k="local_x" v="13944.574"/>
    <tag k="local_y" v="81643.0738"/>
    <tag k="ele" v="0"/>
  </node>
  <node id="1723" lat="42.27861219234" lon="-85.61815921578">
    <tag k="local_x" v="13941.2688"/>
    <tag k="local_y" v="81635.4046"/>
    <tag k="ele" v="0"/>
  </node>
  <node id="1724" lat="42.27862881655" lon="-85.61815421497">
    <tag k="local_x" v="13941.6512"/>
    <tag k="local_y" v="81637.2572"/>
    <tag k="ele" v="0"/>
  </node>
  <node id="1725" lat="42.27864233446" lon="-85.61814329957">
    <tag k="local_x" v="13942.5269"/>
    <tag k="local_y" v="81638.7728"/>
    <tag k="ele" v="0"/>
  </node>
  <node id="1726" lat="42.27865444307" lon="-85.61812783686">
    <tag k="local_x" v="13943.7801"/>
    <tag k="local_y" v="81640.138"/>
    <tag k="ele" v="0"/>
  </node>
  <node id="1727" lat="42.27866488275" lon="-85.61810638569">
    <tag k="local_x" v="13945.5301"/>
    <tag k="local_y" v="81641.3259"/>
    <tag k="ele" v="0"/>
  </node>
  <node id="1728" lat="42.27867062366" lon="-85.618077956">
    <tag k="local_x" v="13947.864"/>
    <tag k="local_y" v="81642.0014"/>
    <tag k="ele" v="0"/>
  </node>
  <node id="1729" lat="42.27867222382" lon="-85.61804842224">
    <tag k="local_x" v="13950.2964"/>
    <tag k="local_y" v="81642.2186"/>
    <tag k="ele" v="0"/>
  </node>
  <node id="1730" lat="42.27860378917" lon="-85.61810670573">
    <tag k="local_x" v="13945.6138"/>
    <tag k="local_y" v="81634.5418"/>
    <tag k="ele" v="0"/>
  </node>
  <node id="1731" lat="42.27862193622" lon="-85.61808525957">
    <tag k="local_x" v="13947.3495"/>
    <tag k="local_y" v="81636.5855"/>
    <tag k="ele" v="0"/>
  </node>
  <node id="1732" lat="42.27861221592" lon="-85.61809989394">
    <tag k="local_x" v="13946.1603"/>
    <tag k="local_y" v="81635.4866"/>
    <tag k="ele" v="0"/>
  </node>
  <node id="1733" lat="42.27861808659" lon="-85.61809411305">
    <tag k="local_x" v="13946.6264"/>
    <tag k="local_y" v="81636.1462"/>
    <tag k="ele" v="0"/>
  </node>
  <node id="1734" lat="42.27862998844" lon="-85.61797997028">
    <tag k="local_x" v="13956.0169"/>
    <tag k="local_y" v="81637.6205"/>
    <tag k="ele" v="0"/>
  </node>
  <node id="1735" lat="42.27862868573" lon="-85.61810592032">
    <tag k="local_x" v="13945.6337"/>
    <tag k="local_y" v="81637.3073"/>
    <tag k="ele" v="0"/>
  </node>
  <node id="1736" lat="42.27871313401" lon="-85.61795087967">
    <tag k="local_x" v="13958.2658"/>
    <tag k="local_y" v="81646.8917"/>
    <tag k="ele" v="0"/>
  </node>
  <node id="1737" lat="42.27896595335" lon="-85.61867024859">
    <tag k="local_x" v="13898.493"/>
    <tag k="local_y" v="81674.0016"/>
    <tag k="ele" v="0"/>
  </node>
  <node id="1738" lat="42.27887986215" lon="-85.61839774736">
    <tag k="local_x" v="13921.1178"/>
    <tag k="local_y" v="81664.8068"/>
    <tag k="ele" v="0"/>
  </node>
  <node id="1739" lat="42.27882734634" lon="-85.61851874938">
    <tag k="local_x" v="13911.2349"/>
    <tag k="local_y" v="81658.8137"/>
    <tag k="ele" v="0"/>
  </node>
  <node id="1740" lat="42.27867210643" lon="-85.61803247964">
    <tag k="local_x" v="13951.6112"/>
    <tag k="local_y" v="81642.2269"/>
    <tag k="ele" v="0"/>
  </node>
  <node id="1741" lat="42.27862332613" lon="-85.6182591851">
    <tag k="local_x" v="13933.0055"/>
    <tag k="local_y" v="81636.5071"/>
    <tag k="ele" v="0"/>
  </node>
  <node id="1742" lat="42.27866126595" lon="-85.61827012576">
    <tag k="local_x" v="13932.035"/>
    <tag k="local_y" v="81640.7052"/>
    <tag k="ele" v="0"/>
  </node>
  <node id="1743" lat="42.27870923761" lon="-85.61818488878">
    <tag k="local_x" v="13938.977"/>
    <tag k="local_y" v="81646.1459"/>
    <tag k="ele" v="0"/>
  </node>
  <node id="1744" lat="42.27873898023" lon="-85.61815652274">
    <tag k="local_x" v="13941.2624"/>
    <tag k="local_y" v="81649.4864"/>
    <tag k="ele" v="0"/>
  </node>
  <node id="1745" lat="42.27867422927" lon="-85.6180717965">
    <tag k="local_x" v="13948.3654"/>
    <tag k="local_y" v="81642.41"/>
    <tag k="ele" v="0"/>
  </node>
  <node id="1746" lat="42.27862325349" lon="-85.61808015303">
    <tag k="local_x" v="13947.7682"/>
    <tag k="local_y" v="81636.7386"/>
    <tag k="ele" v="0"/>
  </node>
  <node id="1747" lat="42.27862866786" lon="-85.61817588024">
    <tag k="local_x" v="13939.865"/>
    <tag k="local_y" v="81637.2117"/>
    <tag k="ele" v="0"/>
  </node>
  <node id="1748" lat="42.27861601129" lon="-85.61819131004">
    <tag k="local_x" v="13938.6155"/>
    <tag k="local_y" v="81635.7857"/>
    <tag k="ele" v="0"/>
  </node>
  <node id="1749" lat="42.27867981131" lon="-85.61816081001">
    <tag k="local_x" v="13941.0155"/>
    <tag k="local_y" v="81642.9107"/>
    <tag k="ele" v="0"/>
  </node>
  <node id="1750" lat="42.2786750243" lon="-85.6176361917">
    <tag k="local_x" v="13984.2829"/>
    <tag k="local_y" v="81643.0813"/>
    <tag k="ele" v="0"/>
  </node>
  <node id="1751" lat="42.27863338926" lon="-85.61763675503">
    <tag k="local_x" v="13984.3115"/>
    <tag k="local_y" v="81638.4575"/>
    <tag k="ele" v="0"/>
  </node>
  <node id="1752" lat="42.27871004171" lon="-85.61763592462">
    <tag k="local_x" v="13984.2418"/>
    <tag k="local_y" v="81646.9699"/>
    <tag k="ele" v="0"/>
  </node>
  <node id="2197" lat="42.28031203558" lon="-85.6185703586">
    <tag k="local_x" v="13904.3048"/>
    <tag k="local_y" v="81823.6007"/>
    <tag k="ele" v="0"/>
  </node>
  <node id="2198" lat="42.28031206143" lon="-85.61853430585">
    <tag k="local_x" v="13907.2775"/>
    <tag k="local_y" v="81823.6518"/>
    <tag k="ele" v="0"/>
  </node>
  <node id="2199" lat="42.28031209752" lon="-85.61849551565">
    <tag k="local_x" v="13910.4759"/>
    <tag k="local_y" v="81823.7077"/>
    <tag k="ele" v="0"/>
  </node>
  <node id="2208" lat="42.27775457483" lon="-85.61669830881">
    <tag k="local_x" v="14063.2788"/>
    <tag k="local_y" v="81542.1329"/>
    <tag k="ele" v="0"/>
    <tag k="direction" v="both"/>
    <tag k="highway" v="stop"/>
  </node>
  <node id="2209" lat="42.27782907935" lon="-85.61664335536">
    <tag k="local_x" v="14067.6758"/>
    <tag k="local_y" v="81550.4793"/>
    <tag k="ele" v="0"/>
  </node>
  <node id="2210" lat="42.27795196458" lon="-85.61656829986">
    <tag k="local_x" v="14073.6431"/>
    <tag k="local_y" v="81564.2247"/>
    <tag k="ele" v="0"/>
  </node>
  <node id="2213" lat="42.27779089074" lon="-85.61654223558">
    <tag k="local_x" v="14076.0829"/>
    <tag k="local_y" v="81546.3744"/>
    <tag k="ele" v="0"/>
  </node>
  <node id="2214" lat="42.27791322046" lon="-85.61647003594">
    <tag k="local_x" v="14081.8157"/>
    <tag k="local_y" v="81560.0543"/>
    <tag k="ele" v="0"/>
  </node>
  <node id="2217" lat="42.27782450855" lon="-85.61772614646">
    <tag k="local_x" v="13978.398471531858"/>
    <tag k="local_y" v="81548.52184374862"/>
    <tag k="ele" v="0"/>
  </node>
  <node id="2218" lat="42.27777559707" lon="-85.61760140238">
    <tag k="local_x" v="13988.772877348078"/>
    <tag k="local_y" v="81543.25782420623"/>
    <tag k="ele" v="0"/>
  </node>
  <node id="2219" lat="42.27774898578" lon="-85.61747810727">
    <tag k="local_x" v="13998.98761726742"/>
    <tag k="local_y" v="81540.46803345882"/>
    <tag k="ele" v="0"/>
  </node>
  <node id="2220" lat="42.27773747751" lon="-85.61732057369">
    <tag k="local_x" v="14011.9984"/>
    <tag k="local_y" v="81539.4011"/>
    <tag k="ele" v="0"/>
  </node>
  <node id="2221" lat="42.2777355294" lon="-85.61689790358">
    <tag k="local_x" v="14046.8548"/>
    <tag k="local_y" v="81539.7508"/>
    <tag k="ele" v="0"/>
  </node>
  <node id="2222" lat="42.27773476128" lon="-85.61676113457">
    <tag k="local_x" v="14058.134"/>
    <tag k="local_y" v="81539.8487"/>
    <tag k="ele" v="0"/>
    <tag k="direction" v="both"/>
    <tag k="highway" v="stop"/>
  </node>
  <node id="2226" lat="42.27780970963" lon="-85.61790031048">
    <tag k="local_x" v="13964.0638"/>
    <tag k="local_y" v="81546.6455"/>
    <tag k="ele" v="0"/>
  </node>
  <node id="2228" lat="42.27770038844" lon="-85.61764267931">
    <tag k="local_x" v="13985.5048"/>
    <tag k="local_y" v="81534.8516"/>
    <tag k="ele" v="0"/>
  </node>
  <node id="2229" lat="42.27766822169" lon="-85.61749595999">
    <tag k="local_x" v="13997.6611"/>
    <tag k="local_y" v="81531.4763"/>
    <tag k="ele" v="0"/>
  </node>
  <node id="2230" lat="42.27765989156" lon="-85.61732061839">
    <tag k="local_x" v="14012.1346"/>
    <tag k="local_y" v="81530.7861"/>
    <tag k="ele" v="0"/>
  </node>
  <node id="2231" lat="42.27765951107" lon="-85.61689254578">
    <tag k="local_x" v="14047.4337"/>
    <tag k="local_y" v="81531.3171"/>
    <tag k="ele" v="0"/>
  </node>
  <node id="2235" lat="42.27772218968" lon="-85.61780558239">
    <tag k="local_x" v="13972.0327"/>
    <tag k="local_y" v="81537.0543"/>
    <tag k="ele" v="0"/>
  </node>
  <node id="2236" lat="42.27766614065" lon="-85.61766114224">
    <tag k="local_x" v="13984.0441"/>
    <tag k="local_y" v="81531.0241"/>
    <tag k="ele" v="0"/>
  </node>
  <node id="2237" lat="42.27763245395" lon="-85.61750398556">
    <tag k="local_x" v="13997.0638"/>
    <tag k="local_y" v="81527.494"/>
    <tag k="ele" v="0"/>
  </node>
  <node id="2238" lat="42.27762363774" lon="-85.61732156752">
    <tag k="local_x" v="14012.1217"/>
    <tag k="local_y" v="81526.7593"/>
    <tag k="ele" v="0"/>
  </node>
  <node id="2239" lat="42.27762327335" lon="-85.61689079771">
    <tag k="local_x" v="14047.6432"/>
    <tag k="local_y" v="81527.2957"/>
    <tag k="ele" v="0"/>
  </node>
  <node id="2240" lat="42.27762461929" lon="-85.61665977101">
    <tag k="local_x" v="14066.691"/>
    <tag k="local_y" v="81527.7546"/>
    <tag k="ele" v="0"/>
    <tag k="direction" v="both"/>
    <tag k="highway" v="stop"/>
  </node>
  <node id="2243" lat="42.27765941565" lon="-85.61655496289">
    <tag k="local_x" v="14075.2706"/>
    <tag k="local_y" v="81531.7587"/>
    <tag k="ele" v="0"/>
  </node>
  <node id="2244" lat="42.27766055596" lon="-85.61640420111">
    <tag k="local_x" v="14087.7002"/>
    <tag k="local_y" v="81532.0873"/>
    <tag k="ele" v="0"/>
  </node>
  <node id="2245" lat="42.27765985037" lon="-85.61574684577">
    <tag k="local_x" v="14141.9063"/>
    <tag k="local_y" v="81532.8899"/>
    <tag k="ele" v="0"/>
  </node>
  <node id="2246" lat="42.27766055245" lon="-85.61566923057">
    <tag k="local_x" v="14148.3051"/>
    <tag k="local_y" v="81533.0719"/>
    <tag k="ele" v="0"/>
  </node>
  <node id="2247" lat="42.27766166147" lon="-85.61552939974">
    <tag k="local_x" v="14159.8334"/>
    <tag k="local_y" v="81533.3825"/>
    <tag k="ele" v="0"/>
  </node>
  <node id="2248" lat="42.27766418591" lon="-85.6154581733">
    <tag k="local_x" v="14165.7021"/>
    <tag k="local_y" v="81533.7583"/>
    <tag k="ele" v="0"/>
  </node>
  <node id="2249" lat="42.27767180645" lon="-85.6153623079">
    <tag k="local_x" v="14173.5933"/>
    <tag k="local_y" v="81534.733"/>
    <tag k="ele" v="0"/>
  </node>
  <node id="2250" lat="42.27768069487" lon="-85.61529194015">
    <tag k="local_x" v="14179.3797"/>
    <tag k="local_y" v="81535.8143"/>
    <tag k="ele" v="0"/>
  </node>
  <node id="2251" lat="42.27769633821" lon="-85.61520237255">
    <tag k="local_x" v="14186.7371"/>
    <tag k="local_y" v="81537.6714"/>
    <tag k="ele" v="0"/>
  </node>
  <node id="2252" lat="42.27771229892" lon="-85.61512708386">
    <tag k="local_x" v="14192.9165"/>
    <tag k="local_y" v="81539.5446"/>
    <tag k="ele" v="0"/>
  </node>
  <node id="2253" lat="42.27773588085" lon="-85.6150408677">
    <tag k="local_x" v="14199.9832"/>
    <tag k="local_y" v="81542.2787"/>
    <tag k="ele" v="0"/>
  </node>
  <node id="2254" lat="42.2777550184" lon="-85.61498113169">
    <tag k="local_x" v="14204.8744"/>
    <tag k="local_y" v="81544.4838"/>
    <tag k="ele" v="0"/>
  </node>
  <node id="2255" lat="42.27779465067" lon="-85.61487277236">
    <tag k="local_x" v="14213.738"/>
    <tag k="local_y" v="81549.0298"/>
    <tag k="ele" v="0"/>
  </node>
  <node id="2256" lat="42.27785375177" lon="-85.61474934029">
    <tag k="local_x" v="14223.8093"/>
    <tag k="local_y" v="81555.7578"/>
    <tag k="ele" v="0"/>
  </node>
  <node id="2260" lat="42.27762532053" lon="-85.61640496873">
    <tag k="local_x" v="14087.700473231338"/>
    <tag k="local_y" v="81528.17382171609"/>
    <tag k="ele" v="0"/>
  </node>
  <node id="2261" lat="42.27762460957" lon="-85.61574680092">
    <tag k="local_x" v="14141.973608990898"/>
    <tag k="local_y" v="81528.9769143385"/>
    <tag k="ele" v="0"/>
  </node>
  <node id="2262" lat="42.27762531389" lon="-85.61566866782">
    <tag k="local_x" v="14148.415113932404"/>
    <tag k="local_y" v="81529.1598562854"/>
    <tag k="ele" v="0"/>
  </node>
  <node id="2263" lat="42.27762642933" lon="-85.61552828356">
    <tag k="local_x" v="14159.989044764117"/>
    <tag k="local_y" v="81529.4719119222"/>
    <tag k="ele" v="0"/>
  </node>
  <node id="2264" lat="42.27762905898" lon="-85.61545436246">
    <tag k="local_x" v="14166.079755751254"/>
    <tag k="local_y" v="81529.86300760024"/>
    <tag k="ele" v="0"/>
  </node>
  <node id="2265" lat="42.27763686855" lon="-85.61535613757">
    <tag k="local_x" v="14174.165180100084"/>
    <tag k="local_y" v="81530.8618597101"/>
    <tag k="ele" v="0"/>
  </node>
  <node id="2266" lat="42.27764616319" lon="-85.61528254891">
    <tag k="local_x" v="14180.216443267955"/>
    <tag k="local_y" v="81531.99258576911"/>
    <tag k="ele" v="0"/>
  </node>
  <node id="2267" lat="42.27766218588" lon="-85.61519077811">
    <tag k="local_x" v="14187.7548356333"/>
    <tag k="local_y" v="81533.89476334155"/>
    <tag k="ele" v="0"/>
  </node>
  <node id="2268" lat="42.27767878289" lon="-85.61511257128">
    <tag k="local_x" v="14194.173716424142"/>
    <tag k="local_y" v="81535.8425296624"/>
    <tag k="ele" v="0"/>
  </node>
  <node id="2269" lat="42.27770302996" lon="-85.61502387959">
    <tag k="local_x" v="14201.443348272966"/>
    <tag k="local_y" v="81538.65380676115"/>
    <tag k="ele" v="0"/>
  </node>
  <node id="2270" lat="42.27772304593" lon="-85.61496140582">
    <tag k="local_x" v="14206.558716132286"/>
    <tag k="local_y" v="81540.96011688166"/>
    <tag k="ele" v="0"/>
  </node>
  <node id="2271" lat="42.27776395799" lon="-85.61484973802">
    <tag k="local_x" v="14215.692820186385"/>
    <tag k="local_y" v="81545.65266170712"/>
    <tag k="ele" v="0"/>
  </node>
  <node id="2272" lat="42.27782398496" lon="-85.61472425677">
    <tag k="local_x" v="14225.931424862822"/>
    <tag k="local_y" v="81552.48621891357"/>
    <tag k="ele" v="0"/>
  </node>
  <node id="2275" lat="42.27773680304" lon="-85.61650554423">
    <tag k="local_x" v="14079.206"/>
    <tag k="local_y" v="81540.4178"/>
    <tag k="ele" v="0"/>
  </node>
  <node id="2276" lat="42.27773706366" lon="-85.61640234645">
    <tag k="local_x" v="14087.7151"/>
    <tag k="local_y" v="81540.585"/>
    <tag k="ele" v="0"/>
  </node>
  <node id="2277" lat="42.27773029081" lon="-85.61574680016">
    <tag k="local_x" v="14141.782913676443"/>
    <tag k="local_y" v="81540.71148316366"/>
    <tag k="ele" v="0"/>
  </node>
  <node id="2278" lat="42.27773098848" lon="-85.61567026326">
    <tag k="local_x" v="14148.092798965175"/>
    <tag k="local_y" v="81540.89154769282"/>
    <tag k="ele" v="0"/>
  </node>
  <node id="2279" lat="42.2777320829" lon="-85.61553153959">
    <tag k="local_x" v="14159.529817915523"/>
    <tag k="local_y" v="81541.19904180251"/>
    <tag k="ele" v="0"/>
  </node>
  <node id="2280" lat="42.27773438787" lon="-85.61546597334">
    <tag k="local_x" v="14164.932174450745"/>
    <tag k="local_y" v="81541.54288459981"/>
    <tag k="ele" v="0"/>
  </node>
  <node id="2281" lat="42.27774162117" lon="-85.61537496122">
    <tag k="local_x" v="14172.423868808808"/>
    <tag k="local_y" v="81542.46807787016"/>
    <tag k="ele" v="0"/>
  </node>
  <node id="2282" lat="42.27774965315" lon="-85.61531137794">
    <tag k="local_x" v="14177.652370331203"/>
    <tag k="local_y" v="81543.44518344334"/>
    <tag k="ele" v="0"/>
  </node>
  <node id="2283" lat="42.27776451862" lon="-85.61522631683">
    <tag k="local_x" v="14184.63956693893"/>
    <tag k="local_y" v="81545.20986686634"/>
    <tag k="ele" v="0"/>
  </node>
  <node id="2284" lat="42.27777914547" lon="-85.61515714842">
    <tag k="local_x" v="14190.316698959185"/>
    <tag k="local_y" v="81546.92674751321"/>
    <tag k="ele" v="0"/>
  </node>
  <node id="2285" lat="42.2778013541" lon="-85.61507604774">
    <tag k="local_x" v="14196.964056076436"/>
    <tag k="local_y" v="81549.50149825882"/>
    <tag k="ele" v="0"/>
  </node>
  <node id="2286" lat="42.27781867197" lon="-85.61502198966">
    <tag k="local_x" v="14201.390342518756"/>
    <tag k="local_y" v="81551.49692760859"/>
    <tag k="ele" v="0"/>
  </node>
  <node id="2287" lat="42.27785561547" lon="-85.6149205767">
    <tag k="local_x" v="14209.686003659039"/>
    <tag k="local_y" v="81555.73505331337"/>
    <tag k="ele" v="0"/>
  </node>
  <node id="2288" lat="42.27791278528" lon="-85.61480141276">
    <tag k="local_x" v="14219.408841980021"/>
    <tag k="local_y" v="81562.24287690024"/>
    <tag k="ele" v="0"/>
  </node>
  <node id="2291" lat="42.27773621327" lon="-85.61673226175">
    <tag k="local_x" v="14060.5122"/>
    <tag k="local_y" v="81540.0486"/>
    <tag k="ele" v="0"/>
  </node>
  <node id="2300" lat="42.27776206528" lon="-85.61655917739">
    <tag k="local_x" v="14074.7379"/>
    <tag k="local_y" v="81543.151"/>
    <tag k="ele" v="0"/>
  </node>
  <node id="2302" lat="42.27775039223" lon="-85.61655429201">
    <tag k="local_x" v="14075.1618"/>
    <tag k="local_y" v="81541.8614"/>
    <tag k="ele" v="0"/>
  </node>
  <node id="2303" lat="42.27774337441" lon="-85.61654575272">
    <tag k="local_x" v="14075.8786"/>
    <tag k="local_y" v="81541.0936"/>
    <tag k="ele" v="0"/>
  </node>
  <node id="2304" lat="42.27773933394" lon="-85.6165311647">
    <tag k="local_x" v="14077.0888"/>
    <tag k="local_y" v="81540.6645"/>
    <tag k="ele" v="0"/>
  </node>
  <node id="2305" lat="42.27773780625" lon="-85.61651994524">
    <tag k="local_x" v="14078.0167"/>
    <tag k="local_y" v="81540.5099"/>
    <tag k="ele" v="0"/>
  </node>
  <node id="2307" lat="42.27774221085" lon="-85.61670609939">
    <tag k="local_x" v="14062.6587"/>
    <tag k="local_y" v="81540.7496"/>
    <tag k="ele" v="0"/>
  </node>
  <node id="2310" lat="42.27766181526" lon="-85.61665554836">
    <tag k="local_x" v="14066.9721"/>
    <tag k="local_y" v="81531.8904"/>
    <tag k="ele" v="0"/>
  </node>
  <node id="2312" lat="42.27766635805" lon="-85.61663839322">
    <tag k="local_x" v="14068.3785"/>
    <tag k="local_y" v="81532.4178"/>
    <tag k="ele" v="0"/>
  </node>
  <node id="2313" lat="42.27767161608" lon="-85.61662804522">
    <tag k="local_x" v="14069.2223"/>
    <tag k="local_y" v="81533.0155"/>
    <tag k="ele" v="0"/>
  </node>
  <node id="2314" lat="42.27768004917" lon="-85.61661848152">
    <tag k="local_x" v="14069.9957"/>
    <tag k="local_y" v="81533.9647"/>
    <tag k="ele" v="0"/>
  </node>
  <node id="2315" lat="42.27769007626" lon="-85.61660973428">
    <tag k="local_x" v="14070.6989"/>
    <tag k="local_y" v="81535.0898"/>
    <tag k="ele" v="0"/>
  </node>
  <node id="2316" lat="42.27770011788" lon="-85.61660226615">
    <tag k="local_x" v="14071.2966"/>
    <tag k="local_y" v="81536.2148"/>
    <tag k="ele" v="0"/>
  </node>
  <node id="2317" lat="42.27770952745" lon="-85.61659481184">
    <tag k="local_x" v="14071.8943"/>
    <tag k="local_y" v="81537.2696"/>
    <tag k="ele" v="0"/>
  </node>
  <node id="2318" lat="42.27771800772" lon="-85.61658908416">
    <tag k="local_x" v="14072.3513"/>
    <tag k="local_y" v="81538.2189"/>
    <tag k="ele" v="0"/>
  </node>
  <node id="2319" lat="42.2777344638" lon="-85.61657799153">
    <tag k="local_x" v="14073.2363"/>
    <tag k="local_y" v="81540.061"/>
    <tag k="ele" v="0"/>
  </node>
  <node id="2323" lat="42.27770020292" lon="-85.61676727864">
    <tag k="local_x" v="14057.6897"/>
    <tag k="local_y" v="81536.0032"/>
    <tag k="ele" v="0"/>
  </node>
  <node id="2325" lat="42.27770012868" lon="-85.61673551777">
    <tag k="local_x" v="14060.3088"/>
    <tag k="local_y" v="81536.0375"/>
    <tag k="ele" v="0"/>
  </node>
  <node id="2328" lat="42.27770061705" lon="-85.61669791259">
    <tag k="local_x" v="14063.4088"/>
    <tag k="local_y" v="81536.1421"/>
    <tag k="ele" v="0"/>
  </node>
  <node id="2329" lat="42.27770462232" lon="-85.61668046966">
    <tag k="local_x" v="14064.8399"/>
    <tag k="local_y" v="81536.6102"/>
    <tag k="ele" v="0"/>
  </node>
  <node id="2330" lat="42.27771160131" lon="-85.6166680248">
    <tag k="local_x" v="14065.8535"/>
    <tag k="local_y" v="81537.4018"/>
    <tag k="ele" v="0"/>
  </node>
  <node id="2331" lat="42.27773734162" lon="-85.61664759727">
    <tag k="local_x" v="14067.4915"/>
    <tag k="local_y" v="81540.2873"/>
    <tag k="ele" v="0"/>
  </node>
  <node id="2333" lat="42.27776972112" lon="-85.61662358639">
    <tag k="local_x" v="14069.413"/>
    <tag k="local_y" v="81543.9148"/>
    <tag k="ele" v="0"/>
  </node>
  <node id="2334" lat="42.27775581543" lon="-85.61662496628">
    <tag k="local_x" v="14069.3243"/>
    <tag k="local_y" v="81542.3689"/>
    <tag k="ele" v="0"/>
  </node>
  <node id="2336" lat="42.27774305609" lon="-85.61662155993">
    <tag k="local_x" v="14069.6282"/>
    <tag k="local_y" v="81540.9567"/>
    <tag k="ele" v="0"/>
  </node>
  <node id="2337" lat="42.27773172742" lon="-85.6166167034">
    <tag k="local_x" v="14070.0491"/>
    <tag k="local_y" v="81539.7053"/>
    <tag k="ele" v="0"/>
  </node>
  <node id="2338" lat="42.27771991141" lon="-85.61660937386">
    <tag k="local_x" v="14070.6748"/>
    <tag k="local_y" v="81538.4031"/>
    <tag k="ele" v="0"/>
  </node>
  <node id="2339" lat="42.27770903358" lon="-85.61659903808">
    <tag k="local_x" v="14071.5467"/>
    <tag k="local_y" v="81537.2091"/>
    <tag k="ele" v="0"/>
  </node>
  <node id="2340" lat="42.27769971784" lon="-85.61658209636">
    <tag k="local_x" v="14072.9605"/>
    <tag k="local_y" v="81536.1974"/>
    <tag k="ele" v="0"/>
  </node>
  <node id="2342" lat="42.27773887187" lon="-85.6166977743">
    <tag k="local_x" v="14063.3512"/>
    <tag k="local_y" v="81540.39"/>
    <tag k="ele" v="0"/>
  </node>
  <node id="2347" lat="42.27772906958" lon="-85.61669634063">
    <tag k="local_x" v="14063.4871"/>
    <tag k="local_y" v="81539.3035"/>
    <tag k="ele" v="0"/>
  </node>
  <node id="2348" lat="42.27771541371" lon="-85.61669095652">
    <tag k="local_x" v="14063.9557"/>
    <tag k="local_y" v="81537.7944"/>
    <tag k="ele" v="0"/>
  </node>
  <node id="2349" lat="42.27769494585" lon="-85.61667774533">
    <tag k="local_x" v="14065.082"/>
    <tag k="local_y" v="81535.5394"/>
    <tag k="ele" v="0"/>
  </node>
  <node id="2350" lat="42.27767699331" lon="-85.61665870655">
    <tag k="local_x" v="14066.6843"/>
    <tag k="local_y" v="81533.5715"/>
    <tag k="ele" v="0"/>
  </node>
  <node id="2351" lat="42.27766306154" lon="-85.61664000913">
    <tag k="local_x" v="14068.2512"/>
    <tag k="local_y" v="81532.0496"/>
    <tag k="ele" v="0"/>
  </node>
  <node id="2352" lat="42.27764985826" lon="-85.6166153316">
    <tag k="local_x" v="14070.3099"/>
    <tag k="local_y" v="81530.6166"/>
    <tag k="ele" v="0"/>
  </node>
  <node id="2353" lat="42.27764063963" lon="-85.6165862096">
    <tag k="local_x" v="14072.7279"/>
    <tag k="local_y" v="81529.632"/>
    <tag k="ele" v="0"/>
  </node>
  <node id="2354" lat="42.27763370429" lon="-85.61655778347">
    <tag k="local_x" v="14075.0844"/>
    <tag k="local_y" v="81528.9"/>
    <tag k="ele" v="0"/>
  </node>
  <node id="2355" lat="42.27762880283" lon="-85.61652475666">
    <tag k="local_x" v="14077.8166"/>
    <tag k="local_y" v="81528.4"/>
    <tag k="ele" v="0"/>
  </node>
  <node id="2357" lat="42.27762500269" lon="-85.61649821565">
    <tag k="local_x" v="14080.012"/>
    <tag k="local_y" v="81528.0136"/>
    <tag k="ele" v="0"/>
  </node>
  <node id="2359" lat="42.27769234321" lon="-85.61656264428">
    <tag k="local_x" v="14074.5778"/>
    <tag k="local_y" v="81535.4046"/>
    <tag k="ele" v="0"/>
  </node>
  <node id="2361" lat="42.27768675708" lon="-85.61654467748">
    <tag k="local_x" v="14076.0694"/>
    <tag k="local_y" v="81534.8084"/>
    <tag k="ele" v="0"/>
  </node>
  <node id="2362" lat="42.27768084241" lon="-85.61652090407">
    <tag k="local_x" v="14078.0404"/>
    <tag k="local_y" v="81534.1835"/>
    <tag k="ele" v="0"/>
  </node>
  <node id="2363" lat="42.27767628664" lon="-85.61650354171">
    <tag k="local_x" v="14079.4803"/>
    <tag k="local_y" v="81533.7009"/>
    <tag k="ele" v="0"/>
  </node>
  <node id="2364" lat="42.27767075759" lon="-85.6164793342">
    <tag k="local_x" v="14081.4864"/>
    <tag k="local_y" v="81533.1194"/>
    <tag k="ele" v="0"/>
  </node>
  <node id="2365" lat="42.27766644257" lon="-85.6164593095">
    <tag k="local_x" v="14083.1454"/>
    <tag k="local_y" v="81532.6671"/>
    <tag k="ele" v="0"/>
  </node>
  <node id="2367" lat="42.27770017448" lon="-85.61675543942">
    <tag k="local_x" v="14058.666"/>
    <tag k="local_y" v="81536.0159"/>
    <tag k="ele" v="0"/>
  </node>
  <node id="2371" lat="42.2776593364" lon="-85.61674450016">
    <tag k="local_x" v="14059.6417"/>
    <tag k="local_y" v="81531.496"/>
    <tag k="ele" v="0"/>
  </node>
  <node id="2383" lat="42.27767137905" lon="-85.61665117222">
    <tag k="local_x" v="14067.3157"/>
    <tag k="local_y" v="81532.9582"/>
    <tag k="ele" v="0"/>
  </node>
  <node id="2391" lat="42.27762409295" lon="-85.61675014381">
    <tag k="local_x" v="14059.2399"/>
    <tag k="local_y" v="81527.5751"/>
    <tag k="ele" v="0"/>
  </node>
  <node id="2400" lat="42.27766063669" lon="-85.61668416534">
    <tag k="local_x" v="14064.6145"/>
    <tag k="local_y" v="81531.7212"/>
    <tag k="ele" v="0"/>
  </node>
  <node id="2401" lat="42.27770085062" lon="-85.61669689364">
    <tag k="local_x" v="14063.4924"/>
    <tag k="local_y" v="81536.1694"/>
    <tag k="ele" v="0"/>
  </node>
  <node id="2408" lat="42.27762485686" lon="-85.61655980218">
    <tag k="local_x" v="14074.9339"/>
    <tag k="local_y" v="81527.9149"/>
    <tag k="ele" v="0"/>
  </node>
  <node id="2410" lat="42.27762488033" lon="-85.61654995314">
    <tag k="local_x" v="14075.746"/>
    <tag k="local_y" v="81527.9307"/>
    <tag k="ele" v="0"/>
  </node>
  <node id="2424" lat="42.27765766877" lon="-85.61650198927">
    <tag k="local_x" v="14079.6419"/>
    <tag k="local_y" v="81531.6357"/>
    <tag k="ele" v="0"/>
  </node>
  <node id="2439" lat="42.27866602757" lon="-85.61652686579">
    <tag k="local_x" v="14075.7715"/>
    <tag k="local_y" v="81643.5679"/>
    <tag k="ele" v="0"/>
  </node>
  <node id="2440" lat="42.27862687371" lon="-85.61652728219">
    <tag k="local_x" v="14075.8078"/>
    <tag k="local_y" v="81639.2198"/>
    <tag k="ele" v="0"/>
  </node>
  <node id="2441" lat="42.27870353896" lon="-85.61652646835">
    <tag k="local_x" v="14075.7366"/>
    <tag k="local_y" v="81647.7336"/>
    <tag k="ele" v="0"/>
  </node>
  <node id="2450" lat="42.27940541254" lon="-85.61643370541">
    <tag k="local_x" v="14082.1193"/>
    <tag k="local_y" v="81725.7921"/>
    <tag k="ele" v="0"/>
  </node>
  <node id="2451" lat="42.27935869066" lon="-85.61644767996">
    <tag k="local_x" v="14081.0513"/>
    <tag k="local_y" v="81720.5855"/>
    <tag k="ele" v="0"/>
  </node>
  <node id="2452" lat="42.27867044779" lon="-85.6164665624">
    <tag k="local_x" v="14080.736"/>
    <tag k="local_y" v="81644.1395"/>
    <tag k="ele" v="0"/>
  </node>
  <node id="2453" lat="42.27848774042" lon="-85.61646210304">
    <tag k="local_x" v="14081.433336039652"/>
    <tag k="local_y" v="81623.8581243664"/>
    <tag k="ele" v="0"/>
  </node>
  <node id="2454" lat="42.27831482014" lon="-85.61646110644">
    <tag k="local_x" v="14081.827483213616"/>
    <tag k="local_y" v="81604.65884276127"/>
    <tag k="ele" v="0"/>
  </node>
  <node id="2455" lat="42.27826029032" lon="-85.61646023593">
    <tag k="local_x" v="14081.9976421176"/>
    <tag k="local_y" v="81598.60515993627"/>
    <tag k="ele" v="0"/>
  </node>
  <node id="2456" lat="42.27815529147" lon="-85.61648986785">
    <tag k="local_x" v="14079.743674311389"/>
    <tag k="local_y" v="81586.90666238128"/>
    <tag k="ele" v="0"/>
  </node>
  <node id="2457" lat="42.27812372427" lon="-85.61650125628">
    <tag k="local_x" v="14078.861553348555"/>
    <tag k="local_y" v="81583.38626583506"/>
    <tag k="ele" v="0"/>
  </node>
  <node id="2458" lat="42.27803437334" lon="-85.61655889126">
    <tag k="local_x" v="14074.270255678979"/>
    <tag k="local_y" v="81573.38775847995"/>
    <tag k="ele" v="0"/>
  </node>
  <node id="2459" lat="42.27796613333" lon="-85.61656640485">
    <tag k="local_x" v="14073.7738"/>
    <tag k="local_y" v="81565.8005"/>
    <tag k="ele" v="0"/>
  </node>
  <node id="2461" lat="42.27943134031" lon="-85.61608642251">
    <tag k="local_x" v="14110.7083"/>
    <tag k="local_y" v="81729.1364"/>
    <tag k="ele" v="0"/>
  </node>
  <node id="2462" lat="42.27944526045" lon="-85.61611795399">
    <tag k="local_x" v="14108.0832"/>
    <tag k="local_y" v="81730.6398"/>
    <tag k="ele" v="0"/>
  </node>
  <node id="2463" lat="42.27945634252" lon="-85.61617296961">
    <tag k="local_x" v="14103.5268"/>
    <tag k="local_y" v="81731.7966"/>
    <tag k="ele" v="0"/>
  </node>
  <node id="2464" lat="42.27945506129" lon="-85.61631508694">
    <tag k="local_x" v="14091.8106"/>
    <tag k="local_y" v="81731.4639"/>
    <tag k="ele" v="0"/>
  </node>
  <node id="2465" lat="42.27943413075" lon="-85.6163989961">
    <tag k="local_x" v="14084.9295"/>
    <tag k="local_y" v="81729.0274"/>
    <tag k="ele" v="0"/>
  </node>
  <node id="2468" lat="42.27939933279" lon="-85.61605326767">
    <tag k="local_x" v="14113.4999"/>
    <tag k="local_y" v="81725.6268"/>
    <tag k="ele" v="0"/>
  </node>
  <node id="2470" lat="42.2779392771" lon="-85.61641260942">
    <tag k="local_x" v="14086.504"/>
    <tag k="local_y" v="81563.0245"/>
    <tag k="ele" v="0"/>
  </node>
  <node id="2471" lat="42.27794892895" lon="-85.61638202056">
    <tag k="local_x" v="14089.0089"/>
    <tag k="local_y" v="81564.1372"/>
    <tag k="ele" v="0"/>
  </node>
  <node id="2472" lat="42.27797751711" lon="-85.6163225776">
    <tag k="local_x" v="14093.8589"/>
    <tag k="local_y" v="81567.3912"/>
    <tag k="ele" v="0"/>
  </node>
  <node id="2473" lat="42.27809782083" lon="-85.61616526959">
    <tag k="local_x" v="14106.6132"/>
    <tag k="local_y" v="81580.9602"/>
    <tag k="ele" v="0"/>
  </node>
  <node id="2474" lat="42.27823530728" lon="-85.6160856014">
    <tag k="local_x" v="14112.9344"/>
    <tag k="local_y" v="81596.3331"/>
    <tag k="ele" v="0"/>
  </node>
  <node id="2475" lat="42.27832023804" lon="-85.61606044721">
    <tag k="local_x" v="14114.8553"/>
    <tag k="local_y" v="81605.7973"/>
    <tag k="ele" v="0"/>
  </node>
  <node id="2476" lat="42.27848919619" lon="-85.61604498101">
    <tag k="local_x" v="14115.8257"/>
    <tag k="local_y" v="81624.5787"/>
    <tag k="ele" v="0"/>
  </node>
  <node id="2481" lat="42.27939025617" lon="-85.61638285987">
    <tag k="local_x" v="14086.3392"/>
    <tag k="local_y" v="81724.1773"/>
    <tag k="ele" v="0"/>
  </node>
  <node id="2483" lat="42.27942452105" lon="-85.61641792651">
    <tag k="local_x" v="14083.3859"/>
    <tag k="local_y" v="81727.935"/>
    <tag k="ele" v="0"/>
  </node>
  <node id="2486" lat="42.27941854882" lon="-85.61606348906">
    <tag k="local_x" v="14112.6224"/>
    <tag k="local_y" v="81727.7468"/>
    <tag k="ele" v="0"/>
  </node>
  <node id="2488" lat="42.27863313216" lon="-85.61641145682">
    <tag k="local_x" v="14085.3472"/>
    <tag k="local_y" v="81640.0699"/>
    <tag k="ele" v="0"/>
  </node>
  <node id="2489" lat="42.27863239895" lon="-85.61646563399">
    <tag k="local_x" v="14080.8812"/>
    <tag k="local_y" v="81639.9159"/>
    <tag k="ele" v="0"/>
  </node>
  <node id="2495" lat="42.27941552264" lon="-85.61623898807">
    <tag k="local_x" v="14098.1568"/>
    <tag k="local_y" v="81727.1756"/>
    <tag k="ele" v="0"/>
  </node>
  <node id="2496" lat="42.27945574149" lon="-85.61623958265">
    <tag k="local_x" v="14098.0352"/>
    <tag k="local_y" v="81731.6406"/>
    <tag k="ele" v="0"/>
  </node>
  <node id="2513" lat="42.27918039659" lon="-85.61611064319">
    <tag k="local_x" v="14109.164"/>
    <tag k="local_y" v="81701.2398"/>
    <tag k="ele" v="0"/>
  </node>
  <node id="2514" lat="42.27918108217" lon="-85.61604887719">
    <tag k="local_x" v="14114.2558"/>
    <tag k="local_y" v="81701.3987"/>
    <tag k="ele" v="0"/>
  </node>
  <node id="2520" lat="42.278894806" lon="-85.61646040684">
    <tag k="local_x" v="14080.8388"/>
    <tag k="local_y" v="81669.0599"/>
    <tag k="ele" v="0"/>
  </node>
  <node id="2521" lat="42.27889398549" lon="-85.61640621373">
    <tag k="local_x" v="14085.3089"/>
    <tag k="local_y" v="81669.0414"/>
    <tag k="ele" v="0"/>
  </node>
  <node id="2527" lat="42.27922052802" lon="-85.61645147066">
    <tag k="local_x" v="14080.988"/>
    <tag k="local_y" v="81705.2392"/>
    <tag k="ele" v="0"/>
  </node>
  <node id="2528" lat="42.2792197084" lon="-85.61639727724">
    <tag k="local_x" v="14085.4581"/>
    <tag k="local_y" v="81705.2208"/>
    <tag k="ele" v="0"/>
  </node>
  <node id="2545" lat="42.27878854344" lon="-85.61604463751">
    <tag k="local_x" v="14115.3138"/>
    <tag k="local_y" v="81657.8179"/>
    <tag k="ele" v="0"/>
  </node>
  <node id="2546" lat="42.27878907124" lon="-85.61610276987">
    <tag k="local_x" v="14110.5194"/>
    <tag k="local_y" v="81657.7986"/>
    <tag k="ele" v="0"/>
  </node>
  <node id="2552" lat="42.27870512496" lon="-85.61679737903">
    <tag k="local_x" v="14053.3951"/>
    <tag k="local_y" v="81647.5468"/>
    <tag k="ele" v="0"/>
  </node>
  <node id="2553" lat="42.27866761268" lon="-85.61679777755">
    <tag k="local_x" v="14053.4299"/>
    <tag k="local_y" v="81643.381"/>
    <tag k="ele" v="0"/>
  </node>
  <node id="2554" lat="42.2786284588" lon="-85.61679819257">
    <tag k="local_x" v="14053.4663"/>
    <tag k="local_y" v="81639.0329"/>
    <tag k="ele" v="0"/>
  </node>
  <node id="2563" lat="42.2786628381" lon="-85.61638486383">
    <tag k="local_x" v="14087.4864"/>
    <tag k="local_y" v="81643.404"/>
    <tag k="ele" v="0"/>
  </node>
  <node id="2566" lat="42.27862368423" lon="-85.6163852791">
    <tag k="local_x" v="14087.5228"/>
    <tag k="local_y" v="81639.0559"/>
    <tag k="ele" v="0"/>
  </node>
  <node id="2567" lat="42.27870035038" lon="-85.61638446507">
    <tag k="local_x" v="14087.4516"/>
    <tag k="local_y" v="81647.5698"/>
    <tag k="ele" v="0"/>
  </node>
  <node id="2574" lat="42.27871996515" lon="-85.6164652037">
    <tag k="local_x" v="14080.7587"/>
    <tag k="local_y" v="81649.6396"/>
    <tag k="ele" v="0"/>
  </node>
  <node id="2575" lat="42.27871914464" lon="-85.61641101073">
    <tag k="local_x" v="14085.2288"/>
    <tag k="local_y" v="81649.6211"/>
    <tag k="ele" v="0"/>
  </node>
  <node id="2581" lat="42.27870300657" lon="-85.61641927336">
    <tag k="local_x" v="14084.5766"/>
    <tag k="local_y" v="81647.8181"/>
    <tag k="ele" v="0"/>
  </node>
  <node id="2583" lat="42.2786886357" lon="-85.61643240651">
    <tag k="local_x" v="14083.5196"/>
    <tag k="local_y" v="81646.2048"/>
    <tag k="ele" v="0"/>
  </node>
  <node id="2584" lat="42.27867942763" lon="-85.61644752837">
    <tag k="local_x" v="14082.2893"/>
    <tag k="local_y" v="81645.1621"/>
    <tag k="ele" v="0"/>
  </node>
  <node id="2585" lat="42.27867384538" lon="-85.61646071055">
    <tag k="local_x" v="14081.2124"/>
    <tag k="local_y" v="81644.5246"/>
    <tag k="ele" v="0"/>
  </node>
  <node id="2586" lat="42.27866955768" lon="-85.61647698601">
    <tag k="local_x" v="14079.8781"/>
    <tag k="local_y" v="81644.0267"/>
    <tag k="ele" v="0"/>
  </node>
  <node id="2587" lat="42.27866673317" lon="-85.61650040405">
    <tag k="local_x" v="14077.9522"/>
    <tag k="local_y" v="81643.6817"/>
    <tag k="ele" v="0"/>
  </node>
  <node id="2588" lat="42.27870375094" lon="-85.61651194109">
    <tag k="local_x" v="14076.9341"/>
    <tag k="local_y" v="81647.7766"/>
    <tag k="ele" v="0"/>
  </node>
  <node id="2590" lat="42.27870444932" lon="-85.61649928659">
    <tag k="local_x" v="14077.9763"/>
    <tag k="local_y" v="81647.8711"/>
    <tag k="ele" v="0"/>
  </node>
  <node id="2591" lat="42.2787054646" lon="-85.61648856311">
    <tag k="local_x" v="14078.8587"/>
    <tag k="local_y" v="81647.9982"/>
    <tag k="ele" v="0"/>
  </node>
  <node id="2592" lat="42.27871002189" lon="-85.61647701631">
    <tag k="local_x" v="14079.8026"/>
    <tag k="local_y" v="81648.5197"/>
    <tag k="ele" v="0"/>
  </node>
  <node id="2593" lat="42.27860205429" lon="-85.61646489355">
    <tag k="local_x" v="14080.997"/>
    <tag k="local_y" v="81636.5475"/>
    <tag k="ele" v="0"/>
  </node>
  <node id="2594" lat="42.27860278564" lon="-85.6164107116">
    <tag k="local_x" v="14085.4634"/>
    <tag k="local_y" v="81636.7013"/>
    <tag k="ele" v="0"/>
  </node>
  <node id="2600" lat="42.27866331059" lon="-85.61650202033">
    <tag k="local_x" v="14077.8251"/>
    <tag k="local_y" v="81643.2995"/>
    <tag k="ele" v="0"/>
  </node>
  <node id="2607" lat="42.27866054715" lon="-85.61647877306">
    <tag k="local_x" v="14079.747"/>
    <tag k="local_y" v="81643.0238"/>
    <tag k="ele" v="0"/>
  </node>
  <node id="2608" lat="42.27865463443" lon="-85.61646128247">
    <tag k="local_x" v="14081.1999"/>
    <tag k="local_y" v="81642.3907"/>
    <tag k="ele" v="0"/>
  </node>
  <node id="2609" lat="42.2786470404" lon="-85.61644693572">
    <tag k="local_x" v="14082.3966"/>
    <tag k="local_y" v="81641.5667"/>
    <tag k="ele" v="0"/>
  </node>
  <node id="2610" lat="42.27863933643" lon="-85.61643661405">
    <tag k="local_x" v="14083.2616"/>
    <tag k="local_y" v="81640.7251"/>
    <tag k="ele" v="0"/>
  </node>
  <node id="2611" lat="42.27863175285" lon="-85.61642925369">
    <tag k="local_x" v="14083.8822"/>
    <tag k="local_y" v="81639.8929"/>
    <tag k="ele" v="0"/>
  </node>
  <node id="2612" lat="42.27862137091" lon="-85.61642202612">
    <tag k="local_x" v="14084.4969"/>
    <tag k="local_y" v="81638.7498"/>
    <tag k="ele" v="0"/>
  </node>
  <node id="2617" lat="42.27862581614" lon="-85.61650173221">
    <tag k="local_x" v="14077.9165"/>
    <tag k="local_y" v="81639.1366"/>
    <tag k="ele" v="0"/>
  </node>
  <node id="2620" lat="42.27862296837" lon="-85.61648896127">
    <tag k="local_x" v="14078.9747"/>
    <tag k="local_y" v="81638.8375"/>
    <tag k="ele" v="0"/>
  </node>
  <node id="2621" lat="42.2786182913" lon="-85.61647744431">
    <tag k="local_x" v="14079.9328"/>
    <tag k="local_y" v="81638.3336"/>
    <tag k="ele" v="0"/>
  </node>
  <node id="2622" lat="42.27861248584" lon="-85.61647070963">
    <tag k="local_x" v="14080.4986"/>
    <tag k="local_y" v="81637.698"/>
    <tag k="ele" v="0"/>
  </node>
  <node id="2625" lat="42.27869734348" lon="-85.61616193643">
    <tag k="local_x" v="14105.8062"/>
    <tag k="local_y" v="81647.5341"/>
    <tag k="ele" v="0"/>
  </node>
  <node id="2628" lat="42.27865983209" lon="-85.61616233409">
    <tag k="local_x" v="14105.8411"/>
    <tag k="local_y" v="81643.3684"/>
    <tag k="ele" v="0"/>
  </node>
  <node id="2631" lat="42.27869755542" lon="-85.61614740918">
    <tag k="local_x" v="14107.0037"/>
    <tag k="local_y" v="81647.5771"/>
    <tag k="ele" v="0"/>
  </node>
  <node id="2632" lat="42.27869825376" lon="-85.61613475467">
    <tag k="local_x" v="14108.0459"/>
    <tag k="local_y" v="81647.6716"/>
    <tag k="ele" v="0"/>
  </node>
  <node id="2633" lat="42.27870063011" lon="-85.61612577323">
    <tag k="local_x" v="14108.7822"/>
    <tag k="local_y" v="81647.9475"/>
    <tag k="ele" v="0"/>
  </node>
  <node id="2634" lat="42.27870518318" lon="-85.61611522215">
    <tag k="local_x" v="14109.644"/>
    <tag k="local_y" v="81648.4672"/>
    <tag k="ele" v="0"/>
  </node>
  <node id="2635" lat="42.27871379374" lon="-85.6161026819">
    <tag k="local_x" v="14110.6625"/>
    <tag k="local_y" v="81649.4401"/>
    <tag k="ele" v="0"/>
  </node>
  <node id="2636" lat="42.27871214281" lon="-85.61604401996">
    <tag k="local_x" v="14115.5026"/>
    <tag k="local_y" v="81649.3354"/>
    <tag k="ele" v="0"/>
  </node>
  <node id="2637" lat="42.27869681075" lon="-85.61605474147">
    <tag k="local_x" v="14114.6462"/>
    <tag k="local_y" v="81647.6186"/>
    <tag k="ele" v="0"/>
  </node>
  <node id="2638" lat="42.27868243992" lon="-85.61606787469">
    <tag k="local_x" v="14113.5892"/>
    <tag k="local_y" v="81646.0053"/>
    <tag k="ele" v="0"/>
  </node>
  <node id="2639" lat="42.2786732319" lon="-85.61608299661">
    <tag k="local_x" v="14112.3589"/>
    <tag k="local_y" v="81644.9626"/>
    <tag k="ele" v="0"/>
  </node>
  <node id="2640" lat="42.27866764969" lon="-85.61609617882">
    <tag k="local_x" v="14111.282"/>
    <tag k="local_y" v="81644.3251"/>
    <tag k="ele" v="0"/>
  </node>
  <node id="2641" lat="42.27866336205" lon="-85.6161124543">
    <tag k="local_x" v="14109.9477"/>
    <tag k="local_y" v="81643.8272"/>
    <tag k="ele" v="0"/>
  </node>
  <node id="2642" lat="42.27866053762" lon="-85.61613587235">
    <tag k="local_x" v="14108.0218"/>
    <tag k="local_y" v="81643.4822"/>
    <tag k="ele" v="0"/>
  </node>
  <node id="2643" lat="42.27865711504" lon="-85.61613748865">
    <tag k="local_x" v="14107.8947"/>
    <tag k="local_y" v="81643.1"/>
    <tag k="ele" v="0"/>
  </node>
  <node id="2644" lat="42.27865435152" lon="-85.6161142414">
    <tag k="local_x" v="14109.8166"/>
    <tag k="local_y" v="81642.8243"/>
    <tag k="ele" v="0"/>
  </node>
  <node id="2645" lat="42.27864843875" lon="-85.61609675085">
    <tag k="local_x" v="14111.2695"/>
    <tag k="local_y" v="81642.1912"/>
    <tag k="ele" v="0"/>
  </node>
  <node id="2646" lat="42.27864084467" lon="-85.61608240415">
    <tag k="local_x" v="14112.4662"/>
    <tag k="local_y" v="81641.3672"/>
    <tag k="ele" v="0"/>
  </node>
  <node id="2647" lat="42.27863314067" lon="-85.61607208252">
    <tag k="local_x" v="14113.3312"/>
    <tag k="local_y" v="81640.5256"/>
    <tag k="ele" v="0"/>
  </node>
  <node id="2648" lat="42.27862555706" lon="-85.61606472221">
    <tag k="local_x" v="14113.9518"/>
    <tag k="local_y" v="81639.6934"/>
    <tag k="ele" v="0"/>
  </node>
  <node id="2649" lat="42.2786151751" lon="-85.61605749469">
    <tag k="local_x" v="14114.5665"/>
    <tag k="local_y" v="81638.5503"/>
    <tag k="ele" v="0"/>
  </node>
  <node id="2650" lat="42.27859661076" lon="-85.61604523025">
    <tag k="local_x" v="14115.6113"/>
    <tag k="local_y" v="81636.5054"/>
    <tag k="ele" v="0"/>
  </node>
  <node id="2651" lat="42.27862067824" lon="-85.61616275072">
    <tag k="local_x" v="14105.8774"/>
    <tag k="local_y" v="81639.0203"/>
    <tag k="ele" v="0"/>
  </node>
  <node id="2652" lat="42.27861962059" lon="-85.61613720075">
    <tag k="local_x" v="14107.9861"/>
    <tag k="local_y" v="81638.9371"/>
    <tag k="ele" v="0"/>
  </node>
  <node id="2653" lat="42.27861677278" lon="-85.61612442983">
    <tag k="local_x" v="14109.0443"/>
    <tag k="local_y" v="81638.638"/>
    <tag k="ele" v="0"/>
  </node>
  <node id="2654" lat="42.27861209567" lon="-85.61611291289">
    <tag k="local_x" v="14110.0024"/>
    <tag k="local_y" v="81638.1341"/>
    <tag k="ele" v="0"/>
  </node>
  <node id="2655" lat="42.27860629019" lon="-85.61610617825">
    <tag k="local_x" v="14110.5682"/>
    <tag k="local_y" v="81637.4985"/>
    <tag k="ele" v="0"/>
  </node>
  <node id="2656" lat="42.27859585862" lon="-85.61610036223">
    <tag k="local_x" v="14111.0666"/>
    <tag k="local_y" v="81636.348"/>
    <tag k="ele" v="0"/>
  </node>
  <node id="2657" lat="42.27862629393" lon="-85.61604563448">
    <tag k="local_x" v="14115.5244"/>
    <tag k="local_y" v="81639.8008"/>
    <tag k="ele" v="0"/>
  </node>
  <node id="2658" lat="42.27862620328" lon="-85.61610110249">
    <tag k="local_x" v="14110.9508"/>
    <tag k="local_y" v="81639.7164"/>
    <tag k="ele" v="0"/>
  </node>
  <node id="2659" lat="42.27866425212" lon="-85.61610203069">
    <tag k="local_x" v="14110.8056"/>
    <tag k="local_y" v="81643.94"/>
    <tag k="ele" v="0"/>
  </node>
  <node id="2660" lat="42.2786633387" lon="-85.61604500442">
    <tag k="local_x" v="14115.5095"/>
    <tag k="local_y" v="81643.915"/>
    <tag k="ele" v="0"/>
  </node>
  <node id="2683" lat="42.27869930532" lon="-85.61620606773">
    <tag k="local_x" v="14102.1637"/>
    <tag k="local_y" v="81647.6928"/>
    <tag k="ele" v="0"/>
  </node>
  <node id="2684" lat="42.27866179395" lon="-85.61620646657">
    <tag k="local_x" v="14102.1985"/>
    <tag k="local_y" v="81643.5271"/>
    <tag k="ele" v="0"/>
  </node>
  <node id="2685" lat="42.27862264008" lon="-85.61620688196">
    <tag k="local_x" v="14102.2349"/>
    <tag k="local_y" v="81639.179"/>
    <tag k="ele" v="0"/>
  </node>
  <node id="2694" lat="42.27857640065" lon="-85.61604442587">
    <tag k="local_x" v="14115.7141"/>
    <tag k="local_y" v="81634.2624"/>
    <tag k="ele" v="0"/>
  </node>
  <node id="2695" lat="42.27857653054" lon="-85.61610070519">
    <tag k="local_x" v="14111.0732"/>
    <tag k="local_y" v="81634.2014"/>
    <tag k="ele" v="0"/>
  </node>
  <node id="2701" lat="42.27873062034" lon="-85.61604625692">
    <tag k="local_x" v="14115.2848"/>
    <tag k="local_y" v="81651.3841"/>
    <tag k="ele" v="0"/>
  </node>
  <node id="2702" lat="42.27872927872" lon="-85.6161020192">
    <tag k="local_x" v="14110.6892"/>
    <tag k="local_y" v="81651.1604"/>
    <tag k="ele" v="0"/>
  </node>
  <node id="2724" lat="42.27867040283" lon="-85.61727478339">
    <tag k="local_x" v="14014.0921"/>
    <tag k="local_y" v="81643.052"/>
    <tag k="ele" v="0"/>
  </node>
  <node id="2725" lat="42.27863124805" lon="-85.61727519813">
    <tag k="local_x" v="14014.1285"/>
    <tag k="local_y" v="81638.7038"/>
    <tag k="ele" v="0"/>
  </node>
  <node id="2731" lat="42.27866857283" lon="-85.61696182021">
    <tag k="local_x" v="14039.9016"/>
    <tag k="local_y" v="81643.2679"/>
    <tag k="ele" v="0"/>
  </node>
  <node id="2732" lat="42.27862941805" lon="-85.61696223515">
    <tag k="local_x" v="14039.938"/>
    <tag k="local_y" v="81638.9197"/>
    <tag k="ele" v="0"/>
  </node>
  <node id="2740" lat="42.27866714446" lon="-85.61671775396">
    <tag k="local_x" v="14060.0293"/>
    <tag k="local_y" v="81643.4362"/>
    <tag k="ele" v="0"/>
  </node>
  <node id="2741" lat="42.2786279906" lon="-85.61671817024">
    <tag k="local_x" v="14060.0656"/>
    <tag k="local_y" v="81639.0881"/>
    <tag k="ele" v="0"/>
  </node>
  <node id="2747" lat="42.27866933802" lon="-85.61709261612">
    <tag k="local_x" v="14029.1151"/>
    <tag k="local_y" v="81643.1777"/>
    <tag k="ele" v="0"/>
  </node>
  <node id="2748" lat="42.27863018324" lon="-85.61709303097">
    <tag k="local_x" v="14029.1515"/>
    <tag k="local_y" v="81638.8295"/>
    <tag k="ele" v="0"/>
  </node>
  <node id="2756" lat="42.27867140313" lon="-85.61744594642">
    <tag k="local_x" v="13999.9766"/>
    <tag k="local_y" v="81642.9339"/>
    <tag k="ele" v="0"/>
  </node>
  <node id="2757" lat="42.27863224834" lon="-85.61744636106">
    <tag k="local_x" v="14000.013"/>
    <tag k="local_y" v="81638.5857"/>
    <tag k="ele" v="0"/>
  </node>
  <node id="2763" lat="42.27863057297" lon="-85.61715962268">
    <tag k="local_x" v="14023.6598"/>
    <tag k="local_y" v="81638.7836"/>
    <tag k="ele" v="0"/>
  </node>
  <node id="2764" lat="42.27866972775" lon="-85.61715920787">
    <tag k="local_x" v="14023.6234"/>
    <tag k="local_y" v="81643.1318"/>
    <tag k="ele" v="0"/>
  </node>
  <node id="2770" lat="42.27867091452" lon="-85.61736232748">
    <tag k="local_x" v="14006.8725"/>
    <tag k="local_y" v="81642.9916"/>
    <tag k="ele" v="0"/>
  </node>
  <node id="2771" lat="42.27863175974" lon="-85.61736274217">
    <tag k="local_x" v="14006.9089"/>
    <tag k="local_y" v="81638.6434"/>
    <tag k="ele" v="0"/>
  </node>
  <node id="2779" lat="42.27867077158" lon="-85.61733785136">
    <tag k="local_x" v="14008.891"/>
    <tag k="local_y" v="81643.0085"/>
    <tag k="ele" v="0"/>
  </node>
  <node id="2780" lat="42.2786316168" lon="-85.61733826607">
    <tag k="local_x" v="14008.9274"/>
    <tag k="local_y" v="81638.6603"/>
    <tag k="ele" v="0"/>
  </node>
  <node id="2794" lat="42.27849258112" lon="-85.61640800756">
    <tag k="local_x" v="14085.8852"/>
    <tag k="local_y" v="81624.4681"/>
    <tag k="ele" v="0"/>
  </node>
  <node id="2795" lat="42.27849184723" lon="-85.61646220281">
    <tag k="local_x" v="14081.4177"/>
    <tag k="local_y" v="81624.314"/>
    <tag k="ele" v="0"/>
  </node>
  <node id="2801" lat="42.27828033466" lon="-85.6164066691">
    <tag k="local_x" v="14086.3785"/>
    <tag k="local_y" v="81600.9026"/>
    <tag k="ele" v="0"/>
  </node>
  <node id="2802" lat="42.27828010224" lon="-85.61646055244">
    <tag k="local_x" v="14081.9358"/>
    <tag k="local_y" v="81600.8046"/>
    <tag k="ele" v="0"/>
  </node>
  <node id="2808" lat="42.27801750583" lon="-85.61650733785">
    <tag k="local_x" v="14078.5517"/>
    <tag k="local_y" v="81571.5839"/>
    <tag k="ele" v="0"/>
  </node>
  <node id="2809" lat="42.27802068032" lon="-85.61656039939">
    <tag k="local_x" v="14074.1706"/>
    <tag k="local_y" v="81571.8653"/>
    <tag k="ele" v="0"/>
  </node>
  <node id="2815" lat="42.27888447669" lon="-85.61610469003">
    <tag k="local_x" v="14110.1889"/>
    <tag k="local_y" v="81668.3896"/>
    <tag k="ele" v="0"/>
  </node>
  <node id="2816" lat="42.27888465228" lon="-85.61604409728">
    <tag k="local_x" v="14115.1849"/>
    <tag k="local_y" v="81668.4903"/>
    <tag k="ele" v="0"/>
  </node>
  <node id="2824" lat="42.27876233836" lon="-85.61610243445">
    <tag k="local_x" v="14110.5953"/>
    <tag k="local_y" v="81654.8307"/>
    <tag k="ele" v="0"/>
  </node>
  <node id="2825" lat="42.27876099411" lon="-85.61604575224">
    <tag k="local_x" v="14115.2716"/>
    <tag k="local_y" v="81654.7574"/>
    <tag k="ele" v="0"/>
  </node>
  <node id="2833" lat="42.27903637325" lon="-85.61604596481">
    <tag k="local_x" v="14114.7571"/>
    <tag k="local_y" v="81685.3345"/>
    <tag k="ele" v="0"/>
  </node>
  <node id="2834" lat="42.27903568858" lon="-85.61610773187">
    <tag k="local_x" v="14109.6652"/>
    <tag k="local_y" v="81685.1757"/>
    <tag k="ele" v="0"/>
  </node>
  <node id="2844" lat="42.27870687144" lon="-85.61709598653">
    <tag k="local_x" v="14028.7695"/>
    <tag k="local_y" v="81647.3408"/>
    <tag k="ele" v="0"/>
  </node>
  <node id="2845" lat="42.27866935915" lon="-85.61709638486">
    <tag k="local_x" v="14028.8043"/>
    <tag k="local_y" v="81643.175"/>
    <tag k="ele" v="0"/>
  </node>
  <node id="2851" lat="42.27928974934" lon="-85.61644957164">
    <tag k="local_x" v="14081.0197"/>
    <tag k="local_y" v="81712.9279"/>
    <tag k="ele" v="0"/>
  </node>
  <node id="2852" lat="42.27928892971" lon="-85.61639537817">
    <tag k="local_x" v="14085.4898"/>
    <tag k="local_y" v="81712.9095"/>
    <tag k="ele" v="0"/>
  </node>
  <node id="2858" lat="42.2794556508" lon="-85.61624967964">
    <tag k="local_x" v="14097.2028"/>
    <tag k="local_y" v="81731.617"/>
    <tag k="ele" v="0"/>
  </node>
  <node id="2859" lat="42.27941544575" lon="-85.61624910901">
    <tag k="local_x" v="14097.3224"/>
    <tag k="local_y" v="81727.1535"/>
    <tag k="ele" v="0"/>
  </node>
  <node id="2865" lat="42.27925058013" lon="-85.61605027522">
    <tag k="local_x" v="14114.0151"/>
    <tag k="local_y" v="81709.1137"/>
    <tag k="ele" v="0"/>
  </node>
  <node id="2866" lat="42.27924989545" lon="-85.61611204128">
    <tag k="local_x" v="14108.9233"/>
    <tag k="local_y" v="81708.9549"/>
    <tag k="ele" v="0"/>
  </node>
  <node id="2874" lat="42.27916635472" lon="-85.61604858101">
    <tag k="local_x" v="14114.3068"/>
    <tag k="local_y" v="81699.7638"/>
    <tag k="ele" v="0"/>
  </node>
  <node id="2875" lat="42.27916566915" lon="-85.61611034701">
    <tag k="local_x" v="14109.215"/>
    <tag k="local_y" v="81699.6049"/>
    <tag k="ele" v="0"/>
  </node>
  <node id="2888" lat="42.2789778301" lon="-85.61604478665">
    <tag k="local_x" v="14114.9599"/>
    <tag k="local_y" v="81678.8356"/>
    <tag k="ele" v="0"/>
  </node>
  <node id="2889" lat="42.27897714454" lon="-85.61610655367">
    <tag k="local_x" v="14109.868"/>
    <tag k="local_y" v="81678.6767"/>
    <tag k="ele" v="0"/>
  </node>
  <node id="2895" lat="42.27887645042" lon="-85.61610452854">
    <tag k="local_x" v="14110.2167"/>
    <tag k="local_y" v="81667.4986"/>
    <tag k="ele" v="0"/>
  </node>
  <node id="2896" lat="42.2788767933" lon="-85.61604414195">
    <tag k="local_x" v="14115.1954"/>
    <tag k="local_y" v="81667.6176"/>
    <tag k="ele" v="0"/>
  </node>
  <node id="2902" lat="42.27889844295" lon="-85.61610497134">
    <tag k="local_x" v="14110.1405"/>
    <tag k="local_y" v="81669.94"/>
    <tag k="ele" v="0"/>
  </node>
  <node id="2903" lat="42.2788986331" lon="-85.61604401808">
    <tag k="local_x" v="14115.1662"/>
    <tag k="local_y" v="81670.0428"/>
    <tag k="ele" v="0"/>
  </node>
  <node id="2909" lat="42.27894569529" lon="-85.61604414017">
    <tag k="local_x" v="14115.0712"/>
    <tag k="local_y" v="81675.2683"/>
    <tag k="ele" v="0"/>
  </node>
  <node id="2910" lat="42.27894500972" lon="-85.61610590716">
    <tag k="local_x" v="14109.9793"/>
    <tag k="local_y" v="81675.1094"/>
    <tag k="ele" v="0"/>
  </node>
  <node id="2924" lat="42.27848567062" lon="-85.6159612105">
    <tag k="local_x" v="14122.7396"/>
    <tag k="local_y" v="81624.2995"/>
    <tag k="ele" v="0"/>
  </node>
  <node id="2926" lat="42.27868596152" lon="-85.61594567669">
    <tag k="local_x" v="14123.659"/>
    <tag k="local_y" v="81646.5601"/>
    <tag k="ele" v="0"/>
  </node>
  <node id="2930" lat="42.27867447603" lon="-85.61543436712">
    <tag k="local_x" v="14165.8411"/>
    <tag k="local_y" v="81645.9702"/>
    <tag k="ele" v="0"/>
  </node>
  <node id="2932" lat="42.27861392138" lon="-85.61598548277">
    <tag k="local_x" v="14120.5067"/>
    <tag k="local_y" v="81638.5076"/>
    <tag k="ele" v="0"/>
  </node>
  <node id="2933" lat="42.27861374907" lon="-85.61600000793">
    <tag k="local_x" v="14119.3093"/>
    <tag k="local_y" v="81638.469"/>
    <tag k="ele" v="0"/>
  </node>
  <node id="2934" lat="42.27861309129" lon="-85.61601266396">
    <tag k="local_x" v="14118.2669"/>
    <tag k="local_y" v="81638.379"/>
    <tag k="ele" v="0"/>
  </node>
  <node id="2935" lat="42.2786107266" lon="-85.6160216415">
    <tag k="local_x" v="14117.5309"/>
    <tag k="local_y" v="81638.1044"/>
    <tag k="ele" v="0"/>
  </node>
  <node id="2936" lat="42.27860644262" lon="-85.61603493597">
    <tag k="local_x" v="14116.4424"/>
    <tag k="local_y" v="81637.6109"/>
    <tag k="ele" v="0"/>
  </node>
  <node id="2939" lat="42.27861046083" lon="-85.61609244604">
    <tag k="local_x" v="14111.693"/>
    <tag k="local_y" v="81637.98"/>
    <tag k="ele" v="0"/>
  </node>
  <node id="2940" lat="42.27862479601" lon="-85.61607926874">
    <tag k="local_x" v="14112.7537"/>
    <tag k="local_y" v="81639.5894"/>
    <tag k="ele" v="0"/>
  </node>
  <node id="2941" lat="42.27863397456" lon="-85.61606409291">
    <tag k="local_x" v="14113.9885"/>
    <tag k="local_y" v="81640.6289"/>
    <tag k="ele" v="0"/>
  </node>
  <node id="2942" lat="42.27863953237" lon="-85.61605090396">
    <tag k="local_x" v="14115.066"/>
    <tag k="local_y" v="81641.2637"/>
    <tag k="ele" v="0"/>
  </node>
  <node id="2943" lat="42.27864378063" lon="-85.61603457477">
    <tag k="local_x" v="14116.4048"/>
    <tag k="local_y" v="81641.7573"/>
    <tag k="ele" v="0"/>
  </node>
  <node id="2944" lat="42.27864656168" lon="-85.61601114555">
    <tag k="local_x" v="14118.3317"/>
    <tag k="local_y" v="81642.0975"/>
    <tag k="ele" v="0"/>
  </node>
  <node id="2945" lat="42.27864718708" lon="-85.6159846892">
    <tag k="local_x" v="14120.5121"/>
    <tag k="local_y" v="81642.2024"/>
    <tag k="ele" v="0"/>
  </node>
  <node id="2952" lat="42.27864997683" lon="-85.61600951121">
    <tag k="local_x" v="14118.4603"/>
    <tag k="local_y" v="81642.4789"/>
    <tag k="ele" v="0"/>
  </node>
  <node id="2953" lat="42.27865280253" lon="-85.61603276073">
    <tag k="local_x" v="14116.5381"/>
    <tag k="local_y" v="81642.7615"/>
    <tag k="ele" v="0"/>
  </node>
  <node id="2954" lat="42.27865874382" lon="-85.61605022518">
    <tag k="local_x" v="14115.0873"/>
    <tag k="local_y" v="81643.3978"/>
    <tag k="ele" v="0"/>
  </node>
  <node id="2955" lat="42.27866636995" lon="-85.61606454087">
    <tag k="local_x" v="14113.8931"/>
    <tag k="local_y" v="81644.2254"/>
    <tag k="ele" v="0"/>
  </node>
  <node id="2956" lat="42.27867411248" lon="-85.61607484589">
    <tag k="local_x" v="14113.0294"/>
    <tag k="local_y" v="81645.0713"/>
    <tag k="ele" v="0"/>
  </node>
  <node id="2957" lat="42.27868105239" lon="-85.61608349368">
    <tag k="local_x" v="14112.3038"/>
    <tag k="local_y" v="81645.8303"/>
    <tag k="ele" v="0"/>
  </node>
  <node id="2958" lat="42.2786913976" lon="-85.6160923774">
    <tag k="local_x" v="14111.5526"/>
    <tag k="local_y" v="81646.9671"/>
    <tag k="ele" v="0"/>
  </node>
  <node id="2959" lat="42.27868634904" lon="-85.61598412433">
    <tag k="local_x" v="14120.488"/>
    <tag k="local_y" v="81646.5516"/>
    <tag k="ele" v="0"/>
  </node>
  <node id="2960" lat="42.27868746238" lon="-85.61600965855">
    <tag k="local_x" v="14118.3805"/>
    <tag k="local_y" v="81646.641"/>
    <tag k="ele" v="0"/>
  </node>
  <node id="2961" lat="42.2786903514" lon="-85.61602241039">
    <tag k="local_x" v="14117.3238"/>
    <tag k="local_y" v="81646.9447"/>
    <tag k="ele" v="0"/>
  </node>
  <node id="2962" lat="42.27869504183" lon="-85.61603391127">
    <tag k="local_x" v="14116.367"/>
    <tag k="local_y" v="81647.4501"/>
    <tag k="ele" v="0"/>
  </node>
  <node id="2963" lat="42.27870086767" lon="-85.61604061637">
    <tag k="local_x" v="14115.8036"/>
    <tag k="local_y" v="81648.088"/>
    <tag k="ele" v="0"/>
  </node>
  <node id="2976" lat="42.27863403244" lon="-85.61538502932">
    <tag k="local_x" v="14169.9824"/>
    <tag k="local_y" v="81641.5456"/>
    <tag k="ele" v="0"/>
  </node>
  <node id="2977" lat="42.27863549807" lon="-85.61543599538">
    <tag k="local_x" v="14165.77721105272"/>
    <tag k="local_y" v="81641.64000509812"/>
    <tag k="ele" v="0"/>
  </node>
  <node id="2978" lat="42.27864698128" lon="-85.61594720309">
    <tag k="local_x" v="14123.603487974084"/>
    <tag k="local_y" v="81642.22978960688"/>
    <tag k="ele" v="0"/>
  </node>
  <node id="2979" lat="42.27864735592" lon="-85.61598483699">
    <tag k="local_x" v="14120.499608492712"/>
    <tag k="local_y" v="81642.22094936429"/>
    <tag k="ele" v="0"/>
  </node>
  <node id="2981" lat="42.27860064549" lon="-85.61538677067">
    <tag k="local_x" v="14169.899093577958"/>
    <tag k="local_y" v="81637.83606467141"/>
    <tag k="ele" v="0"/>
  </node>
  <node id="2982" lat="42.27860210196" lon="-85.61543739034">
    <tag k="local_x" v="14165.722480863446"/>
    <tag k="local_y" v="81637.92991786862"/>
    <tag k="ele" v="0"/>
  </node>
  <node id="2983" lat="42.27861358324" lon="-85.61594851141">
    <tag k="local_x" v="14123.555883620656"/>
    <tag k="local_y" v="81638.51960410348"/>
    <tag k="ele" v="0"/>
  </node>
  <node id="2984" lat="42.27861394674" lon="-85.61598544006">
    <tag k="local_x" v="14120.510176398699"/>
    <tag k="local_y" v="81638.51047352371"/>
    <tag k="ele" v="0"/>
  </node>
  <node id="2989" lat="42.27848597569" lon="-85.61600028924">
    <tag k="local_x" v="14119.5167"/>
    <tag k="local_y" v="81624.281"/>
    <tag k="ele" v="0"/>
  </node>
  <node id="2990" lat="42.27848531791" lon="-85.61601294524">
    <tag k="local_x" v="14118.4743"/>
    <tag k="local_y" v="81624.191"/>
    <tag k="ele" v="0"/>
  </node>
  <node id="2991" lat="42.27848295323" lon="-85.61602192277">
    <tag k="local_x" v="14117.7383"/>
    <tag k="local_y" v="81623.9164"/>
    <tag k="ele" v="0"/>
  </node>
  <node id="2992" lat="42.27847866924" lon="-85.61603521721">
    <tag k="local_x" v="14116.6498"/>
    <tag k="local_y" v="81623.4229"/>
    <tag k="ele" v="0"/>
  </node>
  <node id="2994" lat="42.27847995056" lon="-85.61609907148">
    <tag k="local_x" v="14111.3822"/>
    <tag k="local_y" v="81623.4796"/>
    <tag k="ele" v="0"/>
  </node>
  <node id="2995" lat="42.27849151867" lon="-85.61609085788">
    <tag k="local_x" v="14112.0386"/>
    <tag k="local_y" v="81624.7751"/>
    <tag k="ele" v="0"/>
  </node>
  <node id="2996" lat="42.27850228264" lon="-85.61607936929">
    <tag k="local_x" v="14112.9665"/>
    <tag k="local_y" v="81625.9857"/>
    <tag k="ele" v="0"/>
  </node>
  <node id="2997" lat="42.27851146119" lon="-85.61606419349">
    <tag k="local_x" v="14114.2013"/>
    <tag k="local_y" v="81627.0252"/>
    <tag k="ele" v="0"/>
  </node>
  <node id="2998" lat="42.278517019" lon="-85.61605100456">
    <tag k="local_x" v="14115.2788"/>
    <tag k="local_y" v="81627.66"/>
    <tag k="ele" v="0"/>
  </node>
  <node id="2999" lat="42.27852126727" lon="-85.61603467541">
    <tag k="local_x" v="14116.6176"/>
    <tag k="local_y" v="81628.1536"/>
    <tag k="ele" v="0"/>
  </node>
  <node id="3002" lat="42.27848641384" lon="-85.61601039997">
    <tag k="local_x" v="14118.6822"/>
    <tag k="local_y" v="81624.3161"/>
    <tag k="ele" v="0"/>
  </node>
  <node id="3003" lat="42.27848851223" lon="-85.6160341274">
    <tag k="local_x" v="14116.7219"/>
    <tag k="local_y" v="81624.5173"/>
    <tag k="ele" v="0"/>
  </node>
  <node id="3004" lat="42.27849445352" lon="-85.61605159181">
    <tag k="local_x" v="14115.2711"/>
    <tag k="local_y" v="81625.1536"/>
    <tag k="ele" v="0"/>
  </node>
  <node id="3005" lat="42.27850207964" lon="-85.61606590746">
    <tag k="local_x" v="14114.0769"/>
    <tag k="local_y" v="81625.9812"/>
    <tag k="ele" v="0"/>
  </node>
  <node id="3006" lat="42.27850982217" lon="-85.61607621245">
    <tag k="local_x" v="14113.2132"/>
    <tag k="local_y" v="81626.8271"/>
    <tag k="ele" v="0"/>
  </node>
  <node id="3007" lat="42.27851676208" lon="-85.61608486022">
    <tag k="local_x" v="14112.4876"/>
    <tag k="local_y" v="81627.5861"/>
    <tag k="ele" v="0"/>
  </node>
  <node id="3008" lat="42.27852710729" lon="-85.61609374392">
    <tag k="local_x" v="14111.7364"/>
    <tag k="local_y" v="81628.7229"/>
    <tag k="ele" v="0"/>
  </node>
  <node id="3010" lat="42.27852186295" lon="-85.61598605813">
    <tag k="local_x" v="14120.6254"/>
    <tag k="local_y" v="81628.2849"/>
    <tag k="ele" v="0"/>
  </node>
  <node id="3011" lat="42.27852317207" lon="-85.61601102528">
    <tag k="local_x" v="14118.5643"/>
    <tag k="local_y" v="81628.3968"/>
    <tag k="ele" v="0"/>
  </node>
  <node id="3012" lat="42.27852606109" lon="-85.61602377709">
    <tag k="local_x" v="14117.5076"/>
    <tag k="local_y" v="81628.7005"/>
    <tag k="ele" v="0"/>
  </node>
  <node id="3013" lat="42.27853075153" lon="-85.61603527794">
    <tag k="local_x" v="14116.5508"/>
    <tag k="local_y" v="81629.2059"/>
    <tag k="ele" v="0"/>
  </node>
  <node id="3014" lat="42.27853657736" lon="-85.61604198302">
    <tag k="local_x" v="14115.9874"/>
    <tag k="local_y" v="81629.8438"/>
    <tag k="ele" v="0"/>
  </node>
  <node id="3025" lat="42.27852214625" lon="-85.61600960457">
    <tag k="local_x" v="14118.6833"/>
    <tag k="local_y" v="81628.2848"/>
    <tag k="ele" v="0"/>
  </node>
  <node id="3026" lat="42.27854630044" lon="-85.61604461289">
    <tag k="local_x" v="14115.753"/>
    <tag k="local_y" v="81630.9199"/>
    <tag k="ele" v="0"/>
  </node>
  <node id="3027" lat="42.27854660201" lon="-85.61610198474">
    <tag k="local_x" v="14111.0217"/>
    <tag k="local_y" v="81630.8765"/>
    <tag k="ele" v="0"/>
  </node>
  <node id="3033" lat="42.27846637331" lon="-85.61604707526">
    <tag k="local_x" v="14115.6942"/>
    <tag k="local_y" v="81622.0417"/>
    <tag k="ele" v="0"/>
  </node>
  <node id="3034" lat="42.27846885877" lon="-85.61610623291">
    <tag k="local_x" v="14110.8117"/>
    <tag k="local_y" v="81622.2384"/>
    <tag k="ele" v="0"/>
  </node>
  <node id="3053" lat="42.27849286825" lon="-85.61531208632">
    <tag k="local_x" v="14176.252"/>
    <tag k="local_y" v="81625.9689"/>
    <tag k="ele" v="0"/>
  </node>
  <node id="3056" lat="42.27852119896" lon="-85.61596185334">
    <tag k="local_x" v="14122.622472334451"/>
    <tag k="local_y" v="81628.2436123971"/>
    <tag k="ele" v="0"/>
  </node>
  <node id="3057" lat="42.27852839583" lon="-85.61531280047">
    <tag k="local_x" v="14176.128963079917"/>
    <tag k="local_y" v="81629.91283248007"/>
    <tag k="ele" v="0"/>
  </node>
  <node id="3063" lat="42.27848934887" lon="-85.61562953881">
    <tag k="local_x" v="14150.0819"/>
    <tag k="local_y" v="81625.1525"/>
    <tag k="ele" v="0"/>
  </node>
  <node id="3064" lat="42.27852487616" lon="-85.61563025392">
    <tag k="local_x" v="14149.9588"/>
    <tag k="local_y" v="81629.0964"/>
    <tag k="ele" v="0"/>
  </node>
  <node id="3070" lat="42.27852182411" lon="-85.61598328786">
    <tag k="local_x" v="14120.8539"/>
    <tag k="local_y" v="81628.2843"/>
    <tag k="ele" v="0"/>
  </node>
  <node id="3071" lat="42.27848612924" lon="-85.61598480646">
    <tag k="local_x" v="14120.7931"/>
    <tag k="local_y" v="81624.3188"/>
    <tag k="ele" v="0"/>
  </node>
  <node id="3079" lat="42.27849282639" lon="-85.61529251118">
    <tag k="local_x" v="14177.8662"/>
    <tag k="local_y" v="81625.9905"/>
    <tag k="ele" v="0"/>
  </node>
  <node id="3080" lat="42.27849389142" lon="-85.61521984469">
    <tag k="local_x" v="14183.8562"/>
    <tag k="local_y" v="81626.2062"/>
    <tag k="ele" v="0"/>
  </node>
  <node id="3095" lat="42.27870206201" lon="-85.61460998931">
    <tag k="local_x" v="14233.7675"/>
    <tag k="local_y" v="81650.1389"/>
    <tag k="ele" v="0"/>
  </node>
  <node id="3096" lat="42.27866738749" lon="-85.61472272163">
    <tag k="local_x" v="14224.5345"/>
    <tag k="local_y" v="81646.1375"/>
    <tag k="ele" v="0"/>
  </node>
  <node id="3097" lat="42.2786244348" lon="-85.61480311789">
    <tag k="local_x" v="14217.9828"/>
    <tag k="local_y" v="81641.2603"/>
    <tag k="ele" v="0"/>
  </node>
  <node id="3098" lat="42.27855361686" lon="-85.61486958849">
    <tag k="local_x" v="14212.6297"/>
    <tag k="local_y" v="81633.3077"/>
    <tag k="ele" v="0"/>
  </node>
  <node id="3099" lat="42.27853967078" lon="-85.61493024969">
    <tag k="local_x" v="14207.6529"/>
    <tag k="local_y" v="81631.6778"/>
    <tag k="ele" v="0"/>
  </node>
  <node id="3100" lat="42.27853321834" lon="-85.61506016285">
    <tag k="local_x" v="14196.9522"/>
    <tag k="local_y" v="81630.7871"/>
    <tag k="ele" v="0"/>
  </node>
  <node id="3101" lat="42.27853167163" lon="-85.61521083376">
    <tag k="local_x" v="14184.531"/>
    <tag k="local_y" v="81630.4133"/>
    <tag k="ele" v="0"/>
  </node>
  <node id="3103" lat="42.27877319305" lon="-85.61424844787">
    <tag k="local_x" v="14263.4508"/>
    <tag k="local_y" v="81658.5222"/>
    <tag k="ele" v="0"/>
  </node>
  <node id="3104" lat="42.27873412666" lon="-85.61449913437">
    <tag k="local_x" v="14242.8504"/>
    <tag k="local_y" v="81653.848"/>
    <tag k="ele" v="0"/>
  </node>
  <node id="3108" lat="42.28045772476" lon="-85.61417882062">
    <tag k="local_x" v="14266.1479"/>
    <tag k="local_y" v="81845.6617"/>
    <tag k="ele" v="0"/>
  </node>
  <node id="3109" lat="42.28055854483" lon="-85.61417882305">
    <tag k="local_x" v="14265.9655"/>
    <tag k="local_y" v="81856.8565"/>
    <tag k="ele" v="0"/>
  </node>
  <node id="3110" lat="42.28065361381" lon="-85.61417682309">
    <tag k="local_x" v="14265.9586"/>
    <tag k="local_y" v="81867.4154"/>
    <tag k="ele" v="0"/>
  </node>
  <node id="3111" lat="42.28070008466" lon="-85.61417712409">
    <tag k="local_x" v="14265.8498"/>
    <tag k="local_y" v="81872.575"/>
    <tag k="ele" v="0"/>
  </node>
  <node id="3112" lat="42.2811617802" lon="-85.61418032499">
    <tag k="local_x" v="14264.7515"/>
    <tag k="local_y" v="81923.8362"/>
    <tag k="ele" v="0"/>
  </node>
  <node id="3113" lat="42.2813735446" lon="-85.61418180096">
    <tag k="local_x" v="14264.2471"/>
    <tag k="local_y" v="81947.348"/>
    <tag k="ele" v="0"/>
  </node>
  <node id="3114" lat="42.28151573438" lon="-85.61416726356">
    <tag k="local_x" v="14265.1888"/>
    <tag k="local_y" v="81963.1559"/>
    <tag k="ele" v="0"/>
  </node>
  <node id="3115" lat="42.28156660707" lon="-85.61414675344">
    <tag k="local_x" v="14266.788"/>
    <tag k="local_y" v="81968.8322"/>
    <tag k="ele" v="0"/>
  </node>
  <node id="3116" lat="42.28160832123" lon="-85.61411853778">
    <tag k="local_x" v="14269.0391"/>
    <tag k="local_y" v="81973.5019"/>
    <tag k="ele" v="0"/>
  </node>
  <node id="3117" lat="42.28165610635" lon="-85.61407400903">
    <tag k="local_x" v="14272.6243"/>
    <tag k="local_y" v="81978.8676"/>
    <tag k="ele" v="0"/>
  </node>
  <node id="3118" lat="42.28167088966" lon="-85.61405694711">
    <tag k="local_x" v="14274.0044"/>
    <tag k="local_y" v="81980.532"/>
    <tag k="ele" v="0"/>
  </node>
  <node id="3122" lat="42.28045449468" lon="-85.61407147685">
    <tag k="local_x" v="14275.0048"/>
    <tag k="local_y" v="81845.4471"/>
    <tag k="ele" v="0"/>
  </node>
  <node id="3123" lat="42.28055565242" lon="-85.61407147414">
    <tag k="local_x" v="14274.8222"/>
    <tag k="local_y" v="81856.6794"/>
    <tag k="ele" v="0"/>
  </node>
  <node id="3124" lat="42.28065059261" lon="-85.61406947442">
    <tag k="local_x" v="14274.8155"/>
    <tag k="local_y" v="81867.224"/>
    <tag k="ele" v="0"/>
  </node>
  <node id="3125" lat="42.28069844224" lon="-85.61406977301">
    <tag k="local_x" v="14274.7044"/>
    <tag k="local_y" v="81872.5367"/>
    <tag k="ele" v="0"/>
  </node>
  <node id="3126" lat="42.28116014678" lon="-85.61407297293">
    <tag k="local_x" v="14273.6061"/>
    <tag k="local_y" v="81923.7989"/>
    <tag k="ele" v="0"/>
  </node>
  <node id="3127" lat="42.28136876415" lon="-85.61407449447">
    <tag k="local_x" v="14273.1036"/>
    <tag k="local_y" v="81946.9612"/>
    <tag k="ele" v="0"/>
  </node>
  <node id="3128" lat="42.28150114335" lon="-85.61406097111">
    <tag k="local_x" v="14273.9794"/>
    <tag k="local_y" v="81961.6784"/>
    <tag k="ele" v="0"/>
  </node>
  <node id="3129" lat="42.28152768408" lon="-85.61404898661">
    <tag k="local_x" v="14274.9196"/>
    <tag k="local_y" v="81964.6415"/>
    <tag k="ele" v="0"/>
  </node>
  <node id="3130" lat="42.28155481783" lon="-85.61403062918">
    <tag k="local_x" v="14276.3842"/>
    <tag k="local_y" v="81967.679"/>
    <tag k="ele" v="0"/>
  </node>
  <node id="3131" lat="42.28159582587" lon="-85.61399220503">
    <tag k="local_x" v="14279.4783"/>
    <tag k="local_y" v="81972.284"/>
    <tag k="ele" v="0"/>
  </node>
  <node id="3132" lat="42.28160383575" lon="-85.61398244226">
    <tag k="local_x" v="14280.2688"/>
    <tag k="local_y" v="81973.1865"/>
    <tag k="ele" v="0"/>
  </node>
  <node id="3134" lat="42.27766176472" lon="-85.61736004677">
    <tag k="local_x" v="14008.88"/>
    <tag k="local_y" v="81530.9413"/>
    <tag k="ele" v="0"/>
  </node>
  <node id="3135" lat="42.27770293729" lon="-85.61735653192">
    <tag k="local_x" v="14009.0956"/>
    <tag k="local_y" v="81535.5177"/>
    <tag k="ele" v="0"/>
  </node>
  <node id="3157" lat="42.27856939977" lon="-85.61535039093">
    <tag k="local_x" v="14172.9553"/>
    <tag k="local_y" v="81634.4154"/>
    <tag k="ele" v="0"/>
  </node>
  <node id="3158" lat="42.27851417482" lon="-85.61532940824">
    <tag k="local_x" v="14174.7852"/>
    <tag k="local_y" v="81628.3115"/>
    <tag k="ele" v="0"/>
  </node>
  <node id="3159" lat="42.27850038856" lon="-85.61531330659">
    <tag k="local_x" v="14176.1378"/>
    <tag k="local_y" v="81626.8023"/>
    <tag k="ele" v="0"/>
  </node>
  <node id="3165" lat="42.27856682982" lon="-85.6152937406">
    <tag k="local_x" v="14177.6312"/>
    <tag k="local_y" v="81634.206"/>
    <tag k="ele" v="0"/>
  </node>
  <node id="3174" lat="42.27862729231" lon="-85.61535347701">
    <tag k="local_x" v="14172.5963"/>
    <tag k="local_y" v="81640.8395"/>
    <tag k="ele" v="0"/>
  </node>
  <node id="3175" lat="42.27859297851" lon="-85.61536994794">
    <tag k="local_x" v="14171.3001"/>
    <tag k="local_y" v="81637.0073"/>
    <tag k="ele" v="0"/>
  </node>
  <node id="3176" lat="42.2786139613" lon="-85.61533151993">
    <tag k="local_x" v="14174.4309"/>
    <tag k="local_y" v="81639.3887"/>
    <tag k="ele" v="0"/>
  </node>
  <node id="3177" lat="42.27861743482" lon="-85.61537081679">
    <tag k="local_x" v="14171.1843"/>
    <tag k="local_y" v="81639.7217"/>
    <tag k="ele" v="0"/>
  </node>
  <node id="3178" lat="42.27866560957" lon="-85.61535522839">
    <tag k="local_x" v="14172.3827"/>
    <tag k="local_y" v="81645.0918"/>
    <tag k="ele" v="0"/>
  </node>
  <node id="3180" lat="42.27852930543" lon="-85.61526942096">
    <tag k="local_x" v="14179.7043"/>
    <tag k="local_y" v="81630.072"/>
    <tag k="ele" v="0"/>
  </node>
  <node id="3194" lat="42.27852211164" lon="-85.6146377767">
    <tag k="local_x" v="14231.8013"/>
    <tag k="local_y" v="81630.1204"/>
    <tag k="ele" v="0"/>
  </node>
  <node id="3195" lat="42.27866008621" lon="-85.61457444659">
    <tag k="local_x" v="14236.7741"/>
    <tag k="local_y" v="81645.5257"/>
    <tag k="ele" v="0"/>
  </node>
  <node id="3197" lat="42.27850436077" lon="-85.61464767982">
    <tag k="local_x" v="14231.016777220353"/>
    <tag k="local_y" v="81628.13610392787"/>
    <tag k="ele" v="0"/>
  </node>
  <node id="3198" lat="42.2783454825" lon="-85.6147477135">
    <tag k="local_x" v="14223.055206760579"/>
    <tag k="local_y" v="81610.36048063048"/>
    <tag k="ele" v="0"/>
  </node>
  <node id="3199" lat="42.27818182199" lon="-85.61486096447">
    <tag k="local_x" v="14214.01235645411"/>
    <tag k="local_y" v="81592.03613174082"/>
    <tag k="ele" v="0"/>
  </node>
  <node id="3200" lat="42.27807824104" lon="-85.61496204371">
    <tag k="local_x" v="14205.864611718447"/>
    <tag k="local_y" v="81580.39919923355"/>
    <tag k="ele" v="0"/>
  </node>
  <node id="3201" lat="42.27804421404" lon="-85.61500845314">
    <tag k="local_x" v="14202.099217748168"/>
    <tag k="local_y" v="81576.55868554511"/>
    <tag k="ele" v="0"/>
  </node>
  <node id="3202" lat="42.2780274832" lon="-85.61504320831">
    <tag k="local_x" v="14199.263575801306"/>
    <tag k="local_y" v="81574.65432459374"/>
    <tag k="ele" v="0"/>
  </node>
  <node id="3203" lat="42.27800880826" lon="-85.61569549678">
    <tag k="local_x" v="14145.510578542426"/>
    <tag k="local_y" v="81571.7061039664"/>
    <tag k="ele" v="0"/>
  </node>
  <node id="3204" lat="42.27800861951" lon="-85.61613353438">
    <tag k="local_x" v="14109.391000469537"/>
    <tag k="local_y" v="81571.09804555097"/>
    <tag k="ele" v="0"/>
  </node>
  <node id="3206" lat="42.28049944689" lon="-85.61413941622">
    <tag k="local_x" v="14269.3216"/>
    <tag k="local_y" v="81850.3473"/>
    <tag k="ele" v="0"/>
  </node>
  <node id="3207" lat="42.28048041702" lon="-85.61423075291">
    <tag k="local_x" v="14261.8248"/>
    <tag k="local_y" v="81848.1117"/>
    <tag k="ele" v="0"/>
  </node>
  <node id="3208" lat="42.28045596898" lon="-85.61429592252">
    <tag k="local_x" v="14256.4954"/>
    <tag k="local_y" v="81845.3096"/>
    <tag k="ele" v="0"/>
  </node>
  <node id="3209" lat="42.28041437777" lon="-85.61434802898">
    <tag k="local_x" v="14252.2741"/>
    <tag k="local_y" v="81840.6215"/>
    <tag k="ele" v="0"/>
  </node>
  <node id="3210" lat="42.28034713822" lon="-85.61436896511">
    <tag k="local_x" v="14250.6693"/>
    <tag k="local_y" v="81833.1273"/>
    <tag k="ele" v="0"/>
  </node>
  <node id="3211" lat="42.27992180904" lon="-85.6143719756">
    <tag k="local_x" v="14251.1896"/>
    <tag k="local_y" v="81785.8958"/>
    <tag k="ele" v="0"/>
  </node>
  <node id="3212" lat="42.27986072977" lon="-85.61438085504">
    <tag k="local_x" v="14250.5678"/>
    <tag k="local_y" v="81779.1018"/>
    <tag k="ele" v="0"/>
  </node>
  <node id="3213" lat="42.27978839328" lon="-85.61442135539">
    <tag k="local_x" v="14247.359"/>
    <tag k="local_y" v="81771.0154"/>
    <tag k="ele" v="0"/>
  </node>
  <node id="3214" lat="42.27972846624" lon="-85.6144729728">
    <tag k="local_x" v="14243.2111"/>
    <tag k="local_y" v="81764.292"/>
    <tag k="ele" v="0"/>
  </node>
  <node id="3215" lat="42.27962613212" lon="-85.61452587827">
    <tag k="local_x" v="14239.0336"/>
    <tag k="local_y" v="81752.8581"/>
    <tag k="ele" v="0"/>
  </node>
  <node id="3216" lat="42.27957286692" lon="-85.61454225338">
    <tag k="local_x" v="14237.7796"/>
    <tag k="local_y" v="81746.9217"/>
    <tag k="ele" v="0"/>
  </node>
  <node id="3217" lat="42.27950370147" lon="-85.614551978">
    <tag k="local_x" v="14237.1027"/>
    <tag k="local_y" v="81739.2287"/>
    <tag k="ele" v="0"/>
  </node>
  <node id="3218" lat="42.27871696582" lon="-85.61456115177">
    <tag k="local_x" v="14237.7676"/>
    <tag k="local_y" v="81651.8593"/>
    <tag k="ele" v="0"/>
  </node>
  <node id="3222" lat="42.27876819826" lon="-85.61449959816">
    <tag k="local_x" v="14242.7506"/>
    <tag k="local_y" v="81657.6306"/>
    <tag k="ele" v="0"/>
  </node>
  <node id="3226" lat="42.2787188854" lon="-85.61453330875">
    <tag k="local_x" v="14240.06"/>
    <tag k="local_y" v="81652.1098"/>
    <tag k="ele" v="0"/>
  </node>
  <node id="3227" lat="42.27870955073" lon="-85.61450707422">
    <tag k="local_x" v="14242.2401"/>
    <tag k="local_y" v="81651.1085"/>
    <tag k="ele" v="0"/>
  </node>
  <node id="3228" lat="42.27867132566" lon="-85.61458570079">
    <tag k="local_x" v="14235.8258"/>
    <tag k="local_y" v="81646.7586"/>
    <tag k="ele" v="0"/>
  </node>
  <node id="3231" lat="42.27872547077" lon="-85.61453026964">
    <tag k="local_x" v="14240.2987"/>
    <tag k="local_y" v="81652.8451"/>
    <tag k="ele" v="0"/>
  </node>
  <node id="3232" lat="42.27870115867" lon="-85.61455452967">
    <tag k="local_x" v="14238.3422"/>
    <tag k="local_y" v="81650.113"/>
    <tag k="ele" v="0"/>
  </node>
  <node id="3234" lat="42.27870262563" lon="-85.61455638335">
    <tag k="local_x" v="14238.1867"/>
    <tag k="local_y" v="81650.2734"/>
    <tag k="ele" v="0"/>
  </node>
  <node id="3235" lat="42.27869093926" lon="-85.61453147009">
    <tag k="local_x" v="14240.2621"/>
    <tag k="local_y" v="81649.0092"/>
    <tag k="ele" v="0"/>
  </node>
  <node id="3236" lat="42.27871288872" lon="-85.61454623702">
    <tag k="local_x" v="14239.0048"/>
    <tag k="local_y" v="81651.4266"/>
    <tag k="ele" v="0"/>
  </node>
  <node id="3237" lat="42.27868625829" lon="-85.61453842951">
    <tag k="local_x" v="14239.6967"/>
    <tag k="local_y" v="81648.4801"/>
    <tag k="ele" v="0"/>
  </node>
  <node id="3239" lat="42.27869375665" lon="-85.61452277605">
    <tag k="local_x" v="14240.9739"/>
    <tag k="local_y" v="81649.3337"/>
    <tag k="ele" v="0"/>
  </node>
  <node id="3240" lat="42.2787034191" lon="-85.61451099476">
    <tag k="local_x" v="14241.9279"/>
    <tag k="local_y" v="81650.4224"/>
    <tag k="ele" v="0"/>
  </node>
  <node id="3241" lat="42.27871661492" lon="-85.61450348859">
    <tag k="local_x" v="14242.523"/>
    <tag k="local_y" v="81651.8977"/>
    <tag k="ele" v="0"/>
  </node>
  <node id="3247" lat="42.2787301514" lon="-85.61456099749">
    <tag k="local_x" v="14237.7565"/>
    <tag k="local_y" v="81653.3236"/>
    <tag k="ele" v="0"/>
  </node>
  <node id="3252" lat="42.27867355228" lon="-85.61457961739">
    <tag k="local_x" v="14236.3234"/>
    <tag k="local_y" v="81647.014"/>
    <tag k="ele" v="0"/>
  </node>
  <node id="3259" lat="42.27869420108" lon="-85.61448390513">
    <tag k="local_x" v="14244.1783"/>
    <tag k="local_y" v="81649.4352"/>
    <tag k="ele" v="0"/>
  </node>
  <node id="3264" lat="42.27851865063" lon="-85.61458209433">
    <tag k="local_x" v="14236.399"/>
    <tag k="local_y" v="81629.8108"/>
    <tag k="ele" v="0"/>
  </node>
  <node id="3267" lat="42.27874465729" lon="-85.61443622531">
    <tag k="local_x" v="14248.0187"/>
    <tag k="local_y" v="81655.1017"/>
    <tag k="ele" v="0"/>
  </node>
  <node id="3273" lat="42.27809278154" lon="-85.61487946328">
    <tag k="local_x" v="14212.6478"/>
    <tag k="local_y" v="81582.1245"/>
    <tag k="ele" v="0"/>
  </node>
  <node id="3274" lat="42.2781169099" lon="-85.61492430919">
    <tag k="local_x" v="14208.9063"/>
    <tag k="local_y" v="81584.7435"/>
    <tag k="ele" v="0"/>
  </node>
  <node id="3280" lat="42.27797606637" lon="-85.61539902148">
    <tag k="local_x" v="14170.0166"/>
    <tag k="local_y" v="81568.468"/>
    <tag k="ele" v="0"/>
  </node>
  <node id="3281" lat="42.27801723509" lon="-85.61540116037">
    <tag k="local_x" v="14169.7659"/>
    <tag k="local_y" v="81573.0364"/>
    <tag k="ele" v="0"/>
  </node>
  <node id="3287" lat="42.27796755332" lon="-85.61579655421">
    <tag k="local_x" v="14137.252"/>
    <tag k="local_y" v="81566.9898"/>
    <tag k="ele" v="0"/>
  </node>
  <node id="3288" lat="42.27800876508" lon="-85.61579658833">
    <tag k="local_x" v="14137.1748"/>
    <tag k="local_y" v="81571.5658"/>
    <tag k="ele" v="0"/>
  </node>
  <node id="3294" lat="42.27796743504" lon="-85.61605677241">
    <tag k="local_x" v="14115.795"/>
    <tag k="local_y" v="81566.6279"/>
    <tag k="ele" v="0"/>
  </node>
  <node id="3295" lat="42.2780086531" lon="-85.61605680656">
    <tag k="local_x" v="14115.7178"/>
    <tag k="local_y" v="81571.2046"/>
    <tag k="ele" v="0"/>
  </node>
  <node id="3301" lat="42.27805215173" lon="-85.61622498707">
    <tag k="local_x" v="14101.7714"/>
    <tag k="local_y" v="81575.8092"/>
    <tag k="ele" v="0"/>
  </node>
  <node id="3302" lat="42.27808173476" lon="-85.61626590006">
    <tag k="local_x" v="14098.3444"/>
    <tag k="local_y" v="81579.0392"/>
    <tag k="ele" v="0"/>
  </node>
  <node id="3317" lat="42.27773994203" lon="-85.61539609056">
    <tag k="local_x" v="14170.6846"/>
    <tag k="local_y" v="81542.2533"/>
    <tag k="ele" v="0"/>
  </node>
  <node id="3318" lat="42.27770692395" lon="-85.61540284682">
    <tag k="local_x" v="14170.1871"/>
    <tag k="local_y" v="81538.578"/>
    <tag k="ele" v="0"/>
  </node>
  <node id="3324" lat="42.27766766357" lon="-85.61541442936">
    <tag k="local_x" v="14169.3029"/>
    <tag k="local_y" v="81534.2031"/>
    <tag k="ele" v="0"/>
  </node>
  <node id="3325" lat="42.27763084267" lon="-85.61542211413">
    <tag k="local_x" v="14168.7357"/>
    <tag k="local_y" v="81530.1043"/>
    <tag k="ele" v="0"/>
  </node>
  <node id="3332" lat="42.2833071858" lon="-85.60767430116">
    <tag k="local_x" v="14797.30628551079"/>
    <tag k="local_y" v="82170.80820161015"/>
    <tag k="ele" v="0"/>
  </node>
  <node id="3333" lat="42.2832303463" lon="-85.60774813074">
    <tag k="local_x" v="14791.358432652758"/>
    <tag k="local_y" v="82162.17659156487"/>
    <tag k="ele" v="0"/>
  </node>
  <node id="3334" lat="42.28303891693" lon="-85.60795835038">
    <tag k="local_x" v="14774.372982685809"/>
    <tag k="local_y" v="82140.63734714028"/>
    <tag k="ele" v="0"/>
  </node>
  <node id="3335" lat="42.28281453767" lon="-85.60825124322">
    <tag k="local_x" v="14750.630642317528"/>
    <tag k="local_y" v="82115.32804665399"/>
    <tag k="ele" v="0"/>
  </node>
  <node id="3336" lat="42.28264339448" lon="-85.60851121955">
    <tag k="local_x" v="14729.505574969236"/>
    <tag k="local_y" v="82095.9743847603"/>
    <tag k="ele" v="0"/>
  </node>
  <node id="3337" lat="42.28244425244" lon="-85.60884085509">
    <tag k="local_x" v="14702.687596787926"/>
    <tag k="local_y" v="82073.41802270556"/>
    <tag k="ele" v="0"/>
  </node>
  <node id="3338" lat="42.28239120541" lon="-85.60889826748">
    <tag k="local_x" v="14698.050023131116"/>
    <tag k="local_y" v="82067.45047041708"/>
    <tag k="ele" v="0"/>
  </node>
  <node id="3339" lat="42.28227947966" lon="-85.60901696057">
    <tag k="local_x" v="14688.46611375374"/>
    <tag k="local_y" v="82054.88483578805"/>
    <tag k="ele" v="0"/>
  </node>
  <node id="3340" lat="42.28216821332" lon="-85.60910043165">
    <tag k="local_x" v="14681.785499020263"/>
    <tag k="local_y" v="82042.41766827818"/>
    <tag k="ele" v="0"/>
  </node>
  <node id="3341" lat="42.28213934207" lon="-85.60912211001">
    <tag k="local_x" v="14680.050418610419"/>
    <tag k="local_y" v="82039.18267810774"/>
    <tag k="ele" v="0"/>
  </node>
  <node id="3342" lat="42.28210946835" lon="-85.60914369612">
    <tag k="local_x" v="14678.324761687878"/>
    <tag k="local_y" v="82035.8365010331"/>
    <tag k="ele" v="0"/>
  </node>
  <node id="3343" lat="42.28171031834" lon="-85.60931484646">
    <tag k="local_x" v="14664.936760903467"/>
    <tag k="local_y" v="81991.28538288665"/>
    <tag k="ele" v="0"/>
  </node>
  <node id="3344" lat="42.28155459954" lon="-85.60941259095">
    <tag k="local_x" v="14657.15975294163"/>
    <tag k="local_y" v="81973.86313025201"/>
    <tag k="ele" v="0"/>
  </node>
  <node id="3345" lat="42.28141134241" lon="-85.60954264966">
    <tag k="local_x" v="14646.695669395749"/>
    <tag k="local_y" v="81957.78109011166"/>
    <tag k="ele" v="0"/>
  </node>
  <node id="3346" lat="42.28121239819" lon="-85.609763431">
    <tag k="local_x" v="14628.852027121371"/>
    <tag k="local_y" v="81935.39357015262"/>
    <tag k="ele" v="0"/>
  </node>
  <node id="3347" lat="42.28078703679" lon="-85.61023520836">
    <tag k="local_x" v="14590.722839207192"/>
    <tag k="local_y" v="81887.5274861505"/>
    <tag k="ele" v="0"/>
  </node>
  <node id="3348" lat="42.28042096166" lon="-85.6106294598">
    <tag k="local_x" v="14558.878140031304"/>
    <tag k="local_y" v="81846.34892171645"/>
    <tag k="ele" v="0"/>
  </node>
  <node id="3349" lat="42.28023142956" lon="-85.61085471661">
    <tag k="local_x" v="14540.647847476608"/>
    <tag k="local_y" v="81825.00071803309"/>
    <tag k="ele" v="0"/>
  </node>
  <node id="3350" lat="42.2800772537" lon="-85.61106420647">
    <tag k="local_x" v="14523.653480607505"/>
    <tag k="local_y" v="81807.59963758824"/>
    <tag k="ele" v="0"/>
  </node>
  <node id="3351" lat="42.27993388745" lon="-85.61129955367">
    <tag k="local_x" v="14504.507361881911"/>
    <tag k="local_y" v="81791.36409872264"/>
    <tag k="ele" v="0"/>
  </node>
  <node id="3352" lat="42.27983202226" lon="-85.61149741402">
    <tag k="local_x" v="14488.377031909073"/>
    <tag k="local_y" v="81779.78719084949"/>
    <tag k="ele" v="0"/>
  </node>
  <node id="3353" lat="42.27979952568" lon="-85.61157040757">
    <tag k="local_x" v="14482.417103848422"/>
    <tag k="local_y" v="81776.08071016576"/>
    <tag k="ele" v="0"/>
  </node>
  <node id="3354" lat="42.27966780354" lon="-85.61186534908">
    <tag k="local_x" v="14458.335796274008"/>
    <tag k="local_y" v="81761.05811028561"/>
    <tag k="ele" v="0"/>
  </node>
  <node id="3355" lat="42.27950539259" lon="-85.61233692994">
    <tag k="local_x" v="14419.744855308569"/>
    <tag k="local_y" v="81742.39061226061"/>
    <tag k="ele" v="0"/>
  </node>
  <node id="3356" lat="42.27943529418" lon="-85.61254062646">
    <tag k="local_x" v="14403.075570390934"/>
    <tag k="local_y" v="81734.33336464016"/>
    <tag k="ele" v="0"/>
  </node>
  <node id="3357" lat="42.2794191445" lon="-85.61258743292">
    <tag k="local_x" v="14399.245285648003"/>
    <tag k="local_y" v="81732.4772581388"/>
    <tag k="ele" v="0"/>
  </node>
  <node id="3358" lat="42.27922899956" lon="-85.61311182893">
    <tag k="local_x" v="14356.349223698566"/>
    <tag k="local_y" v="81710.6596483788"/>
    <tag k="ele" v="0"/>
  </node>
  <node id="3359" lat="42.27911846435" lon="-85.61339820844">
    <tag k="local_x" v="14332.93511920784"/>
    <tag k="local_y" v="81698.0015308492"/>
    <tag k="ele" v="0"/>
  </node>
  <node id="3360" lat="42.27901614387" lon="-85.6136361675">
    <tag k="local_x" v="14313.498694855572"/>
    <tag k="local_y" v="81686.32063920436"/>
    <tag k="ele" v="0"/>
  </node>
  <node id="3361" lat="42.2788992766" lon="-85.61384659814">
    <tag k="local_x" v="14296.35842108459"/>
    <tag k="local_y" v="81673.0615165858"/>
    <tag k="ele" v="0"/>
  </node>
  <node id="3363" lat="42.27860123531" lon="-85.61418664082">
    <tag k="local_x" v="14268.858"/>
    <tag k="local_y" v="81639.5114"/>
    <tag k="ele" v="0"/>
  </node>
  <node id="3364" lat="42.27853204112" lon="-85.61424018748">
    <tag k="local_x" v="14264.5677"/>
    <tag k="local_y" v="81631.7564"/>
    <tag k="ele" v="0"/>
  </node>
  <node id="3365" lat="42.27844821854" lon="-85.61430854403">
    <tag k="local_x" v="14259.08263002552"/>
    <tag k="local_y" v="81622.3572317177"/>
    <tag k="ele" v="0"/>
  </node>
  <node id="3366" lat="42.27828118263" lon="-85.61441256874">
    <tag k="local_x" v="14250.806767806502"/>
    <tag k="local_y" v="81603.67041780686"/>
    <tag k="ele" v="0"/>
  </node>
  <node id="3367" lat="42.27815275104" lon="-85.61451059972">
    <tag k="local_x" v="14242.955348207632"/>
    <tag k="local_y" v="81589.27817952292"/>
    <tag k="ele" v="0"/>
  </node>
  <node id="3368" lat="42.27806849553" lon="-85.6145939679">
    <tag k="local_x" v="14236.233161395805"/>
    <tag k="local_y" v="81579.81081928004"/>
    <tag k="ele" v="0"/>
  </node>
  <node id="3369" lat="42.27799199149" lon="-85.61468298542">
    <tag k="local_x" v="14229.031116753258"/>
    <tag k="local_y" v="81571.19658923996"/>
    <tag k="ele" v="0"/>
  </node>
  <node id="3370" lat="42.27792941683" lon="-85.61477770633">
    <tag k="local_x" v="14221.3336"/>
    <tag k="local_y" v="81564.1214"/>
    <tag k="ele" v="0"/>
  </node>
  <node id="3403" lat="42.27857511126" lon="-85.61411060077">
    <tag k="local_x" v="14275.1753"/>
    <tag k="local_y" v="81636.7127"/>
    <tag k="ele" v="0"/>
  </node>
  <node id="3404" lat="42.27849905031" lon="-85.61417065153">
    <tag k="local_x" v="14270.3611"/>
    <tag k="local_y" v="81628.1865"/>
    <tag k="ele" v="0"/>
  </node>
  <node id="3405" lat="42.2784199536" lon="-85.61423064376">
    <tag k="local_x" v="14265.5572"/>
    <tag k="local_y" v="81619.3233"/>
    <tag k="ele" v="0"/>
  </node>
  <node id="3406" lat="42.27824996152" lon="-85.61432986873">
    <tag k="local_x" v="14257.682470073534"/>
    <tag k="local_y" v="81600.3146724853"/>
    <tag k="ele" v="0"/>
  </node>
  <node id="3407" lat="42.27811587745" lon="-85.61443223316">
    <tag k="local_x" v="14249.483944014733"/>
    <tag k="local_y" v="81585.28897595385"/>
    <tag k="ele" v="0"/>
  </node>
  <node id="3408" lat="42.27802557912" lon="-85.61452139373">
    <tag k="local_x" v="14242.295046396252"/>
    <tag k="local_y" v="81575.1428584223"/>
    <tag k="ele" v="0"/>
  </node>
  <node id="3409" lat="42.27794358023" lon="-85.6146169776">
    <tag k="local_x" v="14234.56147904222"/>
    <tag k="local_y" v="81565.90968075949"/>
    <tag k="ele" v="0"/>
  </node>
  <node id="3410" lat="42.27786559069" lon="-85.61472940807">
    <tag k="local_x" v="14225.4315"/>
    <tag k="local_y" v="81557.0991"/>
    <tag k="ele" v="0"/>
  </node>
  <node id="3443" lat="42.27855765214" lon="-85.61406647822">
    <tag k="local_x" v="14278.8451"/>
    <tag k="local_y" v="81634.8333"/>
    <tag k="ele" v="0"/>
  </node>
  <node id="3444" lat="42.27848144849" lon="-85.6141266425">
    <tag k="local_x" v="14274.0218"/>
    <tag k="local_y" v="81626.2911"/>
    <tag k="ele" v="0"/>
  </node>
  <node id="3445" lat="42.27840101585" lon="-85.61418615712">
    <tag k="local_x" v="14269.2597"/>
    <tag k="local_y" v="81617.2802"/>
    <tag k="ele" v="0"/>
  </node>
  <node id="3446" lat="42.27823407576" lon="-85.61429011737">
    <tag k="local_x" v="14260.989"/>
    <tag k="local_y" v="81598.6041"/>
    <tag k="ele" v="0"/>
  </node>
  <node id="3447" lat="42.27809691764" lon="-85.61439483975">
    <tag k="local_x" v="14252.6016"/>
    <tag k="local_y" v="81583.2339"/>
    <tag k="ele" v="0"/>
  </node>
  <node id="3448" lat="42.27800332812" lon="-85.61448715646">
    <tag k="local_x" v="14245.1584"/>
    <tag k="local_y" v="81572.7181"/>
    <tag k="ele" v="0"/>
  </node>
  <node id="3449" lat="42.27791834786" lon="-85.61458629993">
    <tag k="local_x" v="14237.1367"/>
    <tag k="local_y" v="81563.1491"/>
    <tag k="ele" v="0"/>
  </node>
  <node id="3450" lat="42.27784063922" lon="-85.61469858624">
    <tag k="local_x" v="14228.0181"/>
    <tag k="local_y" v="81554.3699"/>
    <tag k="ele" v="0"/>
  </node>
  <node id="3454" lat="42.27850749143" lon="-85.61426020815">
    <tag k="local_x" v="14262.9612"/>
    <tag k="local_y" v="81629.0036"/>
    <tag k="ele" v="0"/>
  </node>
  <node id="3455" lat="42.27849128661" lon="-85.61422858087">
    <tag k="local_x" v="14265.5984"/>
    <tag k="local_y" v="81627.2467"/>
    <tag k="ele" v="0"/>
  </node>
  <node id="3461" lat="42.27845908476" lon="-85.61420338608">
    <tag k="local_x" v="14267.7341"/>
    <tag k="local_y" v="81623.7049"/>
    <tag k="ele" v="0"/>
  </node>
  <node id="3462" lat="42.27844215188" lon="-85.61415891248">
    <tag k="local_x" v="14271.4319"/>
    <tag k="local_y" v="81621.8844"/>
    <tag k="ele" v="0"/>
  </node>
  <node id="3468" lat="42.2788121958" lon="-85.61419640674">
    <tag k="local_x" v="14267.6715"/>
    <tag k="local_y" v="81662.9228"/>
    <tag k="ele" v="0"/>
  </node>
  <node id="3470" lat="42.27882426378" lon="-85.61414714971">
    <tag k="local_x" v="14271.7113"/>
    <tag k="local_y" v="81664.3289"/>
    <tag k="ele" v="0"/>
  </node>
  <node id="3472" lat="42.2788079926" lon="-85.61409103355">
    <tag k="local_x" v="14276.3679"/>
    <tag k="local_y" v="81662.5975"/>
    <tag k="ele" v="0"/>
  </node>
  <node id="3596" lat="42.27875626034" lon="-85.61392457199">
    <tag k="local_x" v="14290.1874"/>
    <tag k="local_y" v="81657.0767"/>
    <tag k="ele" v="0"/>
  </node>
  <node id="3597" lat="42.27873255503" lon="-85.61389292596">
    <tag k="local_x" v="14292.8397"/>
    <tag k="local_y" v="81654.487"/>
    <tag k="ele" v="0"/>
  </node>
  <node id="3603" lat="42.27880591505" lon="-85.61398896704">
    <tag k="local_x" v="14284.7878"/>
    <tag k="local_y" v="81662.5038"/>
    <tag k="ele" v="0"/>
  </node>
  <node id="3604" lat="42.27878261001" lon="-85.61396130212">
    <tag k="local_x" v="14287.1111"/>
    <tag k="local_y" v="81659.9532"/>
    <tag k="ele" v="0"/>
  </node>
  <node id="3610" lat="42.27877642471" lon="-85.61423081285">
    <tag k="local_x" v="14264.8991"/>
    <tag k="local_y" v="81658.9047"/>
    <tag k="ele" v="0"/>
  </node>
  <node id="3612" lat="42.27878240534" lon="-85.61421894483">
    <tag k="local_x" v="14265.8669"/>
    <tag k="local_y" v="81659.5847"/>
    <tag k="ele" v="0"/>
  </node>
  <node id="3613" lat="42.27879432989" lon="-85.61420521231">
    <tag k="local_x" v="14266.9777"/>
    <tag k="local_y" v="81660.9272"/>
    <tag k="ele" v="0"/>
  </node>
  <node id="3615" lat="42.27874265716" lon="-85.61421206283">
    <tag k="local_x" v="14266.5062"/>
    <tag k="local_y" v="81655.1804"/>
    <tag k="ele" v="0"/>
  </node>
  <node id="3616" lat="42.27875882626" lon="-85.61418037477">
    <tag k="local_x" v="14269.0899"/>
    <tag k="local_y" v="81657.0183"/>
    <tag k="ele" v="0"/>
  </node>
  <node id="3617" lat="42.27878508123" lon="-85.61415800754">
    <tag k="local_x" v="14270.8868"/>
    <tag k="local_y" v="81659.9636"/>
    <tag k="ele" v="0"/>
  </node>
  <node id="3618" lat="42.27880738247" lon="-85.61415060976">
    <tag k="local_x" v="14271.4565"/>
    <tag k="local_y" v="81662.4498"/>
    <tag k="ele" v="0"/>
  </node>
  <node id="3633" lat="42.27874460062" lon="-85.61419447424">
    <tag k="local_x" v="14267.953"/>
    <tag k="local_y" v="81655.4198"/>
    <tag k="ele" v="0"/>
  </node>
  <node id="3635" lat="42.27875171099" lon="-85.61416244503">
    <tag k="local_x" v="14270.5812"/>
    <tag k="local_y" v="81656.2523"/>
    <tag k="ele" v="0"/>
  </node>
  <node id="3636" lat="42.27876049527" lon="-85.61413143422">
    <tag k="local_x" v="14273.1224"/>
    <tag k="local_y" v="81657.2693"/>
    <tag k="ele" v="0"/>
  </node>
  <node id="3637" lat="42.27877038235" lon="-85.61411275832">
    <tag k="local_x" v="14274.6445"/>
    <tag k="local_y" v="81658.3922"/>
    <tag k="ele" v="0"/>
  </node>
  <node id="3638" lat="42.27878565428" lon="-85.61410080308">
    <tag k="local_x" v="14275.6027"/>
    <tag k="local_y" v="81660.104"/>
    <tag k="ele" v="0"/>
  </node>
  <node id="3639" lat="42.27877722501" lon="-85.61421998004">
    <tag k="local_x" v="14265.7909"/>
    <tag k="local_y" v="81659.0081"/>
    <tag k="ele" v="0"/>
  </node>
  <node id="3641" lat="42.27878399276" lon="-85.61418448988">
    <tag k="local_x" v="14268.7051"/>
    <tag k="local_y" v="81659.8072"/>
    <tag k="ele" v="0"/>
  </node>
  <node id="3642" lat="42.27879176562" lon="-85.6141669627">
    <tag k="local_x" v="14270.1363"/>
    <tag k="local_y" v="81660.6938"/>
    <tag k="ele" v="0"/>
  </node>
  <node id="3643" lat="42.27880154102" lon="-85.6141584933">
    <tag k="local_x" v="14270.817"/>
    <tag k="local_y" v="81661.7906"/>
    <tag k="ele" v="0"/>
  </node>
  <node id="3661" lat="42.27877092966" lon="-85.61416735628">
    <tag k="local_x" v="14270.1415"/>
    <tag k="local_y" v="81658.3797"/>
    <tag k="ele" v="0"/>
  </node>
  <node id="3662" lat="42.27873872882" lon="-85.61413941452">
    <tag k="local_x" v="14272.5037"/>
    <tag k="local_y" v="81654.8417"/>
    <tag k="ele" v="0"/>
  </node>
  <node id="3664" lat="42.27872133236" lon="-85.61408348682">
    <tag k="local_x" v="14277.1468"/>
    <tag k="local_y" v="81652.9851"/>
    <tag k="ele" v="0"/>
  </node>
  <node id="3668" lat="42.27863062684" lon="-85.61413579033">
    <tag k="local_x" v="14272.9979"/>
    <tag k="local_y" v="81642.8432"/>
    <tag k="ele" v="0"/>
  </node>
  <node id="3669" lat="42.27866629997" lon="-85.61413433907">
    <tag k="local_x" v="14273.0531"/>
    <tag k="local_y" v="81646.8062"/>
    <tag k="ele" v="0"/>
  </node>
  <node id="3670" lat="42.27863653055" lon="-85.61417963016">
    <tag k="local_x" v="14269.3723"/>
    <tag k="local_y" v="81643.4399"/>
    <tag k="ele" v="0"/>
  </node>
  <node id="3671" lat="42.27869131353" lon="-85.61418332662">
    <tag k="local_x" v="14268.9685"/>
    <tag k="local_y" v="81649.5179"/>
    <tag k="ele" v="0"/>
  </node>
  <node id="3672" lat="42.27877680763" lon="-85.614191332">
    <tag k="local_x" v="14268.1539"/>
    <tag k="local_y" v="81659.0002"/>
    <tag k="ele" v="0"/>
  </node>
  <node id="3673" lat="42.27876756294" lon="-85.61414266822">
    <tag k="local_x" v="14272.1833"/>
    <tag k="local_y" v="81658.039"/>
    <tag k="ele" v="0"/>
  </node>
  <node id="3674" lat="42.2786149511" lon="-85.61408542425">
    <tag k="local_x" v="14277.1793"/>
    <tag k="local_y" v="81641.1702"/>
    <tag k="ele" v="0"/>
  </node>
  <node id="3676" lat="42.27863868656" lon="-85.61407828973">
    <tag k="local_x" v="14277.7247"/>
    <tag k="local_y" v="81643.8153"/>
    <tag k="ele" v="0"/>
  </node>
  <node id="3677" lat="42.2786735491" lon="-85.61407936659">
    <tag k="local_x" v="14277.5729"/>
    <tag k="local_y" v="81647.6849"/>
    <tag k="ele" v="0"/>
  </node>
  <node id="3678" lat="42.27869825223" lon="-85.6140808359">
    <tag k="local_x" v="14277.4071"/>
    <tag k="local_y" v="81650.4259"/>
    <tag k="ele" v="0"/>
  </node>
  <node id="3680" lat="42.27861207391" lon="-85.61414132805">
    <tag k="local_x" v="14272.5748"/>
    <tag k="local_y" v="81640.7757"/>
    <tag k="ele" v="0"/>
  </node>
  <node id="3683" lat="42.27859749127" lon="-85.61409369944">
    <tag k="local_x" v="14276.5285"/>
    <tag k="local_y" v="81639.2204"/>
    <tag k="ele" v="0"/>
  </node>
  <node id="3684" lat="42.27866502043" lon="-85.61418055568">
    <tag k="local_x" v="14269.2445"/>
    <tag k="local_y" v="81646.6021"/>
    <tag k="ele" v="0"/>
  </node>
  <node id="3685" lat="42.27870669616" lon="-85.61417315293">
    <tag k="local_x" v="14269.7796"/>
    <tag k="local_y" v="81651.2396"/>
    <tag k="ele" v="0"/>
  </node>
  <node id="3686" lat="42.2786938544" lon="-85.6141550334">
    <tag k="local_x" v="14271.2969"/>
    <tag k="local_y" v="81649.838"/>
    <tag k="ele" v="0"/>
  </node>
  <node id="3687" lat="42.27868492873" lon="-85.61412486796">
    <tag k="local_x" v="14273.8004"/>
    <tag k="local_y" v="81648.8874"/>
    <tag k="ele" v="0"/>
  </node>
  <node id="3688" lat="42.27868278619" lon="-85.61408917413">
    <tag k="local_x" v="14276.7475"/>
    <tag k="local_y" v="81648.6974"/>
    <tag k="ele" v="0"/>
  </node>
  <node id="3689" lat="42.27868413882" lon="-85.61404885833">
    <tag k="local_x" v="14280.0694"/>
    <tag k="local_y" v="81648.9017"/>
    <tag k="ele" v="0"/>
  </node>
  <node id="3690" lat="42.27868878439" lon="-85.61401572621">
    <tag k="local_x" v="14282.793"/>
    <tag k="local_y" v="81649.462"/>
    <tag k="ele" v="0"/>
  </node>
  <node id="3691" lat="42.27869505676" lon="-85.61398649499">
    <tag k="local_x" v="14285.192"/>
    <tag k="local_y" v="81650.1977"/>
    <tag k="ele" v="0"/>
  </node>
  <node id="3692" lat="42.2787069444" lon="-85.61394788137">
    <tag k="local_x" v="14288.3545"/>
    <tag k="local_y" v="81651.5695"/>
    <tag k="ele" v="0"/>
  </node>
  <node id="3693" lat="42.27871343773" lon="-85.61393111959">
    <tag k="local_x" v="14289.7249"/>
    <tag k="local_y" v="81652.313"/>
    <tag k="ele" v="0"/>
  </node>
  <node id="3694" lat="42.27872789205" lon="-85.61412839653">
    <tag k="local_x" v="14273.4318"/>
    <tag k="local_y" v="81653.6532"/>
    <tag k="ele" v="0"/>
  </node>
  <node id="3696" lat="42.27872241481" lon="-85.61411231794">
    <tag k="local_x" v="14274.7675"/>
    <tag k="local_y" v="81653.0666"/>
    <tag k="ele" v="0"/>
  </node>
  <node id="3697" lat="42.27872047385" lon="-85.61409225923">
    <tag k="local_x" v="14276.425"/>
    <tag k="local_y" v="81652.878"/>
    <tag k="ele" v="0"/>
  </node>
  <node id="3698" lat="42.27871973936" lon="-85.61406882084">
    <tag k="local_x" v="14278.359"/>
    <tag k="local_y" v="81652.8279"/>
    <tag k="ele" v="0"/>
  </node>
  <node id="3699" lat="42.27872136269" lon="-85.61404434481">
    <tag k="local_x" v="14280.3743"/>
    <tag k="local_y" v="81653.041"/>
    <tag k="ele" v="0"/>
  </node>
  <node id="3700" lat="42.27872545596" lon="-85.6140122362">
    <tag k="local_x" v="14283.0145"/>
    <tag k="local_y" v="81653.5386"/>
    <tag k="ele" v="0"/>
  </node>
  <node id="3701" lat="42.27873123598" lon="-85.6139842952">
    <tag k="local_x" v="14285.308"/>
    <tag k="local_y" v="81654.2179"/>
    <tag k="ele" v="0"/>
  </node>
  <node id="3702" lat="42.2787409624" lon="-85.61395598028">
    <tag k="local_x" v="14287.6252"/>
    <tag k="local_y" v="81655.3359"/>
    <tag k="ele" v="0"/>
  </node>
  <node id="3703" lat="42.27873511645" lon="-85.61418776944">
    <tag k="local_x" v="14268.523"/>
    <tag k="local_y" v="81654.3757"/>
    <tag k="ele" v="0"/>
  </node>
  <node id="3705" lat="42.27859559726" lon="-85.6140387067">
    <tag k="local_x" v="14281.0665"/>
    <tag k="local_y" v="81639.0839"/>
    <tag k="ele" v="0"/>
  </node>
  <node id="3707" lat="42.27862230896" lon="-85.61401143482">
    <tag k="local_x" v="14283.267"/>
    <tag k="local_y" v="81642.0865"/>
    <tag k="ele" v="0"/>
  </node>
  <node id="3708" lat="42.27865457842" lon="-85.61398022946">
    <tag k="local_x" v="14285.7818"/>
    <tag k="local_y" v="81645.7115"/>
    <tag k="ele" v="0"/>
  </node>
  <node id="3709" lat="42.27868509012" lon="-85.61394703002">
    <tag k="local_x" v="14288.4642"/>
    <tag k="local_y" v="81649.144"/>
    <tag k="ele" v="0"/>
  </node>
  <node id="3711" lat="42.27861486363" lon="-85.61407707037">
    <tag k="local_x" v="14277.8683"/>
    <tag k="local_y" v="81641.1717"/>
    <tag k="ele" v="0"/>
  </node>
  <node id="3712" lat="42.27864122235" lon="-85.61405241">
    <tag k="local_x" v="14279.8541"/>
    <tag k="local_y" v="81644.1316"/>
    <tag k="ele" v="0"/>
  </node>
  <node id="3713" lat="42.27867349182" lon="-85.61402120464">
    <tag k="local_x" v="14282.3689"/>
    <tag k="local_y" v="81647.7566"/>
    <tag k="ele" v="0"/>
  </node>
  <node id="3714" lat="42.27870400354" lon="-85.61398800522">
    <tag k="local_x" v="14285.0513"/>
    <tag k="local_y" v="81651.1891"/>
    <tag k="ele" v="0"/>
  </node>
  <node id="3715" lat="42.27873491624" lon="-85.61395199432">
    <tag k="local_x" v="14287.9648"/>
    <tag k="local_y" v="81654.6699"/>
    <tag k="ele" v="0"/>
  </node>
  <node id="3717" lat="42.27880046212" lon="-85.61407973451">
    <tag k="local_x" v="14277.3132"/>
    <tag k="local_y" v="81661.7765"/>
    <tag k="ele" v="0"/>
  </node>
  <node id="3719" lat="42.27879608925" lon="-85.61406531499">
    <tag k="local_x" v="14278.5101"/>
    <tag k="local_y" v="81661.3103"/>
    <tag k="ele" v="0"/>
  </node>
  <node id="3720" lat="42.27879431185" lon="-85.61404627138">
    <tag k="local_x" v="14280.0836"/>
    <tag k="local_y" v="81661.1385"/>
    <tag k="ele" v="0"/>
  </node>
  <node id="3721" lat="42.27879534198" lon="-85.61402800424">
    <tag k="local_x" v="14281.588"/>
    <tag k="local_y" v="81661.2774"/>
    <tag k="ele" v="0"/>
  </node>
  <node id="3722" lat="42.27879877389" lon="-85.61401121738">
    <tag k="local_x" v="14282.966"/>
    <tag k="local_y" v="81661.681"/>
    <tag k="ele" v="0"/>
  </node>
  <node id="3723" lat="42.27877368275" lon="-85.6139844284">
    <tag k="local_x" v="14285.2203"/>
    <tag k="local_y" v="81658.9309"/>
    <tag k="ele" v="0"/>
  </node>
  <node id="3725" lat="42.27876676199" lon="-85.61401969758">
    <tag k="local_x" v="14282.3246"/>
    <tag k="local_y" v="81658.1151"/>
    <tag k="ele" v="0"/>
  </node>
  <node id="3726" lat="42.27876460298" lon="-85.61405789788">
    <tag k="local_x" v="14279.1786"/>
    <tag k="local_y" v="81657.8241"/>
    <tag k="ele" v="0"/>
  </node>
  <node id="3727" lat="42.27876815514" lon="-85.61409144462">
    <tag k="local_x" v="14276.406"/>
    <tag k="local_y" v="81658.1735"/>
    <tag k="ele" v="0"/>
  </node>
  <node id="3728" lat="42.27877481589" lon="-85.61411587978">
    <tag k="local_x" v="14274.3791"/>
    <tag k="local_y" v="81658.8803"/>
    <tag k="ele" v="0"/>
  </node>
  <node id="3729" lat="42.27878254132" lon="-85.6141306418">
    <tag k="local_x" v="14273.1479"/>
    <tag k="local_y" v="81659.7183"/>
    <tag k="ele" v="0"/>
  </node>
  <node id="3730" lat="42.27879581793" lon="-85.614138988">
    <tag k="local_x" v="14272.4357"/>
    <tag k="local_y" v="81661.1813"/>
    <tag k="ele" v="0"/>
  </node>
  <node id="3744" lat="42.27878169115" lon="-85.61402952953">
    <tag k="local_x" v="14281.4869"/>
    <tag k="local_y" v="81659.7596"/>
    <tag k="ele" v="0"/>
  </node>
  <node id="3746" lat="42.27874772717" lon="-85.61408193085">
    <tag k="local_x" v="14277.2274"/>
    <tag k="local_y" v="81655.918"/>
    <tag k="ele" v="0"/>
  </node>
  <node id="3749" lat="42.27871262754" lon="-85.61411995323">
    <tag k="local_x" v="14274.1556"/>
    <tag k="local_y" v="81651.9696"/>
    <tag k="ele" v="0"/>
  </node>
  <node id="3750" lat="42.27868135477" lon="-85.61414592312">
    <tag k="local_x" v="14272.0707"/>
    <tag k="local_y" v="81648.4623"/>
    <tag k="ele" v="0"/>
  </node>
  <node id="3751" lat="42.27864649997" lon="-85.61416620126">
    <tag k="local_x" v="14270.4616"/>
    <tag k="local_y" v="81644.5649"/>
    <tag k="ele" v="0"/>
  </node>
  <node id="3753" lat="42.27875707531" lon="-85.61400159049">
    <tag k="local_x" v="14283.835172204534"/>
    <tag k="local_y" v="81657.06381859528"/>
    <tag k="ele" v="0"/>
  </node>
  <node id="3754" lat="42.27872528513" lon="-85.61405084897">
    <tag k="local_x" v="14279.830893792012"/>
    <tag k="local_y" v="81653.46780821087"/>
    <tag k="ele" v="0"/>
  </node>
  <node id="3755" lat="42.27869388617" lon="-85.61408470489">
    <tag k="local_x" v="14277.095962659794"/>
    <tag k="local_y" v="81649.93591193212"/>
    <tag k="ele" v="0"/>
  </node>
  <node id="3756" lat="42.27866651657" lon="-85.6141074509">
    <tag k="local_x" v="14275.269843359474"/>
    <tag k="local_y" v="81646.86633587317"/>
    <tag k="ele" v="0"/>
  </node>
  <node id="3757" lat="42.27863513266" lon="-85.61412564212">
    <tag k="local_x" v="14273.826554913256"/>
    <tag k="local_y" v="81643.35713422786"/>
    <tag k="ele" v="0"/>
  </node>
  <node id="3779" lat="42.27827646719" lon="-85.61431302112">
    <tag k="local_x" v="14259.0238"/>
    <tag k="local_y" v="81603.2804"/>
    <tag k="ele" v="0"/>
  </node>
  <node id="3780" lat="42.27826626404" lon="-85.61427007251">
    <tag k="local_x" v="14262.5837"/>
    <tag k="local_y" v="81602.2051"/>
    <tag k="ele" v="0"/>
  </node>
  <node id="3793" lat="42.27832387553" lon="-85.61438598106">
    <tag k="local_x" v="14252.922"/>
    <tag k="local_y" v="81608.4466"/>
    <tag k="ele" v="0"/>
  </node>
  <node id="3794" lat="42.27837864158" lon="-85.61430547884">
    <tag k="local_x" v="14259.4611"/>
    <tag k="local_y" v="81614.6357"/>
    <tag k="ele" v="0"/>
  </node>
  <node id="3816" lat="42.2787659966" lon="-85.61385684259">
    <tag k="local_x" v="14295.7546"/>
    <tag k="local_y" v="81658.2487"/>
    <tag k="ele" v="0"/>
  </node>
  <node id="3818" lat="42.27882340472" lon="-85.61378856412">
    <tag k="local_x" v="14301.2809"/>
    <tag k="local_y" v="81664.7148"/>
    <tag k="ele" v="0"/>
  </node>
  <node id="3819" lat="42.27887384286" lon="-85.61372183299">
    <tag k="local_x" v="14306.6922"/>
    <tag k="local_y" v="81670.4049"/>
    <tag k="ele" v="0"/>
  </node>
  <node id="3820" lat="42.27891425694" lon="-85.61367138438">
    <tag k="local_x" v="14310.779"/>
    <tag k="local_y" v="81674.9601"/>
    <tag k="ele" v="0"/>
  </node>
  <node id="3821" lat="42.27896203502" lon="-85.61359038274">
    <tag k="local_x" v="14317.3718"/>
    <tag k="local_y" v="81680.374"/>
    <tag k="ele" v="0"/>
  </node>
  <node id="3822" lat="42.27880795231" lon="-85.61386515188">
    <tag k="local_x" v="14294.9936"/>
    <tag k="local_y" v="81662.8962"/>
    <tag k="ele" v="0"/>
  </node>
  <node id="3824" lat="42.27885577501" lon="-85.6138060069">
    <tag k="local_x" v="14299.7841"/>
    <tag k="local_y" v="81668.2857"/>
    <tag k="ele" v="0"/>
  </node>
  <node id="3825" lat="42.27891254297" lon="-85.61373647864">
    <tag k="local_x" v="14305.4146"/>
    <tag k="local_y" v="81674.6824"/>
    <tag k="ele" v="0"/>
  </node>
  <node id="3826" lat="42.27893406406" lon="-85.61370746115">
    <tag k="local_x" v="14307.7684"/>
    <tag k="local_y" v="81677.111"/>
    <tag k="ele" v="0"/>
  </node>
  <node id="3827" lat="42.27897131945" lon="-85.61371687879">
    <tag k="local_x" v="14306.9245"/>
    <tag k="local_y" v="81681.2351"/>
    <tag k="ele" v="0"/>
  </node>
  <node id="3828" lat="42.2789462942" lon="-85.61369167105">
    <tag k="local_x" v="14309.0483"/>
    <tag k="local_y" v="81678.4902"/>
    <tag k="ele" v="0"/>
  </node>
  <node id="3835" lat="42.27902721224" lon="-85.61361042669">
    <tag k="local_x" v="14315.6012"/>
    <tag k="local_y" v="81687.5842"/>
    <tag k="ele" v="0"/>
  </node>
  <node id="3836" lat="42.27900016726" lon="-85.61358934416">
    <tag k="local_x" v="14317.3885"/>
    <tag k="local_y" v="81684.6095"/>
    <tag k="ele" v="0"/>
  </node>
  <node id="3842" lat="42.28327077203" lon="-85.60760562071">
    <tag k="local_x" v="14803.035221130816"/>
    <tag k="local_y" v="82166.85751139138"/>
    <tag k="ele" v="0"/>
  </node>
  <node id="3843" lat="42.2831916098" lon="-85.60768179505">
    <tag k="local_x" v="14796.898259208128"/>
    <tag k="local_y" v="82157.96482491896"/>
    <tag k="ele" v="0"/>
  </node>
  <node id="3844" lat="42.28299703468" lon="-85.60789557729">
    <tag k="local_x" v="14779.624782048044"/>
    <tag k="local_y" v="82136.07146715917"/>
    <tag k="ele" v="0"/>
  </node>
  <node id="3845" lat="42.28276941049" lon="-85.60819269075">
    <tag k="local_x" v="14755.5403338672"/>
    <tag k="local_y" v="82110.39615194403"/>
    <tag k="ele" v="0"/>
  </node>
  <node id="3846" lat="42.28259555153" lon="-85.60845671747">
    <tag k="local_x" v="14734.086227509264"/>
    <tag k="local_y" v="82090.73546513401"/>
    <tag k="ele" v="0"/>
  </node>
  <node id="3847" lat="42.28239709382" lon="-85.60878528205">
    <tag k="local_x" v="14707.355304563604"/>
    <tag k="local_y" v="82068.25651510952"/>
    <tag k="ele" v="0"/>
  </node>
  <node id="3848" lat="42.28235235067" lon="-85.60883205816">
    <tag k="local_x" v="14703.579657153598"/>
    <tag k="local_y" v="82063.22533087849"/>
    <tag k="ele" v="0"/>
  </node>
  <node id="3849" lat="42.28224448003" lon="-85.60894696053">
    <tag k="local_x" v="14694.301313577489"/>
    <tag k="local_y" v="82051.09285747059"/>
    <tag k="ele" v="0"/>
  </node>
  <node id="3850" lat="42.28213775154" lon="-85.60902668408">
    <tag k="local_x" v="14687.921469911864"/>
    <tag k="local_y" v="82039.13460297871"/>
    <tag k="ele" v="0"/>
  </node>
  <node id="3851" lat="42.28210882294" lon="-85.60904840548">
    <tag k="local_x" v="14686.182946411216"/>
    <tag k="local_y" v="82035.89318584972"/>
    <tag k="ele" v="0"/>
  </node>
  <node id="3852" lat="42.28208970892" lon="-85.60906361216">
    <tag k="local_x" v="14684.963778579004"/>
    <tag k="local_y" v="82033.7503295966"/>
    <tag k="ele" v="0"/>
  </node>
  <node id="3853" lat="42.28168905675" lon="-85.60923546378">
    <tag k="local_x" v="14671.520716827894"/>
    <tag k="local_y" v="81989.0314572161"/>
    <tag k="ele" v="0"/>
  </node>
  <node id="3854" lat="42.28152376518" lon="-85.60933912542">
    <tag k="local_x" v="14663.273190398137"/>
    <tag k="local_y" v="81970.538293563"/>
    <tag k="ele" v="0"/>
  </node>
  <node id="3855" lat="42.28137341366" lon="-85.60947547466">
    <tag k="local_x" v="14652.303299473026"/>
    <tag k="local_y" v="81953.66002939147"/>
    <tag k="ele" v="0"/>
  </node>
  <node id="3856" lat="42.28117255617" lon="-85.60969829564">
    <tag k="local_x" v="14634.294954686438"/>
    <tag k="local_y" v="81931.05730493189"/>
    <tag k="ele" v="0"/>
  </node>
  <node id="3857" lat="42.28074751862" lon="-85.61016971663">
    <tag k="local_x" v="14596.194575319938"/>
    <tag k="local_y" v="81883.22763028598"/>
    <tag k="ele" v="0"/>
  </node>
  <node id="3858" lat="42.28038099289" lon="-85.61056446621">
    <tag k="local_x" v="14564.30962878487"/>
    <tag k="local_y" v="81841.99833710481"/>
    <tag k="ele" v="0"/>
  </node>
  <node id="3859" lat="42.28018852252" lon="-85.61079321414">
    <tag k="local_x" v="14545.796800449405"/>
    <tag k="local_y" v="81820.31916489049"/>
    <tag k="ele" v="0"/>
  </node>
  <node id="3860" lat="42.28003069261" lon="-85.6110077291">
    <tag k="local_x" v="14528.394704239696"/>
    <tag k="local_y" v="81802.50557682962"/>
    <tag k="ele" v="0"/>
  </node>
  <node id="3861" lat="42.2798840555" lon="-85.61124838788">
    <tag k="local_x" v="14508.816532260584"/>
    <tag k="local_y" v="81785.89969507807"/>
    <tag k="ele" v="0"/>
  </node>
  <node id="3862" lat="42.27977991805" lon="-85.61145053226">
    <tag k="local_x" v="14492.337065701362"/>
    <tag k="local_y" v="81774.06470983973"/>
    <tag k="ele" v="0"/>
  </node>
  <node id="3863" lat="42.27974581256" lon="-85.61152694302">
    <tag k="local_x" v="14486.098277045949"/>
    <tag k="local_y" v="81770.17498240087"/>
    <tag k="ele" v="0"/>
  </node>
  <node id="3864" lat="42.27961213347" lon="-85.61182660644">
    <tag k="local_x" v="14461.63114642163"/>
    <tag k="local_y" v="81754.92872826557"/>
    <tag k="ele" v="0"/>
  </node>
  <node id="3865" lat="42.27944854289" lon="-85.61230142935">
    <tag k="local_x" v="14422.774986164124"/>
    <tag k="local_y" v="81736.12587255801"/>
    <tag k="ele" v="0"/>
  </node>
  <node id="3866" lat="42.27937844189" lon="-85.61250513343">
    <tag k="local_x" v="14406.105070365233"/>
    <tag k="local_y" v="81728.06831983195"/>
    <tag k="ele" v="0"/>
  </node>
  <node id="3867" lat="42.27936279095" lon="-85.61255052574">
    <tag k="local_x" v="14402.390486515516"/>
    <tag k="local_y" v="81726.26949138689"/>
    <tag k="ele" v="0"/>
  </node>
  <node id="3868" lat="42.27917293611" lon="-85.61307412919">
    <tag k="local_x" v="14359.559222058739"/>
    <tag k="local_y" v="81704.48513891887"/>
    <tag k="ele" v="0"/>
  </node>
  <node id="3869" lat="42.27906345543" lon="-85.61335778987">
    <tag k="local_x" v="14336.36738215835"/>
    <tag k="local_y" v="81691.9477543018"/>
    <tag k="ele" v="0"/>
  </node>
  <node id="3870" lat="42.27897301828" lon="-85.61356818546">
    <tag k="local_x" v="14319.182270417215"/>
    <tag k="local_y" v="81681.6233538416"/>
    <tag k="ele" v="0"/>
  </node>
  <node id="3872" lat="42.27891763253" lon="-85.61366566139">
    <tag k="local_x" v="14311.2448"/>
    <tag k="local_y" v="81675.3426"/>
    <tag k="ele" v="0"/>
  </node>
  <node id="3877" lat="42.28396886744" lon="-85.60752055754">
    <tag k="local_x" v="14808.7811"/>
    <tag k="local_y" v="82244.487"/>
    <tag k="ele" v="0"/>
  </node>
  <node id="3878" lat="42.28393047301" lon="-85.60752246927">
    <tag k="local_x" v="14808.6932"/>
    <tag k="local_y" v="82240.2212"/>
    <tag k="ele" v="0"/>
    <tag k="direction" v="backward"/>
    <tag k="highway" v="stop"/>
  </node>
  <node id="3879" lat="42.28374312209" lon="-85.60750809376">
    <tag k="local_x" v="14810.2187"/>
    <tag k="local_y" v="82219.4376"/>
    <tag k="ele" v="0"/>
  </node>
  <node id="3880" lat="42.2836582397" lon="-85.6075214165">
    <tag k="local_x" v="14809.274369846074"/>
    <tag k="local_y" v="82209.99450483159"/>
    <tag k="ele" v="0"/>
  </node>
  <node id="3881" lat="42.28351992827" lon="-85.60755742156">
    <tag k="local_x" v="14806.556874083455"/>
    <tag k="local_y" v="82194.588194973"/>
    <tag k="ele" v="0"/>
  </node>
  <node id="3882" lat="42.28336776659" lon="-85.6076246889">
    <tag k="local_x" v="14801.286892050717"/>
    <tag k="local_y" v="82177.60183644955"/>
    <tag k="ele" v="0"/>
  </node>
  <node id="3883" lat="42.28331035024" lon="-85.60767109249">
    <tag k="local_x" v="14797.5651"/>
    <tag k="local_y" v="82171.1639"/>
    <tag k="ele" v="0"/>
  </node>
  <node id="3885" lat="42.28397228919" lon="-85.60743783039">
    <tag k="local_x" v="14815.5958"/>
    <tag k="local_y" v="82244.9785"/>
    <tag k="ele" v="0"/>
  </node>
  <node id="3886" lat="42.28393244789" lon="-85.6074368086">
    <tag k="local_x" v="14815.752403445578"/>
    <tag k="local_y" v="82240.5559981977"/>
    <tag k="ele" v="0"/>
    <tag k="direction" v="backward"/>
    <tag k="highway" v="stop"/>
  </node>
  <node id="3887" lat="42.28378683925" lon="-85.60744383388">
    <tag k="local_x" v="14815.4376"/>
    <tag k="local_y" v="82224.3785"/>
    <tag k="ele" v="0"/>
  </node>
  <node id="3888" lat="42.28364980181" lon="-85.60743898721">
    <tag k="local_x" v="14816.086083183536"/>
    <tag k="local_y" v="82209.16873773882"/>
    <tag k="ele" v="0"/>
  </node>
  <node id="3889" lat="42.28350414958" lon="-85.60747697187">
    <tag k="local_x" v="14813.218712663042"/>
    <tag k="local_y" v="82192.94465105124"/>
    <tag k="ele" v="0"/>
  </node>
  <node id="3890" lat="42.28334434858" lon="-85.60754768849">
    <tag k="local_x" v="14807.678218994539"/>
    <tag k="local_y" v="82175.10538501194"/>
    <tag k="ele" v="0"/>
  </node>
  <node id="3891" lat="42.28327675379" lon="-85.60759954756">
    <tag k="local_x" v="14803.5251"/>
    <tag k="local_y" v="82167.5299"/>
    <tag k="ele" v="0"/>
  </node>
  <node id="3893" lat="42.28412516861" lon="-85.60743584819">
    <tag k="local_x" v="14815.481590947187"/>
    <tag k="local_y" v="82261.95652701102"/>
    <tag k="ele" v="0"/>
  </node>
  <node id="3894" lat="42.28398446631" lon="-85.60743799152">
    <tag k="local_x" v="14815.5604"/>
    <tag k="local_y" v="82246.3304"/>
    <tag k="ele" v="0"/>
  </node>
  <node id="3896" lat="42.2841200649" lon="-85.60751855061">
    <tag k="local_x" v="14808.672"/>
    <tag k="local_y" v="82261.2783"/>
    <tag k="ele" v="0"/>
  </node>
  <node id="3897" lat="42.28397463043" lon="-85.60752056402">
    <tag k="local_x" v="14808.7701"/>
    <tag k="local_y" v="82245.1269"/>
    <tag k="ele" v="0"/>
  </node>
  <node id="3900" lat="42.28537955834" lon="-85.60796161831">
    <tag k="local_x" v="14769.8543"/>
    <tag k="local_y" v="82400.532"/>
    <tag k="ele" v="0"/>
  </node>
  <node id="3901" lat="42.28532174353" lon="-85.60793467874">
    <tag k="local_x" v="14772.1804"/>
    <tag k="local_y" v="82394.1487"/>
    <tag k="ele" v="0"/>
  </node>
  <node id="3902" lat="42.28528049409" lon="-85.60790705668">
    <tag k="local_x" v="14774.5327"/>
    <tag k="local_y" v="82389.6057"/>
    <tag k="ele" v="0"/>
  </node>
  <node id="3903" lat="42.28522288583" lon="-85.60785143799">
    <tag k="local_x" v="14779.223"/>
    <tag k="local_y" v="82383.284"/>
    <tag k="ele" v="0"/>
  </node>
  <node id="3904" lat="42.28514020718" lon="-85.60772257334">
    <tag k="local_x" v="14789.9979"/>
    <tag k="local_y" v="82374.2773"/>
    <tag k="ele" v="0"/>
  </node>
  <node id="3905" lat="42.28511294027" lon="-85.60767855365">
    <tag k="local_x" v="14793.6768"/>
    <tag k="local_y" v="82371.309"/>
    <tag k="ele" v="0"/>
  </node>
  <node id="3906" lat="42.28507473393" lon="-85.60761288876">
    <tag k="local_x" v="14799.1602"/>
    <tag k="local_y" v="82367.1552"/>
    <tag k="ele" v="0"/>
  </node>
  <node id="3907" lat="42.28505017764" lon="-85.60758925233">
    <tag k="local_x" v="14801.1536"/>
    <tag k="local_y" v="82364.4604"/>
    <tag k="ele" v="0"/>
  </node>
  <node id="3908" lat="42.28500816472" lon="-85.60756054371">
    <tag k="local_x" v="14803.5969"/>
    <tag k="local_y" v="82359.8341"/>
    <tag k="ele" v="0"/>
  </node>
  <node id="3909" lat="42.28493902195" lon="-85.60752876984">
    <tag k="local_x" v="14806.3422"/>
    <tag k="local_y" v="82352.1995"/>
    <tag k="ele" v="0"/>
  </node>
  <node id="3910" lat="42.28490802099" lon="-85.60753427985">
    <tag k="local_x" v="14805.9442"/>
    <tag k="local_y" v="82348.7498"/>
    <tag k="ele" v="0"/>
  </node>
  <node id="3911" lat="42.28487063977" lon="-85.60753930819">
    <tag k="local_x" v="14805.5975"/>
    <tag k="local_y" v="82344.5923"/>
    <tag k="ele" v="0"/>
  </node>
  <node id="3912" lat="42.28482294055" lon="-85.60755154137">
    <tag k="local_x" v="14804.6755"/>
    <tag k="local_y" v="82339.2794"/>
    <tag k="ele" v="0"/>
  </node>
  <node id="3913" lat="42.28467896159" lon="-85.6075485221">
    <tag k="local_x" v="14805.1859"/>
    <tag k="local_y" v="82323.2964"/>
    <tag k="ele" v="0"/>
  </node>
  <node id="3914" lat="42.28463716519" lon="-85.6075106494">
    <tag k="local_x" v="14808.3844"/>
    <tag k="local_y" v="82318.7065"/>
    <tag k="ele" v="0"/>
  </node>
  <node id="3915" lat="42.28435750475" lon="-85.60751486973">
    <tag k="local_x" v="14808.5443"/>
    <tag k="local_y" v="82287.648"/>
    <tag k="ele" v="0"/>
  </node>
  <node id="3916" lat="42.28412578049" lon="-85.60751776857">
    <tag k="local_x" v="14808.7261"/>
    <tag k="local_y" v="82261.914"/>
    <tag k="ele" v="0"/>
  </node>
  <node id="3919" lat="42.28539660291" lon="-85.60788238444">
    <tag k="local_x" v="14776.3561"/>
    <tag k="local_y" v="82402.5314"/>
    <tag k="ele" v="0"/>
  </node>
  <node id="3920" lat="42.28534486336" lon="-85.60785817838">
    <tag k="local_x" v="14778.4458"/>
    <tag k="local_y" v="82396.819"/>
    <tag k="ele" v="0"/>
  </node>
  <node id="3921" lat="42.2853152865" lon="-85.60783500404">
    <tag k="local_x" v="14780.4102"/>
    <tag k="local_y" v="82393.5661"/>
    <tag k="ele" v="0"/>
  </node>
  <node id="3922" lat="42.28526174925" lon="-85.6077926167">
    <tag k="local_x" v="14784.0022"/>
    <tag k="local_y" v="82387.6786"/>
    <tag k="ele" v="0"/>
  </node>
  <node id="3923" lat="42.28518706702" lon="-85.60766887738">
    <tag k="local_x" v="14794.34"/>
    <tag k="local_y" v="82379.5529"/>
    <tag k="ele" v="0"/>
  </node>
  <node id="3924" lat="42.28516095399" lon="-85.60762673162">
    <tag k="local_x" v="14797.8623"/>
    <tag k="local_y" v="82376.7102"/>
    <tag k="ele" v="0"/>
  </node>
  <node id="3925" lat="42.28511909742" lon="-85.60755549758">
    <tag k="local_x" v="14803.8115"/>
    <tag k="local_y" v="82372.1586"/>
    <tag k="ele" v="0"/>
  </node>
  <node id="3926" lat="42.28508183018" lon="-85.60751829624">
    <tag k="local_x" v="14806.9464"/>
    <tag k="local_y" v="82368.0707"/>
    <tag k="ele" v="0"/>
  </node>
  <node id="3927" lat="42.28503129253" lon="-85.60748390395">
    <tag k="local_x" v="14809.8738"/>
    <tag k="local_y" v="82362.5055"/>
    <tag k="ele" v="0"/>
  </node>
  <node id="3928" lat="42.28495063191" lon="-85.6074475991">
    <tag k="local_x" v="14813.0136"/>
    <tag k="local_y" v="82353.5981"/>
    <tag k="ele" v="0"/>
  </node>
  <node id="3929" lat="42.28490232959" lon="-85.60745206999">
    <tag k="local_x" v="14812.7327"/>
    <tag k="local_y" v="82348.2287"/>
    <tag k="ele" v="0"/>
  </node>
  <node id="3930" lat="42.28486165352" lon="-85.60745765245">
    <tag k="local_x" v="14812.3463"/>
    <tag k="local_y" v="82343.7046"/>
    <tag k="ele" v="0"/>
  </node>
  <node id="3931" lat="42.28482087366" lon="-85.60746900193">
    <tag k="local_x" v="14811.4846"/>
    <tag k="local_y" v="82339.1612"/>
    <tag k="ele" v="0"/>
  </node>
  <node id="3932" lat="42.28468927095" lon="-85.60746704196">
    <tag k="local_x" v="14811.8852"/>
    <tag k="local_y" v="82324.551"/>
    <tag k="ele" v="0"/>
  </node>
  <node id="3933" lat="42.28464217385" lon="-85.6074282988">
    <tag k="local_x" v="14815.1651"/>
    <tag k="local_y" v="82319.3737"/>
    <tag k="ele" v="0"/>
  </node>
  <node id="3934" lat="42.28435714019" lon="-85.6074322752">
    <tag k="local_x" v="14815.3549"/>
    <tag k="local_y" v="82287.7189"/>
    <tag k="ele" v="0"/>
  </node>
  <node id="3935" lat="42.28413028782" lon="-85.60743558978">
    <tag k="local_x" v="14815.4936"/>
    <tag k="local_y" v="82262.5253"/>
    <tag k="ele" v="0"/>
  </node>
  <node id="3995" lat="42.28397562017" lon="-85.60739456901">
    <tag k="local_x" v="14819.15668364861"/>
    <tag k="local_y" v="82245.40670439135"/>
    <tag k="ele" v="0"/>
  </node>
  <node id="3996" lat="42.28393312672" lon="-85.60739336953">
    <tag k="local_x" v="14819.332755615245"/>
    <tag k="local_y" v="82240.68995424309"/>
    <tag k="ele" v="0"/>
    <tag k="direction" v="backward"/>
    <tag k="highway" v="stop"/>
  </node>
  <node id="4003" lat="42.28411941211" lon="-85.607393017">
    <tag k="local_x" v="14819.0235"/>
    <tag k="local_y" v="82261.3751"/>
    <tag k="ele" v="0"/>
  </node>
  <node id="4004" lat="42.28398306608" lon="-85.60739462796">
    <tag k="local_x" v="14819.1383"/>
    <tag k="local_y" v="82246.2334"/>
    <tag k="ele" v="0"/>
  </node>
  <node id="4006" lat="42.28380246191" lon="-85.60738792341">
    <tag k="local_x" v="14820.0191"/>
    <tag k="local_y" v="82226.1886"/>
    <tag k="ele" v="0"/>
  </node>
  <node id="4008" lat="42.28370852296" lon="-85.60741984667">
    <tag k="local_x" v="14817.5576"/>
    <tag k="local_y" v="82215.7148"/>
    <tag k="ele" v="0"/>
  </node>
  <node id="4012" lat="42.28380861015" lon="-85.60743781773">
    <tag k="local_x" v="14815.8941"/>
    <tag k="local_y" v="82226.804"/>
    <tag k="ele" v="0"/>
  </node>
  <node id="4014" lat="42.28369609799" lon="-85.60742389713">
    <tag k="local_x" v="14817.2462"/>
    <tag k="local_y" v="82214.3297"/>
    <tag k="ele" v="0"/>
  </node>
  <node id="4020" lat="42.28372785087" lon="-85.60745931491">
    <tag k="local_x" v="14814.2683"/>
    <tag k="local_y" v="82217.8077"/>
    <tag k="ele" v="0"/>
  </node>
  <node id="4023" lat="42.28373269158" lon="-85.60741163339">
    <tag k="local_x" v="14818.1909"/>
    <tag k="local_y" v="82218.4095"/>
    <tag k="ele" v="0"/>
  </node>
  <node id="4027" lat="42.28386940508" lon="-85.60747231453">
    <tag k="local_x" v="14812.9394"/>
    <tag k="local_y" v="82233.508"/>
    <tag k="ele" v="0"/>
  </node>
  <node id="4028" lat="42.2837553975" lon="-85.60750648563">
    <tag k="local_x" v="14810.329"/>
    <tag k="local_y" v="82220.8028"/>
    <tag k="ele" v="0"/>
  </node>
  <node id="4036" lat="42.28528183896" lon="-85.60775390822">
    <tag k="local_x" v="14787.1572"/>
    <tag k="local_y" v="82389.9615"/>
    <tag k="ele" v="0"/>
  </node>
  <node id="4037" lat="42.28521063717" lon="-85.60764146996">
    <tag k="local_x" v="14796.556918376633"/>
    <tag k="local_y" v="82382.20702548679"/>
    <tag k="ele" v="0"/>
  </node>
  <node id="4038" lat="42.28518508136" lon="-85.60760022631">
    <tag k="local_x" v="14800.00382847084"/>
    <tag k="local_y" v="82379.42498273941"/>
    <tag k="ele" v="0"/>
  </node>
  <node id="4039" lat="42.28514119341" lon="-85.60752592244">
    <tag k="local_x" v="14806.209820796523"/>
    <tag k="local_y" v="82374.65196429571"/>
    <tag k="ele" v="0"/>
  </node>
  <node id="4040" lat="42.28509780458" lon="-85.60748220033">
    <tag k="local_x" v="14809.89347155525"/>
    <tag k="local_y" v="82369.89313344531"/>
    <tag k="ele" v="0"/>
  </node>
  <node id="4041" lat="42.28504267882" lon="-85.60744472646">
    <tag k="local_x" v="14813.083280122526"/>
    <tag k="local_y" v="82363.82263820995"/>
    <tag k="ele" v="0"/>
  </node>
  <node id="4042" lat="42.28495602622" lon="-85.60740609271">
    <tag k="local_x" v="14816.425982449575"/>
    <tag k="local_y" v="82354.25304447324"/>
    <tag k="ele" v="0"/>
  </node>
  <node id="4043" lat="42.28489945401" lon="-85.60741002044">
    <tag k="local_x" v="14816.20488778716"/>
    <tag k="local_y" v="82347.96610819493"/>
    <tag k="ele" v="0"/>
  </node>
  <node id="4044" lat="42.28485661778" lon="-85.60741594895">
    <tag k="local_x" v="14815.793882033397"/>
    <tag k="local_y" v="82343.20168234505"/>
    <tag k="ele" v="0"/>
  </node>
  <node id="4045" lat="42.28481935167" lon="-85.60742683921">
    <tag k="local_x" v="14814.963664324216"/>
    <tag k="local_y" v="82339.04905851484"/>
    <tag k="ele" v="0"/>
  </node>
  <node id="4046" lat="42.28469424114" lon="-85.60742543492">
    <tag k="local_x" v="14815.306665410082"/>
    <tag k="local_y" v="82325.15898559839"/>
    <tag k="ele" v="0"/>
  </node>
  <node id="4047" lat="42.28464434661" lon="-85.6073862283">
    <tag k="local_x" v="14818.629860809093"/>
    <tag k="local_y" v="82319.67169261309"/>
    <tag k="ele" v="0"/>
  </node>
  <node id="4048" lat="42.28435657511" lon="-85.60739007995">
    <tag k="local_x" v="14818.834934692348"/>
    <tag k="local_y" v="82287.71305764488"/>
    <tag k="ele" v="0"/>
  </node>
  <node id="4049" lat="42.2841296738" lon="-85.60739207781">
    <tag k="local_x" v="14819.0823"/>
    <tag k="local_y" v="82262.5158"/>
    <tag k="ele" v="0"/>
  </node>
  <node id="4052" lat="42.28539771822" lon="-85.60809398678">
    <tag k="local_x" v="14758.9077"/>
    <tag k="local_y" v="82402.37"/>
    <tag k="ele" v="0"/>
  </node>
  <node id="4053" lat="42.28524631601" lon="-85.60866422409">
    <tag k="local_x" v="14712.167"/>
    <tag k="local_y" v="82384.7902"/>
    <tag k="ele" v="0"/>
  </node>
  <node id="4054" lat="42.28515507198" lon="-85.60897782773">
    <tag k="local_x" v="14686.4762"/>
    <tag k="local_y" v="82374.2362"/>
    <tag k="ele" v="0"/>
  </node>
  <node id="4055" lat="42.2850619866" lon="-85.60928707674">
    <tag k="local_x" v="14661.1477"/>
    <tag k="local_y" v="82363.4837"/>
    <tag k="ele" v="0"/>
  </node>
  <node id="4056" lat="42.28502393022" lon="-85.60941911444">
    <tag k="local_x" v="14650.3303"/>
    <tag k="local_y" v="82359.0802"/>
    <tag k="ele" v="0"/>
  </node>
  <node id="4057" lat="42.28487411944" lon="-85.6099484513">
    <tag k="local_x" v="14606.9584"/>
    <tag k="local_y" v="82341.7329"/>
    <tag k="ele" v="0"/>
  </node>
  <node id="4058" lat="42.28481862462" lon="-85.61014413447">
    <tag k="local_x" v="14590.925"/>
    <tag k="local_y" v="82335.3075"/>
    <tag k="ele" v="0"/>
  </node>
  <node id="4061" lat="42.2854463555" lon="-85.60811658879">
    <tag k="local_x" v="14756.9559"/>
    <tag k="local_y" v="82407.7401"/>
    <tag k="ele" v="0"/>
  </node>
  <node id="4062" lat="42.28529467955" lon="-85.60868884225">
    <tag k="local_x" v="14710.0495"/>
    <tag k="local_y" v="82390.1272"/>
    <tag k="ele" v="0"/>
  </node>
  <node id="4063" lat="42.28520290247" lon="-85.60900431593">
    <tag k="local_x" v="14684.2055"/>
    <tag k="local_y" v="82379.5115"/>
    <tag k="ele" v="0"/>
  </node>
  <node id="4064" lat="42.28510978589" lon="-85.60931367136">
    <tag k="local_x" v="14658.8683"/>
    <tag k="local_y" v="82368.7554"/>
    <tag k="ele" v="0"/>
  </node>
  <node id="4065" lat="42.28507205628" lon="-85.60944458611">
    <tag k="local_x" v="14648.1429"/>
    <tag k="local_y" v="82364.3897"/>
    <tag k="ele" v="0"/>
  </node>
  <node id="4066" lat="42.28492226698" lon="-85.60997384644">
    <tag k="local_x" v="14604.7773"/>
    <tag k="local_y" v="82347.0449"/>
    <tag k="ele" v="0"/>
  </node>
  <node id="4067" lat="42.28486676086" lon="-85.61016956636">
    <tag k="local_x" v="14588.7409"/>
    <tag k="local_y" v="82340.6182"/>
    <tag k="ele" v="0"/>
  </node>
  <node id="4070" lat="42.28547091222" lon="-85.60812778612">
    <tag k="local_x" v="14755.988117678504"/>
    <tag k="local_y" v="82410.451725116"/>
    <tag k="ele" v="0"/>
  </node>
  <node id="4071" lat="42.28531899986" lon="-85.60870093921">
    <tag k="local_x" v="14709.007988790785"/>
    <tag k="local_y" v="82392.81136985167"/>
    <tag k="ele" v="0"/>
  </node>
  <node id="4072" lat="42.28522698654" lon="-85.60901724176">
    <tag k="local_x" v="14683.096086463262"/>
    <tag k="local_y" v="82382.16832423129"/>
    <tag k="ele" v="0"/>
  </node>
  <node id="4073" lat="42.2851338556" lon="-85.60932664556">
    <tag k="local_x" v="14657.754932062515"/>
    <tag k="local_y" v="82371.41056952892"/>
    <tag k="ele" v="0"/>
  </node>
  <node id="4074" lat="42.28509627115" lon="-85.60945706082">
    <tag k="local_x" v="14647.07045524078"/>
    <tag k="local_y" v="82367.06166100831"/>
    <tag k="ele" v="0"/>
  </node>
  <node id="4075" lat="42.28494649128" lon="-85.60998628789">
    <tag k="local_x" v="14603.707594906551"/>
    <tag k="local_y" v="82349.71795899757"/>
    <tag k="ele" v="0"/>
  </node>
  <node id="4076" lat="42.28489098029" lon="-85.61018202369">
    <tag k="local_x" v="14587.6699"/>
    <tag k="local_y" v="82343.2907"/>
    <tag k="ele" v="0"/>
  </node>
  <node id="4079" lat="42.28710574899" lon="-85.61087986267">
    <tag k="local_x" v="14526.120975116168"/>
    <tag k="local_y" v="82588.27423353029"/>
    <tag k="ele" v="0"/>
  </node>
  <node id="4080" lat="42.286987524" lon="-85.61080534343">
    <tag k="local_x" v="14532.479036265137"/>
    <tag k="local_y" v="82575.2470645849"/>
    <tag k="ele" v="0"/>
  </node>
  <node id="4081" lat="42.28661252942" lon="-85.61070744565">
    <tag k="local_x" v="14541.229855337011"/>
    <tag k="local_y" v="82533.74028191931"/>
    <tag k="ele" v="0"/>
  </node>
  <node id="4082" lat="42.28627540717" lon="-85.61061411354">
    <tag k="local_x" v="14549.535710879263"/>
    <tag k="local_y" v="82496.43261940063"/>
    <tag k="ele" v="0"/>
  </node>
  <node id="4083" lat="42.28596851191" lon="-85.61055430558">
    <tag k="local_x" v="14555.02286511717"/>
    <tag k="local_y" v="82462.4361890371"/>
    <tag k="ele" v="0"/>
  </node>
  <node id="4084" lat="42.28584049155" lon="-85.61053563559">
    <tag k="local_x" v="14556.79415878446"/>
    <tag k="local_y" v="82448.24624223319"/>
    <tag k="ele" v="0"/>
  </node>
  <node id="4085" lat="42.28572854811" lon="-85.61051687866">
    <tag k="local_x" v="14558.543492543931"/>
    <tag k="local_y" v="82435.84155522053"/>
    <tag k="ele" v="0"/>
  </node>
  <node id="4086" lat="42.2855849168" lon="-85.61046533008">
    <tag k="local_x" v="14563.05388045375"/>
    <tag k="local_y" v="82419.96244888724"/>
    <tag k="ele" v="0"/>
  </node>
  <node id="4087" lat="42.2855141665" lon="-85.61042243183">
    <tag k="local_x" v="14566.718999874267"/>
    <tag k="local_y" v="82412.16423434176"/>
    <tag k="ele" v="0"/>
  </node>
  <node id="4088" lat="42.28543910431" lon="-85.61037971405">
    <tag k="local_x" v="14570.377061675714"/>
    <tag k="local_y" v="82403.88699692537"/>
    <tag k="ele" v="0"/>
  </node>
  <node id="4089" lat="42.28535609213" lon="-85.61035124169">
    <tag k="local_x" v="14572.87501969657"/>
    <tag k="local_y" v="82394.7078423916"/>
    <tag k="ele" v="0"/>
  </node>
  <node id="4090" lat="42.28528422246" lon="-85.61034562227">
    <tag k="local_x" v="14573.468587592053"/>
    <tag k="local_y" v="82386.73517290837"/>
    <tag k="ele" v="0"/>
  </node>
  <node id="4091" lat="42.28518625124" lon="-85.61034691971">
    <tag k="local_x" v="14573.539172341554"/>
    <tag k="local_y" v="82375.85494360015"/>
    <tag k="ele" v="0"/>
  </node>
  <node id="4092" lat="42.28508254666" lon="-85.6103484546">
    <tag k="local_x" v="14573.600569288259"/>
    <tag k="local_y" v="82364.33777638423"/>
    <tag k="ele" v="0"/>
  </node>
  <node id="4093" lat="42.28496825827" lon="-85.61033317917">
    <tag k="local_x" v="14575.067147403832"/>
    <tag k="local_y" v="82351.66803087752"/>
    <tag k="ele" v="0"/>
  </node>
  <node id="4094" lat="42.28489709621" lon="-85.61030737208">
    <tag k="local_x" v="14577.3239"/>
    <tag k="local_y" v="82343.8011"/>
    <tag k="ele" v="0"/>
  </node>
  <node id="4099" lat="42.28667231149" lon="-85.61079525864">
    <tag k="local_x" v="14533.8816"/>
    <tag k="local_y" v="82540.2602"/>
    <tag k="ele" v="0"/>
  </node>
  <node id="4100" lat="42.28626710438" lon="-85.61067743676">
    <tag k="local_x" v="14544.3299"/>
    <tag k="local_y" v="82495.4255"/>
    <tag k="ele" v="0"/>
  </node>
  <node id="4101" lat="42.28596217318" lon="-85.6106180384">
    <tag k="local_x" v="14549.7797"/>
    <tag k="local_y" v="82461.6466"/>
    <tag k="ele" v="0"/>
  </node>
  <node id="4102" lat="42.28583498169" lon="-85.61059950766">
    <tag k="local_x" v="14551.538"/>
    <tag k="local_y" v="82447.5485"/>
    <tag k="ele" v="0"/>
  </node>
  <node id="4103" lat="42.28571898026" lon="-85.61057987597">
    <tag k="local_x" v="14553.3668"/>
    <tag k="local_y" v="82434.6944"/>
    <tag k="ele" v="0"/>
  </node>
  <node id="4104" lat="42.2855700821" lon="-85.61052644891">
    <tag k="local_x" v="14558.0416"/>
    <tag k="local_y" v="82418.233"/>
    <tag k="ele" v="0"/>
  </node>
  <node id="4105" lat="42.28549508904" lon="-85.61048137843">
    <tag k="local_x" v="14561.8935"/>
    <tag k="local_y" v="82409.9666"/>
    <tag k="ele" v="0"/>
  </node>
  <node id="4106" lat="42.28542390069" lon="-85.6104406684">
    <tag k="local_x" v="14565.379"/>
    <tag k="local_y" v="82402.1168"/>
    <tag k="ele" v="0"/>
  </node>
  <node id="4107" lat="42.28534841058" lon="-85.61041470572">
    <tag k="local_x" v="14567.6564"/>
    <tag k="local_y" v="82393.7695"/>
    <tag k="ele" v="0"/>
  </node>
  <node id="4108" lat="42.285283388" lon="-85.61040991412">
    <tag k="local_x" v="14568.1693"/>
    <tag k="local_y" v="82386.556"/>
    <tag k="ele" v="0"/>
  </node>
  <node id="4109" lat="42.2851867419" lon="-85.61041121732">
    <tag k="local_x" v="14568.237"/>
    <tag k="local_y" v="82375.8229"/>
    <tag k="ele" v="0"/>
  </node>
  <node id="4110" lat="42.28508028487" lon="-85.610412684">
    <tag k="local_x" v="14568.309"/>
    <tag k="local_y" v="82364.0002"/>
    <tag k="ele" v="0"/>
  </node>
  <node id="4111" lat="42.28496024903" lon="-85.61039656909">
    <tag k="local_x" v="14569.8552"/>
    <tag k="local_y" v="82350.6934"/>
    <tag k="ele" v="0"/>
  </node>
  <node id="4112" lat="42.28486215422" lon="-85.61036282693">
    <tag k="local_x" v="14572.815"/>
    <tag k="local_y" v="82339.8466"/>
    <tag k="ele" v="0"/>
  </node>
  <node id="4122" lat="42.28542683531" lon="-85.60790110164">
    <tag k="local_x" v="14774.758"/>
    <tag k="local_y" v="82405.8631"/>
    <tag k="ele" v="0"/>
  </node>
  <node id="4124" lat="42.28544781795" lon="-85.60792555202">
    <tag k="local_x" v="14772.704"/>
    <tag k="local_y" v="82408.16"/>
    <tag k="ele" v="0"/>
  </node>
  <node id="4125" lat="42.28546240887" lon="-85.60795154525">
    <tag k="local_x" v="14770.5344"/>
    <tag k="local_y" v="82409.7451"/>
    <tag k="ele" v="0"/>
  </node>
  <node id="4126" lat="42.28547352695" lon="-85.60798976674">
    <tag k="local_x" v="14767.3629"/>
    <tag k="local_y" v="82410.9281"/>
    <tag k="ele" v="0"/>
  </node>
  <node id="4127" lat="42.28547922257" lon="-85.60802969893">
    <tag k="local_x" v="14764.0602"/>
    <tag k="local_y" v="82411.5067"/>
    <tag k="ele" v="0"/>
  </node>
  <node id="4128" lat="42.28547802609" lon="-85.60807639668">
    <tag k="local_x" v="14760.2122"/>
    <tag k="local_y" v="82411.3109"/>
    <tag k="ele" v="0"/>
  </node>
  <node id="4129" lat="42.28547537481" lon="-85.6080971758">
    <tag k="local_x" v="14758.5038"/>
    <tag k="local_y" v="82410.9885"/>
    <tag k="ele" v="0"/>
  </node>
  <node id="4130" lat="42.28544919119" lon="-85.60808941136">
    <tag k="local_x" v="14759.1915"/>
    <tag k="local_y" v="82408.0916"/>
    <tag k="ele" v="0"/>
  </node>
  <node id="4132" lat="42.28544987988" lon="-85.60805763709">
    <tag k="local_x" v="14761.81"/>
    <tag k="local_y" v="82408.2109"/>
    <tag k="ele" v="0"/>
  </node>
  <node id="4133" lat="42.28544956902" lon="-85.60802728207">
    <tag k="local_x" v="14764.3133"/>
    <tag k="local_y" v="82408.2173"/>
    <tag k="ele" v="0"/>
  </node>
  <node id="4134" lat="42.28544550226" lon="-85.60800357017">
    <tag k="local_x" v="14766.2757"/>
    <tag k="local_y" v="82407.7977"/>
    <tag k="ele" v="0"/>
  </node>
  <node id="4135" lat="42.28543906111" lon="-85.60798212406">
    <tag k="local_x" v="14768.0556"/>
    <tag k="local_y" v="82407.1114"/>
    <tag k="ele" v="0"/>
  </node>
  <node id="4136" lat="42.28542985435" lon="-85.60796113303">
    <tag k="local_x" v="14769.803"/>
    <tag k="local_y" v="82406.1174"/>
    <tag k="ele" v="0"/>
  </node>
  <node id="4137" lat="42.28541419495" lon="-85.60794185962">
    <tag k="local_x" v="14771.4205"/>
    <tag k="local_y" v="82404.4046"/>
    <tag k="ele" v="0"/>
  </node>
  <node id="4140" lat="42.28540252778" lon="-85.60806916496">
    <tag k="local_x" v="14760.9455"/>
    <tag k="local_y" v="82402.9375"/>
    <tag k="ele" v="0"/>
  </node>
  <node id="4142" lat="42.28540516244" lon="-85.60805369376">
    <tag k="local_x" v="14762.2163"/>
    <tag k="local_y" v="82403.2509"/>
    <tag k="ele" v="0"/>
  </node>
  <node id="4143" lat="42.2854057025" lon="-85.60803608672">
    <tag k="local_x" v="14763.667"/>
    <tag k="local_y" v="82403.3346"/>
    <tag k="ele" v="0"/>
  </node>
  <node id="4144" lat="42.2854055274" lon="-85.60801906669">
    <tag k="local_x" v="14765.0706"/>
    <tag k="local_y" v="82403.3381"/>
    <tag k="ele" v="0"/>
  </node>
  <node id="4145" lat="42.28540278497" lon="-85.60800177208">
    <tag k="local_x" v="14766.5015"/>
    <tag k="local_y" v="82403.0569"/>
    <tag k="ele" v="0"/>
  </node>
  <node id="4146" lat="42.28539605541" lon="-85.6079848333">
    <tag k="local_x" v="14767.9103"/>
    <tag k="local_y" v="82402.3325"/>
    <tag k="ele" v="0"/>
  </node>
  <node id="4147" lat="42.28538864706" lon="-85.60797251475">
    <tag k="local_x" v="14768.9394"/>
    <tag k="local_y" v="82401.5265"/>
    <tag k="ele" v="0"/>
  </node>
  <node id="4148" lat="42.28542806481" lon="-85.60807804492">
    <tag k="local_x" v="14760.167"/>
    <tag k="local_y" v="82405.7611"/>
    <tag k="ele" v="0"/>
  </node>
  <node id="4150" lat="42.28543179302" lon="-85.60805532212">
    <tag k="local_x" v="14762.0337"/>
    <tag k="local_y" v="82406.2057"/>
    <tag k="ele" v="0"/>
  </node>
  <node id="4151" lat="42.28543157293" lon="-85.6080276965">
    <tag k="local_x" v="14764.3118"/>
    <tag k="local_y" v="82406.2185"/>
    <tag k="ele" v="0"/>
  </node>
  <node id="4152" lat="42.28542908655" lon="-85.60800085456">
    <tag k="local_x" v="14766.5294"/>
    <tag k="local_y" v="82405.9786"/>
    <tag k="ele" v="0"/>
  </node>
  <node id="4153" lat="42.28542477278" lon="-85.60798201902">
    <tag k="local_x" v="14768.0902"/>
    <tag k="local_y" v="82405.525"/>
    <tag k="ele" v="0"/>
  </node>
  <node id="4154" lat="42.28541762355" lon="-85.60796218829">
    <tag k="local_x" v="14769.7382"/>
    <tag k="local_y" v="82404.7579"/>
    <tag k="ele" v="0"/>
  </node>
  <node id="4155" lat="42.28540738759" lon="-85.60794366023">
    <tag k="local_x" v="14771.2844"/>
    <tag k="local_y" v="82403.6463"/>
    <tag k="ele" v="0"/>
  </node>
  <node id="4165" lat="42.28524982965" lon="-85.60777286926">
    <tag k="local_x" v="14785.652"/>
    <tag k="local_y" v="82386.3817"/>
    <tag k="ele" v="0"/>
  </node>
  <node id="4169" lat="42.28527736908" lon="-85.60783481294">
    <tag k="local_x" v="14780.4948"/>
    <tag k="local_y" v="82389.3561"/>
    <tag k="ele" v="0"/>
  </node>
  <node id="4170" lat="42.28529761758" lon="-85.60780673299">
    <tag k="local_x" v="14782.7732"/>
    <tag k="local_y" v="82391.6423"/>
    <tag k="ele" v="0"/>
  </node>
  <node id="4172" lat="42.28528886019" lon="-85.60791265785">
    <tag k="local_x" v="14774.0557"/>
    <tag k="local_y" v="82390.5271"/>
    <tag k="ele" v="0"/>
  </node>
  <node id="4180" lat="42.28526108942" lon="-85.60772114102">
    <tag k="local_x" v="14789.8965"/>
    <tag k="local_y" v="82387.7017"/>
    <tag k="ele" v="0"/>
  </node>
  <node id="4189" lat="42.2837729194" lon="-85.60745612457">
    <tag k="local_x" v="14814.4495"/>
    <tag k="local_y" v="82222.8163"/>
    <tag k="ele" v="0"/>
  </node>
  <node id="4190" lat="42.28510545316" lon="-85.60766568508">
    <tag k="local_x" v="14794.7514"/>
    <tag k="local_y" v="82370.495"/>
    <tag k="ele" v="0"/>
  </node>
  <node id="4191" lat="42.28512911943" lon="-85.60764065059">
    <tag k="local_x" v="14796.7725"/>
    <tag k="local_y" v="82373.1566"/>
    <tag k="ele" v="0"/>
  </node>
  <node id="4197" lat="42.2851422723" lon="-85.60759493779">
    <tag k="local_x" v="14800.5176"/>
    <tag k="local_y" v="82374.6787"/>
    <tag k="ele" v="0"/>
  </node>
  <node id="4198" lat="42.28516660415" lon="-85.60756894378">
    <tag k="local_x" v="14802.6166"/>
    <tag k="local_y" v="82377.4155"/>
    <tag k="ele" v="0"/>
  </node>
  <node id="4206" lat="42.28488288298" lon="-85.61021129465">
    <tag k="local_x" v="14585.2712"/>
    <tag k="local_y" v="82342.3522"/>
    <tag k="ele" v="0"/>
  </node>
  <node id="4210" lat="42.28487127078" lon="-85.61025603288">
    <tag k="local_x" v="14581.6036"/>
    <tag k="local_y" v="82341.0026"/>
    <tag k="ele" v="0"/>
  </node>
  <node id="4211" lat="42.2848709076" lon="-85.61027971594">
    <tag k="local_x" v="14579.6516"/>
    <tag k="local_y" v="82340.9304"/>
    <tag k="ele" v="0"/>
  </node>
  <node id="4212" lat="42.28487784046" lon="-85.610297258">
    <tag k="local_x" v="14578.1927"/>
    <tag k="local_y" v="82341.6766"/>
    <tag k="ele" v="0"/>
  </node>
  <node id="4213" lat="42.28485389606" lon="-85.61031321438">
    <tag k="local_x" v="14576.9205"/>
    <tag k="local_y" v="82338.9964"/>
    <tag k="ele" v="0"/>
  </node>
  <node id="4215" lat="42.28484618125" lon="-85.61029721287">
    <tag k="local_x" v="14578.2538"/>
    <tag k="local_y" v="82338.1613"/>
    <tag k="ele" v="0"/>
  </node>
  <node id="4216" lat="42.28484537688" lon="-85.61027193752">
    <tag k="local_x" v="14580.3392"/>
    <tag k="local_y" v="82338.106"/>
    <tag k="ele" v="0"/>
  </node>
  <node id="4217" lat="42.28484573077" lon="-85.61024949421">
    <tag k="local_x" v="14582.189"/>
    <tag k="local_y" v="82338.1755"/>
    <tag k="ele" v="0"/>
  </node>
  <node id="4218" lat="42.28485038032" lon="-85.61022584671">
    <tag k="local_x" v="14584.1303"/>
    <tag k="local_y" v="82338.7236"/>
    <tag k="ele" v="0"/>
  </node>
  <node id="4219" lat="42.28485129996" lon="-85.61031859106">
    <tag k="local_x" v="14576.4819"/>
    <tag k="local_y" v="82338.7009"/>
    <tag k="ele" v="0"/>
  </node>
  <node id="4221" lat="42.28483781076" lon="-85.61030186626">
    <tag k="local_x" v="14577.8853"/>
    <tag k="local_y" v="82337.2256"/>
    <tag k="ele" v="0"/>
  </node>
  <node id="4222" lat="42.28482575227" lon="-85.61027314999">
    <tag k="local_x" v="14580.2748"/>
    <tag k="local_y" v="82335.9253"/>
    <tag k="ele" v="0"/>
  </node>
  <node id="4223" lat="42.28482296287" lon="-85.61024355563">
    <tag k="local_x" v="14582.7199"/>
    <tag k="local_y" v="82335.6554"/>
    <tag k="ele" v="0"/>
  </node>
  <node id="4224" lat="42.28482775256" lon="-85.61020880857">
    <tag k="local_x" v="14585.5761"/>
    <tag k="local_y" v="82336.234"/>
    <tag k="ele" v="0"/>
  </node>
  <node id="4225" lat="42.28484377328" lon="-85.61035378033">
    <tag k="local_x" v="14573.5942"/>
    <tag k="local_y" v="82337.8178"/>
    <tag k="ele" v="0"/>
  </node>
  <node id="4227" lat="42.28482662366" lon="-85.61033865692">
    <tag k="local_x" v="14574.8722"/>
    <tag k="local_y" v="82335.9339"/>
    <tag k="ele" v="0"/>
  </node>
  <node id="4228" lat="42.28481215528" lon="-85.61031737995">
    <tag k="local_x" v="14576.6527"/>
    <tag k="local_y" v="82334.356"/>
    <tag k="ele" v="0"/>
  </node>
  <node id="4229" lat="42.28480239979" lon="-85.61029811583">
    <tag k="local_x" v="14578.2587"/>
    <tag k="local_y" v="82333.2987"/>
    <tag k="ele" v="0"/>
  </node>
  <node id="4230" lat="42.284796572" lon="-85.61026831658">
    <tag k="local_x" v="14580.7262"/>
    <tag k="local_y" v="82332.6917"/>
    <tag k="ele" v="0"/>
  </node>
  <node id="4231" lat="42.28479707817" lon="-85.61023592206">
    <tag k="local_x" v="14583.3962"/>
    <tag k="local_y" v="82332.7915"/>
    <tag k="ele" v="0"/>
  </node>
  <node id="4232" lat="42.2848020662" lon="-85.610204164">
    <tag k="local_x" v="14586.0056"/>
    <tag k="local_y" v="82333.3881"/>
    <tag k="ele" v="0"/>
  </node>
  <node id="4237" lat="42.28658331577" lon="-85.61073477568">
    <tag k="local_x" v="14539.0295"/>
    <tag k="local_y" v="82530.4597"/>
    <tag k="ele" v="0"/>
  </node>
  <node id="4239" lat="42.28644745334" lon="-85.61066436198">
    <tag k="local_x" v="14545.0811"/>
    <tag k="local_y" v="82515.4686"/>
    <tag k="ele" v="0"/>
  </node>
  <node id="4241" lat="42.28649363409" lon="-85.61077778724">
    <tag k="local_x" v="14535.6458"/>
    <tag k="local_y" v="82520.4438"/>
    <tag k="ele" v="0"/>
  </node>
  <node id="4245" lat="42.2864192088" lon="-85.61072448965">
    <tag k="local_x" v="14540.1749"/>
    <tag k="local_y" v="82512.2515"/>
    <tag k="ele" v="0"/>
  </node>
  <node id="4246" lat="42.28644036241" lon="-85.61069598147">
    <tag k="local_x" v="14542.487"/>
    <tag k="local_y" v="82514.6387"/>
    <tag k="ele" v="0"/>
  </node>
  <node id="4248" lat="42.28656632167" lon="-85.61076422347">
    <tag k="local_x" v="14536.6324"/>
    <tag k="local_y" v="82528.5331"/>
    <tag k="ele" v="0"/>
  </node>
  <node id="4249" lat="42.28650510909" lon="-85.61074631275">
    <tag k="local_x" v="14538.22"/>
    <tag k="local_y" v="82521.7603"/>
    <tag k="ele" v="0"/>
  </node>
  <node id="4251" lat="42.28656133081" lon="-85.61079657796">
    <tag k="local_x" v="14533.9739"/>
    <tag k="local_y" v="82527.9354"/>
    <tag k="ele" v="0"/>
  </node>
  <node id="4255" lat="42.28640155896" lon="-85.61071966209">
    <tag k="local_x" v="14540.6049"/>
    <tag k="local_y" v="82510.2982"/>
    <tag k="ele" v="0"/>
  </node>
  <node id="4258" lat="42.28652681503" lon="-85.61075350366">
    <tag k="local_x" v="14537.5878"/>
    <tag k="local_y" v="82524.1608"/>
    <tag k="ele" v="0"/>
  </node>
  <node id="4262" lat="42.28661600121" lon="-85.611057446">
    <tag k="local_x" v="14512.36698898558"/>
    <tag k="local_y" v="82533.65495738618"/>
    <tag k="ele" v="0"/>
  </node>
  <node id="4263" lat="42.28662510219" lon="-85.61084654517">
    <tag k="local_x" v="14529.7387"/>
    <tag k="local_y" v="82534.9492"/>
    <tag k="ele" v="0"/>
  </node>
  <node id="4265" lat="42.28657099527" lon="-85.61105392344">
    <tag k="local_x" v="14512.738941025742"/>
    <tag k="local_y" v="82528.66234476364"/>
    <tag k="ele" v="0"/>
  </node>
  <node id="4266" lat="42.28658009547" lon="-85.6108430234">
    <tag k="local_x" v="14530.1106"/>
    <tag k="local_y" v="82529.9565"/>
    <tag k="ele" v="0"/>
  </node>
  <node id="4269" lat="42.2865797402" lon="-85.61082247142">
    <tag k="local_x" v="14531.8057"/>
    <tag k="local_y" v="82529.9447"/>
    <tag k="ele" v="0"/>
  </node>
  <node id="4270" lat="42.28657590553" lon="-85.61081236736">
    <tag k="local_x" v="14532.6457"/>
    <tag k="local_y" v="82529.5325"/>
    <tag k="ele" v="0"/>
  </node>
  <node id="4271" lat="42.28657009177" lon="-85.61080252148">
    <tag k="local_x" v="14533.468"/>
    <tag k="local_y" v="82528.9002"/>
    <tag k="ele" v="0"/>
  </node>
  <node id="4272" lat="42.28660273659" lon="-85.61082341063">
    <tag k="local_x" v="14531.6866"/>
    <tag k="local_y" v="82532.4969"/>
    <tag k="ele" v="0"/>
  </node>
  <node id="4274" lat="42.28659880418" lon="-85.61080144781">
    <tag k="local_x" v="14533.5045"/>
    <tag k="local_y" v="82532.0898"/>
    <tag k="ele" v="0"/>
  </node>
  <node id="4276" lat="42.28659342665" lon="-85.61078486562">
    <tag k="local_x" v="14534.8814"/>
    <tag k="local_y" v="82531.515"/>
    <tag k="ele" v="0"/>
  </node>
  <node id="4277" lat="42.28658680264" lon="-85.61077496962">
    <tag k="local_x" v="14535.7093"/>
    <tag k="local_y" v="82530.7928"/>
    <tag k="ele" v="0"/>
  </node>
  <node id="4278" lat="42.28657821363" lon="-85.61076798045">
    <tag k="local_x" v="14536.3011"/>
    <tag k="local_y" v="82529.8485"/>
    <tag k="ele" v="0"/>
  </node>
  <node id="4279" lat="42.28662569875" lon="-85.61082323353">
    <tag k="local_x" v="14531.6596"/>
    <tag k="local_y" v="82535.0468"/>
    <tag k="ele" v="0"/>
  </node>
  <node id="4281" lat="42.28662492777" lon="-85.6108010763">
    <tag k="local_x" v="14533.4878"/>
    <tag k="local_y" v="82534.991"/>
    <tag k="ele" v="0"/>
  </node>
  <node id="4282" lat="42.28662114829" lon="-85.61078006708">
    <tag k="local_x" v="14535.2268"/>
    <tag k="local_y" v="82534.5996"/>
    <tag k="ele" v="0"/>
  </node>
  <node id="4283" lat="42.28661283152" lon="-85.61076105698">
    <tag k="local_x" v="14536.8092"/>
    <tag k="local_y" v="82533.7017"/>
    <tag k="ele" v="0"/>
  </node>
  <node id="4284" lat="42.28660375731" lon="-85.61074776777">
    <tag k="local_x" v="14537.9213"/>
    <tag k="local_y" v="82532.712"/>
    <tag k="ele" v="0"/>
  </node>
  <node id="4288" lat="42.28666746073" lon="-85.61082512852">
    <tag k="local_x" v="14531.4277"/>
    <tag k="local_y" v="82539.6814"/>
    <tag k="ele" v="0"/>
  </node>
  <node id="4291" lat="42.2866429909" lon="-85.61082500157">
    <tag k="local_x" v="14531.4825"/>
    <tag k="local_y" v="82536.9645"/>
    <tag k="ele" v="0"/>
  </node>
  <node id="4294" lat="42.28663259029" lon="-85.61083335775">
    <tag k="local_x" v="14530.8124"/>
    <tag k="local_y" v="82535.7984"/>
    <tag k="ele" v="0"/>
  </node>
  <node id="4295" lat="42.28660614815" lon="-85.61082802715">
    <tag k="local_x" v="14531.2998"/>
    <tag k="local_y" v="82532.8695"/>
    <tag k="ele" v="0"/>
  </node>
  <node id="4297" lat="42.28661233736" lon="-85.61081288883">
    <tag k="local_x" v="14532.5367"/>
    <tag k="local_y" v="82533.5771"/>
    <tag k="ele" v="0"/>
  </node>
  <node id="4298" lat="42.28662189583" lon="-85.6108014037">
    <tag k="local_x" v="14533.4663"/>
    <tag k="local_y" v="82534.6539"/>
    <tag k="ele" v="0"/>
  </node>
  <node id="4299" lat="42.2866339104" lon="-85.61079521103">
    <tag k="local_x" v="14533.9551"/>
    <tag k="local_y" v="82535.9963"/>
    <tag k="ele" v="0"/>
  </node>
  <node id="4300" lat="42.28664667244" lon="-85.6107928068">
    <tag k="local_x" v="14534.1302"/>
    <tag k="local_y" v="82537.4166"/>
    <tag k="ele" v="0"/>
  </node>
  <node id="4303" lat="42.28667481517" lon="-85.61075824299">
    <tag k="local_x" v="14536.9289"/>
    <tag k="local_y" v="82540.588"/>
    <tag k="ele" v="0"/>
  </node>
  <node id="4305" lat="42.28667775173" lon="-85.61072447325">
    <tag k="local_x" v="14539.7078"/>
    <tag k="local_y" v="82540.9595"/>
    <tag k="ele" v="0"/>
  </node>
  <node id="4307" lat="42.28660555528" lon="-85.61081848983">
    <tag k="local_x" v="14532.0872"/>
    <tag k="local_y" v="82532.8165"/>
    <tag k="ele" v="0"/>
  </node>
  <node id="4309" lat="42.28661163388" lon="-85.61079786437">
    <tag k="local_x" v="14533.7767"/>
    <tag k="local_y" v="82533.5192"/>
    <tag k="ele" v="0"/>
  </node>
  <node id="4310" lat="42.28661848094" lon="-85.61078447029">
    <tag k="local_x" v="14534.8686"/>
    <tag k="local_y" v="82534.2975"/>
    <tag k="ele" v="0"/>
  </node>
  <node id="4311" lat="42.28662909965" lon="-85.61077449132">
    <tag k="local_x" v="14535.6721"/>
    <tag k="local_y" v="82535.49"/>
    <tag k="ele" v="0"/>
  </node>
  <node id="4313" lat="42.28663815645" lon="-85.61076857833">
    <tag k="local_x" v="14536.1432"/>
    <tag k="local_y" v="82536.5036"/>
    <tag k="ele" v="0"/>
  </node>
  <node id="4314" lat="42.28664917909" lon="-85.61076354395">
    <tag k="local_x" v="14536.5383"/>
    <tag k="local_y" v="82537.7343"/>
    <tag k="ele" v="0"/>
  </node>
  <node id="4315" lat="42.28666058079" lon="-85.61076043458">
    <tag k="local_x" v="14536.774"/>
    <tag k="local_y" v="82539.0045"/>
    <tag k="ele" v="0"/>
  </node>
  <node id="4316" lat="42.28658155299" lon="-85.61081696142">
    <tag k="local_x" v="14532.2567"/>
    <tag k="local_y" v="82530.1534"/>
    <tag k="ele" v="0"/>
  </node>
  <node id="4318" lat="42.28658609728" lon="-85.6107986657">
    <tag k="local_x" v="14533.7569"/>
    <tag k="local_y" v="82530.6826"/>
    <tag k="ele" v="0"/>
  </node>
  <node id="4319" lat="42.28659172583" lon="-85.61078118305">
    <tag k="local_x" v="14535.1881"/>
    <tag k="local_y" v="82531.3311"/>
    <tag k="ele" v="0"/>
  </node>
  <node id="4322" lat="42.28659777306" lon="-85.61076659122">
    <tag k="local_x" v="14536.3802"/>
    <tag k="local_y" v="82532.0222"/>
    <tag k="ele" v="0"/>
  </node>
  <node id="4323" lat="42.28660455786" lon="-85.61075400508">
    <tag k="local_x" v="14537.4056"/>
    <tag k="local_y" v="82532.7925"/>
    <tag k="ele" v="0"/>
  </node>
  <node id="4324" lat="42.28661384859" lon="-85.6107443573">
    <tag k="local_x" v="14538.1842"/>
    <tag k="local_y" v="82533.8371"/>
    <tag k="ele" v="0"/>
  </node>
  <node id="4325" lat="42.28662624902" lon="-85.61073619126">
    <tag k="local_x" v="14538.835"/>
    <tag k="local_y" v="82535.225"/>
    <tag k="ele" v="0"/>
  </node>
  <node id="4326" lat="42.28663926864" lon="-85.61073126095">
    <tag k="local_x" v="14539.2179"/>
    <tag k="local_y" v="82536.6773"/>
    <tag k="ele" v="0"/>
  </node>
  <node id="4327" lat="42.28665197116" lon="-85.61072721454">
    <tag k="local_x" v="14539.5285"/>
    <tag k="local_y" v="82538.0932"/>
    <tag k="ele" v="0"/>
  </node>
  <node id="4328" lat="42.28665955189" lon="-85.61079273482">
    <tag k="local_x" v="14534.1128"/>
    <tag k="local_y" v="82538.8468"/>
    <tag k="ele" v="0"/>
  </node>
  <node id="4329" lat="42.286655213" lon="-85.61082322658">
    <tag k="local_x" v="14531.6067"/>
    <tag k="local_y" v="82538.324"/>
    <tag k="ele" v="0"/>
  </node>
  <node id="4333" lat="42.28658685164" lon="-85.61070074418">
    <tag k="local_x" v="14541.8289"/>
    <tag k="local_y" v="82530.8981"/>
    <tag k="ele" v="0"/>
  </node>
  <node id="4343" lat="42.28651169271" lon="-85.61071533872">
    <tag k="local_x" v="14540.7618"/>
    <tag k="local_y" v="82522.533"/>
    <tag k="ele" v="0"/>
  </node>
  <node id="4344" lat="42.28651651692" lon="-85.61068238752">
    <tag k="local_x" v="14543.4698"/>
    <tag k="local_y" v="82523.113"/>
    <tag k="ele" v="0"/>
  </node>
  <node id="4365" lat="42.27836879109" lon="-85.61426153041">
    <tag k="local_x" v="14263.1028"/>
    <tag k="local_y" v="81613.6009"/>
    <tag k="ele" v="0"/>
  </node>
  <node id="4366" lat="42.2783532975" lon="-85.61421587322">
    <tag k="local_x" v="14266.8956"/>
    <tag k="local_y" v="81611.9418"/>
    <tag k="ele" v="0"/>
  </node>
  <node id="4378" lat="42.27774248437" lon="-85.61775483006">
    <tag k="local_x" v="13976.1811"/>
    <tag k="local_y" v="81539.3757"/>
    <tag k="ele" v="0"/>
  </node>
  <node id="4381" lat="42.27770575757" lon="-85.61776323664">
    <tag k="local_x" v="13975.5541"/>
    <tag k="local_y" v="81535.2864"/>
    <tag k="ele" v="0"/>
  </node>
  <node id="4382" lat="42.27773743557" lon="-85.6177413785">
    <tag k="local_x" v="13977.2994"/>
    <tag k="local_y" v="81538.8331"/>
    <tag k="ele" v="0"/>
  </node>
  <node id="4388" lat="42.27775179615" lon="-85.61778004891">
    <tag k="local_x" v="13974.0848"/>
    <tag k="local_y" v="81540.3759"/>
    <tag k="ele" v="0"/>
  </node>
  <node id="4389" lat="42.27772898013" lon="-85.61782014676">
    <tag k="local_x" v="13970.8195"/>
    <tag k="local_y" v="81537.7888"/>
    <tag k="ele" v="0"/>
  </node>
  <node id="4395" lat="42.27779994545" lon="-85.61795351886">
    <tag k="local_x" v="13959.6939"/>
    <tag k="local_y" v="81545.4901"/>
    <tag k="ele" v="0"/>
  </node>
  <node id="4399" lat="42.27776771725" lon="-85.61789805092">
    <tag k="local_x" v="13964.3258"/>
    <tag k="local_y" v="81541.9858"/>
    <tag k="ele" v="0"/>
  </node>
  <node id="4414" lat="42.27770554521" lon="-85.61741253193">
    <tag k="local_x" v="14004.4732"/>
    <tag k="local_y" v="81535.7323"/>
    <tag k="ele" v="0"/>
  </node>
  <node id="4415" lat="42.27766442464" lon="-85.61741602742">
    <tag k="local_x" v="14004.2591"/>
    <tag k="local_y" v="81531.1617"/>
    <tag k="ele" v="0"/>
  </node>
  <node id="4421" lat="42.27770083299" lon="-85.61691119476">
    <tag k="local_x" v="14045.8214"/>
    <tag k="local_y" v="81535.8804"/>
    <tag k="ele" v="0"/>
  </node>
  <node id="4422" lat="42.27765952792" lon="-85.61691126503">
    <tag k="local_x" v="14045.8901"/>
    <tag k="local_y" v="81531.2939"/>
    <tag k="ele" v="0"/>
  </node>
  <node id="4428" lat="42.2778640542" lon="-85.61656117978">
    <tag k="local_x" v="14074.3888"/>
    <tag k="local_y" v="81554.4729"/>
    <tag k="ele" v="0"/>
  </node>
  <node id="4429" lat="42.27784756803" lon="-85.61651066043">
    <tag k="local_x" v="14078.5843"/>
    <tag k="local_y" v="81552.71"/>
    <tag k="ele" v="0"/>
  </node>
  <node id="4439" lat="42.27773701599" lon="-85.61671444258">
    <tag k="local_x" v="14061.9801"/>
    <tag k="local_y" v="81540.1616"/>
    <tag k="ele" v="0"/>
  </node>
  <node id="4447" lat="42.27880883237" lon="-85.61840510107">
    <tag k="local_x" v="13920.6394"/>
    <tag k="local_y" v="81656.91"/>
    <tag k="ele" v="0"/>
  </node>
  <node id="4448" lat="42.27877399945" lon="-85.61841776523">
    <tag k="local_x" v="13919.6579"/>
    <tag k="local_y" v="81653.0253"/>
    <tag k="ele" v="0"/>
  </node>
  <node id="4457" lat="42.28021758414" lon="-85.62011282575">
    <tag k="local_x" v="13777.2899"/>
    <tag k="local_y" v="81811.0508"/>
    <tag k="ele" v="0"/>
  </node>
  <node id="4458" lat="42.28021784688" lon="-85.62015104908">
    <tag k="local_x" v="13774.1377"/>
    <tag k="local_y" v="81811.0289"/>
    <tag k="ele" v="0"/>
  </node>
  <node id="4464" lat="42.27889094273" lon="-85.61911163463">
    <tag k="local_x" v="13862.2326"/>
    <tag k="local_y" v="81665.0823"/>
    <tag k="ele" v="0"/>
  </node>
  <node id="4465" lat="42.27892045841" lon="-85.61912565221">
    <tag k="local_x" v="13861.0236"/>
    <tag k="local_y" v="81668.3409"/>
    <tag k="ele" v="0"/>
  </node>
  <node id="4471" lat="42.27878870347" lon="-85.61963627727">
    <tag k="local_x" v="13819.156"/>
    <tag k="local_y" v="81653.0285"/>
    <tag k="ele" v="0"/>
  </node>
  <node id="4472" lat="42.27881996946" lon="-85.61963724531">
    <tag k="local_x" v="13819.0199"/>
    <tag k="local_y" v="81656.4989"/>
    <tag k="ele" v="0"/>
  </node>
  <node id="4478" lat="42.28113427262" lon="-85.62009982069">
    <tag k="local_x" v="13776.7127"/>
    <tag k="local_y" v="81912.8549"/>
    <tag k="ele" v="0"/>
  </node>
  <node id="4479" lat="42.28113402089" lon="-85.62006154199">
    <tag k="local_x" v="13779.8694"/>
    <tag k="local_y" v="81912.8781"/>
    <tag k="ele" v="0"/>
  </node>
  <node id="4485" lat="42.28112753154" lon="-85.62013970007">
    <tag k="local_x" v="13773.4366"/>
    <tag k="local_y" v="81912.0531"/>
    <tag k="ele" v="0"/>
  </node>
  <node id="4486" lat="42.28112726788" lon="-85.62009990443">
    <tag k="local_x" v="13776.7184"/>
    <tag k="local_y" v="81912.077"/>
    <tag k="ele" v="0"/>
  </node>
  <node id="4492" lat="42.28091593321" lon="-85.62014244404">
    <tag k="local_x" v="13773.5911"/>
    <tag k="local_y" v="81888.5541"/>
    <tag k="ele" v="0"/>
  </node>
  <node id="4493" lat="42.28091562979" lon="-85.62010278645">
    <tag k="local_x" v="13776.8616"/>
    <tag k="local_y" v="81888.5734"/>
    <tag k="ele" v="0"/>
  </node>
  <node id="4509" lat="42.27798093499" lon="-85.61631810909">
    <tag k="local_x" v="14094.2212"/>
    <tag k="local_y" v="81567.7767"/>
    <tag k="ele" v="0"/>
  </node>
  <node id="4510" lat="42.27801081281" lon="-85.61635934792">
    <tag k="local_x" v="14090.7668"/>
    <tag k="local_y" v="81571.039"/>
    <tag k="ele" v="0"/>
  </node>
  <node id="4516" lat="42.27785832064" lon="-85.6165647336">
    <tag k="local_x" v="14074.1061"/>
    <tag k="local_y" v="81553.8315"/>
    <tag k="ele" v="0"/>
  </node>
  <node id="4517" lat="42.27784186059" lon="-85.61651384016">
    <tag k="local_x" v="14078.3324"/>
    <tag k="local_y" v="81552.072"/>
    <tag k="ele" v="0"/>
  </node>
  <node id="4529" lat="42.2793614796" lon="-85.61605250622">
    <tag k="local_x" v="14113.631"/>
    <tag k="local_y" v="81721.4247"/>
    <tag k="ele" v="0"/>
  </node>
  <node id="4530" lat="42.27936079402" lon="-85.61611427241">
    <tag k="local_x" v="14108.5392"/>
    <tag k="local_y" v="81721.2658"/>
    <tag k="ele" v="0"/>
  </node>
  <node id="4536" lat="42.27930274729" lon="-85.61605132492">
    <tag k="local_x" v="14113.8344"/>
    <tag k="local_y" v="81714.9048"/>
    <tag k="ele" v="0"/>
  </node>
  <node id="4537" lat="42.27930206171" lon="-85.61611309104">
    <tag k="local_x" v="14108.7426"/>
    <tag k="local_y" v="81714.7459"/>
    <tag k="ele" v="0"/>
  </node>
  <node id="4545" lat="42.2777151217" lon="-85.61768193091">
    <tag k="local_x" v="13982.2416"/>
    <tag k="local_y" v="81536.435"/>
    <tag k="ele" v="0"/>
  </node>
  <node id="4546" lat="42.27775153509" lon="-85.61765664149">
    <tag k="local_x" v="13984.2613"/>
    <tag k="local_y" v="81540.5121"/>
    <tag k="ele" v="0"/>
  </node>
  <node id="4568" lat="42.28696099565" lon="-85.61086371196">
    <tag k="local_x" v="14527.7148"/>
    <tag k="local_y" v="82572.2229"/>
    <tag k="ele" v="0"/>
  </node>
  <node id="4569" lat="42.28696192982" lon="-85.61083578254">
    <tag k="local_x" v="14530.0158"/>
    <tag k="local_y" v="82572.3642"/>
    <tag k="ele" v="0"/>
  </node>
  <node id="4576" lat="42.28698954892" lon="-85.61084199576">
    <tag k="local_x" v="14529.4535"/>
    <tag k="local_y" v="82575.4226"/>
    <tag k="ele" v="0"/>
  </node>
  <node id="4587" lat="42.28717056261" lon="-85.61103997345">
    <tag k="local_x" v="14512.802969231998"/>
    <tag k="local_y" v="82595.25561041989"/>
    <tag k="ele" v="0"/>
  </node>
  <node id="4588" lat="42.28707899796" lon="-85.61093580104">
    <tag k="local_x" v="14521.557507700665"/>
    <tag k="local_y" v="82585.2286170402"/>
    <tag k="ele" v="0"/>
  </node>
  <node id="4589" lat="42.28698020704" lon="-85.6108700202">
    <tag k="local_x" v="14527.1599"/>
    <tag k="local_y" v="82574.3476"/>
    <tag k="ele" v="0"/>
  </node>
  <node id="4595" lat="42.28720130044" lon="-85.6109896158">
    <tag k="local_x" v="14516.8991"/>
    <tag k="local_y" v="82598.7364"/>
    <tag k="ele" v="0"/>
  </node>
  <node id="4598" lat="42.28742300892" lon="-85.61452814424">
    <tag k="local_x" v="14224.759174422727"/>
    <tag k="local_y" v="82618.60073126473"/>
    <tag k="ele" v="0"/>
  </node>
  <node id="4599" lat="42.28733537629" lon="-85.6144314247">
    <tag k="local_x" v="14232.891693826896"/>
    <tag k="local_y" v="82608.99998803447"/>
    <tag k="ele" v="0"/>
  </node>
  <node id="4600" lat="42.28732643233" lon="-85.61439703593">
    <tag k="local_x" v="14235.743084602123"/>
    <tag k="local_y" v="82608.05301580354"/>
    <tag k="ele" v="0"/>
  </node>
  <node id="4601" lat="42.28730754576" lon="-85.61429998551">
    <tag k="local_x" v="14243.77866921271"/>
    <tag k="local_y" v="82606.08612448517"/>
    <tag k="ele" v="0"/>
  </node>
  <node id="4602" lat="42.28730089016" lon="-85.61416086289">
    <tag k="local_x" v="14255.260852997097"/>
    <tag k="local_y" v="82605.53380054733"/>
    <tag k="ele" v="0"/>
  </node>
  <node id="4603" lat="42.28731147454" lon="-85.61401679419">
    <tag k="local_x" v="14267.119661920988"/>
    <tag k="local_y" v="82606.90242048452"/>
    <tag k="ele" v="0"/>
  </node>
  <node id="4604" lat="42.28733300535" lon="-85.6137301514">
    <tag k="local_x" v="14290.713388160268"/>
    <tag k="local_y" v="82609.67791361432"/>
    <tag k="ele" v="0"/>
  </node>
  <node id="4605" lat="42.28734348246" lon="-85.61351605803">
    <tag k="local_x" v="14308.345655892706"/>
    <tag k="local_y" v="82611.12869956085"/>
    <tag k="ele" v="0"/>
  </node>
  <node id="4606" lat="42.28734047473" lon="-85.61339273927">
    <tag k="local_x" v="14318.51827339055"/>
    <tag k="local_y" v="82610.96031135347"/>
    <tag k="ele" v="0"/>
  </node>
  <node id="4607" lat="42.28733717329" lon="-85.61329988043">
    <tag k="local_x" v="14326.18011378225"/>
    <tag k="local_y" v="82610.71842069783"/>
    <tag k="ele" v="0"/>
  </node>
  <node id="4608" lat="42.28732457911" lon="-85.61318031212">
    <tag k="local_x" v="14336.060861401116"/>
    <tag k="local_y" v="82609.48056522202"/>
    <tag k="ele" v="0"/>
  </node>
  <node id="4609" lat="42.28731348904" lon="-85.61306369655">
    <tag k="local_x" v="14345.695449328097"/>
    <tag k="local_y" v="82608.4057701353"/>
    <tag k="ele" v="0"/>
  </node>
  <node id="4610" lat="42.28730328103" lon="-85.61287595741">
    <tag k="local_x" v="14361.192325450165"/>
    <tag k="local_y" v="82607.52446625695"/>
    <tag k="ele" v="0"/>
  </node>
  <node id="4611" lat="42.28730356167" lon="-85.6126545447">
    <tag k="local_x" v="14379.446492023902"/>
    <tag k="local_y" v="82607.85307151257"/>
    <tag k="ele" v="0"/>
  </node>
  <node id="4612" lat="42.2873249351" lon="-85.61231063617">
    <tag k="local_x" v="14407.761821051306"/>
    <tag k="local_y" v="82610.68842209423"/>
    <tag k="ele" v="0"/>
  </node>
  <node id="4613" lat="42.28735515525" lon="-85.61166101641">
    <tag k="local_x" v="14461.26587827615"/>
    <tag k="local_y" v="82614.91717733536"/>
    <tag k="ele" v="0"/>
  </node>
  <node id="4614" lat="42.28736056779" lon="-85.61145801012">
    <tag k="local_x" v="14477.99319591784"/>
    <tag k="local_y" v="82615.79112542189"/>
    <tag k="ele" v="0"/>
  </node>
  <node id="4615" lat="42.28732255715" lon="-85.61124113575">
    <tag k="local_x" v="14495.942532670115"/>
    <tag k="local_y" v="82611.86216096379"/>
    <tag k="ele" v="0"/>
  </node>
  <node id="4616" lat="42.28726032779" lon="-85.61108669854">
    <tag k="local_x" v="14508.788042153858"/>
    <tag k="local_y" v="82605.16007211481"/>
    <tag k="ele" v="0"/>
  </node>
  <node id="4617" lat="42.28721287616" lon="-85.61100622451">
    <tag k="local_x" v="14515.5088"/>
    <tag k="local_y" v="82599.9994"/>
    <tag k="ele" v="0"/>
  </node>
  <node id="4619" lat="42.28739036285" lon="-85.61457695743">
    <tag k="local_x" v="14220.7937"/>
    <tag k="local_y" v="82614.9103"/>
    <tag k="ele" v="0"/>
  </node>
  <node id="4620" lat="42.28730049915" lon="-85.61447645179">
    <tag k="local_x" v="14229.2424"/>
    <tag k="local_y" v="82605.0669"/>
    <tag k="ele" v="0"/>
  </node>
  <node id="4621" lat="42.28728027381" lon="-85.61441625325">
    <tag k="local_x" v="14234.2421"/>
    <tag k="local_y" v="82602.9019"/>
    <tag k="ele" v="0"/>
  </node>
  <node id="4622" lat="42.28725973625" lon="-85.6143093549">
    <tag k="local_x" v="14243.0926"/>
    <tag k="local_y" v="82600.7649"/>
    <tag k="ele" v="0"/>
  </node>
  <node id="4623" lat="42.28725258456" lon="-85.61415971866">
    <tag k="local_x" v="14255.4425"/>
    <tag k="local_y" v="82600.1716"/>
    <tag k="ele" v="0"/>
  </node>
  <node id="4624" lat="42.28726340139" lon="-85.61401030828">
    <tag k="local_x" v="14267.7413"/>
    <tag k="local_y" v="82601.5732"/>
    <tag k="ele" v="0"/>
  </node>
  <node id="4625" lat="42.28728487017" lon="-85.61372456494">
    <tag k="local_x" v="14291.261"/>
    <tag k="local_y" v="82604.3406"/>
    <tag k="ele" v="0"/>
  </node>
  <node id="4626" lat="42.28729519061" lon="-85.61351411351">
    <tag k="local_x" v="14308.5933"/>
    <tag k="local_y" v="82605.7691"/>
    <tag k="ele" v="0"/>
  </node>
  <node id="4627" lat="42.28729219852" lon="-85.61339529945">
    <tag k="local_x" v="14318.3945"/>
    <tag k="local_y" v="82605.5964"/>
    <tag k="ele" v="0"/>
  </node>
  <node id="4628" lat="42.2872891045" lon="-85.61330641739">
    <tag k="local_x" v="14325.7281"/>
    <tag k="local_y" v="82605.3722"/>
    <tag k="ele" v="0"/>
  </node>
  <node id="4629" lat="42.28727670008" lon="-85.61318901912">
    <tag k="local_x" v="14335.4296"/>
    <tag k="local_y" v="82604.1525"/>
    <tag k="ele" v="0"/>
  </node>
  <node id="4630" lat="42.28726538839" lon="-85.61306979453">
    <tag k="local_x" v="14345.2797"/>
    <tag k="local_y" v="82603.0566"/>
    <tag k="ele" v="0"/>
  </node>
  <node id="4631" lat="42.28725499355" lon="-85.61287807372">
    <tag k="local_x" v="14361.1052"/>
    <tag k="local_y" v="82602.1599"/>
    <tag k="ele" v="0"/>
  </node>
  <node id="4632" lat="42.2872553117" lon="-85.6126512043">
    <tag k="local_x" v="14379.8092"/>
    <tag k="local_y" v="82602.5"/>
    <tag k="ele" v="0"/>
  </node>
  <node id="4633" lat="42.2872767395" lon="-85.61230609683">
    <tag k="local_x" v="14408.2233"/>
    <tag k="local_y" v="82605.343"/>
    <tag k="ele" v="0"/>
  </node>
  <node id="4634" lat="42.28730691992" lon="-85.61165732938">
    <tag k="local_x" v="14461.6572"/>
    <tag k="local_y" v="82609.5662"/>
    <tag k="ele" v="0"/>
  </node>
  <node id="4635" lat="42.28731250981" lon="-85.61146469115">
    <tag k="local_x" v="14477.5294"/>
    <tag k="local_y" v="82610.4459"/>
    <tag k="ele" v="0"/>
  </node>
  <node id="4636" lat="42.28727715972" lon="-85.61126339819">
    <tag k="local_x" v="14494.1893"/>
    <tag k="local_y" v="82606.7914"/>
    <tag k="ele" v="0"/>
  </node>
  <node id="4637" lat="42.28721966119" lon="-85.6111218293">
    <tag k="local_x" v="14505.9653"/>
    <tag k="local_y" v="82600.5973"/>
    <tag k="ele" v="0"/>
  </node>
  <node id="4638" lat="42.28717928651" lon="-85.61105453884">
    <tag k="local_x" v="14511.5863"/>
    <tag k="local_y" v="82596.2047"/>
    <tag k="ele" v="0"/>
  </node>
  <node id="4643" lat="42.28774488905" lon="-85.61472652871">
    <tag k="local_x" v="14207.821584020945"/>
    <tag k="local_y" v="82654.07536804477"/>
    <tag k="ele" v="0"/>
  </node>
  <node id="4644" lat="42.28768974814" lon="-85.61471276504">
    <tag k="local_x" v="14209.055965507356"/>
    <tag k="local_y" v="82647.97112011266"/>
    <tag k="ele" v="0"/>
  </node>
  <node id="4645" lat="42.28761932941" lon="-85.6146889139">
    <tag k="local_x" v="14211.149622595525"/>
    <tag k="local_y" v="82640.18399140143"/>
    <tag k="ele" v="0"/>
  </node>
  <node id="4646" lat="42.28755698204" lon="-85.61466025552">
    <tag k="local_x" v="14213.625038952361"/>
    <tag k="local_y" v="82633.29953806942"/>
    <tag k="ele" v="0"/>
  </node>
  <node id="4647" lat="42.28752121503" lon="-85.6146423545">
    <tag k="local_x" v="14215.165531365166"/>
    <tag k="local_y" v="82629.35207087852"/>
    <tag k="ele" v="0"/>
  </node>
  <node id="4648" lat="42.28743621716" lon="-85.61454308256">
    <tag k="local_x" v="14223.5037"/>
    <tag k="local_y" v="82620.0473"/>
    <tag k="ele" v="0"/>
  </node>
  <node id="4650" lat="42.28771777941" lon="-85.61479278511">
    <tag k="local_x" v="14202.408"/>
    <tag k="local_y" v="82650.9763"/>
    <tag k="ele" v="0"/>
  </node>
  <node id="4651" lat="42.28767903785" lon="-85.6147775209">
    <tag k="local_x" v="14203.736462005338"/>
    <tag k="local_y" v="82646.69500723483"/>
    <tag k="ele" v="0"/>
  </node>
  <node id="4652" lat="42.28760545194" lon="-85.6147525697">
    <tag k="local_x" v="14205.926531288513"/>
    <tag k="local_y" v="82638.55767692273"/>
    <tag k="ele" v="0"/>
  </node>
  <node id="4653" lat="42.28754019533" lon="-85.61472262731">
    <tag k="local_x" v="14208.51306057186"/>
    <tag k="local_y" v="82631.35190909493"/>
    <tag k="ele" v="0"/>
  </node>
  <node id="4654" lat="42.28749214728" lon="-85.61469591557">
    <tag k="local_x" v="14210.802149374467"/>
    <tag k="local_y" v="82626.05260437797"/>
    <tag k="ele" v="0"/>
  </node>
  <node id="4655" lat="42.28740201792" lon="-85.61459018836">
    <tag k="local_x" v="14219.6818"/>
    <tag k="local_y" v="82616.1867"/>
    <tag k="ele" v="0"/>
  </node>
  <node id="4659" lat="42.28261927547" lon="-85.61947494598">
    <tag k="local_x" v="13825.5629"/>
    <tag k="local_y" v="82078.581"/>
    <tag k="ele" v="0"/>
  </node>
  <node id="4660" lat="42.2826406541" lon="-85.61943644513">
    <tag k="local_x" v="13828.6989"/>
    <tag k="local_y" v="82081.0063"/>
    <tag k="ele" v="0"/>
  </node>
  <node id="4681" lat="42.28356922979" lon="-85.6201802205">
    <tag k="local_x" v="13765.7019"/>
    <tag k="local_y" v="82183.1189"/>
    <tag k="ele" v="0"/>
  </node>
  <node id="4688" lat="42.28354485389" lon="-85.62020765808">
    <tag k="local_x" v="13763.4835"/>
    <tag k="local_y" v="82180.3756"/>
    <tag k="ele" v="0"/>
  </node>
  <node id="4689" lat="42.2843430868" lon="-85.62146411502">
    <tag k="local_x" v="13658.452"/>
    <tag k="local_y" v="82267.3313"/>
    <tag k="ele" v="0"/>
  </node>
  <node id="4692" lat="42.28359765217" lon="-85.62014747096">
    <tag k="local_x" v="13768.350993214992"/>
    <tag k="local_y" v="82186.31860869285"/>
    <tag k="ele" v="0"/>
  </node>
  <node id="4693" lat="42.28439340845" lon="-85.62139968617">
    <tag k="local_x" v="13663.6737"/>
    <tag k="local_y" v="82273.0049"/>
    <tag k="ele" v="0"/>
  </node>
  <node id="4696" lat="42.28361995524" lon="-85.62012276371">
    <tag k="local_x" v="13770.348"/>
    <tag k="local_y" v="82188.8281"/>
    <tag k="ele" v="0"/>
  </node>
  <node id="4697" lat="42.28441176148" lon="-85.62137509801">
    <tag k="local_x" v="13665.668"/>
    <tag k="local_y" v="82275.0756"/>
    <tag k="ele" v="0"/>
  </node>
  <node id="4713" lat="42.28429725446" lon="-85.62041869693">
    <tag k="local_x" v="13744.7294"/>
    <tag k="local_y" v="82263.6383"/>
    <tag k="ele" v="0"/>
  </node>
  <node id="4733" lat="42.28409229212" lon="-85.62087881595">
    <tag k="local_x" v="13707.1611"/>
    <tag k="local_y" v="82240.2652"/>
    <tag k="ele" v="0"/>
  </node>
  <node id="4734" lat="42.28421259694" lon="-85.62072333728">
    <tag k="local_x" v="13719.764"/>
    <tag k="local_y" v="82253.8312"/>
    <tag k="ele" v="0"/>
  </node>
  <node id="4735" lat="42.28422544559" lon="-85.62070108739">
    <tag k="local_x" v="13721.5754"/>
    <tag k="local_y" v="82255.2876"/>
    <tag k="ele" v="0"/>
  </node>
  <node id="4736" lat="42.28423612211" lon="-85.62067997038">
    <tag k="local_x" v="13723.2973"/>
    <tag k="local_y" v="82256.5013"/>
    <tag k="ele" v="0"/>
  </node>
  <node id="4737" lat="42.28424894067" lon="-85.62063597955">
    <tag k="local_x" v="13726.9013"/>
    <tag k="local_y" v="82257.9834"/>
    <tag k="ele" v="0"/>
  </node>
  <node id="4738" lat="42.28426033729" lon="-85.62058488695">
    <tag k="local_x" v="13731.0934"/>
    <tag k="local_y" v="82259.3171"/>
    <tag k="ele" v="0"/>
  </node>
  <node id="4739" lat="42.2842640206" lon="-85.6205297795">
    <tag k="local_x" v="13735.6304"/>
    <tag k="local_y" v="82259.7997"/>
    <tag k="ele" v="0"/>
  </node>
  <node id="4740" lat="42.28426495343" lon="-85.62041553399">
    <tag k="local_x" v="13745.0483"/>
    <tag k="local_y" v="82260.0559"/>
    <tag k="ele" v="0"/>
  </node>
  <node id="4742" lat="42.28413743814" lon="-85.62094201391">
    <tag k="local_x" v="13701.8692"/>
    <tag k="local_y" v="82245.1937"/>
    <tag k="ele" v="0"/>
  </node>
  <node id="4743" lat="42.28425853206" lon="-85.62078549439">
    <tag k="local_x" v="13714.5565"/>
    <tag k="local_y" v="82258.8487"/>
    <tag k="ele" v="0"/>
  </node>
  <node id="4744" lat="42.28427766962" lon="-85.62075336445">
    <tag k="local_x" v="13717.1712"/>
    <tag k="local_y" v="82261.0166"/>
    <tag k="ele" v="0"/>
  </node>
  <node id="4745" lat="42.28429378113" lon="-85.62072010829">
    <tag k="local_x" v="13719.8842"/>
    <tag k="local_y" v="82262.85"/>
    <tag k="ele" v="0"/>
  </node>
  <node id="4746" lat="42.28430955527" lon="-85.62066651871">
    <tag k="local_x" v="13724.2743"/>
    <tag k="local_y" v="82264.6731"/>
    <tag k="ele" v="0"/>
  </node>
  <node id="4747" lat="42.28432315433" lon="-85.62060423553">
    <tag k="local_x" v="13729.3851"/>
    <tag k="local_y" v="82266.2663"/>
    <tag k="ele" v="0"/>
  </node>
  <node id="4748" lat="42.28432787024" lon="-85.62053696848">
    <tag k="local_x" v="13734.9228"/>
    <tag k="local_y" v="82266.8798"/>
    <tag k="ele" v="0"/>
  </node>
  <node id="4749" lat="42.28432884553" lon="-85.62042041266">
    <tag k="local_x" v="13744.5311"/>
    <tag k="local_y" v="82267.1438"/>
    <tag k="ele" v="0"/>
  </node>
  <node id="4751" lat="42.28415813319" lon="-85.62097144443">
    <tag k="local_x" v="13699.40542079506"/>
    <tag k="local_y" v="82247.45232372676"/>
    <tag k="ele" v="0"/>
  </node>
  <node id="4752" lat="42.28427967878" lon="-85.62081433052">
    <tag k="local_x" v="13712.140915918775"/>
    <tag k="local_y" v="82261.15826533605"/>
    <tag k="ele" v="0"/>
  </node>
  <node id="4753" lat="42.28430205346" lon="-85.62077709538">
    <tag k="local_x" v="13715.17071920692"/>
    <tag k="local_y" v="82263.69242480738"/>
    <tag k="ele" v="0"/>
  </node>
  <node id="4754" lat="42.28432091899" lon="-85.62073770344">
    <tag k="local_x" v="13718.384660234884"/>
    <tag k="local_y" v="82265.83981834589"/>
    <tag k="ele" v="0"/>
  </node>
  <node id="4755" lat="42.28433827144" lon="-85.62067900152">
    <tag k="local_x" v="13723.19343376806"/>
    <tag k="local_y" v="82267.84499861968"/>
    <tag k="ele" v="0"/>
  </node>
  <node id="4756" lat="42.28435300659" lon="-85.62061093185">
    <tag k="local_x" v="13728.779285269844"/>
    <tag k="local_y" v="82269.57207501744"/>
    <tag k="ele" v="0"/>
  </node>
  <node id="4757" lat="42.28435825267" lon="-85.62053748127">
    <tag k="local_x" v="13734.82586239849"/>
    <tag k="local_y" v="82270.25270274906"/>
    <tag k="ele" v="0"/>
  </node>
  <node id="4758" lat="42.2843592537" lon="-85.62041963237">
    <tag k="local_x" v="13744.540725695404"/>
    <tag k="local_y" v="82270.5212893681"/>
    <tag k="ele" v="0"/>
  </node>
  <node id="4762" lat="42.28452955456" lon="-85.62151476231">
    <tag k="local_x" v="13653.9409"/>
    <tag k="local_y" v="82287.9686"/>
    <tag k="ele" v="0"/>
  </node>
  <node id="4763" lat="42.28464422877" lon="-85.62160086493">
    <tag k="local_x" v="13646.6356"/>
    <tag k="local_y" v="82300.5868"/>
    <tag k="ele" v="0"/>
  </node>
  <node id="4764" lat="42.28479313316" lon="-85.62168295293">
    <tag k="local_x" v="13639.5998"/>
    <tag k="local_y" v="82317.0112"/>
    <tag k="ele" v="0"/>
  </node>
  <node id="4765" lat="42.28493585881" lon="-85.62173861912">
    <tag k="local_x" v="13634.7536"/>
    <tag k="local_y" v="82332.7848"/>
    <tag k="ele" v="0"/>
  </node>
  <node id="4766" lat="42.28525611712" lon="-85.62177067099">
    <tag k="local_x" v="13631.5353"/>
    <tag k="local_y" v="82368.3027"/>
    <tag k="ele" v="0"/>
  </node>
  <node id="4767" lat="42.28565021345" lon="-85.62174097894">
    <tag k="local_x" v="13633.275"/>
    <tag k="local_y" v="82412.1018"/>
    <tag k="ele" v="0"/>
  </node>
  <node id="4768" lat="42.28581282804" lon="-85.62171057323">
    <tag k="local_x" v="13635.4896"/>
    <tag k="local_y" v="82430.1987"/>
    <tag k="ele" v="0"/>
  </node>
  <node id="4769" lat="42.28600153166" lon="-85.62164470264">
    <tag k="local_x" v="13640.5813"/>
    <tag k="local_y" v="82451.2398"/>
    <tag k="ele" v="0"/>
  </node>
  <node id="4770" lat="42.28618326788" lon="-85.621560675">
    <tag k="local_x" v="13647.1825"/>
    <tag k="local_y" v="82471.5315"/>
    <tag k="ele" v="0"/>
  </node>
  <node id="4771" lat="42.28635194939" lon="-85.62145293448">
    <tag k="local_x" v="13655.7622"/>
    <tag k="local_y" v="82490.4053"/>
    <tag k="ele" v="0"/>
  </node>
  <node id="4772" lat="42.28644568511" lon="-85.62138190954">
    <tag k="local_x" v="13661.4495"/>
    <tag k="local_y" v="82500.9083"/>
    <tag k="ele" v="0"/>
  </node>
  <node id="4773" lat="42.28654745865" lon="-85.62128984122">
    <tag k="local_x" v="13668.8573"/>
    <tag k="local_y" v="82512.3319"/>
    <tag k="ele" v="0"/>
  </node>
  <node id="4775" lat="42.28448431001" lon="-85.62157286464">
    <tag k="local_x" v="13649.2317"/>
    <tag k="local_y" v="82282.8672"/>
    <tag k="ele" v="0"/>
  </node>
  <node id="4778" lat="42.28450247362" lon="-85.62153534159">
    <tag k="local_x" v="13652.292823420588"/>
    <tag k="local_y" v="82284.93412913017"/>
    <tag k="ele" v="0"/>
  </node>
  <node id="4779" lat="42.28452300811" lon="-85.62155685649">
    <tag k="local_x" v="13650.48200504499"/>
    <tag k="local_y" v="82287.18550783896"/>
    <tag k="ele" v="0"/>
  </node>
  <node id="4780" lat="42.28464209213" lon="-85.62164629905">
    <tag k="local_x" v="13642.89340625865"/>
    <tag k="local_y" v="82300.28890846392"/>
    <tag k="ele" v="0"/>
  </node>
  <node id="4781" lat="42.28479432652" lon="-85.62173022318">
    <tag k="local_x" v="13635.700241011195"/>
    <tag k="local_y" v="82317.08061577633"/>
    <tag k="ele" v="0"/>
  </node>
  <node id="4782" lat="42.28494328325" lon="-85.62178792327">
    <tag k="local_x" v="13630.675155595183"/>
    <tag k="local_y" v="82333.54338685858"/>
    <tag k="ele" v="0"/>
  </node>
  <node id="4783" lat="42.28526811424" lon="-85.621820421">
    <tag k="local_x" v="13627.411896941485"/>
    <tag k="local_y" v="82369.56843241752"/>
    <tag k="ele" v="0"/>
  </node>
  <node id="4784" lat="42.28566498194" lon="-85.62179058439">
    <tag k="local_x" v="13629.158559078398"/>
    <tag k="local_y" v="82413.67545015602"/>
    <tag k="ele" v="0"/>
  </node>
  <node id="4785" lat="42.28583153268" lon="-85.62175943045">
    <tag k="local_x" v="13631.427784759322"/>
    <tag k="local_y" v="82432.21040815317"/>
    <tag k="ele" v="0"/>
  </node>
  <node id="4786" lat="42.28602319186" lon="-85.6216925599">
    <tag k="local_x" v="13636.596627084"/>
    <tag k="local_y" v="82453.58101767734"/>
    <tag k="ele" v="0"/>
  </node>
  <node id="4787" lat="42.28620786759" lon="-85.62160713763">
    <tag k="local_x" v="13643.307536046765"/>
    <tag k="local_y" v="82474.20097046936"/>
    <tag k="ele" v="0"/>
  </node>
  <node id="4788" lat="42.28637904589" lon="-85.62149786677">
    <tag k="local_x" v="13652.008926295666"/>
    <tag k="local_y" v="82493.35404538814"/>
    <tag k="ele" v="0"/>
  </node>
  <node id="4789" lat="42.2864752526" lon="-85.62142497608">
    <tag k="local_x" v="13657.845612606905"/>
    <tag k="local_y" v="82504.13390561534"/>
    <tag k="ele" v="0"/>
  </node>
  <node id="4790" lat="42.28657494656" lon="-85.62133005447">
    <tag k="local_x" v="13665.4924"/>
    <tag k="local_y" v="82515.3304"/>
    <tag k="ele" v="0"/>
  </node>
  <node id="4791" lat="42.28440313934" lon="-85.62141338905">
    <tag k="local_x" v="13662.5264"/>
    <tag k="local_y" v="82274.0671"/>
    <tag k="ele" v="0"/>
  </node>
  <node id="4792" lat="42.28446112412" lon="-85.62149317197">
    <tag k="local_x" v="13655.844045220198"/>
    <tag k="local_y" v="82280.39907759697"/>
    <tag k="ele" v="0"/>
  </node>
  <node id="4796" lat="42.28659601476" lon="-85.62130980174">
    <tag k="local_x" v="13667.1243"/>
    <tag k="local_y" v="82517.6968"/>
    <tag k="ele" v="0"/>
  </node>
  <node id="4797" lat="42.28674405073" lon="-85.62114533402">
    <tag k="local_x" v="13680.418001336342"/>
    <tag k="local_y" v="82534.35394243202"/>
    <tag k="ele" v="0"/>
  </node>
  <node id="4798" lat="42.28698416213" lon="-85.62084376732">
    <tag k="local_x" v="13704.849405340483"/>
    <tag k="local_y" v="82561.41803553877"/>
    <tag k="ele" v="0"/>
  </node>
  <node id="4799" lat="42.28736273918" lon="-85.62029036063">
    <tag k="local_x" v="13749.794772452276"/>
    <tag k="local_y" v="82604.19355464465"/>
    <tag k="ele" v="0"/>
  </node>
  <node id="4800" lat="42.28748260063" lon="-85.6201326854">
    <tag k="local_x" v="13762.57879873729"/>
    <tag k="local_y" v="82617.71335712388"/>
    <tag k="ele" v="0"/>
  </node>
  <node id="4801" lat="42.2875579321" lon="-85.62006554466">
    <tag k="local_x" v="13767.978715028668"/>
    <tag k="local_y" v="82626.16769773571"/>
    <tag k="ele" v="0"/>
  </node>
  <node id="4802" lat="42.28763918985" lon="-85.62000763242">
    <tag k="local_x" v="13772.607099175424"/>
    <tag k="local_y" v="82635.26774896409"/>
    <tag k="ele" v="0"/>
  </node>
  <node id="4803" lat="42.28794061016" lon="-85.61984339159">
    <tag k="local_x" v="13785.605516311462"/>
    <tag k="local_y" v="82668.9562218234"/>
    <tag k="ele" v="0"/>
  </node>
  <node id="4804" lat="42.28798558867" lon="-85.61981403444">
    <tag k="local_x" v="13787.944917194789"/>
    <tag k="local_y" v="82673.98976320568"/>
    <tag k="ele" v="0"/>
  </node>
  <node id="4805" lat="42.28803689918" lon="-85.61977023386">
    <tag k="local_x" v="13791.463710052234"/>
    <tag k="local_y" v="82679.74569949541"/>
    <tag k="ele" v="0"/>
  </node>
  <node id="4806" lat="42.28809937734" lon="-85.61970194481">
    <tag k="local_x" v="13796.981352054678"/>
    <tag k="local_y" v="82686.77439938404"/>
    <tag k="ele" v="0"/>
  </node>
  <node id="4807" lat="42.28811753665" lon="-85.61967566509">
    <tag k="local_x" v="13799.115300373229"/>
    <tag k="local_y" v="82688.82589205726"/>
    <tag k="ele" v="0"/>
  </node>
  <node id="4822" lat="42.2865773335" lon="-85.62126117662">
    <tag k="local_x" v="13671.1669"/>
    <tag k="local_y" v="82515.6874"/>
    <tag k="ele" v="0"/>
  </node>
  <node id="4823" lat="42.28672108046" lon="-85.62111064754">
    <tag k="local_x" v="13683.31910849223"/>
    <tag k="local_y" v="82531.84969710148"/>
    <tag k="ele" v="0"/>
  </node>
  <node id="4824" lat="42.28695944751" lon="-85.62081132833">
    <tag k="local_x" v="13707.568350728981"/>
    <tag k="local_y" v="82558.71710914587"/>
    <tag k="ele" v="0"/>
  </node>
  <node id="4825" lat="42.28733764455" lon="-85.62025845501">
    <tag k="local_x" v="13752.470429066614"/>
    <tag k="local_y" v="82601.44973812607"/>
    <tag k="ele" v="0"/>
  </node>
  <node id="4826" lat="42.28746017108" lon="-85.62009736253">
    <tag k="local_x" v="13765.531398525483"/>
    <tag k="local_y" v="82615.27003522609"/>
    <tag k="ele" v="0"/>
  </node>
  <node id="4827" lat="42.28754033036" lon="-85.62002556643">
    <tag k="local_x" v="13771.306439864253"/>
    <tag k="local_y" v="82624.266667798"/>
    <tag k="ele" v="0"/>
  </node>
  <node id="4828" lat="42.28762552951" lon="-85.61996495036">
    <tag k="local_x" v="13776.150647858536"/>
    <tag k="local_y" v="82633.80797838763"/>
    <tag k="ele" v="0"/>
  </node>
  <node id="4829" lat="42.28792738285" lon="-85.61980046263">
    <tag k="local_x" v="13789.168626845336"/>
    <tag k="local_y" v="82667.54487114804"/>
    <tag k="ele" v="0"/>
  </node>
  <node id="4830" lat="42.28796863234" lon="-85.61977355313">
    <tag k="local_x" v="13791.312941115115"/>
    <tag k="local_y" v="82672.16107999704"/>
    <tag k="ele" v="0"/>
  </node>
  <node id="4831" lat="42.2880165258" lon="-85.61973271898">
    <tag k="local_x" v="13794.593315005757"/>
    <tag k="local_y" v="82677.53363253432"/>
    <tag k="ele" v="0"/>
  </node>
  <node id="4832" lat="42.28807671441" lon="-85.61966689284">
    <tag k="local_x" v="13799.912022272609"/>
    <tag k="local_y" v="82684.30481652875"/>
    <tag k="ele" v="0"/>
  </node>
  <node id="4833" lat="42.2880952423" lon="-85.61964640128">
    <tag k="local_x" v="13801.5681"/>
    <tag k="local_y" v="82686.3895"/>
    <tag k="ele" v="0"/>
  </node>
  <node id="4836" lat="42.28813686315" lon="-85.6196471813">
    <tag k="local_x" v="13801.42886094602"/>
    <tag k="local_y" v="82691.00993474018"/>
    <tag k="ele" v="0"/>
  </node>
  <node id="4837" lat="42.28822569309" lon="-85.61946879246">
    <tag k="local_x" v="13815.97623392578"/>
    <tag k="local_y" v="82701.11186654906"/>
    <tag k="ele" v="0"/>
  </node>
  <node id="4838" lat="42.2882522344" lon="-85.6193730077">
    <tag k="local_x" v="13823.82543057623"/>
    <tag k="local_y" v="82704.18700758836"/>
    <tag k="ele" v="0"/>
  </node>
  <node id="4839" lat="42.28826814644" lon="-85.61926302662">
    <tag k="local_x" v="13832.864178180258"/>
    <tag k="local_y" v="82706.10089109815"/>
    <tag k="ele" v="0"/>
  </node>
  <node id="4840" lat="42.2882768092" lon="-85.61912954707">
    <tag k="local_x" v="13843.853311000224"/>
    <tag k="local_y" v="82707.24126713767"/>
    <tag k="ele" v="0"/>
  </node>
  <node id="4841" lat="42.28827489718" lon="-85.61893226031">
    <tag k="local_x" v="13860.12207769274"/>
    <tag k="local_y" v="82707.29279716071"/>
    <tag k="ele" v="0"/>
  </node>
  <node id="4842" lat="42.28827399805" lon="-85.61883787767">
    <tag k="local_x" v="13867.90508284462"/>
    <tag k="local_y" v="82707.31919266324"/>
    <tag k="ele" v="0"/>
  </node>
  <node id="4843" lat="42.28827269745" lon="-85.61870718247">
    <tag k="local_x" v="13878.682602807883"/>
    <tag k="local_y" v="82707.34959151736"/>
    <tag k="ele" v="0"/>
  </node>
  <node id="4844" lat="42.28827029761" lon="-85.61846186258">
    <tag k="local_x" v="13898.912346919882"/>
    <tag k="local_y" v="82707.41129671957"/>
    <tag k="ele" v="0"/>
  </node>
  <node id="4845" lat="42.28826809744" lon="-85.61822576107">
    <tag k="local_x" v="13918.381722817609"/>
    <tag k="local_y" v="82707.48289697511"/>
    <tag k="ele" v="0"/>
  </node>
  <node id="4846" lat="42.28826559732" lon="-85.61796937346">
    <tag k="local_x" v="13939.524130950052"/>
    <tag k="local_y" v="82707.54839374272"/>
    <tag k="ele" v="0"/>
  </node>
  <node id="4847" lat="42.28826339716" lon="-85.61774217187">
    <tag k="local_x" v="13958.259755420182"/>
    <tag k="local_y" v="82707.60819413562"/>
    <tag k="ele" v="0"/>
  </node>
  <node id="4848" lat="42.28826281237" lon="-85.61767840038">
    <tag k="local_x" v="13963.518456319767"/>
    <tag k="local_y" v="82707.62862501822"/>
    <tag k="ele" v="0"/>
  </node>
  <node id="4849" lat="42.28826793808" lon="-85.61754653699">
    <tag k="local_x" v="13974.380705726233"/>
    <tag k="local_y" v="82708.37429691953"/>
    <tag k="ele" v="0"/>
  </node>
  <node id="4850" lat="42.28827535023" lon="-85.61749423011">
    <tag k="local_x" v="13978.679786275634"/>
    <tag k="local_y" v="82709.2673510391"/>
    <tag k="ele" v="0"/>
  </node>
  <node id="4851" lat="42.28833158045" lon="-85.6172427122">
    <tag k="local_x" v="13999.314795142838"/>
    <tag k="local_y" v="82715.84778445147"/>
    <tag k="ele" v="0"/>
  </node>
  <node id="4852" lat="42.28842460717" lon="-85.61699408584">
    <tag k="local_x" v="14019.645"/>
    <tag k="local_y" v="82726.5102"/>
    <tag k="ele" v="0"/>
  </node>
  <node id="4853" lat="42.28856236956" lon="-85.61669836655">
    <tag k="local_x" v="14043.777"/>
    <tag k="local_y" v="82742.2031"/>
    <tag k="ele" v="0"/>
  </node>
  <node id="4856" lat="42.2881090676" lon="-85.61962060268">
    <tag k="local_x" v="13803.670183158272"/>
    <tag k="local_y" v="82687.95911317963"/>
    <tag k="ele" v="0"/>
  </node>
  <node id="4857" lat="42.28819603587" lon="-85.61944615587">
    <tag k="local_x" v="13817.895910979383"/>
    <tag k="local_y" v="82697.84906446138"/>
    <tag k="ele" v="0"/>
  </node>
  <node id="4858" lat="42.28821939002" lon="-85.61936071606">
    <tag k="local_x" v="13824.897958124844"/>
    <tag k="local_y" v="82700.55648116497"/>
    <tag k="ele" v="0"/>
  </node>
  <node id="4859" lat="42.28823436834" lon="-85.61925684209">
    <tag k="local_x" v="13833.434890881585"/>
    <tag k="local_y" v="82702.3585222673"/>
    <tag k="ele" v="0"/>
  </node>
  <node id="4860" lat="42.28824273327" lon="-85.61912828555">
    <tag k="local_x" v="13844.0186874476"/>
    <tag k="local_y" v="82703.45924544494"/>
    <tag k="ele" v="0"/>
  </node>
  <node id="4861" lat="42.28824081125" lon="-85.61893285625">
    <tag k="local_x" v="13860.134342739288"/>
    <tag k="local_y" v="82703.50718135583"/>
    <tag k="ele" v="0"/>
  </node>
  <node id="4862" lat="42.2882399122" lon="-85.61883848191">
    <tag k="local_x" v="13867.916666662139"/>
    <tag k="local_y" v="82703.53357471254"/>
    <tag k="ele" v="0"/>
  </node>
  <node id="4863" lat="42.28823861164" lon="-85.6187077909">
    <tag k="local_x" v="13878.69384762014"/>
    <tag k="local_y" v="82703.56397254449"/>
    <tag k="ele" v="0"/>
  </node>
  <node id="4864" lat="42.28823621163" lon="-85.61846245335">
    <tag k="local_x" v="13898.925058613522"/>
    <tag k="local_y" v="82703.62568238814"/>
    <tag k="ele" v="0"/>
  </node>
  <node id="4865" lat="42.28823401146" lon="-85.61822635115">
    <tag k="local_x" v="13918.39450227157"/>
    <tag k="local_y" v="82703.69728287181"/>
    <tag k="ele" v="0"/>
  </node>
  <node id="4866" lat="42.28823151144" lon="-85.61796997441">
    <tag k="local_x" v="13939.536025394898"/>
    <tag k="local_y" v="82703.76277675526"/>
    <tag k="ele" v="0"/>
  </node>
  <node id="4867" lat="42.2882293112" lon="-85.61774276368">
    <tag k="local_x" v="13958.272413608152"/>
    <tag k="local_y" v="82703.8225796249"/>
    <tag k="ele" v="0"/>
  </node>
  <node id="4868" lat="42.28822874022" lon="-85.61767696584">
    <tag k="local_x" v="13963.698155201071"/>
    <tag k="local_y" v="82703.84725677833"/>
    <tag k="ele" v="0"/>
  </node>
  <node id="4869" lat="42.28823399167" lon="-85.61754234514">
    <tag k="local_x" v="13974.787510212536"/>
    <tag k="local_y" v="82704.61058232309"/>
    <tag k="ele" v="0"/>
  </node>
  <node id="4870" lat="42.28824254205" lon="-85.61748176439">
    <tag k="local_x" v="13979.766681457031"/>
    <tag k="local_y" v="82705.64110003867"/>
    <tag k="ele" v="0"/>
  </node>
  <node id="4871" lat="42.28829998075" lon="-85.61722549071">
    <tag k="local_x" v="14000.791609717513"/>
    <tag k="local_y" v="82712.3620913833"/>
    <tag k="ele" v="0"/>
  </node>
  <node id="4872" lat="42.28840682483" lon="-85.61694943027">
    <tag k="local_x" v="14023.3587"/>
    <tag k="local_y" v="82724.5955"/>
    <tag k="ele" v="0"/>
  </node>
  <node id="4873" lat="42.28849512443" lon="-85.6166821402">
    <tag k="local_x" v="14045.2361"/>
    <tag k="local_y" v="82734.7581"/>
    <tag k="ele" v="0"/>
  </node>
  <node id="4876" lat="42.28830544624" lon="-85.61475424429">
    <tag k="local_x" v="14204.5238"/>
    <tag k="local_y" v="82716.2811"/>
    <tag k="ele" v="0"/>
  </node>
  <node id="4878" lat="42.28830199932" lon="-85.61472238584">
    <tag k="local_x" v="14207.1566"/>
    <tag k="local_y" v="82715.9411"/>
    <tag k="ele" v="0"/>
  </node>
  <node id="4879" lat="42.28775834337" lon="-85.61472645685">
    <tag k="local_x" v="14207.8032"/>
    <tag k="local_y" v="82655.5694"/>
    <tag k="ele" v="0"/>
  </node>
  <node id="4881" lat="42.2883068123" lon="-85.61478912003">
    <tag k="local_x" v="14201.646"/>
    <tag k="local_y" v="82716.386"/>
    <tag k="ele" v="0"/>
  </node>
  <node id="4882" lat="42.2877374644" lon="-85.61479246655">
    <tag k="local_x" v="14202.3987"/>
    <tag k="local_y" v="82653.1625"/>
    <tag k="ele" v="0"/>
  </node>
  <node id="4888" lat="42.28846763004" lon="-85.61676880305">
    <tag k="local_x" v="14038.1408"/>
    <tag k="local_y" v="82731.5891"/>
    <tag k="ele" v="0"/>
  </node>
  <node id="4891" lat="42.28848822018" lon="-85.61685755398">
    <tag k="local_x" v="14030.7866"/>
    <tag k="local_y" v="82733.7565"/>
    <tag k="ele" v="0"/>
  </node>
  <node id="4899" lat="42.2884340934" lon="-85.61687180887">
    <tag k="local_x" v="14029.709"/>
    <tag k="local_y" v="82727.7273"/>
    <tag k="ele" v="0"/>
  </node>
  <node id="4900" lat="42.28841770624" lon="-85.61692004667">
    <tag k="local_x" v="14025.7616"/>
    <tag k="local_y" v="82725.8431"/>
    <tag k="ele" v="0"/>
  </node>
  <node id="4907" lat="42.28850050332" lon="-85.6167712434">
    <tag k="local_x" v="14037.8803"/>
    <tag k="local_y" v="82735.236"/>
    <tag k="ele" v="0"/>
  </node>
  <node id="4909" lat="42.28852960036" lon="-85.61668275514">
    <tag k="local_x" v="14045.1232"/>
    <tag k="local_y" v="82738.5854"/>
    <tag k="ele" v="0"/>
  </node>
  <node id="4910" lat="42.2885301023" lon="-85.61678124648">
    <tag k="local_x" v="14037.0022"/>
    <tag k="local_y" v="82738.5092"/>
    <tag k="ele" v="0"/>
  </node>
  <node id="4918" lat="42.28864129175" lon="-85.616150491">
    <tag k="local_x" v="14088.804"/>
    <tag k="local_y" v="82751.7005"/>
    <tag k="ele" v="0"/>
  </node>
  <node id="4919" lat="42.28864304818" lon="-85.6162416277">
    <tag k="local_x" v="14081.2871"/>
    <tag k="local_y" v="82751.7734"/>
    <tag k="ele" v="0"/>
  </node>
  <node id="4920" lat="42.28864014646" lon="-85.6163473755">
    <tag k="local_x" v="14072.574"/>
    <tag k="local_y" v="82751.3095"/>
    <tag k="ele" v="0"/>
  </node>
  <node id="4921" lat="42.28863459914" lon="-85.6163976324">
    <tag k="local_x" v="14068.4406"/>
    <tag k="local_y" v="82750.6262"/>
    <tag k="ele" v="0"/>
  </node>
  <node id="4922" lat="42.28856891116" lon="-85.61667624261">
    <tag k="local_x" v="14045.5892"/>
    <tag k="local_y" v="82742.9591"/>
    <tag k="ele" v="0"/>
  </node>
  <node id="4924" lat="42.28861473418" lon="-85.61615258857">
    <tag k="local_x" v="14088.679"/>
    <tag k="local_y" v="82748.7488"/>
    <tag k="ele" v="0"/>
  </node>
  <node id="4925" lat="42.28861107138" lon="-85.61623966773">
    <tag k="local_x" v="14081.5064"/>
    <tag k="local_y" v="82748.2254"/>
    <tag k="ele" v="0"/>
  </node>
  <node id="4926" lat="42.28860530485" lon="-85.61634436956">
    <tag k="local_x" v="14072.8847"/>
    <tag k="local_y" v="82747.4448"/>
    <tag k="ele" v="0"/>
  </node>
  <node id="4927" lat="42.28860092066" lon="-85.61638593212">
    <tag k="local_x" v="14069.466"/>
    <tag k="local_y" v="82746.9023"/>
    <tag k="ele" v="0"/>
  </node>
  <node id="4928" lat="42.28853544734" lon="-85.61666359626">
    <tag k="local_x" v="14046.6922"/>
    <tag k="local_y" v="82739.2603"/>
    <tag k="ele" v="0"/>
  </node>
  <node id="4930" lat="42.28858776417" lon="-85.61614043712">
    <tag k="local_x" v="14089.7295"/>
    <tag k="local_y" v="82745.7704"/>
    <tag k="ele" v="0"/>
  </node>
  <node id="4931" lat="42.28858288906" lon="-85.61623638628">
    <tag k="local_x" v="14081.8278"/>
    <tag k="local_y" v="82745.1005"/>
    <tag k="ele" v="0"/>
  </node>
  <node id="4932" lat="42.28857344355" lon="-85.6163410097">
    <tag k="local_x" v="14073.2192"/>
    <tag k="local_y" v="82743.9115"/>
    <tag k="ele" v="0"/>
  </node>
  <node id="4933" lat="42.28857036029" lon="-85.61637276025">
    <tag k="local_x" v="14070.6071"/>
    <tag k="local_y" v="82743.5266"/>
    <tag k="ele" v="0"/>
  </node>
  <node id="4934" lat="42.28850509311" lon="-85.61664951733">
    <tag k="local_x" v="14047.9077"/>
    <tag k="local_y" v="82735.9087"/>
    <tag k="ele" v="0"/>
  </node>
  <node id="4936" lat="42.28836010416" lon="-85.61483265597">
    <tag k="local_x" v="14197.9604"/>
    <tag k="local_y" v="82722.245"/>
    <tag k="ele" v="0"/>
  </node>
  <node id="4937" lat="42.28836697632" lon="-85.6148910802">
    <tag k="local_x" v="14193.1312"/>
    <tag k="local_y" v="82722.9297"/>
    <tag k="ele" v="0"/>
  </node>
  <node id="4938" lat="42.28841445807" lon="-85.61514112137">
    <tag k="local_x" v="14172.4308"/>
    <tag k="local_y" v="82727.8666"/>
    <tag k="ele" v="0"/>
  </node>
  <node id="4939" lat="42.28853925666" lon="-85.61571206844">
    <tag k="local_x" v="14125.1338"/>
    <tag k="local_y" v="82740.9584"/>
    <tag k="ele" v="0"/>
  </node>
  <node id="4940" lat="42.28861802694" lon="-85.61607253798">
    <tag k="local_x" v="14095.2728"/>
    <tag k="local_y" v="82749.2217"/>
    <tag k="ele" v="0"/>
  </node>
  <node id="4943" lat="42.28833456744" lon="-85.61484574996">
    <tag k="local_x" v="14196.927"/>
    <tag k="local_y" v="82719.3919"/>
    <tag k="ele" v="0"/>
  </node>
  <node id="4944" lat="42.28834340146" lon="-85.61491031834">
    <tag k="local_x" v="14191.5877"/>
    <tag k="local_y" v="82720.2862"/>
    <tag k="ele" v="0"/>
  </node>
  <node id="4945" lat="42.28838961935" lon="-85.61516376635">
    <tag k="local_x" v="14170.6087"/>
    <tag k="local_y" v="82725.0782"/>
    <tag k="ele" v="0"/>
  </node>
  <node id="4946" lat="42.28851451799" lon="-85.61573517681">
    <tag k="local_x" v="14123.2733"/>
    <tag k="local_y" v="82738.1805"/>
    <tag k="ele" v="0"/>
  </node>
  <node id="4947" lat="42.28859085962" lon="-85.61607910889">
    <tag k="local_x" v="14094.7801"/>
    <tag k="local_y" v="82746.1963"/>
    <tag k="ele" v="0"/>
  </node>
  <node id="4950" lat="42.28869676989" lon="-85.61611464228">
    <tag k="local_x" v="14091.6594"/>
    <tag k="local_y" v="82757.9087"/>
    <tag k="ele" v="0"/>
  </node>
  <node id="4952" lat="42.28864493889" lon="-85.61605764342">
    <tag k="local_x" v="14096.4522"/>
    <tag k="local_y" v="82752.2299"/>
    <tag k="ele" v="0"/>
  </node>
  <node id="4957" lat="42.28867310008" lon="-85.61614416299">
    <tag k="local_x" v="14089.2683"/>
    <tag k="local_y" v="82755.2409"/>
    <tag k="ele" v="0"/>
  </node>
  <node id="4959" lat="42.28854959402" lon="-85.61681141743">
    <tag k="local_x" v="14034.4796"/>
    <tag k="local_y" v="82740.6331"/>
    <tag k="ele" v="0"/>
  </node>
  <node id="4963" lat="42.28832967243" lon="-85.61481956091">
    <tag k="local_x" v="14199.095"/>
    <tag k="local_y" v="82718.8835"/>
    <tag k="ele" v="0"/>
  </node>
  <node id="4965" lat="42.28832653367" lon="-85.61480597817">
    <tag k="local_x" v="14200.2205"/>
    <tag k="local_y" v="82718.5532"/>
    <tag k="ele" v="0"/>
  </node>
  <node id="4966" lat="42.28832219865" lon="-85.61479729277">
    <tag k="local_x" v="14200.9444"/>
    <tag k="local_y" v="82718.0835"/>
    <tag k="ele" v="0"/>
  </node>
  <node id="4967" lat="42.28831742023" lon="-85.61479245965">
    <tag k="local_x" v="14201.3515"/>
    <tag k="local_y" v="82717.5594"/>
    <tag k="ele" v="0"/>
  </node>
  <node id="4968" lat="42.28835590244" lon="-85.61480839119">
    <tag k="local_x" v="14199.9685"/>
    <tag k="local_y" v="82721.811"/>
    <tag k="ele" v="0"/>
  </node>
  <node id="4972" lat="42.28835120038" lon="-85.61478945245">
    <tag k="local_x" v="14201.5384"/>
    <tag k="local_y" v="82721.3143"/>
    <tag k="ele" v="0"/>
  </node>
  <node id="4973" lat="42.28834546772" lon="-85.61477697209">
    <tag k="local_x" v="14202.5777"/>
    <tag k="local_y" v="82720.6945"/>
    <tag k="ele" v="0"/>
  </node>
  <node id="4974" lat="42.28833962814" lon="-85.61476816683">
    <tag k="local_x" v="14203.3142"/>
    <tag k="local_y" v="82720.0579"/>
    <tag k="ele" v="0"/>
  </node>
  <node id="4975" lat="42.28832871694" lon="-85.61476022472">
    <tag k="local_x" v="14203.9887"/>
    <tag k="local_y" v="82718.857"/>
    <tag k="ele" v="0"/>
  </node>
  <node id="4976" lat="42.28831728246" lon="-85.6147557097">
    <tag k="local_x" v="14204.3816"/>
    <tag k="local_y" v="82717.5934"/>
    <tag k="ele" v="0"/>
  </node>
  <node id="4977" lat="42.28838105363" lon="-85.61479573865">
    <tag k="local_x" v="14200.9662"/>
    <tag k="local_y" v="82724.6207"/>
    <tag k="ele" v="0"/>
  </node>
  <node id="4979" lat="42.28837702551" lon="-85.61477548243">
    <tag k="local_x" v="14202.6435"/>
    <tag k="local_y" v="82724.2006"/>
    <tag k="ele" v="0"/>
  </node>
  <node id="4980" lat="42.28836846319" lon="-85.61475599634">
    <tag k="local_x" v="14204.2655"/>
    <tag k="local_y" v="82723.276"/>
    <tag k="ele" v="0"/>
  </node>
  <node id="4981" lat="42.28835766928" lon="-85.6147395745">
    <tag k="local_x" v="14205.6389"/>
    <tag k="local_y" v="82722.0995"/>
    <tag k="ele" v="0"/>
  </node>
  <node id="4982" lat="42.28834456422" lon="-85.61472835219">
    <tag k="local_x" v="14206.5878"/>
    <tag k="local_y" v="82720.6594"/>
    <tag k="ele" v="0"/>
  </node>
  <node id="4983" lat="42.28832494356" lon="-85.61472378247">
    <tag k="local_x" v="14207"/>
    <tag k="local_y" v="82718.4869"/>
    <tag k="ele" v="0"/>
  </node>
  <node id="4988" lat="42.28867066275" lon="-85.61613667431">
    <tag k="local_x" v="14089.8901"/>
    <tag k="local_y" v="82754.9803"/>
    <tag k="ele" v="0"/>
  </node>
  <node id="4995" lat="42.28857263487" lon="-85.61675415764">
    <tag k="local_x" v="14039.1588"/>
    <tag k="local_y" v="82743.2682"/>
    <tag k="ele" v="0"/>
  </node>
  <node id="4997" lat="42.28845837813" lon="-85.61699374603">
    <tag k="local_x" v="14019.6121"/>
    <tag k="local_y" v="82730.2605"/>
    <tag k="ele" v="0"/>
  </node>
  <node id="5007" lat="42.28451647469" lon="-85.62150588074">
    <tag k="local_x" v="13654.6967"/>
    <tag k="local_y" v="82286.5281"/>
    <tag k="ele" v="0"/>
  </node>
  <way id="1755">
    <nd ref="589"/>
    <nd ref="855"/>
    <nd ref="33"/>
    <nd ref="873"/>
    <nd ref="34"/>
    <nd ref="35"/>
    <nd ref="36"/>
    <nd ref="37"/>
    <nd ref="1030"/>
    <nd ref="38"/>
    <nd ref="39"/>
    <nd ref="1035"/>
    <nd ref="40"/>
    <nd ref="41"/>
    <nd ref="1041"/>
    <nd ref="42"/>
    <nd ref="43"/>
    <nd ref="44"/>
    <nd ref="1036"/>
    <nd ref="45"/>
    <nd ref="46"/>
    <nd ref="47"/>
    <nd ref="48"/>
    <tag k="access" v="private"/>
    <tag k="highway" v="unclassified"/>
    <tag k="maxspeed" v="25 mph"/>
    <tag k="name" v="Valley 1 Drive"/>
    <tag k="tiger:cfcc" v="A74"/>
    <tag k="tiger:county" v="Kalamazoo, MI"/>
    <tag k="tiger:name_base" v="Gilkison"/>
    <tag k="tiger:name_type" v="Ave"/>
    <tag k="tiger:reviewed" v="no"/>
  </way>
  <way id="1756">
    <nd ref="53"/>
    <nd ref="810"/>
    <nd ref="809"/>
    <nd ref="54"/>
    <nd ref="808"/>
    <nd ref="807"/>
    <nd ref="806"/>
    <nd ref="833"/>
    <nd ref="55"/>
    <nd ref="832"/>
    <nd ref="831"/>
    <nd ref="830"/>
    <nd ref="829"/>
    <nd ref="56"/>
    <nd ref="828"/>
    <nd ref="646"/>
    <nd ref="530"/>
    <nd ref="667"/>
    <nd ref="668"/>
    <nd ref="684"/>
    <tag k="highway" v="unclassified"/>
    <tag k="maxspeed" v="25 mph"/>
    <tag k="name" v="Central Campus Drive"/>
    <tag k="old_name" v="Gilkison Avenue"/>
    <tag k="oneway" v="no"/>
    <tag k="surface" v="asphalt"/>
    <tag k="tiger:cfcc" v="A74"/>
    <tag k="tiger:county" v="Kalamazoo, MI"/>
    <tag k="tiger:name_base" v="Gilkison"/>
    <tag k="tiger:name_type" v="Ave"/>
    <tag k="tiger:reviewed" v="no"/>
  </way>
  <way id="1757">
    <nd ref="1"/>
    <nd ref="598"/>
    <nd ref="68"/>
    <nd ref="69"/>
    <nd ref="597"/>
    <nd ref="70"/>
    <nd ref="71"/>
    <tag k="highway" v="service"/>
    <tag k="maxspeed" v="25 mph"/>
    <tag k="maxspeed:type" v="sign"/>
    <tag k="name" v="Business Court"/>
    <tag k="oneway" v="no"/>
    <tag k="service" v="driveway"/>
    <tag k="surface" v="paved"/>
    <tag k="tiger:cfcc" v="A41"/>
    <tag k="tiger:county" v="Kalamazoo, MI"/>
    <tag k="tiger:name_base" v="Marion"/>
    <tag k="tiger:name_type" v="Ave"/>
    <tag k="tiger:reviewed" v="no"/>
    <tag k="tiger:zip_left" v="49006"/>
    <tag k="tiger:zip_right" v="49006"/>
  </way>
  <way id="1758">
    <nd ref="15"/>
    <nd ref="75"/>
    <nd ref="76"/>
    <nd ref="77"/>
    <nd ref="78"/>
    <nd ref="79"/>
    <nd ref="80"/>
    <nd ref="81"/>
    <nd ref="82"/>
    <nd ref="83"/>
    <nd ref="84"/>
    <nd ref="85"/>
    <nd ref="3222"/>
    <nd ref="3104"/>
    <tag k="highway" v="unclassified"/>
    <tag k="maxspeed" v="25 mph"/>
    <tag k="maxspeed:type" v="sign"/>
    <tag k="name" v="West Shaw Lane"/>
    <tag k="oneway" v="yes"/>
    <tag k="surface" v="paved"/>
    <tag k="tiger:cfcc" v="A74"/>
    <tag k="tiger:county" v="Kalamazoo, MI"/>
    <tag k="tiger:name_base" v="Shaw"/>
    <tag k="tiger:name_direction_suffix" v="W"/>
    <tag k="tiger:name_type" v="Ln"/>
    <tag k="tiger:reviewed" v="no"/>
  </way>
  <way id="1760">
    <nd ref="145"/>
    <nd ref="906"/>
    <nd ref="907"/>
    <nd ref="908"/>
    <nd ref="691"/>
    <nd ref="578"/>
    <nd ref="851"/>
    <nd ref="146"/>
    <nd ref="147"/>
    <nd ref="911"/>
    <nd ref="590"/>
    <nd ref="148"/>
    <nd ref="591"/>
    <nd ref="149"/>
    <nd ref="150"/>
    <nd ref="672"/>
    <nd ref="151"/>
    <nd ref="152"/>
    <nd ref="153"/>
    <nd ref="154"/>
    <nd ref="155"/>
    <nd ref="156"/>
    <nd ref="157"/>
    <nd ref="671"/>
    <nd ref="127"/>
    <tag k="access" v="private"/>
    <tag k="highway" v="unclassified"/>
    <tag k="name" v="Valley 3 Drive"/>
    <tag k="oneway" v="no"/>
    <tag k="tiger:cfcc" v="A74"/>
    <tag k="tiger:county" v="Kalamazoo, MI"/>
    <tag k="tiger:name_base" v="Pond"/>
    <tag k="tiger:name_direction_suffix" v="W"/>
    <tag k="tiger:name_type" v="Dr"/>
    <tag k="tiger:reviewed" v="no"/>
  </way>
  <way id="1761">
    <nd ref="53"/>
    <nd ref="522"/>
    <nd ref="523"/>
    <nd ref="524"/>
    <nd ref="158"/>
    <nd ref="525"/>
    <nd ref="766"/>
    <nd ref="526"/>
    <nd ref="527"/>
    <nd ref="659"/>
    <nd ref="528"/>
    <nd ref="658"/>
    <nd ref="765"/>
    <nd ref="529"/>
    <nd ref="726"/>
    <nd ref="58"/>
    <nd ref="657"/>
    <nd ref="59"/>
    <nd ref="60"/>
    <nd ref="61"/>
    <tag k="highway" v="unclassified"/>
    <tag k="maxspeed" v="25 mph"/>
    <tag k="name" v="Ring Road North"/>
    <tag k="old_name" v="North Dormitory Road"/>
    <tag k="surface" v="concrete"/>
    <tag k="tiger:cfcc" v="A41"/>
    <tag k="tiger:county" v="Kalamazoo, MI"/>
    <tag k="tiger:name_base" v="Dormitory"/>
    <tag k="tiger:name_direction_suffix" v="N"/>
    <tag k="tiger:name_type" v="Rd"/>
    <tag k="tiger:reviewed" v="no"/>
  </way>
  <way id="1762">
    <nd ref="827"/>
    <nd ref="826"/>
    <nd ref="162"/>
    <nd ref="163"/>
    <nd ref="4952"/>
    <tag k="access" v="private"/>
    <tag k="highway" v="unclassified"/>
    <tag k="maxspeed" v="25 mph"/>
    <tag k="name" v="Ring Road North"/>
    <tag k="tiger:cfcc" v="A74"/>
    <tag k="tiger:county" v="Kalamazoo, MI"/>
    <tag k="tiger:name_base" v="Goldsworth"/>
    <tag k="tiger:name_type" v="Dr"/>
    <tag k="tiger:reviewed" v="no"/>
  </way>
  <way id="1764">
    <nd ref="605"/>
    <nd ref="129"/>
    <nd ref="604"/>
    <nd ref="603"/>
    <nd ref="602"/>
    <nd ref="128"/>
    <nd ref="601"/>
    <nd ref="4713"/>
    <tag k="highway" v="service"/>
    <tag k="lanes" v="1"/>
    <tag k="maxspeed" v="25 mph"/>
    <tag k="maxspeed:type" v="sign"/>
    <tag k="name" v="Business Court"/>
    <tag k="surface" v="paved"/>
    <tag k="tiger:cfcc" v="A41"/>
    <tag k="tiger:county" v="Kalamazoo, MI"/>
    <tag k="tiger:name_base" v="Wilbur;Rankin"/>
    <tag k="tiger:name_type" v="Ave"/>
    <tag k="tiger:reviewed" v="no"/>
    <tag k="tiger:zip_left" v="49006;49007"/>
    <tag k="tiger:zip_right" v="49006;49007"/>
  </way>
  <way id="1765">
    <nd ref="1"/>
    <nd ref="596"/>
    <nd ref="187"/>
    <nd ref="396"/>
    <nd ref="188"/>
    <nd ref="884"/>
    <nd ref="666"/>
    <nd ref="897"/>
    <nd ref="665"/>
    <nd ref="1012"/>
    <nd ref="57"/>
    <tag k="access" v="private"/>
    <tag k="highway" v="service"/>
    <tag k="name" v="Wilbur Avenue"/>
    <tag k="oneway" v="no"/>
    <tag k="surface" v="paved"/>
    <tag k="tiger:cfcc" v="A74"/>
    <tag k="tiger:county" v="Kalamazoo, MI"/>
    <tag k="tiger:name_base" v="Wilbur"/>
    <tag k="tiger:name_type" v="Ave"/>
    <tag k="tiger:reviewed" v="no"/>
    <tag k="tiger:zip_left" v="49006"/>
    <tag k="tiger:zip_right" v="49006"/>
  </way>
  <way id="1766">
    <nd ref="107"/>
    <nd ref="194"/>
    <nd ref="195"/>
    <nd ref="498"/>
    <nd ref="196"/>
    <nd ref="197"/>
    <nd ref="198"/>
    <nd ref="497"/>
    <nd ref="199"/>
    <nd ref="496"/>
    <nd ref="495"/>
    <nd ref="200"/>
    <nd ref="669"/>
    <nd ref="201"/>
    <tag k="highway" v="unclassified"/>
    <tag k="lanes" v="4"/>
    <tag k="maxspeed" v="25 mph"/>
    <tag k="name" v="Goldsworth Valley Drive"/>
    <tag k="old_name" v="Valley Road"/>
    <tag k="surface" v="asphalt"/>
    <tag k="tiger:cfcc" v="A74"/>
    <tag k="tiger:county" v="Kalamazoo, MI"/>
    <tag k="tiger:name_base" v="Valley"/>
    <tag k="tiger:name_type" v="Rd"/>
    <tag k="tiger:reviewed" v="no"/>
  </way>
  <way id="1768">
    <nd ref="770"/>
    <nd ref="221"/>
    <nd ref="825"/>
    <tag k="highway" v="unclassified"/>
    <tag k="maxspeed" v="25 mph"/>
    <tag k="name" v="Ring Road South"/>
    <tag k="surface" v="asphalt"/>
    <tag k="tiger:cfcc" v="A74;A41"/>
    <tag k="tiger:county" v="Kalamazoo, MI"/>
    <tag k="tiger:name_base" v="Western;Van de Giessen"/>
    <tag k="tiger:name_type" v="Ave;Rd"/>
    <tag k="tiger:reviewed" v="no"/>
    <tag k="tiger:zip_left" v="49008"/>
    <tag k="tiger:zip_right" v="49008"/>
  </way>
  <way id="1769">
    <nd ref="282"/>
    <nd ref="3259"/>
    <tag k="highway" v="service"/>
    <tag k="tiger:cfcc" v="A74"/>
    <tag k="tiger:county" v="Kalamazoo, MI"/>
    <tag k="tiger:name_base" v="Western"/>
    <tag k="tiger:name_type" v="Ave"/>
    <tag k="tiger:reviewed" v="no"/>
  </way>
  <way id="1771">
    <nd ref="533"/>
    <nd ref="422"/>
    <nd ref="418"/>
    <nd ref="256"/>
    <nd ref="787"/>
    <nd ref="257"/>
    <nd ref="258"/>
    <nd ref="259"/>
    <nd ref="2"/>
    <tag k="highway" v="unclassified"/>
    <tag k="maxspeed" v="25 mph"/>
    <tag k="name" v="Arcadia Loop"/>
    <tag k="surface" v="asphalt"/>
    <tag k="tiger:cfcc" v="A74"/>
    <tag k="tiger:county" v="Kalamazoo, MI"/>
    <tag k="tiger:name_base" v="Arcadia"/>
    <tag k="tiger:name_type" v="Rd"/>
    <tag k="tiger:reviewed" v="no"/>
  </way>
  <way id="1772">
    <nd ref="491"/>
    <nd ref="492"/>
    <nd ref="841"/>
    <nd ref="160"/>
    <tag k="highway" v="unclassified"/>
    <tag k="maxspeed" v="25 mph"/>
    <tag k="name" v="West Michigan Avenue"/>
    <tag k="oneway" v="yes"/>
    <tag k="surface" v="asphalt"/>
    <tag k="tiger:cfcc" v="A41"/>
    <tag k="tiger:county" v="Kalamazoo, MI"/>
    <tag k="tiger:name_base" v="Michigan"/>
    <tag k="tiger:name_direction_prefix" v="W"/>
    <tag k="tiger:name_type" v="Ave"/>
    <tag k="tiger:reviewed" v="no"/>
    <tag k="tiger:zip_left" v="49006"/>
    <tag k="tiger:zip_right" v="49006"/>
  </way>
  <way id="1773">
    <nd ref="89"/>
    <nd ref="297"/>
    <nd ref="457"/>
    <nd ref="678"/>
    <tag k="highway" v="unclassified"/>
    <tag k="maxspeed" v="25 mph"/>
    <tag k="name" v="Ring Road North"/>
    <tag k="oneway" v="yes"/>
    <tag k="surface" v="asphalt"/>
    <tag k="tiger:cfcc" v="A41"/>
    <tag k="tiger:county" v="Kalamazoo, MI"/>
    <tag k="tiger:name_base" v="Rankin"/>
    <tag k="tiger:name_type" v="Ave"/>
    <tag k="tiger:reviewed" v="no"/>
  </way>
  <way id="1776">
    <nd ref="270"/>
    <nd ref="506"/>
    <nd ref="293"/>
    <nd ref="294"/>
    <nd ref="475"/>
    <nd ref="474"/>
    <nd ref="295"/>
    <nd ref="473"/>
    <nd ref="472"/>
    <tag k="highway" v="unclassified"/>
    <tag k="maxspeed" v="25 mph"/>
    <tag k="name" v="Ring Road South"/>
    <tag k="oneway" v="yes"/>
    <tag k="surface" v="asphalt"/>
  </way>
  <way id="1778">
    <nd ref="95"/>
    <nd ref="577"/>
    <nd ref="4775"/>
    <tag k="highway" v="unclassified"/>
    <tag k="maxspeed" v="25 mph"/>
    <tag k="name" v="Ring Road North"/>
    <tag k="surface" v="paved"/>
    <tag k="tiger:cfcc" v="A41"/>
    <tag k="tiger:county" v="Kalamazoo, MI"/>
    <tag k="tiger:name_base" v="Rankin"/>
    <tag k="tiger:name_type" v="Ave"/>
    <tag k="tiger:reviewed" v="no"/>
  </way>
  <way id="1779">
    <nd ref="338"/>
    <nd ref="316"/>
    <nd ref="509"/>
    <nd ref="510"/>
    <nd ref="317"/>
    <nd ref="511"/>
    <nd ref="512"/>
    <nd ref="318"/>
    <nd ref="513"/>
    <nd ref="514"/>
    <nd ref="319"/>
    <nd ref="320"/>
    <nd ref="493"/>
    <nd ref="321"/>
    <nd ref="349"/>
    <nd ref="322"/>
    <nd ref="323"/>
    <nd ref="324"/>
    <nd ref="351"/>
    <nd ref="592"/>
    <nd ref="1350"/>
    <tag k="access" v="private"/>
    <tag k="bicycle" v="yes"/>
    <tag k="foot" v="yes"/>
    <tag k="highway" v="service"/>
    <tag k="horse" v="no"/>
    <tag k="oneway" v="no"/>
    <tag k="surface" v="paved"/>
  </way>
  <way id="1780">
    <nd ref="320"/>
    <nd ref="508"/>
    <nd ref="353"/>
    <nd ref="339"/>
    <nd ref="340"/>
    <nd ref="341"/>
    <nd ref="342"/>
    <nd ref="343"/>
    <nd ref="348"/>
    <nd ref="344"/>
    <nd ref="345"/>
    <nd ref="346"/>
    <nd ref="347"/>
    <nd ref="350"/>
    <nd ref="324"/>
    <tag k="bicycle" v="yes"/>
    <tag k="foot" v="yes"/>
    <tag k="highway" v="service"/>
    <tag k="horse" v="no"/>
    <tag k="surface" v="paved"/>
  </way>
  <way id="1783">
    <nd ref="373"/>
    <nd ref="374"/>
    <nd ref="377"/>
    <nd ref="370"/>
    <nd ref="371"/>
    <nd ref="376"/>
    <nd ref="375"/>
    <nd ref="372"/>
    <nd ref="373"/>
    <nd ref="369"/>
    <tag k="highway" v="service"/>
    <tag k="service" v="parking_aisle"/>
    <tag k="surface" v="asphalt"/>
  </way>
  <way id="1785">
    <nd ref="71"/>
    <nd ref="397"/>
    <nd ref="403"/>
    <nd ref="398"/>
    <nd ref="399"/>
    <nd ref="762"/>
    <nd ref="763"/>
    <nd ref="400"/>
    <nd ref="401"/>
    <nd ref="761"/>
    <nd ref="404"/>
    <nd ref="402"/>
    <nd ref="71"/>
    <tag k="highway" v="service"/>
    <tag k="maxspeed" v="25 mph"/>
    <tag k="maxspeed:type" v="sign"/>
    <tag k="name" v="Business Court"/>
    <tag k="oneway" v="yes"/>
    <tag k="service" v="driveway"/>
    <tag k="surface" v="paved"/>
  </way>
  <way id="1786">
    <nd ref="403"/>
    <nd ref="943"/>
    <nd ref="404"/>
    <nd ref="405"/>
    <tag k="highway" v="service"/>
    <tag k="oneway" v="no"/>
    <tag k="service" v="driveway"/>
  </way>
  <way id="1787">
    <nd ref="405"/>
    <nd ref="406"/>
    <tag k="highway" v="service"/>
    <tag k="oneway" v="no"/>
    <tag k="service" v="driveway"/>
  </way>
  <way id="1788">
    <nd ref="407"/>
    <nd ref="406"/>
    <tag k="highway" v="service"/>
    <tag k="service" v="parking_aisle"/>
  </way>
  <way id="1789">
    <nd ref="407"/>
    <nd ref="915"/>
    <nd ref="410"/>
    <nd ref="409"/>
    <nd ref="408"/>
    <nd ref="411"/>
    <nd ref="184"/>
    <tag k="highway" v="service"/>
    <tag k="service" v="driveway"/>
  </way>
  <way id="1793">
    <nd ref="55"/>
    <nd ref="443"/>
    <nd ref="444"/>
    <nd ref="429"/>
    <nd ref="430"/>
    <nd ref="431"/>
    <nd ref="432"/>
    <nd ref="433"/>
    <nd ref="434"/>
    <nd ref="435"/>
    <nd ref="436"/>
    <nd ref="437"/>
    <nd ref="438"/>
    <nd ref="439"/>
    <nd ref="440"/>
    <nd ref="441"/>
    <nd ref="442"/>
    <nd ref="443"/>
    <tag k="highway" v="service"/>
    <tag k="service" v="parking_aisle"/>
  </way>
  <way id="1794">
    <nd ref="444"/>
    <nd ref="445"/>
    <tag k="highway" v="service"/>
    <tag k="service" v="parking_aisle"/>
  </way>
  <way id="1805">
    <nd ref="536"/>
    <nd ref="537"/>
    <nd ref="538"/>
    <nd ref="883"/>
    <nd ref="540"/>
    <nd ref="539"/>
    <tag k="highway" v="service"/>
    <tag k="service" v="parking_aisle"/>
  </way>
  <way id="1806">
    <nd ref="540"/>
    <nd ref="541"/>
    <nd ref="536"/>
    <tag k="highway" v="service"/>
    <tag k="service" v="parking_aisle"/>
  </way>
  <way id="1807">
    <nd ref="541"/>
    <nd ref="542"/>
    <tag k="highway" v="service"/>
    <tag k="service" v="parking_aisle"/>
  </way>
  <way id="1808">
    <nd ref="551"/>
    <nd ref="550"/>
    <nd ref="549"/>
    <nd ref="548"/>
    <nd ref="547"/>
    <nd ref="546"/>
    <nd ref="545"/>
    <nd ref="544"/>
    <nd ref="543"/>
    <nd ref="539"/>
    <tag k="highway" v="service"/>
    <tag k="oneway" v="yes"/>
    <tag k="service" v="drive-through"/>
  </way>
  <way id="1809">
    <nd ref="552"/>
    <nd ref="836"/>
    <nd ref="553"/>
    <nd ref="554"/>
    <nd ref="555"/>
    <nd ref="835"/>
    <tag k="highway" v="service"/>
    <tag k="service" v="driveway"/>
  </way>
  <way id="1810">
    <nd ref="539"/>
    <nd ref="559"/>
    <nd ref="558"/>
    <nd ref="560"/>
    <nd ref="552"/>
    <nd ref="561"/>
    <nd ref="562"/>
    <nd ref="563"/>
    <nd ref="564"/>
    <nd ref="565"/>
    <nd ref="566"/>
    <nd ref="567"/>
    <nd ref="568"/>
    <nd ref="569"/>
    <nd ref="570"/>
    <nd ref="571"/>
    <nd ref="572"/>
    <nd ref="573"/>
    <nd ref="574"/>
    <nd ref="575"/>
    <nd ref="576"/>
    <tag k="highway" v="service"/>
  </way>
  <way id="1811">
    <nd ref="368"/>
    <nd ref="580"/>
    <nd ref="898"/>
    <nd ref="581"/>
    <nd ref="582"/>
    <nd ref="583"/>
    <nd ref="584"/>
    <nd ref="585"/>
    <nd ref="586"/>
    <nd ref="587"/>
    <nd ref="588"/>
    <nd ref="589"/>
    <tag k="highway" v="service"/>
    <tag k="motor_vehicle" v="no"/>
    <tag k="oneway" v="yes"/>
    <tag k="service" v="emergency_access"/>
  </way>
  <way id="1812">
    <nd ref="160"/>
    <nd ref="842"/>
    <nd ref="685"/>
    <nd ref="7"/>
    <nd ref="838"/>
    <nd ref="314"/>
    <nd ref="313"/>
    <tag k="cycleway:right" v="lane"/>
    <tag k="highway" v="unclassified"/>
    <tag k="maxspeed" v="25 mph"/>
    <tag k="name" v="West Michigan Avenue"/>
    <tag k="oneway" v="yes"/>
    <tag k="surface" v="asphalt"/>
    <tag k="tiger:cfcc" v="A41"/>
    <tag k="tiger:county" v="Kalamazoo, MI"/>
    <tag k="tiger:name_base" v="Michigan"/>
    <tag k="tiger:name_direction_prefix" v="W"/>
    <tag k="tiger:name_type" v="Ave"/>
    <tag k="tiger:reviewed" v="no"/>
    <tag k="tiger:zip_left" v="49006"/>
    <tag k="tiger:zip_right" v="49006"/>
  </way>
  <way id="1813">
    <nd ref="606"/>
    <nd ref="607"/>
    <nd ref="608"/>
    <nd ref="609"/>
    <nd ref="610"/>
    <nd ref="611"/>
    <nd ref="593"/>
    <nd ref="612"/>
    <nd ref="613"/>
    <nd ref="614"/>
    <nd ref="615"/>
    <nd ref="351"/>
    <tag k="highway" v="service"/>
  </way>
  <way id="1814">
    <nd ref="161"/>
    <nd ref="912"/>
    <nd ref="839"/>
    <nd ref="852"/>
    <nd ref="854"/>
    <nd ref="274"/>
    <tag k="cycleway:right" v="lane"/>
    <tag k="highway" v="unclassified"/>
    <tag k="maxspeed" v="25 mph"/>
    <tag k="name" v="West Michigan Avenue"/>
    <tag k="oneway" v="yes"/>
    <tag k="surface" v="asphalt"/>
    <tag k="tiger:cfcc" v="A41"/>
    <tag k="tiger:county" v="Kalamazoo, MI"/>
    <tag k="tiger:name_base" v="Michigan"/>
    <tag k="tiger:name_direction_prefix" v="W"/>
    <tag k="tiger:name_type" v="Ave"/>
    <tag k="tiger:reviewed" v="no"/>
    <tag k="tiger:zip_left" v="49006"/>
    <tag k="tiger:zip_right" v="49006"/>
  </way>
  <way id="1817">
    <nd ref="359"/>
    <nd ref="118"/>
    <nd ref="119"/>
    <nd ref="120"/>
    <nd ref="121"/>
    <nd ref="122"/>
    <nd ref="360"/>
    <nd ref="1029"/>
    <nd ref="361"/>
    <nd ref="363"/>
    <nd ref="365"/>
    <nd ref="364"/>
    <nd ref="366"/>
    <nd ref="123"/>
    <nd ref="124"/>
    <nd ref="362"/>
    <nd ref="125"/>
    <nd ref="126"/>
    <nd ref="4997"/>
    <tag k="highway" v="unclassified"/>
    <tag k="maxspeed" v="25 mph"/>
    <tag k="name" v="Ring Road North"/>
    <tag k="old_name" v="Goldsworth Drive"/>
    <tag k="tiger:cfcc" v="A41"/>
    <tag k="tiger:county" v="Kalamazoo, MI"/>
    <tag k="tiger:name_base" v="Rankin"/>
    <tag k="tiger:name_type" v="Ave"/>
    <tag k="tiger:reviewed" v="no"/>
  </way>
  <way id="1818">
    <nd ref="49"/>
    <nd ref="50"/>
    <nd ref="51"/>
    <nd ref="52"/>
    <nd ref="767"/>
    <nd ref="53"/>
    <tag k="access" v="private"/>
    <tag k="highway" v="unclassified"/>
    <tag k="maxspeed" v="25 mph"/>
    <tag k="name" v="Ring Road North"/>
    <tag k="old_name" v="Gilkison Avenue"/>
    <tag k="tiger:cfcc" v="A74"/>
    <tag k="tiger:county" v="Kalamazoo, MI"/>
    <tag k="tiger:name_base" v="Gilkison"/>
    <tag k="tiger:name_type" v="Ave"/>
    <tag k="tiger:reviewed" v="no"/>
  </way>
  <way id="1821">
    <nd ref="672"/>
    <nd ref="910"/>
    <nd ref="677"/>
    <tag k="highway" v="service"/>
  </way>
  <way id="1822">
    <nd ref="677"/>
    <nd ref="676"/>
    <nd ref="673"/>
    <nd ref="674"/>
    <nd ref="909"/>
    <nd ref="675"/>
    <nd ref="676"/>
    <tag k="highway" v="service"/>
    <tag k="service" v="parking_aisle"/>
  </way>
  <way id="1823">
    <nd ref="678"/>
    <nd ref="1171"/>
    <nd ref="679"/>
    <nd ref="307"/>
    <tag k="highway" v="unclassified"/>
    <tag k="junction" v="roundabout"/>
    <tag k="lanes" v="2"/>
    <tag k="maxspeed" v="20 mph"/>
    <tag k="name" v="West Michigan Avenue"/>
    <tag k="surface" v="asphalt"/>
  </way>
  <way id="1828">
    <nd ref="696"/>
    <nd ref="697"/>
    <nd ref="698"/>
    <nd ref="699"/>
    <nd ref="700"/>
    <nd ref="701"/>
    <nd ref="709"/>
    <nd ref="702"/>
    <nd ref="703"/>
    <nd ref="704"/>
    <nd ref="705"/>
    <nd ref="706"/>
    <nd ref="707"/>
    <nd ref="708"/>
    <nd ref="722"/>
    <nd ref="696"/>
    <tag k="highway" v="service"/>
    <tag k="service" v="parking_aisle"/>
  </way>
  <way id="1829">
    <nd ref="710"/>
    <nd ref="714"/>
    <nd ref="711"/>
    <nd ref="712"/>
    <nd ref="715"/>
    <nd ref="713"/>
    <nd ref="710"/>
    <tag k="highway" v="service"/>
    <tag k="service" v="parking_aisle"/>
  </way>
  <way id="1830">
    <nd ref="702"/>
    <nd ref="727"/>
    <nd ref="711"/>
    <tag k="highway" v="service"/>
    <tag k="service" v="parking_aisle"/>
  </way>
  <way id="1831">
    <nd ref="716"/>
    <nd ref="717"/>
    <nd ref="718"/>
    <nd ref="719"/>
    <nd ref="716"/>
    <tag k="highway" v="service"/>
    <tag k="service" v="parking_aisle"/>
  </way>
  <way id="1832">
    <nd ref="712"/>
    <nd ref="717"/>
    <tag k="highway" v="service"/>
    <tag k="service" v="parking_aisle"/>
  </way>
  <way id="1833">
    <nd ref="717"/>
    <nd ref="725"/>
    <tag k="highway" v="service"/>
    <tag k="service" v="parking_aisle"/>
  </way>
  <way id="1836">
    <nd ref="729"/>
    <nd ref="748"/>
    <nd ref="749"/>
    <nd ref="751"/>
    <nd ref="753"/>
    <nd ref="756"/>
    <nd ref="730"/>
    <nd ref="731"/>
    <nd ref="758"/>
    <nd ref="732"/>
    <nd ref="759"/>
    <nd ref="733"/>
    <nd ref="734"/>
    <nd ref="735"/>
    <nd ref="736"/>
    <nd ref="737"/>
    <nd ref="738"/>
    <nd ref="739"/>
    <nd ref="757"/>
    <nd ref="740"/>
    <nd ref="760"/>
    <nd ref="741"/>
    <nd ref="755"/>
    <nd ref="742"/>
    <nd ref="754"/>
    <nd ref="743"/>
    <nd ref="752"/>
    <nd ref="744"/>
    <nd ref="750"/>
    <nd ref="745"/>
    <nd ref="746"/>
    <nd ref="747"/>
    <nd ref="729"/>
    <tag k="highway" v="service"/>
    <tag k="service" v="parking_aisle"/>
  </way>
  <way id="1839">
    <nd ref="684"/>
    <nd ref="755"/>
    <tag k="highway" v="unclassified"/>
    <tag k="name" v="Central Campus Drive"/>
    <tag k="oneway" v="no"/>
  </way>
  <way id="1840">
    <nd ref="734"/>
    <nd ref="811"/>
    <nd ref="812"/>
    <nd ref="813"/>
    <nd ref="814"/>
    <nd ref="815"/>
    <nd ref="816"/>
    <tag k="highway" v="service"/>
  </way>
  <way id="1841">
    <nd ref="814"/>
    <nd ref="818"/>
    <nd ref="819"/>
    <tag k="highway" v="service"/>
  </way>
  <way id="1842">
    <nd ref="855"/>
    <nd ref="856"/>
    <nd ref="857"/>
    <nd ref="858"/>
    <nd ref="859"/>
    <nd ref="860"/>
    <nd ref="861"/>
    <nd ref="862"/>
    <nd ref="863"/>
    <nd ref="864"/>
    <nd ref="865"/>
    <nd ref="866"/>
    <nd ref="867"/>
    <nd ref="868"/>
    <nd ref="869"/>
    <nd ref="870"/>
    <nd ref="871"/>
    <nd ref="872"/>
    <nd ref="873"/>
    <tag k="highway" v="service"/>
  </way>
  <way id="1843">
    <nd ref="539"/>
    <nd ref="874"/>
    <nd ref="875"/>
    <nd ref="876"/>
    <nd ref="877"/>
    <nd ref="878"/>
    <nd ref="879"/>
    <nd ref="880"/>
    <nd ref="881"/>
    <nd ref="882"/>
    <nd ref="916"/>
    <nd ref="883"/>
    <tag k="highway" v="service"/>
    <tag k="service" v="parking_aisle"/>
  </way>
  <way id="1844">
    <nd ref="884"/>
    <nd ref="885"/>
    <nd ref="886"/>
    <nd ref="887"/>
    <nd ref="888"/>
    <nd ref="889"/>
    <nd ref="890"/>
    <nd ref="891"/>
    <nd ref="892"/>
    <nd ref="893"/>
    <nd ref="894"/>
    <nd ref="895"/>
    <nd ref="896"/>
    <nd ref="897"/>
    <tag k="highway" v="service"/>
  </way>
  <way id="1845">
    <nd ref="898"/>
    <nd ref="899"/>
    <tag k="highway" v="service"/>
  </way>
  <way id="1846">
    <nd ref="900"/>
    <nd ref="901"/>
    <nd ref="902"/>
    <nd ref="145"/>
    <nd ref="903"/>
    <nd ref="904"/>
    <nd ref="905"/>
    <nd ref="900"/>
    <tag k="highway" v="service"/>
    <tag k="service" v="parking_aisle"/>
  </way>
  <way id="1847">
    <nd ref="89"/>
    <nd ref="412"/>
    <nd ref="90"/>
    <nd ref="843"/>
    <nd ref="91"/>
    <nd ref="92"/>
    <nd ref="93"/>
    <nd ref="94"/>
    <tag k="highway" v="unclassified"/>
    <tag k="maxspeed" v="25 mph"/>
    <tag k="name" v="Ring Road North"/>
    <tag k="surface" v="paved"/>
    <tag k="tiger:cfcc" v="A41"/>
    <tag k="tiger:county" v="Kalamazoo, MI"/>
    <tag k="tiger:name_base" v="Rankin"/>
    <tag k="tiger:name_type" v="Ave"/>
    <tag k="tiger:reviewed" v="no"/>
  </way>
  <way id="1848">
    <nd ref="451"/>
    <nd ref="535"/>
    <nd ref="4027"/>
    <nd ref="4189"/>
    <nd ref="228"/>
    <tag k="highway" v="unclassified"/>
    <tag k="maxspeed" v="25 mph"/>
    <tag k="name" v="Ring Road South"/>
    <tag k="surface" v="asphalt"/>
    <tag k="tiger:cfcc" v="A74;A41"/>
    <tag k="tiger:county" v="Kalamazoo, MI"/>
    <tag k="tiger:name_base" v="Western;Van de Giessen"/>
    <tag k="tiger:name_type" v="Ave;Rd"/>
    <tag k="tiger:reviewed" v="no"/>
    <tag k="tiger:zip_left" v="49008"/>
    <tag k="tiger:zip_right" v="49008"/>
  </way>
  <way id="1849">
    <nd ref="774"/>
    <nd ref="773"/>
    <nd ref="693"/>
    <nd ref="6"/>
    <nd ref="534"/>
    <nd ref="728"/>
    <nd ref="768"/>
    <tag k="highway" v="tertiary"/>
    <tag k="lanes" v="2"/>
    <tag k="maxspeed" v="25 mph"/>
    <tag k="maxspeed:type" v="sign"/>
    <tag k="name" v="West Michigan Avenue"/>
    <tag k="surface" v="asphalt"/>
    <tag k="tiger:cfcc" v="A41"/>
    <tag k="tiger:county" v="Kalamazoo, MI"/>
    <tag k="tiger:name_base" v="Michigan"/>
    <tag k="tiger:name_direction_prefix" v="W"/>
    <tag k="tiger:name_type" v="Ave"/>
    <tag k="tiger:zip_left" v="49006"/>
    <tag k="tiger:zip_right" v="49006"/>
  </way>
  <way id="1850">
    <nd ref="209"/>
    <nd ref="451"/>
    <tag k="highway" v="unclassified"/>
    <tag k="maxspeed" v="25 mph"/>
    <tag k="name" v="Ring Road South"/>
    <tag k="surface" v="asphalt"/>
    <tag k="tiger:cfcc" v="A74;A41"/>
    <tag k="tiger:county" v="Kalamazoo, MI"/>
    <tag k="tiger:name_base" v="Western;Van de Giessen"/>
    <tag k="tiger:name_type" v="Ave;Rd"/>
    <tag k="tiger:reviewed" v="no"/>
    <tag k="tiger:zip_left" v="49008"/>
    <tag k="tiger:zip_right" v="49008"/>
  </way>
  <way id="1851">
    <nd ref="107"/>
    <nd ref="108"/>
    <nd ref="109"/>
    <nd ref="110"/>
    <nd ref="111"/>
    <nd ref="112"/>
    <nd ref="113"/>
    <nd ref="114"/>
    <nd ref="115"/>
    <nd ref="116"/>
    <nd ref="117"/>
    <nd ref="359"/>
    <tag k="highway" v="unclassified"/>
    <tag k="maxspeed" v="25 mph"/>
    <tag k="name" v="Ring Road North"/>
    <tag k="surface" v="paved"/>
    <tag k="tiger:cfcc" v="A41"/>
    <tag k="tiger:county" v="Kalamazoo, MI"/>
    <tag k="tiger:name_base" v="Rankin"/>
    <tag k="tiger:name_type" v="Ave"/>
    <tag k="tiger:reviewed" v="no"/>
  </way>
  <way id="1852">
    <nd ref="875"/>
    <nd ref="916"/>
    <tag k="highway" v="service"/>
    <tag k="service" v="parking_aisle"/>
  </way>
  <way id="1853">
    <nd ref="951"/>
    <nd ref="956"/>
    <nd ref="917"/>
    <nd ref="918"/>
    <nd ref="955"/>
    <nd ref="919"/>
    <nd ref="954"/>
    <nd ref="1006"/>
    <nd ref="920"/>
    <nd ref="921"/>
    <nd ref="922"/>
    <nd ref="983"/>
    <nd ref="1009"/>
    <tag k="highway" v="service"/>
  </way>
  <way id="1854">
    <nd ref="940"/>
    <nd ref="941"/>
    <nd ref="942"/>
    <nd ref="57"/>
    <nd ref="934"/>
    <nd ref="932"/>
    <nd ref="933"/>
    <nd ref="926"/>
    <nd ref="925"/>
    <nd ref="936"/>
    <nd ref="937"/>
    <nd ref="938"/>
    <nd ref="939"/>
    <nd ref="931"/>
    <nd ref="930"/>
    <nd ref="929"/>
    <nd ref="928"/>
    <nd ref="927"/>
    <nd ref="935"/>
    <nd ref="940"/>
    <tag k="access" v="private"/>
    <tag k="highway" v="service"/>
    <tag k="name" v="Wilbur Avenue"/>
    <tag k="surface" v="paved"/>
    <tag k="tiger:cfcc" v="A74"/>
    <tag k="tiger:county" v="Kalamazoo, MI"/>
    <tag k="tiger:name_base" v="Wilbur"/>
    <tag k="tiger:name_type" v="Ave"/>
    <tag k="tiger:reviewed" v="no"/>
    <tag k="tiger:zip_left" v="49006"/>
    <tag k="tiger:zip_right" v="49006"/>
  </way>
  <way id="1855">
    <nd ref="925"/>
    <nd ref="944"/>
    <nd ref="945"/>
    <nd ref="946"/>
    <nd ref="949"/>
    <nd ref="947"/>
    <nd ref="950"/>
    <nd ref="948"/>
    <tag k="highway" v="service"/>
    <tag k="service" v="driveway"/>
  </way>
  <way id="1856">
    <nd ref="834"/>
    <nd ref="551"/>
    <nd ref="557"/>
    <nd ref="837"/>
    <nd ref="558"/>
    <tag k="highway" v="service"/>
    <tag k="service" v="driveway"/>
  </way>
  <way id="1857">
    <nd ref="835"/>
    <nd ref="556"/>
    <nd ref="834"/>
    <tag k="highway" v="service"/>
    <tag k="service" v="driveway"/>
    <tag k="tunnel" v="building_passage"/>
  </way>
  <way id="1858">
    <nd ref="957"/>
    <nd ref="1007"/>
    <nd ref="958"/>
    <nd ref="962"/>
    <nd ref="959"/>
    <nd ref="960"/>
    <nd ref="961"/>
    <tag k="highway" v="service"/>
  </way>
  <way id="1860">
    <nd ref="995"/>
    <nd ref="996"/>
    <nd ref="994"/>
    <nd ref="966"/>
    <nd ref="967"/>
    <nd ref="968"/>
    <nd ref="1011"/>
    <nd ref="1043"/>
    <nd ref="969"/>
    <nd ref="970"/>
    <nd ref="971"/>
    <nd ref="997"/>
    <nd ref="972"/>
    <nd ref="957"/>
    <nd ref="973"/>
    <nd ref="1024"/>
    <nd ref="974"/>
    <nd ref="992"/>
    <nd ref="975"/>
    <nd ref="976"/>
    <nd ref="533"/>
    <nd ref="1010"/>
    <nd ref="977"/>
    <nd ref="978"/>
    <nd ref="984"/>
    <nd ref="993"/>
    <nd ref="982"/>
    <nd ref="981"/>
    <nd ref="980"/>
    <nd ref="979"/>
    <nd ref="1016"/>
    <tag k="highway" v="unclassified"/>
    <tag k="name" v="Student Center Loop Road"/>
  </way>
  <way id="1861">
    <nd ref="984"/>
    <nd ref="985"/>
    <nd ref="990"/>
    <nd ref="986"/>
    <nd ref="989"/>
    <nd ref="991"/>
    <nd ref="987"/>
    <nd ref="988"/>
    <tag k="highway" v="service"/>
  </way>
  <way id="1862">
    <nd ref="965"/>
    <nd ref="995"/>
    <tag k="highway" v="unclassified"/>
    <tag k="name" v="Student Center Loop Road"/>
  </way>
  <way id="1864">
    <nd ref="1012"/>
    <nd ref="1013"/>
    <nd ref="1014"/>
    <nd ref="1015"/>
    <tag k="highway" v="service"/>
  </way>
  <way id="1865">
    <nd ref="973"/>
    <nd ref="1026"/>
    <nd ref="1021"/>
    <nd ref="1025"/>
    <nd ref="1022"/>
    <nd ref="1028"/>
    <nd ref="1023"/>
    <nd ref="1027"/>
    <nd ref="1024"/>
    <tag k="highway" v="service"/>
    <tag k="oneway" v="yes"/>
  </way>
  <way id="1866">
    <nd ref="1030"/>
    <nd ref="1031"/>
    <nd ref="1032"/>
    <nd ref="1033"/>
    <nd ref="1034"/>
    <nd ref="1035"/>
    <tag k="highway" v="service"/>
  </way>
  <way id="1867">
    <nd ref="1036"/>
    <nd ref="1042"/>
    <nd ref="1037"/>
    <nd ref="1038"/>
    <nd ref="1039"/>
    <nd ref="1040"/>
    <nd ref="1041"/>
    <tag k="highway" v="service"/>
  </way>
  <way id="1868">
    <nd ref="1086"/>
    <nd ref="1087"/>
    <nd ref="1088"/>
    <nd ref="1089"/>
    <nd ref="1090"/>
    <nd ref="1295"/>
    <nd ref="1091"/>
    <nd ref="1092"/>
    <nd ref="1093"/>
    <nd ref="1094"/>
    <nd ref="1061"/>
    <nd ref="1062"/>
    <tag k="highway" v="unclassified"/>
    <tag k="junction" v="roundabout"/>
    <tag k="lanes" v="2"/>
    <tag k="maxspeed" v="20 mph"/>
    <tag k="name" v="West Michigan Avenue"/>
    <tag k="surface" v="asphalt"/>
  </way>
  <way id="1869">
    <nd ref="1095"/>
    <nd ref="1096"/>
    <nd ref="1291"/>
    <tag k="highway" v="unclassified"/>
    <tag k="junction" v="roundabout"/>
    <tag k="lanes" v="2"/>
    <tag k="maxspeed" v="20 mph"/>
    <tag k="name" v="West Michigan Avenue"/>
    <tag k="surface" v="asphalt"/>
  </way>
  <way id="1870">
    <nd ref="276"/>
    <nd ref="1126"/>
    <nd ref="1127"/>
    <nd ref="1128"/>
    <nd ref="1129"/>
    <nd ref="1130"/>
    <nd ref="1131"/>
    <nd ref="1132"/>
    <nd ref="1133"/>
    <tag k="highway" v="unclassified"/>
    <tag k="maxspeed" v="25 mph"/>
    <tag k="name" v="Ring Road South"/>
    <tag k="old_name" v="Knollwood Avenue"/>
    <tag k="oneway" v="yes"/>
    <tag k="surface" v="asphalt"/>
  </way>
  <way id="1872">
    <nd ref="1147"/>
    <nd ref="1285"/>
    <nd ref="1148"/>
    <nd ref="1149"/>
    <nd ref="1150"/>
    <tag k="highway" v="unclassified"/>
    <tag k="maxspeed" v="25 mph"/>
    <tag k="name" v="Ring Road North"/>
    <tag k="oneway" v="yes"/>
    <tag k="surface" v="asphalt"/>
    <tag k="tiger:cfcc" v="A41"/>
    <tag k="tiger:county" v="Kalamazoo, MI"/>
    <tag k="tiger:name_base" v="Rankin"/>
    <tag k="tiger:name_type" v="Ave"/>
    <tag k="tiger:reviewed" v="no"/>
  </way>
  <way id="1873">
    <nd ref="1140"/>
    <nd ref="1270"/>
    <nd ref="845"/>
    <tag k="type" v="line_thin"/>
    <tag k="subtype" v="solid"/>
  </way>
  <way id="1874">
    <nd ref="1157"/>
    <nd ref="1158"/>
    <nd ref="1159"/>
    <nd ref="1160"/>
    <nd ref="1161"/>
    <nd ref="1162"/>
    <nd ref="1163"/>
    <nd ref="1164"/>
    <nd ref="1165"/>
    <nd ref="1134"/>
    <tag k="highway" v="unclassified"/>
    <tag k="maxspeed" v="25 mph"/>
    <tag k="name" v="Ring Road South"/>
    <tag k="oneway" v="yes"/>
    <tag k="surface" v="asphalt"/>
  </way>
  <way id="1877">
    <nd ref="1181"/>
    <nd ref="1182"/>
    <nd ref="1183"/>
    <nd ref="1184"/>
    <nd ref="1185"/>
    <nd ref="1186"/>
    <nd ref="1187"/>
    <nd ref="1188"/>
    <tag k="highway" v="unclassified"/>
    <tag k="maxspeed" v="25 mph"/>
    <tag k="name" v="Ring Road North"/>
    <tag k="surface" v="paved"/>
    <tag k="tiger:cfcc" v="A41"/>
    <tag k="tiger:county" v="Kalamazoo, MI"/>
    <tag k="tiger:name_base" v="Rankin"/>
    <tag k="tiger:name_type" v="Ave"/>
    <tag k="tiger:reviewed" v="no"/>
  </way>
  <way id="1878">
    <nd ref="1189"/>
    <nd ref="1190"/>
    <nd ref="1191"/>
    <nd ref="1192"/>
    <nd ref="1193"/>
    <nd ref="1194"/>
    <nd ref="1195"/>
    <nd ref="1196"/>
    <tag k="highway" v="unclassified"/>
    <tag k="maxspeed" v="25 mph"/>
    <tag k="name" v="Ring Road North"/>
    <tag k="surface" v="paved"/>
    <tag k="tiger:cfcc" v="A41"/>
    <tag k="tiger:county" v="Kalamazoo, MI"/>
    <tag k="tiger:name_base" v="Rankin"/>
    <tag k="tiger:name_type" v="Ave"/>
    <tag k="tiger:reviewed" v="no"/>
  </way>
  <way id="1879">
    <nd ref="1227"/>
    <nd ref="1228"/>
    <nd ref="1229"/>
    <nd ref="1230"/>
    <nd ref="1231"/>
    <nd ref="1232"/>
    <nd ref="1233"/>
    <tag k="cycleway:right" v="lane"/>
    <tag k="highway" v="unclassified"/>
    <tag k="maxspeed" v="25 mph"/>
    <tag k="name" v="West Michigan Avenue"/>
    <tag k="oneway" v="yes"/>
    <tag k="surface" v="asphalt"/>
    <tag k="tiger:cfcc" v="A41"/>
    <tag k="tiger:county" v="Kalamazoo, MI"/>
    <tag k="tiger:name_base" v="Michigan"/>
    <tag k="tiger:name_direction_prefix" v="W"/>
    <tag k="tiger:name_type" v="Ave"/>
    <tag k="tiger:reviewed" v="no"/>
    <tag k="tiger:zip_left" v="49006"/>
    <tag k="tiger:zip_right" v="49006"/>
  </way>
  <way id="1880">
    <nd ref="1156"/>
    <nd ref="1227"/>
    <tag k="type" v="line_thin"/>
    <tag k="subtype" v="solid"/>
  </way>
  <way id="1881">
    <nd ref="1248"/>
    <nd ref="1198"/>
    <tag k="type" v="line_thin"/>
    <tag k="subtype" v="solid"/>
  </way>
  <way id="1883">
    <nd ref="1134"/>
    <nd ref="1135"/>
    <nd ref="1136"/>
    <nd ref="1137"/>
    <nd ref="1138"/>
    <nd ref="1262"/>
    <nd ref="1139"/>
    <nd ref="305"/>
    <tag k="type" v="line_thin"/>
    <tag k="subtype" v="solid"/>
  </way>
  <way id="1884">
    <nd ref="472"/>
    <nd ref="296"/>
    <nd ref="469"/>
    <nd ref="471"/>
    <nd ref="470"/>
    <nd ref="267"/>
    <nd ref="1266"/>
    <tag k="type" v="line_thin"/>
    <tag k="subtype" v="solid"/>
  </way>
  <way id="1885">
    <nd ref="466"/>
    <nd ref="465"/>
    <nd ref="273"/>
    <nd ref="275"/>
    <nd ref="464"/>
    <nd ref="468"/>
    <nd ref="1264"/>
    <nd ref="463"/>
    <nd ref="1070"/>
    <tag k="type" v="line_thin"/>
    <tag k="subtype" v="solid"/>
  </way>
  <way id="1886">
    <nd ref="476"/>
    <nd ref="1265"/>
    <tag k="highway" v="unclassified"/>
    <tag k="junction" v="roundabout"/>
    <tag k="lanes" v="2"/>
    <tag k="maxspeed" v="20 mph"/>
    <tag k="name" v="West Michigan Avenue"/>
    <tag k="surface" v="asphalt"/>
  </way>
  <way id="1887">
    <nd ref="305"/>
    <nd ref="476"/>
    <tag k="type" v="line_thin"/>
    <tag k="subtype" v="solid"/>
  </way>
  <way id="1889">
    <nd ref="1079"/>
    <nd ref="1080"/>
    <nd ref="1081"/>
    <nd ref="1082"/>
    <nd ref="1083"/>
    <nd ref="1084"/>
    <nd ref="1273"/>
    <tag k="highway" v="unclassified"/>
    <tag k="junction" v="roundabout"/>
    <tag k="lanes" v="2"/>
    <tag k="maxspeed" v="20 mph"/>
    <tag k="name" v="West Michigan Avenue"/>
    <tag k="surface" v="asphalt"/>
  </way>
  <way id="1890">
    <nd ref="1266"/>
    <nd ref="1079"/>
    <tag k="type" v="line_thin"/>
    <tag k="subtype" v="solid"/>
  </way>
  <way id="1891">
    <nd ref="1086"/>
    <nd ref="1271"/>
    <nd ref="480"/>
    <tag k="type" v="line_thin"/>
    <tag k="subtype" v="solid"/>
  </way>
  <way id="1892">
    <nd ref="845"/>
    <nd ref="1268"/>
    <nd ref="1272"/>
    <nd ref="1267"/>
    <nd ref="312"/>
    <nd ref="485"/>
    <nd ref="266"/>
    <nd ref="310"/>
    <nd ref="844"/>
    <nd ref="486"/>
    <nd ref="680"/>
    <nd ref="678"/>
    <tag k="highway" v="unclassified"/>
    <tag k="junction" v="roundabout"/>
    <tag k="lanes" v="2"/>
    <tag k="maxspeed" v="20 mph"/>
    <tag k="name" v="West Michigan Avenue"/>
    <tag k="surface" v="asphalt"/>
  </way>
  <way id="1893">
    <nd ref="845"/>
    <nd ref="1274"/>
    <tag k="type" v="line_thin"/>
    <tag k="subtype" v="solid"/>
  </way>
  <way id="1894">
    <nd ref="1086"/>
    <nd ref="1085"/>
    <nd ref="1273"/>
    <tag k="type" v="line_thin"/>
    <tag k="subtype" v="solid"/>
  </way>
  <way id="1895">
    <nd ref="1274"/>
    <nd ref="479"/>
    <nd ref="308"/>
    <nd ref="478"/>
    <nd ref="268"/>
    <nd ref="477"/>
    <nd ref="1265"/>
    <nd ref="476"/>
    <tag k="type" v="line_thin"/>
    <tag k="subtype" v="solid"/>
  </way>
  <way id="1896">
    <nd ref="4659"/>
    <nd ref="484"/>
    <nd ref="89"/>
    <tag k="highway" v="unclassified"/>
    <tag k="maxspeed" v="25 mph"/>
    <tag k="name" v="Ring Road North"/>
    <tag k="oneway" v="yes"/>
    <tag k="surface" v="asphalt"/>
  </way>
  <way id="1897">
    <nd ref="276"/>
    <nd ref="846"/>
    <nd ref="488"/>
    <nd ref="265"/>
    <nd ref="489"/>
    <nd ref="306"/>
    <nd ref="490"/>
    <nd ref="267"/>
    <nd ref="1263"/>
    <nd ref="305"/>
    <tag k="highway" v="unclassified"/>
    <tag k="junction" v="roundabout"/>
    <tag k="lanes" v="2"/>
    <tag k="maxspeed" v="20 mph"/>
    <tag k="name" v="West Michigan Avenue"/>
    <tag k="surface" v="asphalt"/>
  </way>
  <way id="1898">
    <nd ref="276"/>
    <nd ref="309"/>
    <tag k="type" v="line_thin"/>
    <tag k="subtype" v="solid"/>
  </way>
  <way id="1899">
    <nd ref="1070"/>
    <nd ref="1071"/>
    <nd ref="1072"/>
    <nd ref="1073"/>
    <nd ref="1074"/>
    <nd ref="1312"/>
    <nd ref="1075"/>
    <nd ref="1076"/>
    <nd ref="1077"/>
    <nd ref="1266"/>
    <tag k="highway" v="unclassified"/>
    <tag k="junction" v="roundabout"/>
    <tag k="lanes" v="2"/>
    <tag k="maxspeed" v="20 mph"/>
    <tag k="name" v="West Michigan Avenue"/>
    <tag k="surface" v="asphalt"/>
  </way>
  <way id="1900">
    <nd ref="1069"/>
    <nd ref="1070"/>
    <tag k="type" v="line_thin"/>
    <tag k="subtype" v="solid"/>
  </way>
  <way id="1901">
    <nd ref="1047"/>
    <nd ref="1275"/>
    <nd ref="1276"/>
    <nd ref="1045"/>
    <tag k="type" v="line_thin"/>
    <tag k="subtype" v="solid"/>
  </way>
  <way id="1902">
    <nd ref="1047"/>
    <nd ref="1046"/>
    <nd ref="1045"/>
    <tag k="type" v="line_thin"/>
    <tag k="subtype" v="solid"/>
  </way>
  <way id="1903">
    <nd ref="1276"/>
    <nd ref="1277"/>
    <nd ref="1278"/>
    <tag k="type" v="line_thin"/>
    <tag k="subtype" v="solid"/>
  </way>
  <way id="1904">
    <nd ref="274"/>
    <nd ref="840"/>
    <nd ref="277"/>
    <nd ref="1279"/>
    <tag k="highway" v="unclassified"/>
    <tag k="maxspeed" v="25 mph"/>
    <tag k="name" v="West Michigan Avenue"/>
    <tag k="oneway" v="yes"/>
    <tag k="surface" v="asphalt"/>
    <tag k="tiger:cfcc" v="A41"/>
    <tag k="tiger:county" v="Kalamazoo, MI"/>
    <tag k="tiger:name_base" v="Michigan"/>
    <tag k="tiger:name_direction_prefix" v="W"/>
    <tag k="tiger:name_type" v="Ave"/>
    <tag k="tiger:reviewed" v="no"/>
    <tag k="tiger:zip_left" v="49006"/>
    <tag k="tiger:zip_right" v="49006"/>
  </way>
  <way id="1905">
    <nd ref="1052"/>
    <nd ref="1053"/>
    <nd ref="1054"/>
    <nd ref="1280"/>
    <tag k="highway" v="unclassified"/>
    <tag k="maxspeed" v="25 mph"/>
    <tag k="name" v="West Michigan Avenue"/>
    <tag k="oneway" v="yes"/>
    <tag k="surface" v="asphalt"/>
    <tag k="tiger:cfcc" v="A41"/>
    <tag k="tiger:county" v="Kalamazoo, MI"/>
    <tag k="tiger:name_base" v="Michigan"/>
    <tag k="tiger:name_direction_prefix" v="W"/>
    <tag k="tiger:name_type" v="Ave"/>
    <tag k="tiger:reviewed" v="no"/>
    <tag k="tiger:zip_left" v="49006"/>
    <tag k="tiger:zip_right" v="49006"/>
  </way>
  <way id="1906">
    <nd ref="1280"/>
    <nd ref="1055"/>
    <nd ref="1282"/>
    <nd ref="1302"/>
    <tag k="highway" v="unclassified"/>
    <tag k="maxspeed" v="25 mph"/>
    <tag k="name" v="West Michigan Avenue"/>
    <tag k="oneway" v="yes"/>
    <tag k="surface" v="asphalt"/>
    <tag k="tiger:cfcc" v="A41"/>
    <tag k="tiger:county" v="Kalamazoo, MI"/>
    <tag k="tiger:name_base" v="Michigan"/>
    <tag k="tiger:name_direction_prefix" v="W"/>
    <tag k="tiger:name_type" v="Ave"/>
    <tag k="tiger:reviewed" v="no"/>
    <tag k="tiger:zip_left" v="49006"/>
    <tag k="tiger:zip_right" v="49006"/>
  </way>
  <way id="1907">
    <nd ref="1047"/>
    <nd ref="1048"/>
    <nd ref="1283"/>
    <tag k="highway" v="unclassified"/>
    <tag k="maxspeed" v="25 mph"/>
    <tag k="name" v="West Michigan Avenue"/>
    <tag k="oneway" v="yes"/>
    <tag k="surface" v="asphalt"/>
    <tag k="tiger:cfcc" v="A41"/>
    <tag k="tiger:county" v="Kalamazoo, MI"/>
    <tag k="tiger:name_base" v="Michigan"/>
    <tag k="tiger:name_direction_prefix" v="W"/>
    <tag k="tiger:name_type" v="Ave"/>
    <tag k="tiger:reviewed" v="no"/>
    <tag k="tiger:zip_left" v="49006"/>
    <tag k="tiger:zip_right" v="49006"/>
  </way>
  <way id="1908">
    <nd ref="1284"/>
    <nd ref="1063"/>
    <nd ref="1064"/>
    <nd ref="1065"/>
    <nd ref="1066"/>
    <nd ref="1298"/>
    <tag k="highway" v="unclassified"/>
    <tag k="junction" v="roundabout"/>
    <tag k="lanes" v="2"/>
    <tag k="maxspeed" v="20 mph"/>
    <tag k="name" v="West Michigan Avenue"/>
    <tag k="surface" v="asphalt"/>
  </way>
  <way id="1909">
    <nd ref="1147"/>
    <nd ref="1173"/>
    <nd ref="1174"/>
    <nd ref="1175"/>
    <nd ref="1176"/>
    <nd ref="1177"/>
    <nd ref="1178"/>
    <nd ref="1179"/>
    <nd ref="1180"/>
    <tag k="type" v="line_thin"/>
    <tag k="subtype" v="solid"/>
  </way>
  <way id="1910">
    <nd ref="491"/>
    <nd ref="1286"/>
    <nd ref="1281"/>
    <nd ref="307"/>
    <tag k="type" v="line_thin"/>
    <tag k="subtype" v="solid"/>
  </way>
  <way id="1911">
    <nd ref="1153"/>
    <nd ref="1154"/>
    <nd ref="1155"/>
    <nd ref="1156"/>
    <tag k="highway" v="unclassified"/>
    <tag k="maxspeed" v="25 mph"/>
    <tag k="name" v="West Michigan Avenue"/>
    <tag k="oneway" v="yes"/>
    <tag k="surface" v="asphalt"/>
    <tag k="tiger:cfcc" v="A41"/>
    <tag k="tiger:county" v="Kalamazoo, MI"/>
    <tag k="tiger:name_base" v="Michigan"/>
    <tag k="tiger:name_direction_prefix" v="W"/>
    <tag k="tiger:name_type" v="Ave"/>
    <tag k="tiger:reviewed" v="no"/>
    <tag k="tiger:zip_left" v="49006"/>
    <tag k="tiger:zip_right" v="49006"/>
  </way>
  <way id="1912">
    <nd ref="1153"/>
    <nd ref="1152"/>
    <nd ref="1151"/>
    <tag k="type" v="line_thin"/>
    <tag k="subtype" v="solid"/>
  </way>
  <way id="1913">
    <nd ref="1101"/>
    <nd ref="1102"/>
    <nd ref="1287"/>
    <tag k="type" v="line_thin"/>
    <tag k="subtype" v="solid"/>
  </way>
  <way id="1914">
    <nd ref="1288"/>
    <nd ref="1110"/>
    <nd ref="1290"/>
    <tag k="highway" v="unclassified"/>
    <tag k="junction" v="roundabout"/>
    <tag k="lanes" v="2"/>
    <tag k="maxspeed" v="20 mph"/>
    <tag k="name" v="West Michigan Avenue"/>
    <tag k="surface" v="asphalt"/>
  </way>
  <way id="1915">
    <nd ref="1289"/>
    <nd ref="1116"/>
    <nd ref="1294"/>
    <tag k="highway" v="unclassified"/>
    <tag k="junction" v="roundabout"/>
    <tag k="lanes" v="2"/>
    <tag k="maxspeed" v="20 mph"/>
    <tag k="name" v="West Michigan Avenue"/>
    <tag k="surface" v="asphalt"/>
  </way>
  <way id="1916">
    <nd ref="1290"/>
    <nd ref="1111"/>
    <nd ref="1112"/>
    <nd ref="1113"/>
    <nd ref="1114"/>
    <nd ref="1115"/>
    <nd ref="1289"/>
    <tag k="highway" v="unclassified"/>
    <tag k="junction" v="roundabout"/>
    <tag k="lanes" v="2"/>
    <tag k="maxspeed" v="20 mph"/>
    <tag k="name" v="West Michigan Avenue"/>
    <tag k="surface" v="asphalt"/>
  </way>
  <way id="1917">
    <nd ref="1291"/>
    <nd ref="1097"/>
    <nd ref="1098"/>
    <nd ref="1099"/>
    <nd ref="1100"/>
    <nd ref="1300"/>
    <tag k="highway" v="unclassified"/>
    <tag k="junction" v="roundabout"/>
    <tag k="lanes" v="2"/>
    <tag k="maxspeed" v="20 mph"/>
    <tag k="name" v="West Michigan Avenue"/>
    <tag k="surface" v="asphalt"/>
  </way>
  <way id="1918">
    <nd ref="1062"/>
    <nd ref="1284"/>
    <tag k="type" v="line_thin"/>
    <tag k="subtype" v="solid"/>
  </way>
  <way id="1919">
    <nd ref="678"/>
    <nd ref="1062"/>
    <tag k="type" v="line_thin"/>
    <tag k="subtype" v="solid"/>
  </way>
  <way id="1920">
    <nd ref="1150"/>
    <nd ref="1292"/>
    <tag k="type" v="line_thin"/>
    <tag k="subtype" v="solid"/>
  </way>
  <way id="1921">
    <nd ref="1284"/>
    <nd ref="307"/>
    <tag k="type" v="line_thin"/>
    <tag k="subtype" v="solid"/>
  </way>
  <way id="1922">
    <nd ref="1151"/>
    <nd ref="1293"/>
    <tag k="type" v="line_thin"/>
    <tag k="subtype" v="solid"/>
  </way>
  <way id="1923">
    <nd ref="1292"/>
    <nd ref="1293"/>
    <tag k="type" v="line_thin"/>
    <tag k="subtype" v="solid"/>
  </way>
  <way id="1924">
    <nd ref="1086"/>
    <nd ref="1087"/>
    <nd ref="1088"/>
    <nd ref="1089"/>
    <nd ref="1090"/>
    <nd ref="1295"/>
    <tag k="highway" v="unclassified"/>
    <tag k="junction" v="roundabout"/>
    <tag k="lanes" v="2"/>
    <tag k="maxspeed" v="20 mph"/>
    <tag k="name" v="West Michigan Avenue"/>
    <tag k="surface" v="asphalt"/>
  </way>
  <way id="1925">
    <nd ref="1295"/>
    <nd ref="1091"/>
    <nd ref="1092"/>
    <nd ref="1093"/>
    <nd ref="1094"/>
    <nd ref="1061"/>
    <nd ref="1062"/>
    <tag k="highway" v="unclassified"/>
    <tag k="junction" v="roundabout"/>
    <tag k="lanes" v="2"/>
    <tag k="maxspeed" v="20 mph"/>
    <tag k="name" v="West Michigan Avenue"/>
    <tag k="surface" v="asphalt"/>
  </way>
  <way id="1926">
    <nd ref="1294"/>
    <nd ref="1117"/>
    <nd ref="1118"/>
    <nd ref="1119"/>
    <nd ref="1120"/>
    <nd ref="1121"/>
    <nd ref="1296"/>
    <tag k="highway" v="unclassified"/>
    <tag k="junction" v="roundabout"/>
    <tag k="lanes" v="2"/>
    <tag k="maxspeed" v="20 mph"/>
    <tag k="name" v="West Michigan Avenue"/>
    <tag k="surface" v="asphalt"/>
  </way>
  <way id="1927">
    <nd ref="1296"/>
    <nd ref="1122"/>
    <nd ref="1123"/>
    <nd ref="1124"/>
    <nd ref="1125"/>
    <nd ref="1095"/>
    <tag k="highway" v="unclassified"/>
    <tag k="junction" v="roundabout"/>
    <tag k="lanes" v="2"/>
    <tag k="maxspeed" v="20 mph"/>
    <tag k="name" v="West Michigan Avenue"/>
    <tag k="surface" v="asphalt"/>
  </way>
  <way id="1928">
    <nd ref="1297"/>
    <nd ref="487"/>
    <nd ref="88"/>
    <nd ref="847"/>
    <nd ref="307"/>
    <tag k="type" v="line_thin"/>
    <tag k="subtype" v="solid"/>
  </way>
  <way id="1929">
    <nd ref="1284"/>
    <nd ref="1063"/>
    <nd ref="1064"/>
    <nd ref="1065"/>
    <nd ref="1066"/>
    <nd ref="1298"/>
    <tag k="highway" v="unclassified"/>
    <tag k="junction" v="roundabout"/>
    <tag k="lanes" v="2"/>
    <tag k="maxspeed" v="20 mph"/>
    <tag k="name" v="West Michigan Avenue"/>
    <tag k="surface" v="asphalt"/>
  </way>
  <way id="1930">
    <nd ref="1297"/>
    <nd ref="1299"/>
    <nd ref="311"/>
    <nd ref="280"/>
    <nd ref="309"/>
    <tag k="type" v="line_thin"/>
    <tag k="subtype" v="solid"/>
  </way>
  <way id="1931">
    <nd ref="1283"/>
    <nd ref="1049"/>
    <nd ref="1050"/>
    <nd ref="1051"/>
    <nd ref="1305"/>
    <tag k="type" v="line_thin"/>
    <tag k="subtype" v="solid"/>
  </way>
  <way id="1932">
    <nd ref="1283"/>
    <nd ref="491"/>
    <tag k="type" v="line_thin"/>
    <tag k="subtype" v="solid"/>
  </way>
  <way id="1933">
    <nd ref="1298"/>
    <nd ref="1067"/>
    <nd ref="1068"/>
    <nd ref="1069"/>
    <tag k="type" v="line_thin"/>
    <tag k="subtype" v="solid"/>
  </way>
  <way id="1934">
    <nd ref="1279"/>
    <nd ref="681"/>
    <nd ref="278"/>
    <nd ref="1301"/>
    <tag k="highway" v="unclassified"/>
    <tag k="maxspeed" v="25 mph"/>
    <tag k="name" v="West Michigan Avenue"/>
    <tag k="oneway" v="yes"/>
    <tag k="surface" v="asphalt"/>
    <tag k="tiger:cfcc" v="A41"/>
    <tag k="tiger:county" v="Kalamazoo, MI"/>
    <tag k="tiger:name_base" v="Michigan"/>
    <tag k="tiger:name_direction_prefix" v="W"/>
    <tag k="tiger:name_type" v="Ave"/>
    <tag k="tiger:reviewed" v="no"/>
    <tag k="tiger:zip_left" v="49006"/>
    <tag k="tiger:zip_right" v="49006"/>
  </way>
  <way id="1935">
    <nd ref="1280"/>
    <nd ref="1055"/>
    <nd ref="1282"/>
    <nd ref="1302"/>
    <tag k="highway" v="unclassified"/>
    <tag k="maxspeed" v="25 mph"/>
    <tag k="name" v="West Michigan Avenue"/>
    <tag k="oneway" v="yes"/>
    <tag k="surface" v="asphalt"/>
    <tag k="tiger:cfcc" v="A41"/>
    <tag k="tiger:county" v="Kalamazoo, MI"/>
    <tag k="tiger:name_base" v="Michigan"/>
    <tag k="tiger:name_direction_prefix" v="W"/>
    <tag k="tiger:name_type" v="Ave"/>
    <tag k="tiger:reviewed" v="no"/>
    <tag k="tiger:zip_left" v="49006"/>
    <tag k="tiger:zip_right" v="49006"/>
  </way>
  <way id="1936">
    <nd ref="1301"/>
    <nd ref="682"/>
    <nd ref="279"/>
    <nd ref="953"/>
    <nd ref="1303"/>
    <tag k="highway" v="unclassified"/>
    <tag k="maxspeed" v="25 mph"/>
    <tag k="name" v="West Michigan Avenue"/>
    <tag k="oneway" v="yes"/>
    <tag k="surface" v="asphalt"/>
    <tag k="tiger:cfcc" v="A41"/>
    <tag k="tiger:county" v="Kalamazoo, MI"/>
    <tag k="tiger:name_base" v="Michigan"/>
    <tag k="tiger:name_direction_prefix" v="W"/>
    <tag k="tiger:name_type" v="Ave"/>
    <tag k="tiger:reviewed" v="no"/>
    <tag k="tiger:zip_left" v="49006"/>
    <tag k="tiger:zip_right" v="49006"/>
  </way>
  <way id="1937">
    <nd ref="1303"/>
    <nd ref="683"/>
    <nd ref="1309"/>
    <nd ref="309"/>
    <tag k="highway" v="unclassified"/>
    <tag k="maxspeed" v="25 mph"/>
    <tag k="name" v="West Michigan Avenue"/>
    <tag k="oneway" v="yes"/>
    <tag k="surface" v="asphalt"/>
    <tag k="tiger:cfcc" v="A41"/>
    <tag k="tiger:county" v="Kalamazoo, MI"/>
    <tag k="tiger:name_base" v="Michigan"/>
    <tag k="tiger:name_direction_prefix" v="W"/>
    <tag k="tiger:name_type" v="Ave"/>
    <tag k="tiger:reviewed" v="no"/>
    <tag k="tiger:zip_left" v="49006"/>
    <tag k="tiger:zip_right" v="49006"/>
  </way>
  <way id="1938">
    <nd ref="1302"/>
    <nd ref="1056"/>
    <nd ref="1057"/>
    <nd ref="1058"/>
    <nd ref="1304"/>
    <tag k="highway" v="unclassified"/>
    <tag k="maxspeed" v="25 mph"/>
    <tag k="name" v="West Michigan Avenue"/>
    <tag k="oneway" v="yes"/>
    <tag k="surface" v="asphalt"/>
    <tag k="tiger:cfcc" v="A41"/>
    <tag k="tiger:county" v="Kalamazoo, MI"/>
    <tag k="tiger:name_base" v="Michigan"/>
    <tag k="tiger:name_direction_prefix" v="W"/>
    <tag k="tiger:name_type" v="Ave"/>
    <tag k="tiger:reviewed" v="no"/>
    <tag k="tiger:zip_left" v="49006"/>
    <tag k="tiger:zip_right" v="49006"/>
  </way>
  <way id="1939">
    <nd ref="1304"/>
    <nd ref="1059"/>
    <nd ref="1060"/>
    <nd ref="1069"/>
    <tag k="highway" v="unclassified"/>
    <tag k="maxspeed" v="25 mph"/>
    <tag k="name" v="West Michigan Avenue"/>
    <tag k="oneway" v="yes"/>
    <tag k="surface" v="asphalt"/>
    <tag k="tiger:cfcc" v="A41"/>
    <tag k="tiger:county" v="Kalamazoo, MI"/>
    <tag k="tiger:name_base" v="Michigan"/>
    <tag k="tiger:name_direction_prefix" v="W"/>
    <tag k="tiger:name_type" v="Ave"/>
    <tag k="tiger:reviewed" v="no"/>
    <tag k="tiger:zip_left" v="49006"/>
    <tag k="tiger:zip_right" v="49006"/>
  </way>
  <way id="1940">
    <nd ref="1305"/>
    <nd ref="1306"/>
    <nd ref="1307"/>
    <nd ref="1308"/>
    <nd ref="1101"/>
    <tag k="type" v="line_thin"/>
    <tag k="subtype" v="solid"/>
  </way>
  <way id="1941">
    <nd ref="1300"/>
    <nd ref="1311"/>
    <nd ref="1310"/>
    <nd ref="1101"/>
    <tag k="type" v="line_thin"/>
    <tag k="subtype" v="solid"/>
  </way>
  <way id="1942">
    <nd ref="1070"/>
    <nd ref="1071"/>
    <nd ref="1072"/>
    <nd ref="1073"/>
    <nd ref="1074"/>
    <nd ref="1312"/>
    <tag k="highway" v="unclassified"/>
    <tag k="junction" v="roundabout"/>
    <tag k="lanes" v="2"/>
    <tag k="maxspeed" v="20 mph"/>
    <tag k="name" v="West Michigan Avenue"/>
    <tag k="surface" v="asphalt"/>
  </way>
  <way id="1943">
    <nd ref="1312"/>
    <nd ref="1075"/>
    <nd ref="1076"/>
    <nd ref="1077"/>
    <nd ref="1266"/>
    <tag k="highway" v="unclassified"/>
    <tag k="junction" v="roundabout"/>
    <tag k="lanes" v="2"/>
    <tag k="maxspeed" v="20 mph"/>
    <tag k="name" v="West Michigan Avenue"/>
    <tag k="surface" v="asphalt"/>
  </way>
  <way id="1944">
    <nd ref="1287"/>
    <nd ref="1103"/>
    <nd ref="1104"/>
    <nd ref="1105"/>
    <nd ref="1106"/>
    <nd ref="1313"/>
    <tag k="highway" v="unclassified"/>
    <tag k="junction" v="roundabout"/>
    <tag k="lanes" v="2"/>
    <tag k="maxspeed" v="20 mph"/>
    <tag k="name" v="West Michigan Avenue"/>
    <tag k="surface" v="asphalt"/>
  </way>
  <way id="1945">
    <nd ref="1313"/>
    <nd ref="1107"/>
    <nd ref="1108"/>
    <nd ref="1109"/>
    <nd ref="1288"/>
    <tag k="highway" v="unclassified"/>
    <tag k="junction" v="roundabout"/>
    <tag k="lanes" v="2"/>
    <tag k="maxspeed" v="20 mph"/>
    <tag k="name" v="West Michigan Avenue"/>
    <tag k="surface" v="asphalt"/>
  </way>
  <way id="1946">
    <nd ref="1052"/>
    <nd ref="1319"/>
    <nd ref="1318"/>
    <nd ref="1317"/>
    <nd ref="1316"/>
    <nd ref="1315"/>
    <nd ref="1314"/>
    <tag k="type" v="line_thin"/>
    <tag k="subtype" v="solid"/>
  </way>
  <way id="1947">
    <nd ref="1320"/>
    <nd ref="1323"/>
    <tag k="type" v="line_thin"/>
    <tag k="subtype" v="solid"/>
  </way>
  <way id="1948">
    <nd ref="1326"/>
    <nd ref="1327"/>
    <nd ref="1328"/>
    <nd ref="1329"/>
    <nd ref="1330"/>
    <nd ref="1331"/>
    <nd ref="1332"/>
    <nd ref="1333"/>
    <nd ref="1334"/>
    <nd ref="1335"/>
    <nd ref="1336"/>
    <nd ref="1337"/>
    <tag k="highway" v="service"/>
  </way>
  <way id="1949">
    <nd ref="1338"/>
    <nd ref="1339"/>
    <nd ref="1340"/>
    <nd ref="1341"/>
    <nd ref="1342"/>
    <nd ref="1343"/>
    <nd ref="1344"/>
    <nd ref="1348"/>
    <nd ref="1345"/>
    <nd ref="1346"/>
    <nd ref="1347"/>
    <tag k="highway" v="service"/>
  </way>
  <way id="1950">
    <nd ref="1350"/>
    <nd ref="325"/>
    <nd ref="326"/>
    <nd ref="327"/>
    <nd ref="352"/>
    <nd ref="594"/>
    <nd ref="328"/>
    <nd ref="329"/>
    <nd ref="924"/>
    <nd ref="330"/>
    <nd ref="331"/>
    <nd ref="595"/>
    <nd ref="357"/>
    <nd ref="332"/>
    <nd ref="426"/>
    <nd ref="333"/>
    <nd ref="334"/>
    <nd ref="335"/>
    <nd ref="336"/>
    <nd ref="337"/>
    <nd ref="952"/>
    <nd ref="1349"/>
    <nd ref="1478"/>
    <tag k="access" v="private"/>
    <tag k="bicycle" v="yes"/>
    <tag k="foot" v="yes"/>
    <tag k="highway" v="service"/>
    <tag k="horse" v="no"/>
    <tag k="oneway" v="no"/>
    <tag k="surface" v="paved"/>
  </way>
  <way id="1951">
    <nd ref="1198"/>
    <nd ref="1199"/>
    <nd ref="1200"/>
    <nd ref="1201"/>
    <nd ref="1202"/>
    <nd ref="1203"/>
    <nd ref="1204"/>
    <nd ref="1375"/>
    <nd ref="1415"/>
    <tag k="highway" v="unclassified"/>
    <tag k="maxspeed" v="25 mph"/>
    <tag k="name" v="Ring Road South"/>
    <tag k="old_name" v="Knollwood Avenue"/>
    <tag k="surface" v="asphalt"/>
    <tag k="tiger:cfcc" v="A41"/>
    <tag k="tiger:county" v="Kalamazoo, MI"/>
    <tag k="tiger:name_base" v="Rankin"/>
    <tag k="tiger:name_type" v="Ave"/>
    <tag k="tiger:reviewed" v="no"/>
  </way>
  <way id="1952">
    <nd ref="428"/>
    <nd ref="650"/>
    <nd ref="287"/>
    <nd ref="649"/>
    <nd ref="291"/>
    <nd ref="648"/>
    <nd ref="647"/>
    <nd ref="4457"/>
    <nd ref="507"/>
    <tag k="highway" v="unclassified"/>
    <tag k="maxspeed" v="25 mph"/>
    <tag k="name" v="Ring Road South"/>
    <tag k="old_name" v="Knollwood Avenue"/>
    <tag k="surface" v="asphalt"/>
    <tag k="tiger:cfcc" v="A41"/>
    <tag k="tiger:county" v="Kalamazoo, MI"/>
    <tag k="tiger:name_base" v="Rankin"/>
    <tag k="tiger:name_type" v="Ave"/>
    <tag k="tiger:reviewed" v="no"/>
  </way>
  <way id="1953">
    <nd ref="1374"/>
    <nd ref="1379"/>
    <nd ref="1378"/>
    <nd ref="1377"/>
    <nd ref="1376"/>
    <tag k="type" v="line_thin"/>
    <tag k="subtype" v="solid"/>
  </way>
  <way id="1954">
    <nd ref="507"/>
    <nd ref="1404"/>
    <nd ref="1324"/>
    <nd ref="1386"/>
    <tag k="highway" v="unclassified"/>
    <tag k="maxspeed" v="25 mph"/>
    <tag k="name" v="Ring Road South"/>
    <tag k="old_name" v="Knollwood Avenue"/>
    <tag k="surface" v="asphalt"/>
    <tag k="tiger:cfcc" v="A41"/>
    <tag k="tiger:county" v="Kalamazoo, MI"/>
    <tag k="tiger:name_base" v="Rankin"/>
    <tag k="tiger:name_type" v="Ave"/>
    <tag k="tiger:reviewed" v="no"/>
  </way>
  <way id="1955">
    <nd ref="1406"/>
    <nd ref="1405"/>
    <nd ref="1325"/>
    <nd ref="1387"/>
    <tag k="type" v="line_thin"/>
    <tag k="subtype" v="solid"/>
  </way>
  <way id="1956">
    <nd ref="1387"/>
    <nd ref="1395"/>
    <nd ref="1394"/>
    <nd ref="1393"/>
    <nd ref="1392"/>
    <nd ref="1391"/>
    <nd ref="1390"/>
    <nd ref="1389"/>
    <nd ref="1388"/>
    <nd ref="1323"/>
    <tag k="type" v="line_thin"/>
    <tag k="subtype" v="solid"/>
  </way>
  <way id="1957">
    <nd ref="1374"/>
    <nd ref="1396"/>
    <nd ref="1397"/>
    <nd ref="1398"/>
    <nd ref="1399"/>
    <nd ref="1400"/>
    <nd ref="1401"/>
    <nd ref="1402"/>
    <nd ref="1403"/>
    <nd ref="1406"/>
    <tag k="type" v="line_thin"/>
    <tag k="subtype" v="solid"/>
  </way>
  <way id="1962">
    <nd ref="1415"/>
    <nd ref="1413"/>
    <nd ref="1414"/>
    <nd ref="1416"/>
    <nd ref="1323"/>
    <tag k="type" v="line_thin"/>
    <tag k="subtype" v="solid"/>
  </way>
  <way id="1963">
    <nd ref="507"/>
    <nd ref="1412"/>
    <nd ref="1411"/>
    <nd ref="1410"/>
    <nd ref="1409"/>
    <nd ref="1408"/>
    <nd ref="1407"/>
    <nd ref="1321"/>
    <tag k="type" v="line_thin"/>
    <tag k="subtype" v="solid"/>
  </way>
  <way id="1964">
    <nd ref="1321"/>
    <nd ref="1380"/>
    <nd ref="1381"/>
    <nd ref="1382"/>
    <nd ref="1383"/>
    <nd ref="1384"/>
    <nd ref="1385"/>
    <nd ref="1386"/>
    <tag k="type" v="line_thin"/>
    <tag k="subtype" v="solid"/>
  </way>
  <way id="1965">
    <nd ref="1415"/>
    <nd ref="1376"/>
    <tag k="type" v="line_thin"/>
    <tag k="subtype" v="solid"/>
  </way>
  <way id="1970">
    <nd ref="1387"/>
    <nd ref="1420"/>
    <nd ref="1459"/>
    <tag k="type" v="line_thin"/>
    <tag k="subtype" v="solid"/>
  </way>
  <way id="1971">
    <nd ref="1421"/>
    <nd ref="1422"/>
    <nd ref="1423"/>
    <nd ref="1424"/>
    <nd ref="1425"/>
    <tag k="type" v="line_thin"/>
    <tag k="subtype" v="solid"/>
  </way>
  <way id="1972">
    <nd ref="1426"/>
    <nd ref="1427"/>
    <nd ref="1428"/>
    <nd ref="1429"/>
    <nd ref="1430"/>
    <nd ref="1431"/>
    <nd ref="1432"/>
    <nd ref="1433"/>
    <tag k="type" v="line_thin"/>
    <tag k="subtype" v="solid"/>
  </way>
  <way id="1973">
    <nd ref="1434"/>
    <nd ref="1435"/>
    <nd ref="1436"/>
    <nd ref="1437"/>
    <nd ref="1438"/>
    <nd ref="1439"/>
    <nd ref="1440"/>
    <nd ref="1441"/>
    <nd ref="1442"/>
    <nd ref="1443"/>
    <tag k="type" v="line_thin"/>
    <tag k="subtype" v="solid"/>
  </way>
  <way id="1974">
    <nd ref="1444"/>
    <nd ref="1445"/>
    <nd ref="1446"/>
    <nd ref="1447"/>
    <nd ref="1448"/>
    <nd ref="1449"/>
    <nd ref="1450"/>
    <nd ref="1426"/>
    <tag k="type" v="line_thin"/>
    <tag k="subtype" v="solid"/>
  </way>
  <way id="1975">
    <nd ref="1421"/>
    <nd ref="1451"/>
    <nd ref="1452"/>
    <nd ref="1453"/>
    <nd ref="1454"/>
    <nd ref="1455"/>
    <nd ref="1456"/>
    <nd ref="1457"/>
    <nd ref="1458"/>
    <nd ref="1459"/>
    <tag k="type" v="line_thin"/>
    <tag k="subtype" v="solid"/>
  </way>
  <way id="1976">
    <nd ref="1460"/>
    <nd ref="1461"/>
    <nd ref="1462"/>
    <nd ref="1463"/>
    <nd ref="1443"/>
    <tag k="type" v="line_thin"/>
    <tag k="subtype" v="solid"/>
  </way>
  <way id="1977">
    <nd ref="1444"/>
    <nd ref="1464"/>
    <nd ref="1465"/>
    <nd ref="1433"/>
    <tag k="highway" v="unclassified"/>
    <tag k="maxspeed" v="25 mph"/>
    <tag k="name" v="Ring Road South"/>
    <tag k="old_name" v="Knollwood Avenue"/>
    <tag k="surface" v="asphalt"/>
    <tag k="tiger:cfcc" v="A41"/>
    <tag k="tiger:county" v="Kalamazoo, MI"/>
    <tag k="tiger:name_base" v="Rankin"/>
    <tag k="tiger:name_type" v="Ave"/>
    <tag k="tiger:reviewed" v="no"/>
  </way>
  <way id="1978">
    <nd ref="1459"/>
    <nd ref="1468"/>
    <nd ref="1466"/>
    <nd ref="1467"/>
    <nd ref="1434"/>
    <tag k="type" v="line_thin"/>
    <tag k="subtype" v="solid"/>
  </way>
  <way id="1979">
    <nd ref="1460"/>
    <nd ref="1425"/>
    <tag k="type" v="line_thin"/>
    <tag k="subtype" v="solid"/>
  </way>
  <way id="1980">
    <nd ref="1444"/>
    <nd ref="1386"/>
    <tag k="type" v="line_thin"/>
    <tag k="subtype" v="solid"/>
  </way>
  <way id="1981">
    <nd ref="1460"/>
    <nd ref="1376"/>
    <tag k="type" v="line_thin"/>
    <tag k="subtype" v="solid"/>
  </way>
  <way id="1982">
    <nd ref="1421"/>
    <nd ref="1472"/>
    <nd ref="1473"/>
    <nd ref="1474"/>
    <nd ref="1469"/>
    <tag k="type" v="line_thin"/>
    <tag k="subtype" v="solid"/>
  </way>
  <way id="1983">
    <nd ref="1426"/>
    <nd ref="1475"/>
    <nd ref="1476"/>
    <nd ref="1477"/>
    <nd ref="1470"/>
    <tag k="type" v="line_thin"/>
    <tag k="subtype" v="solid"/>
  </way>
  <way id="1984">
    <nd ref="1443"/>
    <nd ref="1471"/>
    <tag k="type" v="line_thin"/>
    <tag k="subtype" v="solid"/>
  </way>
  <way id="1985">
    <nd ref="1470"/>
    <nd ref="1503"/>
    <tag k="type" v="line_thin"/>
    <tag k="subtype" v="solid"/>
  </way>
  <way id="1986">
    <nd ref="1322"/>
    <nd ref="1321"/>
    <tag k="type" v="line_thin"/>
    <tag k="subtype" v="solid"/>
  </way>
  <way id="1987">
    <nd ref="1480"/>
    <nd ref="1372"/>
    <nd ref="1371"/>
    <nd ref="1370"/>
    <nd ref="1369"/>
    <nd ref="1368"/>
    <nd ref="1367"/>
    <nd ref="1366"/>
    <nd ref="1365"/>
    <nd ref="1364"/>
    <nd ref="1363"/>
    <nd ref="1362"/>
    <nd ref="1361"/>
    <nd ref="1360"/>
    <nd ref="1359"/>
    <nd ref="1358"/>
    <nd ref="1357"/>
    <nd ref="1356"/>
    <nd ref="1355"/>
    <nd ref="1354"/>
    <nd ref="1353"/>
    <nd ref="1352"/>
    <nd ref="1351"/>
    <tag k="type" v="line_thin"/>
    <tag k="subtype" v="solid"/>
  </way>
  <way id="1988">
    <nd ref="1482"/>
    <nd ref="1516"/>
    <tag k="type" v="line_thin"/>
    <tag k="subtype" v="solid"/>
  </way>
  <way id="1989">
    <nd ref="1492"/>
    <nd ref="1479"/>
    <nd ref="1478"/>
    <tag k="type" v="line_thin"/>
    <tag k="subtype" v="solid"/>
  </way>
  <way id="1990">
    <nd ref="1503"/>
    <nd ref="1487"/>
    <nd ref="1488"/>
    <nd ref="1489"/>
    <nd ref="1490"/>
    <nd ref="1491"/>
    <nd ref="1492"/>
    <tag k="type" v="line_thin"/>
    <tag k="subtype" v="solid"/>
  </way>
  <way id="1992">
    <nd ref="1503"/>
    <nd ref="1500"/>
    <nd ref="1498"/>
    <nd ref="1499"/>
    <nd ref="1480"/>
    <tag k="type" v="line_thin"/>
    <tag k="subtype" v="solid"/>
  </way>
  <way id="1993">
    <nd ref="1501"/>
    <nd ref="1471"/>
    <tag k="type" v="line_thin"/>
    <tag k="subtype" v="solid"/>
  </way>
  <way id="1994">
    <nd ref="1501"/>
    <nd ref="1481"/>
    <nd ref="1482"/>
    <tag k="type" v="line_thin"/>
    <tag k="subtype" v="solid"/>
  </way>
  <way id="1995">
    <nd ref="1480"/>
    <nd ref="1482"/>
    <tag k="type" v="line_thin"/>
    <tag k="subtype" v="solid"/>
  </way>
  <way id="1996">
    <nd ref="1502"/>
    <nd ref="1469"/>
    <tag k="type" v="line_thin"/>
    <tag k="subtype" v="solid"/>
  </way>
  <way id="1997">
    <nd ref="1470"/>
    <nd ref="1503"/>
    <tag k="type" v="line_thin"/>
    <tag k="subtype" v="solid"/>
  </way>
  <way id="1998">
    <nd ref="1502"/>
    <nd ref="1504"/>
    <nd ref="1505"/>
    <nd ref="1480"/>
    <tag k="type" v="line_thin"/>
    <tag k="subtype" v="solid"/>
  </way>
  <way id="1999">
    <nd ref="1503"/>
    <nd ref="1483"/>
    <nd ref="1484"/>
    <nd ref="1485"/>
    <nd ref="1486"/>
    <nd ref="1478"/>
    <tag k="type" v="line_thin"/>
    <tag k="subtype" v="solid"/>
  </way>
  <way id="2000">
    <nd ref="1492"/>
    <nd ref="1506"/>
    <tag k="type" v="line_thin"/>
    <tag k="subtype" v="solid"/>
  </way>
  <way id="2001">
    <nd ref="1322"/>
    <nd ref="1511"/>
    <nd ref="1512"/>
    <nd ref="1513"/>
    <nd ref="1514"/>
    <nd ref="1506"/>
    <tag k="type" v="line_thin"/>
    <tag k="subtype" v="solid"/>
  </way>
  <way id="2002">
    <nd ref="1506"/>
    <nd ref="1507"/>
    <nd ref="1508"/>
    <nd ref="1509"/>
    <nd ref="1510"/>
    <nd ref="1320"/>
    <tag k="type" v="line_thin"/>
    <tag k="subtype" v="solid"/>
  </way>
  <way id="2003">
    <nd ref="1516"/>
    <nd ref="1517"/>
    <nd ref="1373"/>
    <nd ref="1515"/>
    <nd ref="1518"/>
    <tag k="type" v="line_thin"/>
    <tag k="subtype" v="solid"/>
  </way>
  <way id="2004">
    <nd ref="1518"/>
    <nd ref="1374"/>
    <tag k="type" v="line_thin"/>
    <tag k="subtype" v="solid"/>
  </way>
  <way id="2005">
    <nd ref="1322"/>
    <nd ref="1519"/>
    <nd ref="1520"/>
    <nd ref="1516"/>
    <tag k="type" v="line_thin"/>
    <tag k="subtype" v="solid"/>
  </way>
  <way id="2006">
    <nd ref="1501"/>
    <nd ref="1481"/>
    <nd ref="1493"/>
    <nd ref="1494"/>
    <nd ref="1495"/>
    <nd ref="1496"/>
    <nd ref="1497"/>
    <nd ref="1478"/>
    <tag k="type" v="line_thin"/>
    <tag k="subtype" v="solid"/>
  </way>
  <way id="2007">
    <nd ref="1521"/>
    <nd ref="1253"/>
    <nd ref="1577"/>
    <nd ref="1252"/>
    <tag k="type" v="line_thin"/>
    <tag k="subtype" v="solid"/>
  </way>
  <way id="2008">
    <nd ref="1522"/>
    <nd ref="290"/>
    <nd ref="4465"/>
    <nd ref="850"/>
    <nd ref="288"/>
    <nd ref="286"/>
    <nd ref="285"/>
    <nd ref="283"/>
    <nd ref="284"/>
    <nd ref="428"/>
    <tag k="highway" v="unclassified"/>
    <tag k="maxspeed" v="25 mph"/>
    <tag k="name" v="Ring Road South"/>
    <tag k="surface" v="asphalt"/>
    <tag k="tiger:cfcc" v="A41"/>
    <tag k="tiger:county" v="Kalamazoo, MI"/>
    <tag k="tiger:name_base" v="Rankin"/>
    <tag k="tiger:name_type" v="Ave"/>
    <tag k="tiger:reviewed" v="no"/>
  </way>
  <way id="2009">
    <nd ref="1523"/>
    <nd ref="1241"/>
    <nd ref="1242"/>
    <nd ref="1243"/>
    <nd ref="1244"/>
    <nd ref="1245"/>
    <nd ref="1246"/>
    <nd ref="1247"/>
    <nd ref="1248"/>
    <nd ref="1198"/>
    <tag k="highway" v="unclassified"/>
    <tag k="maxspeed" v="25 mph"/>
    <tag k="name" v="Ring Road South"/>
    <tag k="surface" v="asphalt"/>
    <tag k="tiger:cfcc" v="A41"/>
    <tag k="tiger:county" v="Kalamazoo, MI"/>
    <tag k="tiger:name_base" v="Rankin"/>
    <tag k="tiger:name_type" v="Ave"/>
    <tag k="tiger:reviewed" v="no"/>
  </way>
  <way id="2010">
    <nd ref="1525"/>
    <nd ref="1526"/>
    <nd ref="1578"/>
    <tag k="highway" v="service"/>
    <tag k="maxspeed" v="25 mph"/>
    <tag k="surface" v="asphalt"/>
    <tag k="tiger:cfcc" v="A41"/>
    <tag k="tiger:county" v="Kalamazoo, MI"/>
    <tag k="tiger:name_base" v="Auditorium"/>
    <tag k="tiger:name_type" v="Dr"/>
    <tag k="tiger:reviewed" v="no"/>
  </way>
  <way id="2011">
    <nd ref="1523"/>
    <nd ref="1540"/>
    <nd ref="1541"/>
    <nd ref="1525"/>
    <tag k="type" v="line_thin"/>
    <tag k="subtype" v="solid"/>
  </way>
  <way id="2012">
    <nd ref="1550"/>
    <nd ref="1534"/>
    <nd ref="1535"/>
    <nd ref="1536"/>
    <nd ref="1537"/>
    <nd ref="1538"/>
    <nd ref="1539"/>
    <tag k="highway" v="service"/>
    <tag k="maxspeed" v="25 mph"/>
    <tag k="surface" v="asphalt"/>
    <tag k="tiger:cfcc" v="A41"/>
    <tag k="tiger:county" v="Kalamazoo, MI"/>
    <tag k="tiger:name_base" v="Auditorium"/>
    <tag k="tiger:name_type" v="Dr"/>
    <tag k="tiger:reviewed" v="no"/>
  </way>
  <way id="2013">
    <nd ref="181"/>
    <nd ref="182"/>
    <nd ref="183"/>
    <nd ref="645"/>
    <nd ref="500"/>
    <nd ref="501"/>
    <tag k="highway" v="service"/>
    <tag k="maxspeed" v="25 mph"/>
    <tag k="surface" v="asphalt"/>
    <tag k="tiger:cfcc" v="A41"/>
    <tag k="tiger:county" v="Kalamazoo, MI"/>
    <tag k="tiger:name_base" v="Auditorium"/>
    <tag k="tiger:name_type" v="Dr"/>
    <tag k="tiger:reviewed" v="no"/>
  </way>
  <way id="2014">
    <nd ref="1547"/>
    <nd ref="1549"/>
    <nd ref="1597"/>
    <nd ref="1598"/>
    <nd ref="181"/>
    <tag k="type" v="line_thin"/>
    <tag k="subtype" v="solid"/>
  </way>
  <way id="2015">
    <nd ref="1550"/>
    <nd ref="1534"/>
    <tag k="type" v="line_thin"/>
    <tag k="subtype" v="solid"/>
  </way>
  <way id="2016">
    <nd ref="1548"/>
    <nd ref="1554"/>
    <nd ref="1555"/>
    <nd ref="1556"/>
    <nd ref="1557"/>
    <nd ref="1558"/>
    <nd ref="1522"/>
    <tag k="type" v="line_thin"/>
    <tag k="subtype" v="solid"/>
  </way>
  <way id="2017">
    <nd ref="1548"/>
    <nd ref="1560"/>
    <nd ref="1561"/>
    <nd ref="1562"/>
    <nd ref="1563"/>
    <nd ref="1564"/>
    <nd ref="1565"/>
    <nd ref="1566"/>
    <nd ref="1567"/>
    <nd ref="1568"/>
    <nd ref="1252"/>
    <tag k="type" v="line_thin"/>
    <tag k="subtype" v="solid"/>
  </way>
  <way id="2018">
    <nd ref="1544"/>
    <nd ref="1569"/>
    <nd ref="1570"/>
    <nd ref="1571"/>
    <nd ref="1572"/>
    <nd ref="1573"/>
    <nd ref="1574"/>
    <nd ref="1576"/>
    <tag k="type" v="line_thin"/>
    <tag k="subtype" v="solid"/>
  </way>
  <way id="2019">
    <nd ref="1553"/>
    <nd ref="1580"/>
    <nd ref="1581"/>
    <nd ref="1582"/>
    <nd ref="1583"/>
    <nd ref="1584"/>
    <tag k="type" v="line_thin"/>
    <tag k="subtype" v="solid"/>
  </way>
  <way id="2020">
    <nd ref="1584"/>
    <nd ref="1240"/>
    <nd ref="1545"/>
    <nd ref="1523"/>
    <tag k="highway" v="unclassified"/>
    <tag k="maxspeed" v="25 mph"/>
    <tag k="name" v="Ring Road South"/>
    <tag k="surface" v="asphalt"/>
    <tag k="tiger:cfcc" v="A41"/>
    <tag k="tiger:county" v="Kalamazoo, MI"/>
    <tag k="tiger:name_base" v="Rankin"/>
    <tag k="tiger:name_type" v="Ave"/>
    <tag k="tiger:reviewed" v="no"/>
  </way>
  <way id="2021">
    <nd ref="1584"/>
    <nd ref="1239"/>
    <tag k="type" v="line_thin"/>
    <tag k="subtype" v="solid"/>
  </way>
  <way id="2022">
    <nd ref="1576"/>
    <nd ref="1575"/>
    <nd ref="1524"/>
    <nd ref="1522"/>
    <tag k="highway" v="unclassified"/>
    <tag k="maxspeed" v="25 mph"/>
    <tag k="name" v="Ring Road South"/>
    <tag k="surface" v="asphalt"/>
    <tag k="tiger:cfcc" v="A41"/>
    <tag k="tiger:county" v="Kalamazoo, MI"/>
    <tag k="tiger:name_base" v="Rankin"/>
    <tag k="tiger:name_type" v="Ave"/>
    <tag k="tiger:reviewed" v="no"/>
  </way>
  <way id="2023">
    <nd ref="289"/>
    <nd ref="1576"/>
    <tag k="type" v="line_thin"/>
    <tag k="subtype" v="solid"/>
  </way>
  <way id="2024">
    <nd ref="1585"/>
    <nd ref="1251"/>
    <nd ref="1739"/>
    <tag k="type" v="line_thin"/>
    <tag k="subtype" v="solid"/>
  </way>
  <way id="2025">
    <nd ref="1252"/>
    <nd ref="1585"/>
    <tag k="type" v="line_thin"/>
    <tag k="subtype" v="solid"/>
  </way>
  <way id="2026">
    <nd ref="1544"/>
    <nd ref="1586"/>
    <nd ref="1587"/>
    <nd ref="1588"/>
    <nd ref="1589"/>
    <nd ref="1522"/>
    <tag k="type" v="line_thin"/>
    <tag k="subtype" v="solid"/>
  </way>
  <way id="2027">
    <nd ref="1553"/>
    <nd ref="1590"/>
    <nd ref="1591"/>
    <nd ref="1592"/>
    <nd ref="1593"/>
    <nd ref="1594"/>
    <nd ref="1595"/>
    <nd ref="1596"/>
    <nd ref="1521"/>
    <tag k="type" v="line_thin"/>
    <tag k="subtype" v="solid"/>
  </way>
  <way id="2028">
    <nd ref="1547"/>
    <nd ref="1528"/>
    <tag k="type" v="line_thin"/>
    <tag k="subtype" v="solid"/>
  </way>
  <way id="2029">
    <nd ref="1547"/>
    <nd ref="1599"/>
    <nd ref="1548"/>
    <tag k="type" v="line_thin"/>
    <tag k="subtype" v="solid"/>
  </way>
  <way id="2030">
    <nd ref="181"/>
    <nd ref="1542"/>
    <nd ref="1546"/>
    <nd ref="1600"/>
    <tag k="type" v="line_thin"/>
    <tag k="subtype" v="solid"/>
  </way>
  <way id="2031">
    <nd ref="1600"/>
    <nd ref="1579"/>
    <nd ref="1543"/>
    <nd ref="1544"/>
    <tag k="type" v="line_thin"/>
    <tag k="subtype" v="solid"/>
  </way>
  <way id="2032">
    <nd ref="1550"/>
    <nd ref="1551"/>
    <nd ref="1601"/>
    <tag k="type" v="line_thin"/>
    <tag k="subtype" v="solid"/>
  </way>
  <way id="2033">
    <nd ref="1601"/>
    <nd ref="1552"/>
    <nd ref="1553"/>
    <tag k="type" v="line_thin"/>
    <tag k="subtype" v="solid"/>
  </way>
  <way id="2034">
    <nd ref="1528"/>
    <nd ref="1529"/>
    <nd ref="1530"/>
    <nd ref="1531"/>
    <nd ref="1532"/>
    <nd ref="1533"/>
    <tag k="highway" v="service"/>
    <tag k="maxspeed" v="25 mph"/>
    <tag k="surface" v="asphalt"/>
    <tag k="tiger:cfcc" v="A41"/>
    <tag k="tiger:county" v="Kalamazoo, MI"/>
    <tag k="tiger:name_base" v="Auditorium"/>
    <tag k="tiger:name_type" v="Dr"/>
    <tag k="tiger:reviewed" v="no"/>
  </way>
  <way id="2035">
    <nd ref="1528"/>
    <nd ref="1527"/>
    <nd ref="1559"/>
    <nd ref="1578"/>
    <tag k="type" v="line_thin"/>
    <tag k="subtype" v="solid"/>
  </way>
  <way id="2038">
    <nd ref="1607"/>
    <nd ref="502"/>
    <nd ref="503"/>
    <nd ref="504"/>
    <nd ref="1608"/>
    <nd ref="1609"/>
    <nd ref="1610"/>
    <nd ref="1611"/>
    <nd ref="1612"/>
    <nd ref="1613"/>
    <nd ref="1614"/>
    <nd ref="1607"/>
    <tag k="highway" v="service"/>
  </way>
  <way id="2039">
    <nd ref="289"/>
    <nd ref="1621"/>
    <nd ref="1622"/>
    <nd ref="1623"/>
    <tag k="type" v="line_thin"/>
    <tag k="subtype" v="solid"/>
  </way>
  <way id="2040">
    <nd ref="1623"/>
    <nd ref="1626"/>
    <tag k="type" v="line_thin"/>
    <tag k="subtype" v="solid"/>
  </way>
  <way id="2042">
    <nd ref="1234"/>
    <nd ref="1674"/>
    <nd ref="1673"/>
    <nd ref="1672"/>
    <nd ref="1671"/>
    <nd ref="1670"/>
    <nd ref="1686"/>
    <nd ref="1664"/>
    <nd ref="1730"/>
    <tag k="type" v="line_thin"/>
    <tag k="subtype" v="solid"/>
  </way>
  <way id="2043">
    <nd ref="1688"/>
    <nd ref="1689"/>
    <nd ref="1647"/>
    <nd ref="1707"/>
    <nd ref="1711"/>
    <tag k="type" v="line_thin"/>
    <tag k="subtype" v="solid"/>
  </way>
  <way id="2044">
    <nd ref="1615"/>
    <nd ref="1675"/>
    <nd ref="1676"/>
    <nd ref="1677"/>
    <nd ref="1678"/>
    <nd ref="1720"/>
    <nd ref="1685"/>
    <nd ref="1679"/>
    <nd ref="180"/>
    <nd ref="1723"/>
    <tag k="type" v="line_thin"/>
    <tag k="subtype" v="solid"/>
  </way>
  <way id="2045">
    <nd ref="1699"/>
    <nd ref="1698"/>
    <nd ref="1697"/>
    <nd ref="1696"/>
    <nd ref="1695"/>
    <nd ref="1694"/>
    <nd ref="1693"/>
    <nd ref="1692"/>
    <nd ref="1749"/>
    <tag k="type" v="line_thin"/>
    <tag k="subtype" v="solid"/>
  </way>
  <way id="2048">
    <nd ref="1646"/>
    <nd ref="1735"/>
    <nd ref="1719"/>
    <nd ref="1718"/>
    <nd ref="1717"/>
    <nd ref="1716"/>
    <nd ref="1715"/>
    <nd ref="1714"/>
    <nd ref="1713"/>
    <nd ref="1712"/>
    <nd ref="1711"/>
    <tag k="type" v="line_thin"/>
    <tag k="subtype" v="solid"/>
  </way>
  <way id="2049">
    <nd ref="1234"/>
    <nd ref="1235"/>
    <nd ref="1236"/>
    <nd ref="1738"/>
    <tag k="highway" v="unclassified"/>
    <tag k="maxspeed" v="25 mph"/>
    <tag k="name" v="Ring Road South"/>
    <tag k="surface" v="asphalt"/>
    <tag k="tiger:cfcc" v="A41"/>
    <tag k="tiger:county" v="Kalamazoo, MI"/>
    <tag k="tiger:name_base" v="Rankin"/>
    <tag k="tiger:name_type" v="Ave"/>
    <tag k="tiger:reviewed" v="no"/>
  </way>
  <way id="2050">
    <nd ref="1738"/>
    <nd ref="1237"/>
    <nd ref="1238"/>
    <nd ref="1737"/>
    <nd ref="1239"/>
    <tag k="highway" v="unclassified"/>
    <tag k="maxspeed" v="25 mph"/>
    <tag k="name" v="Ring Road South"/>
    <tag k="surface" v="asphalt"/>
    <tag k="tiger:cfcc" v="A41"/>
    <tag k="tiger:county" v="Kalamazoo, MI"/>
    <tag k="tiger:name_base" v="Rankin"/>
    <tag k="tiger:name_type" v="Ave"/>
    <tag k="tiger:reviewed" v="no"/>
  </way>
  <way id="2051">
    <nd ref="1626"/>
    <nd ref="1618"/>
    <nd ref="1627"/>
    <nd ref="1619"/>
    <nd ref="1620"/>
    <nd ref="289"/>
    <tag k="highway" v="unclassified"/>
    <tag k="maxspeed" v="25 mph"/>
    <tag k="name" v="Ring Road South"/>
    <tag k="surface" v="asphalt"/>
    <tag k="tiger:cfcc" v="A41"/>
    <tag k="tiger:county" v="Kalamazoo, MI"/>
    <tag k="tiger:name_base" v="Rankin"/>
    <tag k="tiger:name_type" v="Ave"/>
    <tag k="tiger:reviewed" v="no"/>
  </way>
  <way id="2052">
    <nd ref="1626"/>
    <nd ref="1617"/>
    <nd ref="1616"/>
    <nd ref="1615"/>
    <tag k="type" v="line_thin"/>
    <tag k="subtype" v="solid"/>
  </way>
  <way id="2054">
    <nd ref="1723"/>
    <nd ref="1724"/>
    <nd ref="1725"/>
    <nd ref="1726"/>
    <tag k="type" v="line_thin"/>
    <tag k="subtype" v="solid"/>
  </way>
  <way id="2056">
    <nd ref="1699"/>
    <nd ref="1741"/>
    <nd ref="1653"/>
    <nd ref="1742"/>
    <tag k="type" v="line_thin"/>
    <tag k="subtype" v="solid"/>
  </way>
  <way id="2057">
    <nd ref="1711"/>
    <nd ref="1706"/>
    <nd ref="1625"/>
    <tag k="type" v="line_thin"/>
    <tag k="subtype" v="solid"/>
  </way>
  <way id="2059">
    <nd ref="1742"/>
    <nd ref="1709"/>
    <nd ref="1708"/>
    <nd ref="1249"/>
    <tag k="type" v="line_thin"/>
    <tag k="subtype" v="solid"/>
  </way>
  <way id="2060">
    <nd ref="1615"/>
    <nd ref="1659"/>
    <nd ref="1743"/>
    <tag k="type" v="line_thin"/>
    <tag k="subtype" v="solid"/>
  </way>
  <way id="2061">
    <nd ref="1743"/>
    <nd ref="1660"/>
    <nd ref="1721"/>
    <nd ref="1683"/>
    <nd ref="1684"/>
    <nd ref="1722"/>
    <nd ref="1661"/>
    <nd ref="1745"/>
    <nd ref="1729"/>
    <tag k="type" v="line_thin"/>
    <tag k="subtype" v="solid"/>
  </way>
  <way id="2062">
    <nd ref="1705"/>
    <nd ref="1662"/>
    <nd ref="1680"/>
    <nd ref="1636"/>
    <nd ref="1637"/>
    <nd ref="1681"/>
    <nd ref="1682"/>
    <nd ref="1744"/>
    <tag k="highway" v="unclassified"/>
    <tag k="maxspeed" v="25 mph"/>
    <tag k="name" v="Auditorium Drive"/>
    <tag k="surface" v="asphalt"/>
    <tag k="tiger:cfcc" v="A74"/>
    <tag k="tiger:county" v="Kalamazoo, MI"/>
    <tag k="tiger:name_base" v="Auditorium"/>
    <tag k="tiger:name_type" v="Dr"/>
    <tag k="tiger:reviewed" v="no"/>
  </way>
  <way id="2063">
    <nd ref="1744"/>
    <nd ref="1234"/>
    <tag k="highway" v="unclassified"/>
    <tag k="maxspeed" v="25 mph"/>
    <tag k="name" v="Auditorium Drive"/>
    <tag k="surface" v="asphalt"/>
    <tag k="tiger:cfcc" v="A74"/>
    <tag k="tiger:county" v="Kalamazoo, MI"/>
    <tag k="tiger:name_base" v="Auditorium"/>
    <tag k="tiger:name_type" v="Dr"/>
    <tag k="tiger:reviewed" v="no"/>
  </way>
  <way id="2064">
    <nd ref="1726"/>
    <nd ref="1727"/>
    <nd ref="1728"/>
    <nd ref="1729"/>
    <tag k="type" v="line_thin"/>
    <tag k="subtype" v="solid"/>
  </way>
  <way id="2065">
    <nd ref="1746"/>
    <nd ref="1731"/>
    <nd ref="1733"/>
    <nd ref="1732"/>
    <nd ref="1730"/>
    <tag k="type" v="line_thin"/>
    <tag k="subtype" v="solid"/>
  </way>
  <way id="2066">
    <nd ref="1746"/>
    <nd ref="1646"/>
    <tag k="type" v="line_thin"/>
    <tag k="subtype" v="solid"/>
  </way>
  <way id="2067">
    <nd ref="1688"/>
    <nd ref="1748"/>
    <nd ref="1747"/>
    <nd ref="1687"/>
    <nd ref="1726"/>
    <tag k="type" v="line_thin"/>
    <tag k="subtype" v="solid"/>
  </way>
  <way id="2068">
    <nd ref="1749"/>
    <nd ref="1691"/>
    <nd ref="1690"/>
    <nd ref="1700"/>
    <nd ref="1701"/>
    <nd ref="1702"/>
    <nd ref="1703"/>
    <nd ref="1704"/>
    <nd ref="1705"/>
    <tag k="type" v="line_thin"/>
    <tag k="subtype" v="solid"/>
  </way>
  <way id="2069">
    <nd ref="1729"/>
    <nd ref="1740"/>
    <nd ref="1663"/>
    <nd ref="1710"/>
    <nd ref="358"/>
    <nd ref="1750"/>
    <tag k="type" v="line_thin"/>
    <tag k="subtype" v="solid"/>
  </way>
  <way id="2072">
    <nd ref="1751"/>
    <nd ref="1645"/>
    <nd ref="1734"/>
    <nd ref="1646"/>
    <tag k="highway" v="unclassified"/>
    <tag k="maxspeed" v="25 mph"/>
    <tag k="name" v="Auditorium Drive"/>
    <tag k="surface" v="asphalt"/>
    <tag k="tiger:cfcc" v="A74"/>
    <tag k="tiger:county" v="Kalamazoo, MI"/>
    <tag k="tiger:name_base" v="Auditorium"/>
    <tag k="tiger:name_type" v="Dr"/>
    <tag k="tiger:reviewed" v="no"/>
  </way>
  <way id="2073">
    <nd ref="1705"/>
    <nd ref="1736"/>
    <nd ref="1635"/>
    <nd ref="1752"/>
    <tag k="type" v="line_thin"/>
    <tag k="subtype" v="solid"/>
  </way>
  <way id="2200">
    <nd ref="1533"/>
    <nd ref="1605"/>
    <nd ref="2197"/>
    <tag k="highway" v="service"/>
  </way>
  <way id="2201">
    <nd ref="2197"/>
    <nd ref="1606"/>
    <nd ref="1613"/>
    <tag k="highway" v="service"/>
  </way>
  <way id="2202">
    <nd ref="501"/>
    <nd ref="2198"/>
    <tag k="highway" v="service"/>
  </way>
  <way id="2203">
    <nd ref="2198"/>
    <nd ref="1602"/>
    <nd ref="1614"/>
    <tag k="highway" v="service"/>
  </way>
  <way id="2205">
    <nd ref="1539"/>
    <nd ref="1603"/>
    <nd ref="2199"/>
    <tag k="type" v="line_thin"/>
    <tag k="subtype" v="solid"/>
  </way>
  <way id="2206">
    <nd ref="2199"/>
    <nd ref="1604"/>
    <nd ref="1607"/>
    <tag k="type" v="line_thin"/>
    <tag k="subtype" v="solid"/>
  </way>
  <way id="2211">
    <nd ref="2208"/>
    <nd ref="2209"/>
    <nd ref="2210"/>
    <tag k="highway" v="unclassified"/>
    <tag k="maxspeed" v="25 mph"/>
    <tag k="name" v="Theatre Drive"/>
    <tag k="surface" v="asphalt"/>
    <tag k="tiger:cfcc" v="A41"/>
    <tag k="tiger:county" v="Kalamazoo, MI"/>
    <tag k="tiger:name_base" v="Roell"/>
    <tag k="tiger:name_type" v="Dr"/>
    <tag k="tiger:reviewed" v="no"/>
  </way>
  <way id="2223">
    <nd ref="2217"/>
    <nd ref="2218"/>
    <nd ref="2219"/>
    <nd ref="2220"/>
    <nd ref="2221"/>
    <nd ref="2222"/>
    <tag k="highway" v="unclassified"/>
    <tag k="maxspeed" v="25 mph"/>
    <tag k="name" v="Ring Road South"/>
    <tag k="surface" v="asphalt"/>
    <tag k="tiger:cfcc" v="A41"/>
    <tag k="tiger:county" v="Kalamazoo, MI"/>
    <tag k="tiger:name_base" v="Western"/>
    <tag k="tiger:name_type" v="Ave"/>
    <tag k="tiger:reviewed" v="no"/>
  </way>
  <way id="2224">
    <nd ref="1730"/>
    <nd ref="1665"/>
    <nd ref="1666"/>
    <nd ref="1667"/>
    <nd ref="1668"/>
    <nd ref="1669"/>
    <nd ref="2217"/>
    <tag k="type" v="line_thin"/>
    <tag k="subtype" v="solid"/>
  </way>
  <way id="2225">
    <nd ref="2222"/>
    <nd ref="2291"/>
    <nd ref="4439"/>
    <nd ref="2307"/>
    <nd ref="2208"/>
    <tag k="type" v="line_thin"/>
    <tag k="subtype" v="solid"/>
  </way>
  <way id="2292">
    <nd ref="1652"/>
    <nd ref="2226"/>
    <tag k="type" v="line_thin"/>
    <tag k="subtype" v="solid"/>
  </way>
  <way id="2295">
    <nd ref="247"/>
    <nd ref="248"/>
    <nd ref="249"/>
    <nd ref="4414"/>
    <nd ref="3135"/>
    <nd ref="250"/>
    <nd ref="849"/>
    <nd ref="2323"/>
    <nd ref="2367"/>
    <tag k="highway" v="unclassified"/>
    <tag k="maxspeed" v="25 mph"/>
    <tag k="name" v="Ring Road South"/>
    <tag k="surface" v="asphalt"/>
    <tag k="tiger:cfcc" v="A41"/>
    <tag k="tiger:county" v="Kalamazoo, MI"/>
    <tag k="tiger:name_base" v="Western"/>
    <tag k="tiger:name_type" v="Ave"/>
    <tag k="tiger:reviewed" v="no"/>
  </way>
  <way id="2296">
    <nd ref="247"/>
    <nd ref="189"/>
    <nd ref="193"/>
    <nd ref="192"/>
    <nd ref="191"/>
    <nd ref="190"/>
    <nd ref="1723"/>
    <tag k="type" v="line_thin"/>
    <tag k="subtype" v="solid"/>
  </way>
  <way id="2301">
    <nd ref="2300"/>
    <nd ref="2302"/>
    <nd ref="2303"/>
    <nd ref="2304"/>
    <nd ref="2305"/>
    <tag k="type" v="line_thin"/>
    <tag k="subtype" v="solid"/>
  </way>
  <way id="2306">
    <nd ref="2305"/>
    <nd ref="2275"/>
    <tag k="type" v="line_thin"/>
    <tag k="subtype" v="solid"/>
  </way>
  <way id="2335">
    <nd ref="2333"/>
    <nd ref="2334"/>
    <nd ref="2336"/>
    <nd ref="2337"/>
    <nd ref="2338"/>
    <nd ref="2339"/>
    <nd ref="2340"/>
    <tag k="type" v="line_thin"/>
    <tag k="subtype" v="solid"/>
  </way>
  <way id="2341">
    <nd ref="784"/>
    <nd ref="2340"/>
    <tag k="type" v="line_thin"/>
    <tag k="subtype" v="solid"/>
  </way>
  <way id="2358">
    <nd ref="2208"/>
    <nd ref="2342"/>
    <nd ref="2347"/>
    <nd ref="2348"/>
    <nd ref="2349"/>
    <nd ref="2350"/>
    <nd ref="2383"/>
    <tag k="type" v="line_thin"/>
    <tag k="subtype" v="solid"/>
  </way>
  <way id="2360">
    <nd ref="2340"/>
    <nd ref="2359"/>
    <nd ref="2361"/>
    <nd ref="2362"/>
    <nd ref="2363"/>
    <nd ref="2364"/>
    <nd ref="2365"/>
    <nd ref="2244"/>
    <tag k="type" v="line_thin"/>
    <tag k="subtype" v="solid"/>
  </way>
  <way id="2368">
    <nd ref="2367"/>
    <nd ref="2325"/>
    <nd ref="2328"/>
    <nd ref="2401"/>
    <nd ref="2329"/>
    <nd ref="2330"/>
    <nd ref="2331"/>
    <nd ref="2333"/>
    <tag k="type" v="line_thin"/>
    <tag k="subtype" v="solid"/>
  </way>
  <way id="2376">
    <nd ref="2333"/>
    <nd ref="785"/>
    <nd ref="4428"/>
    <nd ref="212"/>
    <tag k="type" v="line_thin"/>
    <tag k="subtype" v="solid"/>
  </way>
  <way id="2380">
    <nd ref="2275"/>
    <nd ref="2222"/>
    <tag k="type" v="line_thin"/>
    <tag k="subtype" v="solid"/>
  </way>
  <way id="2381">
    <nd ref="2367"/>
    <nd ref="784"/>
    <tag k="type" v="line_thin"/>
    <tag k="subtype" v="solid"/>
  </way>
  <way id="2384">
    <nd ref="2383"/>
    <nd ref="2351"/>
    <nd ref="2352"/>
    <nd ref="2353"/>
    <nd ref="2354"/>
    <nd ref="2355"/>
    <nd ref="2357"/>
    <nd ref="2260"/>
    <tag k="type" v="line_thin"/>
    <tag k="subtype" v="solid"/>
  </way>
  <way id="2392">
    <nd ref="2391"/>
    <nd ref="2240"/>
    <nd ref="2408"/>
    <nd ref="2410"/>
    <tag k="highway" v="unclassified"/>
    <tag k="maxspeed" v="25 mph"/>
    <tag k="name" v="Ring Road South"/>
    <tag k="surface" v="asphalt"/>
    <tag k="tiger:cfcc" v="A41"/>
    <tag k="tiger:county" v="Kalamazoo, MI"/>
    <tag k="tiger:name_base" v="Western"/>
    <tag k="tiger:name_type" v="Ave"/>
    <tag k="tiger:reviewed" v="no"/>
  </way>
  <way id="2402">
    <nd ref="2371"/>
    <nd ref="2400"/>
    <nd ref="2310"/>
    <nd ref="2312"/>
    <nd ref="2313"/>
    <nd ref="2314"/>
    <nd ref="2315"/>
    <nd ref="2316"/>
    <nd ref="2317"/>
    <nd ref="2318"/>
    <nd ref="2319"/>
    <nd ref="2300"/>
    <tag k="highway" v="unclassified"/>
    <tag k="maxspeed" v="25 mph"/>
    <tag k="name" v="Ring Road South"/>
    <tag k="surface" v="asphalt"/>
    <tag k="tiger:cfcc" v="A41"/>
    <tag k="tiger:county" v="Kalamazoo, MI"/>
    <tag k="tiger:name_base" v="Western"/>
    <tag k="tiger:name_type" v="Ave"/>
    <tag k="tiger:reviewed" v="no"/>
  </way>
  <way id="2405">
    <nd ref="2401"/>
    <nd ref="2329"/>
    <nd ref="2330"/>
    <nd ref="2331"/>
    <tag k="type" v="line_thin"/>
    <tag k="subtype" v="solid"/>
  </way>
  <way id="2407">
    <nd ref="2371"/>
    <nd ref="2243"/>
    <tag k="type" v="line_thin"/>
    <tag k="subtype" v="solid"/>
  </way>
  <way id="2420">
    <nd ref="2410"/>
    <nd ref="2357"/>
    <nd ref="2260"/>
    <tag k="highway" v="unclassified"/>
    <tag k="maxspeed" v="25 mph"/>
    <tag k="name" v="Ring Road South"/>
    <tag k="surface" v="asphalt"/>
    <tag k="tiger:cfcc" v="A41"/>
    <tag k="tiger:county" v="Kalamazoo, MI"/>
    <tag k="tiger:name_base" v="Western"/>
    <tag k="tiger:name_type" v="Ave"/>
    <tag k="tiger:reviewed" v="no"/>
  </way>
  <way id="2425">
    <nd ref="2243"/>
    <nd ref="2424"/>
    <nd ref="2244"/>
    <tag k="type" v="line_thin"/>
    <tag k="subtype" v="solid"/>
  </way>
  <way id="2556">
    <nd ref="2552"/>
    <nd ref="2441"/>
    <tag k="type" v="line_thin"/>
    <tag k="subtype" v="solid"/>
  </way>
  <way id="2558">
    <nd ref="2553"/>
    <nd ref="2439"/>
    <tag k="type" v="line_thin"/>
    <tag k="subtype" v="solid"/>
  </way>
  <way id="2577">
    <nd ref="2574"/>
    <nd ref="2520"/>
    <tag k="type" v="line_thin"/>
    <tag k="subtype" v="solid"/>
  </way>
  <way id="2579">
    <nd ref="2575"/>
    <nd ref="2521"/>
    <tag k="type" v="line_thin"/>
    <tag k="subtype" v="solid"/>
  </way>
  <way id="2582">
    <nd ref="2575"/>
    <nd ref="2581"/>
    <nd ref="2583"/>
    <nd ref="2584"/>
    <nd ref="2585"/>
    <nd ref="2586"/>
    <nd ref="2587"/>
    <nd ref="2439"/>
    <tag k="type" v="line_thin"/>
    <tag k="subtype" v="solid"/>
  </way>
  <way id="2589">
    <nd ref="2441"/>
    <nd ref="2588"/>
    <nd ref="2590"/>
    <nd ref="2591"/>
    <nd ref="2592"/>
    <nd ref="2574"/>
    <tag k="type" v="line_thin"/>
    <tag k="subtype" v="solid"/>
  </way>
  <way id="2601">
    <nd ref="2439"/>
    <nd ref="2600"/>
    <nd ref="2607"/>
    <nd ref="2608"/>
    <nd ref="2609"/>
    <nd ref="2610"/>
    <nd ref="2611"/>
    <nd ref="2612"/>
    <nd ref="2594"/>
    <tag k="type" v="line_thin"/>
    <tag k="subtype" v="solid"/>
  </way>
  <way id="2618">
    <nd ref="2440"/>
    <nd ref="2617"/>
    <nd ref="2620"/>
    <nd ref="2621"/>
    <nd ref="2622"/>
    <nd ref="2593"/>
    <tag k="type" v="line_thin"/>
    <tag k="subtype" v="solid"/>
  </way>
  <way id="2663">
    <nd ref="2625"/>
    <nd ref="2631"/>
    <nd ref="2632"/>
    <nd ref="2633"/>
    <nd ref="2634"/>
    <nd ref="2635"/>
    <tag k="type" v="line_thin"/>
    <tag k="subtype" v="solid"/>
  </way>
  <way id="2664">
    <nd ref="2636"/>
    <nd ref="2637"/>
    <nd ref="2638"/>
    <nd ref="2639"/>
    <nd ref="2640"/>
    <nd ref="2641"/>
    <nd ref="2642"/>
    <nd ref="2628"/>
    <tag k="type" v="line_thin"/>
    <tag k="subtype" v="solid"/>
  </way>
  <way id="2665">
    <nd ref="2628"/>
    <nd ref="2643"/>
    <nd ref="2644"/>
    <nd ref="2645"/>
    <nd ref="2646"/>
    <nd ref="2647"/>
    <nd ref="2648"/>
    <nd ref="2649"/>
    <nd ref="2650"/>
    <tag k="type" v="line_thin"/>
    <tag k="subtype" v="solid"/>
  </way>
  <way id="2666">
    <nd ref="2651"/>
    <nd ref="2652"/>
    <nd ref="2653"/>
    <nd ref="2654"/>
    <nd ref="2655"/>
    <nd ref="2656"/>
    <tag k="type" v="line_thin"/>
    <tag k="subtype" v="solid"/>
  </way>
  <way id="2669">
    <nd ref="2656"/>
    <nd ref="2658"/>
    <nd ref="2659"/>
    <nd ref="2635"/>
    <tag k="type" v="line_thin"/>
    <tag k="subtype" v="solid"/>
  </way>
  <way id="2670">
    <nd ref="2650"/>
    <nd ref="2657"/>
    <nd ref="2660"/>
    <nd ref="2636"/>
    <tag k="type" v="line_thin"/>
    <tag k="subtype" v="solid"/>
  </way>
  <way id="2686">
    <nd ref="2441"/>
    <nd ref="2567"/>
    <nd ref="2683"/>
    <tag k="type" v="line_thin"/>
    <tag k="subtype" v="solid"/>
  </way>
  <way id="2688">
    <nd ref="2439"/>
    <nd ref="2563"/>
    <nd ref="2684"/>
    <tag k="type" v="line_thin"/>
    <tag k="subtype" v="solid"/>
  </way>
  <way id="2692">
    <nd ref="2685"/>
    <nd ref="2566"/>
    <nd ref="2440"/>
    <tag k="highway" v="unclassified"/>
    <tag k="maxspeed" v="25 mph"/>
    <tag k="name" v="Auditorium Drive"/>
    <tag k="surface" v="asphalt"/>
    <tag k="tiger:cfcc" v="A74"/>
    <tag k="tiger:county" v="Kalamazoo, MI"/>
    <tag k="tiger:name_base" v="Auditorium"/>
    <tag k="tiger:name_type" v="Dr"/>
    <tag k="tiger:reviewed" v="no"/>
  </way>
  <way id="2708">
    <nd ref="2684"/>
    <nd ref="2628"/>
    <tag k="type" v="line_thin"/>
    <tag k="subtype" v="solid"/>
  </way>
  <way id="2709">
    <nd ref="2683"/>
    <nd ref="2625"/>
    <tag k="type" v="line_thin"/>
    <tag k="subtype" v="solid"/>
  </way>
  <way id="2710">
    <nd ref="2685"/>
    <nd ref="2651"/>
    <tag k="type" v="line_thin"/>
    <tag k="subtype" v="solid"/>
  </way>
  <way id="2742">
    <nd ref="2439"/>
    <nd ref="2740"/>
    <tag k="type" v="line_thin"/>
    <tag k="subtype" v="solid"/>
  </way>
  <way id="2744">
    <nd ref="2440"/>
    <nd ref="2741"/>
    <tag k="type" v="line_thin"/>
    <tag k="subtype" v="solid"/>
  </way>
  <way id="2790">
    <nd ref="2741"/>
    <nd ref="2554"/>
    <nd ref="2732"/>
    <nd ref="2748"/>
    <nd ref="2763"/>
    <nd ref="2725"/>
    <nd ref="2780"/>
    <tag k="type" v="line_thin"/>
    <tag k="subtype" v="solid"/>
  </way>
  <way id="2791">
    <nd ref="2740"/>
    <nd ref="2553"/>
    <nd ref="2731"/>
    <nd ref="2747"/>
    <nd ref="2764"/>
    <nd ref="2724"/>
    <nd ref="2779"/>
    <tag k="type" v="line_thin"/>
    <tag k="subtype" v="solid"/>
  </way>
  <way id="2792">
    <nd ref="2780"/>
    <nd ref="2771"/>
    <nd ref="2757"/>
    <nd ref="1644"/>
    <nd ref="1751"/>
    <tag k="type" v="line_thin"/>
    <tag k="subtype" v="solid"/>
  </way>
  <way id="2793">
    <nd ref="2779"/>
    <nd ref="2770"/>
    <nd ref="2756"/>
    <nd ref="515"/>
    <nd ref="1750"/>
    <tag k="type" v="line_thin"/>
    <tag k="subtype" v="solid"/>
  </way>
  <way id="2796">
    <nd ref="2594"/>
    <nd ref="2794"/>
    <tag k="foot" v="no"/>
    <tag k="highway" v="unclassified"/>
    <tag k="horse" v="no"/>
    <tag k="maxspeed" v="25 mph"/>
    <tag k="name" v="Theatre Drive"/>
    <tag k="oneway" v="yes"/>
    <tag k="surface" v="asphalt"/>
    <tag k="tiger:cfcc" v="A41"/>
    <tag k="tiger:county" v="Kalamazoo, MI"/>
    <tag k="tiger:name_base" v="Auditorium;Roell"/>
    <tag k="tiger:name_direction_prefix" v="N;E"/>
    <tag k="tiger:name_type" v="St;Dr;Ct"/>
    <tag k="tiger:reviewed" v="no"/>
  </way>
  <way id="2798">
    <nd ref="2593"/>
    <nd ref="2795"/>
    <tag k="foot" v="no"/>
    <tag k="highway" v="unclassified"/>
    <tag k="horse" v="no"/>
    <tag k="maxspeed" v="25 mph"/>
    <tag k="name" v="Theatre Drive"/>
    <tag k="oneway" v="yes"/>
    <tag k="surface" v="asphalt"/>
    <tag k="tiger:cfcc" v="A41"/>
    <tag k="tiger:county" v="Kalamazoo, MI"/>
    <tag k="tiger:name_base" v="Auditorium;Roell"/>
    <tag k="tiger:name_direction_prefix" v="N;E"/>
    <tag k="tiger:name_type" v="St;Dr;Ct"/>
    <tag k="tiger:reviewed" v="no"/>
  </way>
  <way id="2803">
    <nd ref="2794"/>
    <nd ref="414"/>
    <nd ref="415"/>
    <nd ref="2801"/>
    <tag k="foot" v="no"/>
    <tag k="highway" v="unclassified"/>
    <tag k="horse" v="no"/>
    <tag k="maxspeed" v="25 mph"/>
    <tag k="name" v="Theatre Drive"/>
    <tag k="oneway" v="yes"/>
    <tag k="surface" v="asphalt"/>
    <tag k="tiger:cfcc" v="A41"/>
    <tag k="tiger:county" v="Kalamazoo, MI"/>
    <tag k="tiger:name_base" v="Auditorium;Roell"/>
    <tag k="tiger:name_direction_prefix" v="N;E"/>
    <tag k="tiger:name_type" v="St;Dr;Ct"/>
    <tag k="tiger:reviewed" v="no"/>
  </way>
  <way id="2805">
    <nd ref="2795"/>
    <nd ref="2453"/>
    <nd ref="2454"/>
    <nd ref="2802"/>
    <tag k="foot" v="no"/>
    <tag k="highway" v="unclassified"/>
    <tag k="horse" v="no"/>
    <tag k="maxspeed" v="25 mph"/>
    <tag k="name" v="Theatre Drive"/>
    <tag k="oneway" v="yes"/>
    <tag k="surface" v="asphalt"/>
    <tag k="tiger:cfcc" v="A41"/>
    <tag k="tiger:county" v="Kalamazoo, MI"/>
    <tag k="tiger:name_base" v="Auditorium;Roell"/>
    <tag k="tiger:name_direction_prefix" v="N;E"/>
    <tag k="tiger:name_type" v="St;Dr;Ct"/>
    <tag k="tiger:reviewed" v="no"/>
  </way>
  <way id="2810">
    <nd ref="2801"/>
    <nd ref="215"/>
    <nd ref="214"/>
    <nd ref="416"/>
    <nd ref="213"/>
    <nd ref="2808"/>
    <tag k="foot" v="no"/>
    <tag k="highway" v="unclassified"/>
    <tag k="horse" v="no"/>
    <tag k="maxspeed" v="25 mph"/>
    <tag k="name" v="Theatre Drive"/>
    <tag k="oneway" v="yes"/>
    <tag k="surface" v="asphalt"/>
    <tag k="tiger:cfcc" v="A41"/>
    <tag k="tiger:county" v="Kalamazoo, MI"/>
    <tag k="tiger:name_base" v="Auditorium;Roell"/>
    <tag k="tiger:name_direction_prefix" v="N;E"/>
    <tag k="tiger:name_type" v="St;Dr;Ct"/>
    <tag k="tiger:reviewed" v="no"/>
  </way>
  <way id="2811">
    <nd ref="2808"/>
    <nd ref="212"/>
    <tag k="foot" v="no"/>
    <tag k="highway" v="unclassified"/>
    <tag k="horse" v="no"/>
    <tag k="maxspeed" v="25 mph"/>
    <tag k="name" v="Theatre Drive"/>
    <tag k="oneway" v="yes"/>
    <tag k="surface" v="asphalt"/>
    <tag k="tiger:cfcc" v="A41"/>
    <tag k="tiger:county" v="Kalamazoo, MI"/>
    <tag k="tiger:name_base" v="Auditorium;Roell"/>
    <tag k="tiger:name_direction_prefix" v="N;E"/>
    <tag k="tiger:name_type" v="St;Dr;Ct"/>
    <tag k="tiger:reviewed" v="no"/>
  </way>
  <way id="2812">
    <nd ref="2802"/>
    <nd ref="2455"/>
    <nd ref="2456"/>
    <nd ref="2457"/>
    <nd ref="2458"/>
    <nd ref="2809"/>
    <tag k="foot" v="no"/>
    <tag k="highway" v="unclassified"/>
    <tag k="horse" v="no"/>
    <tag k="maxspeed" v="25 mph"/>
    <tag k="name" v="Theatre Drive"/>
    <tag k="oneway" v="yes"/>
    <tag k="surface" v="asphalt"/>
    <tag k="tiger:cfcc" v="A41"/>
    <tag k="tiger:county" v="Kalamazoo, MI"/>
    <tag k="tiger:name_base" v="Auditorium;Roell"/>
    <tag k="tiger:name_direction_prefix" v="N;E"/>
    <tag k="tiger:name_type" v="St;Dr;Ct"/>
    <tag k="tiger:reviewed" v="no"/>
  </way>
  <way id="2813">
    <nd ref="2809"/>
    <nd ref="2459"/>
    <nd ref="2210"/>
    <tag k="foot" v="no"/>
    <tag k="highway" v="unclassified"/>
    <tag k="horse" v="no"/>
    <tag k="maxspeed" v="25 mph"/>
    <tag k="name" v="Theatre Drive"/>
    <tag k="oneway" v="yes"/>
    <tag k="surface" v="asphalt"/>
    <tag k="tiger:cfcc" v="A41"/>
    <tag k="tiger:county" v="Kalamazoo, MI"/>
    <tag k="tiger:name_base" v="Auditorium;Roell"/>
    <tag k="tiger:name_direction_prefix" v="N;E"/>
    <tag k="tiger:name_type" v="St;Dr;Ct"/>
    <tag k="tiger:reviewed" v="no"/>
  </way>
  <way id="2846">
    <nd ref="1752"/>
    <nd ref="1634"/>
    <nd ref="2844"/>
    <tag k="type" v="line_thin"/>
    <tag k="subtype" v="solid"/>
  </way>
  <way id="2847">
    <nd ref="2844"/>
    <nd ref="2552"/>
    <tag k="type" v="line_thin"/>
    <tag k="subtype" v="solid"/>
  </way>
  <way id="2848">
    <nd ref="1750"/>
    <nd ref="515"/>
    <nd ref="2724"/>
    <nd ref="2845"/>
    <tag k="type" v="line_thin"/>
    <tag k="subtype" v="solid"/>
  </way>
  <way id="2849">
    <nd ref="2845"/>
    <nd ref="2553"/>
    <tag k="type" v="line_thin"/>
    <tag k="subtype" v="solid"/>
  </way>
  <way id="2853">
    <nd ref="2520"/>
    <nd ref="2527"/>
    <nd ref="2851"/>
    <tag k="type" v="line_thin"/>
    <tag k="subtype" v="solid"/>
  </way>
  <way id="2855">
    <nd ref="2521"/>
    <nd ref="2528"/>
    <nd ref="2852"/>
    <tag k="type" v="line_thin"/>
    <tag k="subtype" v="solid"/>
  </way>
  <way id="2860">
    <nd ref="2851"/>
    <nd ref="2451"/>
    <nd ref="2450"/>
    <nd ref="2483"/>
    <nd ref="2465"/>
    <nd ref="2464"/>
    <nd ref="2858"/>
    <tag k="type" v="line_thin"/>
    <tag k="subtype" v="solid"/>
  </way>
  <way id="2862">
    <nd ref="2852"/>
    <nd ref="518"/>
    <nd ref="2481"/>
    <nd ref="216"/>
    <nd ref="217"/>
    <nd ref="2859"/>
    <tag k="type" v="line_thin"/>
    <tag k="subtype" v="solid"/>
  </way>
  <way id="2877">
    <nd ref="2874"/>
    <nd ref="2514"/>
    <nd ref="2865"/>
    <tag k="type" v="line_thin"/>
    <tag k="subtype" v="solid"/>
  </way>
  <way id="2879">
    <nd ref="2875"/>
    <nd ref="2513"/>
    <nd ref="2866"/>
    <tag k="type" v="line_thin"/>
    <tag k="subtype" v="solid"/>
  </way>
  <way id="2916">
    <nd ref="2895"/>
    <nd ref="2815"/>
    <nd ref="2902"/>
    <nd ref="2910"/>
    <nd ref="2889"/>
    <tag k="type" v="line_thin"/>
    <tag k="subtype" v="solid"/>
  </way>
  <way id="2917">
    <nd ref="2896"/>
    <nd ref="2816"/>
    <nd ref="2903"/>
    <nd ref="2909"/>
    <nd ref="2888"/>
    <tag k="type" v="line_thin"/>
    <tag k="subtype" v="solid"/>
  </way>
  <way id="2918">
    <nd ref="2635"/>
    <nd ref="2702"/>
    <nd ref="2824"/>
    <nd ref="2546"/>
    <nd ref="2895"/>
    <tag k="type" v="line_thin"/>
    <tag k="subtype" v="solid"/>
  </way>
  <way id="2919">
    <nd ref="2636"/>
    <nd ref="2701"/>
    <nd ref="2825"/>
    <nd ref="2545"/>
    <nd ref="2896"/>
    <tag k="type" v="line_thin"/>
    <tag k="subtype" v="solid"/>
  </way>
  <way id="2929">
    <nd ref="177"/>
    <nd ref="2930"/>
    <nd ref="2926"/>
    <nd ref="2959"/>
    <tag k="highway" v="service"/>
    <tag k="maxspeed" v="25 mph"/>
    <tag k="service" v="parking_aisle"/>
    <tag k="surface" v="asphalt"/>
    <tag k="tiger:cfcc" v="A74"/>
    <tag k="tiger:county" v="Kalamazoo, MI"/>
    <tag k="tiger:name_base" v="Auditorium"/>
    <tag k="tiger:name_type" v="Dr"/>
    <tag k="tiger:reviewed" v="no"/>
  </way>
  <way id="2964">
    <nd ref="2932"/>
    <nd ref="2933"/>
    <nd ref="2934"/>
    <nd ref="2935"/>
    <nd ref="2936"/>
    <nd ref="2650"/>
    <tag k="type" v="line_thin"/>
    <tag k="subtype" v="solid"/>
  </way>
  <way id="2965">
    <nd ref="2656"/>
    <nd ref="2939"/>
    <nd ref="2940"/>
    <nd ref="2941"/>
    <nd ref="2942"/>
    <nd ref="2943"/>
    <nd ref="2944"/>
    <nd ref="2945"/>
    <tag k="type" v="line_thin"/>
    <tag k="subtype" v="solid"/>
  </way>
  <way id="2970">
    <nd ref="2945"/>
    <nd ref="2952"/>
    <nd ref="2953"/>
    <nd ref="2954"/>
    <nd ref="2955"/>
    <nd ref="2956"/>
    <nd ref="2957"/>
    <nd ref="2958"/>
    <nd ref="2635"/>
    <tag k="type" v="line_thin"/>
    <tag k="subtype" v="solid"/>
  </way>
  <way id="2971">
    <nd ref="2959"/>
    <nd ref="2960"/>
    <nd ref="2961"/>
    <nd ref="2962"/>
    <nd ref="2963"/>
    <nd ref="2636"/>
    <tag k="type" v="line_thin"/>
    <tag k="subtype" v="solid"/>
  </way>
  <way id="2980">
    <nd ref="2976"/>
    <nd ref="2977"/>
    <nd ref="2978"/>
    <nd ref="2979"/>
    <tag k="highway" v="service"/>
    <tag k="maxspeed" v="25 mph"/>
    <tag k="service" v="parking_aisle"/>
    <tag k="surface" v="asphalt"/>
    <tag k="tiger:cfcc" v="A74"/>
    <tag k="tiger:county" v="Kalamazoo, MI"/>
    <tag k="tiger:name_base" v="Auditorium"/>
    <tag k="tiger:name_type" v="Dr"/>
    <tag k="tiger:reviewed" v="no"/>
  </way>
  <way id="2985">
    <nd ref="2981"/>
    <nd ref="2982"/>
    <nd ref="2983"/>
    <nd ref="2984"/>
    <tag k="highway" v="service"/>
    <tag k="maxspeed" v="25 mph"/>
    <tag k="service" v="parking_aisle"/>
    <tag k="surface" v="asphalt"/>
    <tag k="tiger:cfcc" v="A74"/>
    <tag k="tiger:county" v="Kalamazoo, MI"/>
    <tag k="tiger:name_base" v="Auditorium"/>
    <tag k="tiger:name_type" v="Dr"/>
    <tag k="tiger:reviewed" v="no"/>
  </way>
  <way id="3016">
    <nd ref="3071"/>
    <nd ref="2989"/>
    <nd ref="2990"/>
    <nd ref="2991"/>
    <nd ref="2992"/>
    <nd ref="3033"/>
    <tag k="type" v="line_thin"/>
    <tag k="subtype" v="solid"/>
  </way>
  <way id="3017">
    <nd ref="3034"/>
    <nd ref="2994"/>
    <nd ref="2995"/>
    <nd ref="2996"/>
    <nd ref="2997"/>
    <nd ref="2998"/>
    <nd ref="2999"/>
    <nd ref="3025"/>
    <nd ref="3070"/>
    <tag k="type" v="line_thin"/>
    <tag k="subtype" v="solid"/>
  </way>
  <way id="3029">
    <nd ref="3026"/>
    <nd ref="2694"/>
    <nd ref="2650"/>
    <tag k="foot" v="no"/>
    <tag k="highway" v="unclassified"/>
    <tag k="horse" v="no"/>
    <tag k="maxspeed" v="25 mph"/>
    <tag k="name" v="Theatre Drive"/>
    <tag k="oneway" v="yes"/>
    <tag k="surface" v="asphalt"/>
    <tag k="tiger:cfcc" v="A41"/>
    <tag k="tiger:county" v="Kalamazoo, MI"/>
    <tag k="tiger:name_base" v="Auditorium;Roell"/>
    <tag k="tiger:name_direction_prefix" v="N;E"/>
    <tag k="tiger:name_type" v="St;Dr;Ct"/>
    <tag k="tiger:reviewed" v="no"/>
  </way>
  <way id="3031">
    <nd ref="3027"/>
    <nd ref="2695"/>
    <nd ref="2656"/>
    <tag k="foot" v="no"/>
    <tag k="highway" v="unclassified"/>
    <tag k="horse" v="no"/>
    <tag k="maxspeed" v="25 mph"/>
    <tag k="name" v="Theatre Drive"/>
    <tag k="oneway" v="yes"/>
    <tag k="surface" v="asphalt"/>
    <tag k="tiger:cfcc" v="A41"/>
    <tag k="tiger:county" v="Kalamazoo, MI"/>
    <tag k="tiger:name_base" v="Auditorium;Roell"/>
    <tag k="tiger:name_direction_prefix" v="N;E"/>
    <tag k="tiger:name_type" v="St;Dr;Ct"/>
    <tag k="tiger:reviewed" v="no"/>
  </way>
  <way id="3036">
    <nd ref="3033"/>
    <nd ref="2476"/>
    <nd ref="3026"/>
    <tag k="foot" v="no"/>
    <tag k="highway" v="unclassified"/>
    <tag k="horse" v="no"/>
    <tag k="maxspeed" v="25 mph"/>
    <tag k="name" v="Theatre Drive"/>
    <tag k="oneway" v="yes"/>
    <tag k="surface" v="asphalt"/>
    <tag k="tiger:cfcc" v="A41"/>
    <tag k="tiger:county" v="Kalamazoo, MI"/>
    <tag k="tiger:name_base" v="Auditorium;Roell"/>
    <tag k="tiger:name_direction_prefix" v="N;E"/>
    <tag k="tiger:name_type" v="St;Dr;Ct"/>
    <tag k="tiger:reviewed" v="no"/>
  </way>
  <way id="3038">
    <nd ref="3034"/>
    <nd ref="380"/>
    <nd ref="3027"/>
    <tag k="foot" v="no"/>
    <tag k="highway" v="unclassified"/>
    <tag k="horse" v="no"/>
    <tag k="maxspeed" v="25 mph"/>
    <tag k="name" v="Theatre Drive"/>
    <tag k="oneway" v="yes"/>
    <tag k="surface" v="asphalt"/>
    <tag k="tiger:cfcc" v="A41"/>
    <tag k="tiger:county" v="Kalamazoo, MI"/>
    <tag k="tiger:name_base" v="Auditorium;Roell"/>
    <tag k="tiger:name_direction_prefix" v="N;E"/>
    <tag k="tiger:name_type" v="St;Dr;Ct"/>
    <tag k="tiger:reviewed" v="no"/>
  </way>
  <way id="3054">
    <nd ref="3063"/>
    <nd ref="3053"/>
    <nd ref="3079"/>
    <tag k="highway" v="service"/>
    <tag k="service" v="parking_aisle"/>
  </way>
  <way id="3072">
    <nd ref="3026"/>
    <nd ref="3014"/>
    <nd ref="3013"/>
    <nd ref="3012"/>
    <nd ref="3011"/>
    <nd ref="3010"/>
    <nd ref="3070"/>
    <tag k="type" v="line_thin"/>
    <tag k="subtype" v="solid"/>
  </way>
  <way id="3073">
    <nd ref="3070"/>
    <nd ref="3056"/>
    <nd ref="3064"/>
    <tag k="type" v="line_thin"/>
    <tag k="subtype" v="solid"/>
  </way>
  <way id="3074">
    <nd ref="3027"/>
    <nd ref="3008"/>
    <nd ref="3007"/>
    <nd ref="3006"/>
    <nd ref="3005"/>
    <nd ref="3004"/>
    <nd ref="3003"/>
    <nd ref="3002"/>
    <nd ref="3071"/>
    <tag k="type" v="line_thin"/>
    <tag k="subtype" v="solid"/>
  </way>
  <way id="3075">
    <nd ref="3071"/>
    <nd ref="2924"/>
    <nd ref="3063"/>
    <tag k="type" v="line_thin"/>
    <tag k="subtype" v="solid"/>
  </way>
  <way id="3078">
    <nd ref="86"/>
    <nd ref="3264"/>
    <tag k="highway" v="service"/>
    <tag k="service" v="parking_aisle"/>
  </way>
  <way id="3085">
    <nd ref="177"/>
    <nd ref="3178"/>
    <nd ref="176"/>
    <nd ref="379"/>
    <tag k="type" v="line_thin"/>
    <tag k="subtype" v="solid"/>
  </way>
  <way id="3105">
    <nd ref="3103"/>
    <nd ref="3267"/>
    <nd ref="3104"/>
    <tag k="highway" v="service"/>
    <tag k="tiger:cfcc" v="A74"/>
    <tag k="tiger:county" v="Kalamazoo, MI"/>
    <tag k="tiger:name_base" v="Western"/>
    <tag k="tiger:name_type" v="Ave"/>
    <tag k="tiger:reviewed" v="no"/>
  </way>
  <way id="3162">
    <nd ref="2981"/>
    <nd ref="3175"/>
    <nd ref="3157"/>
    <tag k="type" v="line_thin"/>
    <tag k="subtype" v="solid"/>
  </way>
  <way id="3163">
    <nd ref="2976"/>
    <nd ref="3177"/>
    <nd ref="3157"/>
    <tag k="type" v="line_thin"/>
    <tag k="subtype" v="solid"/>
  </way>
  <way id="3164">
    <nd ref="2976"/>
    <nd ref="3174"/>
    <nd ref="3176"/>
    <nd ref="379"/>
    <tag k="type" v="line_thin"/>
    <tag k="subtype" v="solid"/>
  </way>
  <way id="3179">
    <nd ref="379"/>
    <nd ref="3165"/>
    <nd ref="175"/>
    <nd ref="3180"/>
    <tag k="type" v="line_thin"/>
    <tag k="subtype" v="solid"/>
  </way>
  <way id="3182">
    <nd ref="3079"/>
    <nd ref="3159"/>
    <nd ref="3158"/>
    <nd ref="3157"/>
    <tag k="type" v="line_thin"/>
    <tag k="subtype" v="solid"/>
  </way>
  <way id="3183">
    <nd ref="3064"/>
    <nd ref="3057"/>
    <nd ref="3180"/>
    <tag k="type" v="line_thin"/>
    <tag k="subtype" v="solid"/>
  </way>
  <way id="3186">
    <nd ref="3180"/>
    <nd ref="3101"/>
    <tag k="type" v="line_thin"/>
    <tag k="subtype" v="solid"/>
  </way>
  <way id="3190">
    <nd ref="3079"/>
    <nd ref="3080"/>
    <tag k="type" v="line_thin"/>
    <tag k="subtype" v="solid"/>
  </way>
  <way id="3196">
    <nd ref="3194"/>
    <nd ref="3195"/>
    <nd ref="167"/>
    <tag k="highway" v="service"/>
    <tag k="service" v="parking_aisle"/>
  </way>
  <way id="3219">
    <nd ref="3206"/>
    <nd ref="3207"/>
    <nd ref="3208"/>
    <nd ref="3209"/>
    <nd ref="3210"/>
    <nd ref="3211"/>
    <nd ref="3212"/>
    <nd ref="3213"/>
    <nd ref="3214"/>
    <nd ref="3215"/>
    <nd ref="3216"/>
    <nd ref="3217"/>
    <nd ref="3247"/>
    <tag k="highway" v="unclassified"/>
    <tag k="maxspeed" v="25 mph"/>
    <tag k="maxspeed:type" v="sign"/>
    <tag k="name" v="West Shaw Lane"/>
    <tag k="oneway" v="yes"/>
    <tag k="surface" v="paved"/>
    <tag k="tiger:cfcc" v="A74"/>
    <tag k="tiger:county" v="Kalamazoo, MI"/>
    <tag k="tiger:name_base" v="Shaw"/>
    <tag k="tiger:name_direction_suffix" v="W"/>
    <tag k="tiger:name_type" v="Ln"/>
    <tag k="tiger:reviewed" v="no"/>
  </way>
  <way id="3221">
    <nd ref="167"/>
    <nd ref="3252"/>
    <tag k="highway" v="service"/>
    <tag k="maxspeed" v="25 mph"/>
    <tag k="service" v="parking_aisle"/>
    <tag k="surface" v="asphalt"/>
    <tag k="tiger:cfcc" v="A74"/>
    <tag k="tiger:county" v="Kalamazoo, MI"/>
    <tag k="tiger:name_base" v="Auditorium"/>
    <tag k="tiger:name_type" v="Dr"/>
    <tag k="tiger:reviewed" v="no"/>
  </way>
  <way id="3224">
    <nd ref="3101"/>
    <nd ref="3100"/>
    <nd ref="3099"/>
    <nd ref="3098"/>
    <nd ref="3097"/>
    <nd ref="3096"/>
    <nd ref="3095"/>
    <nd ref="3218"/>
    <tag k="type" v="line_thin"/>
    <tag k="subtype" v="solid"/>
  </way>
  <way id="3225">
    <nd ref="3218"/>
    <nd ref="3226"/>
    <nd ref="3227"/>
    <nd ref="86"/>
    <tag k="type" v="line_thin"/>
    <tag k="subtype" v="solid"/>
  </way>
  <way id="3230">
    <nd ref="167"/>
    <nd ref="3232"/>
    <nd ref="3236"/>
    <nd ref="3231"/>
    <nd ref="3104"/>
    <tag k="type" v="line_thin"/>
    <tag k="subtype" v="solid"/>
  </way>
  <way id="3233">
    <nd ref="3218"/>
    <nd ref="3234"/>
    <nd ref="3235"/>
    <nd ref="86"/>
    <tag k="type" v="line_thin"/>
    <tag k="subtype" v="solid"/>
  </way>
  <way id="3238">
    <nd ref="167"/>
    <nd ref="3237"/>
    <nd ref="3239"/>
    <nd ref="3240"/>
    <nd ref="3241"/>
    <nd ref="3104"/>
    <tag k="type" v="line_thin"/>
    <tag k="subtype" v="solid"/>
  </way>
  <way id="3250">
    <nd ref="3218"/>
    <nd ref="3247"/>
    <tag k="type" v="line_thin"/>
    <tag k="subtype" v="solid"/>
  </way>
  <way id="3253">
    <nd ref="3252"/>
    <nd ref="3228"/>
    <nd ref="168"/>
    <nd ref="169"/>
    <nd ref="170"/>
    <nd ref="171"/>
    <nd ref="172"/>
    <nd ref="3080"/>
    <tag k="highway" v="service"/>
    <tag k="maxspeed" v="25 mph"/>
    <tag k="service" v="parking_aisle"/>
    <tag k="surface" v="asphalt"/>
    <tag k="tiger:cfcc" v="A74"/>
    <tag k="tiger:county" v="Kalamazoo, MI"/>
    <tag k="tiger:name_base" v="Auditorium"/>
    <tag k="tiger:name_type" v="Dr"/>
    <tag k="tiger:reviewed" v="no"/>
  </way>
  <way id="3258">
    <nd ref="86"/>
    <nd ref="3259"/>
    <tag k="highway" v="service"/>
    <tag k="service" v="parking_aisle"/>
  </way>
  <way id="3275">
    <nd ref="3264"/>
    <nd ref="381"/>
    <nd ref="387"/>
    <nd ref="388"/>
    <nd ref="3273"/>
    <tag k="highway" v="service"/>
    <tag k="service" v="parking_aisle"/>
  </way>
  <way id="3277">
    <nd ref="3194"/>
    <nd ref="3197"/>
    <nd ref="3198"/>
    <nd ref="3199"/>
    <nd ref="3274"/>
    <tag k="highway" v="service"/>
    <tag k="service" v="parking_aisle"/>
  </way>
  <way id="3282">
    <nd ref="3273"/>
    <nd ref="382"/>
    <nd ref="383"/>
    <nd ref="384"/>
    <nd ref="3280"/>
    <tag k="highway" v="service"/>
    <tag k="service" v="parking_aisle"/>
  </way>
  <way id="3284">
    <nd ref="3274"/>
    <nd ref="3200"/>
    <nd ref="3201"/>
    <nd ref="3202"/>
    <nd ref="3281"/>
    <tag k="highway" v="service"/>
    <tag k="service" v="parking_aisle"/>
  </way>
  <way id="3289">
    <nd ref="3280"/>
    <nd ref="389"/>
    <nd ref="3287"/>
    <tag k="highway" v="service"/>
    <tag k="service" v="parking_aisle"/>
  </way>
  <way id="3291">
    <nd ref="3281"/>
    <nd ref="3203"/>
    <nd ref="3288"/>
    <tag k="highway" v="service"/>
    <tag k="service" v="parking_aisle"/>
  </way>
  <way id="3296">
    <nd ref="3287"/>
    <nd ref="3294"/>
    <nd ref="385"/>
    <nd ref="3204"/>
    <tag k="highway" v="service"/>
    <tag k="service" v="parking_aisle"/>
  </way>
  <way id="3298">
    <nd ref="3288"/>
    <nd ref="3295"/>
    <nd ref="3204"/>
    <tag k="highway" v="service"/>
    <tag k="service" v="parking_aisle"/>
  </way>
  <way id="3304">
    <nd ref="3301"/>
    <nd ref="2473"/>
    <nd ref="2474"/>
    <nd ref="2475"/>
    <nd ref="3033"/>
    <tag k="foot" v="no"/>
    <tag k="highway" v="unclassified"/>
    <tag k="horse" v="no"/>
    <tag k="maxspeed" v="25 mph"/>
    <tag k="name" v="Theatre Drive"/>
    <tag k="oneway" v="yes"/>
    <tag k="surface" v="asphalt"/>
    <tag k="tiger:cfcc" v="A41"/>
    <tag k="tiger:county" v="Kalamazoo, MI"/>
    <tag k="tiger:name_base" v="Auditorium;Roell"/>
    <tag k="tiger:name_direction_prefix" v="N;E"/>
    <tag k="tiger:name_type" v="St;Dr;Ct"/>
    <tag k="tiger:reviewed" v="no"/>
  </way>
  <way id="3306">
    <nd ref="3302"/>
    <nd ref="391"/>
    <nd ref="392"/>
    <nd ref="386"/>
    <nd ref="3034"/>
    <tag k="foot" v="no"/>
    <tag k="highway" v="unclassified"/>
    <tag k="horse" v="no"/>
    <tag k="maxspeed" v="25 mph"/>
    <tag k="name" v="Theatre Drive"/>
    <tag k="oneway" v="yes"/>
    <tag k="surface" v="asphalt"/>
    <tag k="tiger:cfcc" v="A41"/>
    <tag k="tiger:county" v="Kalamazoo, MI"/>
    <tag k="tiger:name_base" v="Auditorium;Roell"/>
    <tag k="tiger:name_direction_prefix" v="N;E"/>
    <tag k="tiger:name_type" v="St;Dr;Ct"/>
    <tag k="tiger:reviewed" v="no"/>
  </way>
  <way id="3308">
    <nd ref="3204"/>
    <nd ref="3301"/>
    <tag k="type" v="line_thin"/>
    <tag k="subtype" v="solid"/>
  </way>
  <way id="3319">
    <nd ref="2275"/>
    <nd ref="2276"/>
    <nd ref="2277"/>
    <nd ref="2278"/>
    <nd ref="2279"/>
    <nd ref="2280"/>
    <nd ref="3317"/>
    <tag k="highway" v="unclassified"/>
    <tag k="maxspeed" v="25 mph"/>
    <tag k="name" v="Ring Road South"/>
    <tag k="surface" v="asphalt"/>
    <tag k="tiger:cfcc" v="A41"/>
    <tag k="tiger:county" v="Kalamazoo, MI"/>
    <tag k="tiger:name_base" v="Western"/>
    <tag k="tiger:name_type" v="Ave"/>
    <tag k="tiger:reviewed" v="no"/>
  </way>
  <way id="3320">
    <nd ref="3317"/>
    <nd ref="2281"/>
    <nd ref="2282"/>
    <nd ref="2283"/>
    <nd ref="2284"/>
    <nd ref="2285"/>
    <nd ref="2286"/>
    <nd ref="2287"/>
    <nd ref="2288"/>
    <tag k="highway" v="unclassified"/>
    <tag k="maxspeed" v="25 mph"/>
    <tag k="name" v="Ring Road South"/>
    <tag k="surface" v="asphalt"/>
    <tag k="tiger:cfcc" v="A41"/>
    <tag k="tiger:county" v="Kalamazoo, MI"/>
    <tag k="tiger:name_base" v="Western"/>
    <tag k="tiger:name_type" v="Ave"/>
    <tag k="tiger:reviewed" v="no"/>
  </way>
  <way id="3321">
    <nd ref="784"/>
    <nd ref="783"/>
    <nd ref="378"/>
    <nd ref="778"/>
    <nd ref="779"/>
    <nd ref="251"/>
    <nd ref="3318"/>
    <tag k="highway" v="unclassified"/>
    <tag k="maxspeed" v="25 mph"/>
    <tag k="name" v="Ring Road South"/>
    <tag k="surface" v="asphalt"/>
    <tag k="tiger:cfcc" v="A41"/>
    <tag k="tiger:county" v="Kalamazoo, MI"/>
    <tag k="tiger:name_base" v="Western"/>
    <tag k="tiger:name_type" v="Ave"/>
    <tag k="tiger:reviewed" v="no"/>
  </way>
  <way id="3322">
    <nd ref="3318"/>
    <nd ref="780"/>
    <nd ref="252"/>
    <nd ref="781"/>
    <nd ref="253"/>
    <nd ref="782"/>
    <nd ref="254"/>
    <nd ref="255"/>
    <nd ref="23"/>
    <tag k="highway" v="unclassified"/>
    <tag k="maxspeed" v="25 mph"/>
    <tag k="name" v="Ring Road South"/>
    <tag k="surface" v="asphalt"/>
    <tag k="tiger:cfcc" v="A41"/>
    <tag k="tiger:county" v="Kalamazoo, MI"/>
    <tag k="tiger:name_base" v="Western"/>
    <tag k="tiger:name_type" v="Ave"/>
    <tag k="tiger:reviewed" v="no"/>
  </way>
  <way id="3326">
    <nd ref="2244"/>
    <nd ref="2245"/>
    <nd ref="2246"/>
    <nd ref="2247"/>
    <nd ref="2248"/>
    <nd ref="3324"/>
    <tag k="highway" v="unclassified"/>
    <tag k="maxspeed" v="25 mph"/>
    <tag k="name" v="Ring Road South"/>
    <tag k="surface" v="asphalt"/>
    <tag k="tiger:cfcc" v="A41"/>
    <tag k="tiger:county" v="Kalamazoo, MI"/>
    <tag k="tiger:name_base" v="Western"/>
    <tag k="tiger:name_type" v="Ave"/>
    <tag k="tiger:reviewed" v="no"/>
  </way>
  <way id="3327">
    <nd ref="3324"/>
    <nd ref="2249"/>
    <nd ref="2250"/>
    <nd ref="2251"/>
    <nd ref="2252"/>
    <nd ref="2253"/>
    <nd ref="2254"/>
    <nd ref="2255"/>
    <nd ref="2256"/>
    <tag k="highway" v="unclassified"/>
    <tag k="maxspeed" v="25 mph"/>
    <tag k="name" v="Ring Road South"/>
    <tag k="surface" v="asphalt"/>
    <tag k="tiger:cfcc" v="A41"/>
    <tag k="tiger:county" v="Kalamazoo, MI"/>
    <tag k="tiger:name_base" v="Western"/>
    <tag k="tiger:name_type" v="Ave"/>
    <tag k="tiger:reviewed" v="no"/>
  </way>
  <way id="3328">
    <nd ref="2260"/>
    <nd ref="2261"/>
    <nd ref="2262"/>
    <nd ref="2263"/>
    <nd ref="2264"/>
    <nd ref="3325"/>
    <tag k="highway" v="unclassified"/>
    <tag k="maxspeed" v="25 mph"/>
    <tag k="name" v="Ring Road South"/>
    <tag k="surface" v="asphalt"/>
    <tag k="tiger:cfcc" v="A41"/>
    <tag k="tiger:county" v="Kalamazoo, MI"/>
    <tag k="tiger:name_base" v="Western"/>
    <tag k="tiger:name_type" v="Ave"/>
    <tag k="tiger:reviewed" v="no"/>
  </way>
  <way id="3329">
    <nd ref="3325"/>
    <nd ref="2265"/>
    <nd ref="2266"/>
    <nd ref="2267"/>
    <nd ref="2268"/>
    <nd ref="2269"/>
    <nd ref="2270"/>
    <nd ref="2271"/>
    <nd ref="2272"/>
    <tag k="highway" v="unclassified"/>
    <tag k="maxspeed" v="25 mph"/>
    <tag k="name" v="Ring Road South"/>
    <tag k="surface" v="asphalt"/>
    <tag k="tiger:cfcc" v="A41"/>
    <tag k="tiger:county" v="Kalamazoo, MI"/>
    <tag k="tiger:name_base" v="Western"/>
    <tag k="tiger:name_type" v="Ave"/>
    <tag k="tiger:reviewed" v="no"/>
  </way>
  <way id="3331">
    <nd ref="3324"/>
    <nd ref="3318"/>
    <tag k="type" v="line_thin"/>
    <tag k="subtype" v="solid"/>
  </way>
  <way id="3469">
    <nd ref="3468"/>
    <nd ref="3108"/>
    <nd ref="3109"/>
    <nd ref="3110"/>
    <nd ref="3111"/>
    <nd ref="3112"/>
    <nd ref="3113"/>
    <nd ref="3114"/>
    <nd ref="3115"/>
    <nd ref="3116"/>
    <nd ref="3117"/>
    <nd ref="3118"/>
    <tag k="highway" v="unclassified"/>
    <tag k="maxspeed" v="25 mph"/>
    <tag k="name" v="Arcadia Loop"/>
    <tag k="surface" v="asphalt"/>
    <tag k="tiger:cfcc" v="A41"/>
    <tag k="tiger:county" v="Kalamazoo, MI"/>
    <tag k="tiger:name_base" v="Van de Giessen"/>
    <tag k="tiger:name_type" v="Rd"/>
    <tag k="tiger:reviewed" v="no"/>
    <tag k="tiger:zip_left" v="49008"/>
    <tag k="tiger:zip_right" v="49008"/>
  </way>
  <way id="3471">
    <nd ref="3470"/>
    <nd ref="15"/>
    <nd ref="14"/>
    <nd ref="13"/>
    <nd ref="1005"/>
    <nd ref="998"/>
    <nd ref="12"/>
    <nd ref="11"/>
    <nd ref="10"/>
    <nd ref="9"/>
    <nd ref="315"/>
    <nd ref="2"/>
    <tag k="highway" v="unclassified"/>
    <tag k="maxspeed" v="25 mph"/>
    <tag k="name" v="Arcadia Loop"/>
    <tag k="surface" v="asphalt"/>
    <tag k="tiger:cfcc" v="A41"/>
    <tag k="tiger:county" v="Kalamazoo, MI"/>
    <tag k="tiger:name_base" v="Van de Giessen"/>
    <tag k="tiger:name_type" v="Rd"/>
    <tag k="tiger:reviewed" v="no"/>
    <tag k="tiger:zip_left" v="49008"/>
    <tag k="tiger:zip_right" v="49008"/>
  </way>
  <way id="3473">
    <nd ref="3472"/>
    <nd ref="3122"/>
    <nd ref="3123"/>
    <nd ref="3124"/>
    <nd ref="3125"/>
    <nd ref="3126"/>
    <nd ref="3127"/>
    <nd ref="3128"/>
    <nd ref="3129"/>
    <nd ref="3130"/>
    <nd ref="3131"/>
    <nd ref="3132"/>
    <tag k="highway" v="unclassified"/>
    <tag k="maxspeed" v="25 mph"/>
    <tag k="name" v="Arcadia Loop"/>
    <tag k="surface" v="asphalt"/>
    <tag k="tiger:cfcc" v="A41"/>
    <tag k="tiger:county" v="Kalamazoo, MI"/>
    <tag k="tiger:name_base" v="Van de Giessen"/>
    <tag k="tiger:name_type" v="Rd"/>
    <tag k="tiger:reviewed" v="no"/>
    <tag k="tiger:zip_left" v="49008"/>
    <tag k="tiger:zip_right" v="49008"/>
  </way>
  <way id="3585">
    <nd ref="3403"/>
    <nd ref="3404"/>
    <nd ref="3461"/>
    <tag k="highway" v="unclassified"/>
    <tag k="maxspeed" v="25 mph"/>
    <tag k="name" v="Ring Road South"/>
    <tag k="surface" v="asphalt"/>
    <tag k="tiger:cfcc" v="A74;A41"/>
    <tag k="tiger:county" v="Kalamazoo, MI"/>
    <tag k="tiger:name_base" v="Western;Van de Giessen"/>
    <tag k="tiger:name_type" v="Ave;Rd"/>
    <tag k="tiger:reviewed" v="no"/>
    <tag k="tiger:zip_left" v="49008"/>
    <tag k="tiger:zip_right" v="49008"/>
  </way>
  <way id="3587">
    <nd ref="3443"/>
    <nd ref="3444"/>
    <nd ref="3462"/>
    <tag k="highway" v="unclassified"/>
    <tag k="maxspeed" v="25 mph"/>
    <tag k="name" v="Ring Road South"/>
    <tag k="surface" v="asphalt"/>
    <tag k="tiger:cfcc" v="A74;A41"/>
    <tag k="tiger:county" v="Kalamazoo, MI"/>
    <tag k="tiger:name_base" v="Western;Van de Giessen"/>
    <tag k="tiger:name_type" v="Ave;Rd"/>
    <tag k="tiger:reviewed" v="no"/>
    <tag k="tiger:zip_left" v="49008"/>
    <tag k="tiger:zip_right" v="49008"/>
  </way>
  <way id="3592">
    <nd ref="3363"/>
    <nd ref="3364"/>
    <nd ref="3454"/>
    <tag k="highway" v="unclassified"/>
    <tag k="maxspeed" v="25 mph"/>
    <tag k="name" v="Ring Road South"/>
    <tag k="surface" v="asphalt"/>
    <tag k="tiger:cfcc" v="A74;A41"/>
    <tag k="tiger:county" v="Kalamazoo, MI"/>
    <tag k="tiger:name_base" v="Western;Van de Giessen"/>
    <tag k="tiger:name_type" v="Ave;Rd"/>
    <tag k="tiger:reviewed" v="no"/>
    <tag k="tiger:zip_left" v="49008"/>
    <tag k="tiger:zip_right" v="49008"/>
  </way>
  <way id="3594">
    <nd ref="16"/>
    <nd ref="17"/>
    <nd ref="3455"/>
    <tag k="highway" v="unclassified"/>
    <tag k="maxspeed" v="25 mph"/>
    <tag k="name" v="Ring Road South"/>
    <tag k="surface" v="asphalt"/>
    <tag k="tiger:cfcc" v="A74;A41"/>
    <tag k="tiger:county" v="Kalamazoo, MI"/>
    <tag k="tiger:name_base" v="Western;Van de Giessen"/>
    <tag k="tiger:name_type" v="Ave;Rd"/>
    <tag k="tiger:reviewed" v="no"/>
    <tag k="tiger:zip_left" v="49008"/>
    <tag k="tiger:zip_right" v="49008"/>
  </way>
  <way id="3611">
    <nd ref="3103"/>
    <nd ref="3610"/>
    <nd ref="3612"/>
    <nd ref="3613"/>
    <nd ref="3468"/>
    <tag k="type" v="line_thin"/>
    <tag k="subtype" v="solid"/>
  </way>
  <way id="3619">
    <nd ref="282"/>
    <nd ref="3615"/>
    <nd ref="3616"/>
    <nd ref="3661"/>
    <nd ref="3617"/>
    <nd ref="3618"/>
    <nd ref="3470"/>
    <tag k="type" v="line_thin"/>
    <tag k="subtype" v="solid"/>
  </way>
  <way id="3634">
    <nd ref="282"/>
    <nd ref="3633"/>
    <nd ref="3635"/>
    <nd ref="3636"/>
    <nd ref="3637"/>
    <nd ref="3638"/>
    <nd ref="3472"/>
    <tag k="type" v="line_thin"/>
    <tag k="subtype" v="solid"/>
  </way>
  <way id="3640">
    <nd ref="3103"/>
    <nd ref="3639"/>
    <nd ref="3641"/>
    <nd ref="3642"/>
    <nd ref="3643"/>
    <nd ref="3470"/>
    <tag k="type" v="line_thin"/>
    <tag k="subtype" v="solid"/>
  </way>
  <way id="3659">
    <nd ref="3468"/>
    <nd ref="3672"/>
    <nd ref="3703"/>
    <tag k="type" v="line_thin"/>
    <tag k="subtype" v="solid"/>
  </way>
  <way id="3663">
    <nd ref="3470"/>
    <nd ref="3673"/>
    <nd ref="3662"/>
    <tag k="type" v="line_thin"/>
    <tag k="subtype" v="solid"/>
  </way>
  <way id="3665">
    <nd ref="3472"/>
    <nd ref="3664"/>
    <tag k="type" v="line_thin"/>
    <tag k="subtype" v="solid"/>
  </way>
  <way id="3666">
    <nd ref="3363"/>
    <nd ref="3670"/>
    <nd ref="3684"/>
    <nd ref="3671"/>
    <nd ref="3703"/>
    <tag k="type" v="line_thin"/>
    <tag k="subtype" v="solid"/>
  </way>
  <way id="3667">
    <nd ref="3662"/>
    <nd ref="3669"/>
    <nd ref="3668"/>
    <nd ref="3680"/>
    <nd ref="16"/>
    <tag k="type" v="line_thin"/>
    <tag k="subtype" v="solid"/>
  </way>
  <way id="3675">
    <nd ref="3403"/>
    <nd ref="3683"/>
    <nd ref="3674"/>
    <nd ref="3676"/>
    <nd ref="3677"/>
    <nd ref="3678"/>
    <nd ref="3664"/>
    <tag k="type" v="line_thin"/>
    <tag k="subtype" v="solid"/>
  </way>
  <way id="3695">
    <nd ref="3662"/>
    <nd ref="3694"/>
    <nd ref="3696"/>
    <nd ref="3697"/>
    <nd ref="3698"/>
    <nd ref="3699"/>
    <nd ref="3700"/>
    <nd ref="3701"/>
    <nd ref="3702"/>
    <nd ref="3596"/>
    <tag k="type" v="line_thin"/>
    <tag k="subtype" v="solid"/>
  </way>
  <way id="3704">
    <nd ref="3703"/>
    <nd ref="3685"/>
    <nd ref="3686"/>
    <nd ref="3687"/>
    <nd ref="3688"/>
    <nd ref="3689"/>
    <nd ref="3690"/>
    <nd ref="3691"/>
    <nd ref="3692"/>
    <nd ref="3693"/>
    <nd ref="3597"/>
    <tag k="type" v="line_thin"/>
    <tag k="subtype" v="solid"/>
  </way>
  <way id="3706">
    <nd ref="3443"/>
    <nd ref="3705"/>
    <nd ref="3707"/>
    <nd ref="3708"/>
    <nd ref="3709"/>
    <nd ref="3597"/>
    <tag k="type" v="line_thin"/>
    <tag k="subtype" v="solid"/>
  </way>
  <way id="3716">
    <nd ref="3403"/>
    <nd ref="3711"/>
    <nd ref="3712"/>
    <nd ref="3713"/>
    <nd ref="3714"/>
    <nd ref="3715"/>
    <nd ref="3596"/>
    <tag k="type" v="line_thin"/>
    <tag k="subtype" v="solid"/>
  </way>
  <way id="3718">
    <nd ref="3472"/>
    <nd ref="3717"/>
    <nd ref="3719"/>
    <nd ref="3720"/>
    <nd ref="3721"/>
    <nd ref="3722"/>
    <nd ref="3603"/>
    <tag k="type" v="line_thin"/>
    <tag k="subtype" v="solid"/>
  </way>
  <way id="3724">
    <nd ref="3604"/>
    <nd ref="3723"/>
    <nd ref="3725"/>
    <nd ref="3726"/>
    <nd ref="3727"/>
    <nd ref="3728"/>
    <nd ref="3729"/>
    <nd ref="3730"/>
    <nd ref="3470"/>
    <tag k="type" v="line_thin"/>
    <tag k="subtype" v="solid"/>
  </way>
  <way id="3745">
    <nd ref="3603"/>
    <nd ref="3744"/>
    <nd ref="3746"/>
    <nd ref="3749"/>
    <nd ref="3750"/>
    <nd ref="3751"/>
    <nd ref="3363"/>
    <tag k="type" v="line_thin"/>
    <tag k="subtype" v="solid"/>
  </way>
  <way id="3761">
    <nd ref="16"/>
    <nd ref="3757"/>
    <nd ref="3756"/>
    <nd ref="3755"/>
    <nd ref="3754"/>
    <nd ref="3753"/>
    <nd ref="3604"/>
    <tag k="type" v="line_thin"/>
    <tag k="subtype" v="solid"/>
  </way>
  <way id="3782">
    <nd ref="3779"/>
    <nd ref="3406"/>
    <nd ref="3407"/>
    <nd ref="3408"/>
    <nd ref="3409"/>
    <nd ref="3410"/>
    <nd ref="2256"/>
    <tag k="highway" v="unclassified"/>
    <tag k="maxspeed" v="25 mph"/>
    <tag k="name" v="Ring Road South"/>
    <tag k="surface" v="asphalt"/>
    <tag k="tiger:cfcc" v="A74;A41"/>
    <tag k="tiger:county" v="Kalamazoo, MI"/>
    <tag k="tiger:name_base" v="Western;Van de Giessen"/>
    <tag k="tiger:name_type" v="Ave;Rd"/>
    <tag k="tiger:reviewed" v="no"/>
    <tag k="tiger:zip_left" v="49008"/>
    <tag k="tiger:zip_right" v="49008"/>
  </way>
  <way id="3784">
    <nd ref="3780"/>
    <nd ref="3446"/>
    <nd ref="3447"/>
    <nd ref="3448"/>
    <nd ref="3449"/>
    <nd ref="3450"/>
    <nd ref="2272"/>
    <tag k="highway" v="unclassified"/>
    <tag k="maxspeed" v="25 mph"/>
    <tag k="name" v="Ring Road South"/>
    <tag k="surface" v="asphalt"/>
    <tag k="tiger:cfcc" v="A74;A41"/>
    <tag k="tiger:county" v="Kalamazoo, MI"/>
    <tag k="tiger:name_base" v="Western;Van de Giessen"/>
    <tag k="tiger:name_type" v="Ave;Rd"/>
    <tag k="tiger:reviewed" v="no"/>
    <tag k="tiger:zip_left" v="49008"/>
    <tag k="tiger:zip_right" v="49008"/>
  </way>
  <way id="3795">
    <nd ref="3454"/>
    <nd ref="3365"/>
    <nd ref="3793"/>
    <tag k="highway" v="unclassified"/>
    <tag k="maxspeed" v="25 mph"/>
    <tag k="name" v="Ring Road South"/>
    <tag k="surface" v="asphalt"/>
    <tag k="tiger:cfcc" v="A74;A41"/>
    <tag k="tiger:county" v="Kalamazoo, MI"/>
    <tag k="tiger:name_base" v="Western;Van de Giessen"/>
    <tag k="tiger:name_type" v="Ave;Rd"/>
    <tag k="tiger:reviewed" v="no"/>
    <tag k="tiger:zip_left" v="49008"/>
    <tag k="tiger:zip_right" v="49008"/>
  </way>
  <way id="3796">
    <nd ref="3793"/>
    <nd ref="3366"/>
    <nd ref="3367"/>
    <nd ref="3368"/>
    <nd ref="3369"/>
    <nd ref="3370"/>
    <nd ref="2288"/>
    <tag k="highway" v="unclassified"/>
    <tag k="maxspeed" v="25 mph"/>
    <tag k="name" v="Ring Road South"/>
    <tag k="surface" v="asphalt"/>
    <tag k="tiger:cfcc" v="A74;A41"/>
    <tag k="tiger:county" v="Kalamazoo, MI"/>
    <tag k="tiger:name_base" v="Western;Van de Giessen"/>
    <tag k="tiger:name_type" v="Ave;Rd"/>
    <tag k="tiger:reviewed" v="no"/>
    <tag k="tiger:zip_left" v="49008"/>
    <tag k="tiger:zip_right" v="49008"/>
  </way>
  <way id="3797">
    <nd ref="3455"/>
    <nd ref="18"/>
    <nd ref="3794"/>
    <tag k="highway" v="unclassified"/>
    <tag k="maxspeed" v="25 mph"/>
    <tag k="name" v="Ring Road South"/>
    <tag k="surface" v="asphalt"/>
    <tag k="tiger:cfcc" v="A74;A41"/>
    <tag k="tiger:county" v="Kalamazoo, MI"/>
    <tag k="tiger:name_base" v="Western;Van de Giessen"/>
    <tag k="tiger:name_type" v="Ave;Rd"/>
    <tag k="tiger:reviewed" v="no"/>
    <tag k="tiger:zip_left" v="49008"/>
    <tag k="tiger:zip_right" v="49008"/>
  </way>
  <way id="3798">
    <nd ref="3794"/>
    <nd ref="19"/>
    <nd ref="20"/>
    <nd ref="21"/>
    <nd ref="22"/>
    <nd ref="23"/>
    <tag k="highway" v="unclassified"/>
    <tag k="maxspeed" v="25 mph"/>
    <tag k="name" v="Ring Road South"/>
    <tag k="surface" v="asphalt"/>
    <tag k="tiger:cfcc" v="A74;A41"/>
    <tag k="tiger:county" v="Kalamazoo, MI"/>
    <tag k="tiger:name_base" v="Western;Van de Giessen"/>
    <tag k="tiger:name_type" v="Ave;Rd"/>
    <tag k="tiger:reviewed" v="no"/>
    <tag k="tiger:zip_left" v="49008"/>
    <tag k="tiger:zip_right" v="49008"/>
  </way>
  <way id="3817">
    <nd ref="3597"/>
    <nd ref="3816"/>
    <nd ref="3818"/>
    <nd ref="3819"/>
    <nd ref="3820"/>
    <nd ref="3872"/>
    <tag k="type" v="line_thin"/>
    <tag k="subtype" v="solid"/>
  </way>
  <way id="3823">
    <nd ref="3596"/>
    <nd ref="3822"/>
    <nd ref="3824"/>
    <nd ref="3825"/>
    <nd ref="3826"/>
    <nd ref="3828"/>
    <tag k="type" v="line_thin"/>
    <tag k="subtype" v="solid"/>
  </way>
  <way id="3830">
    <nd ref="3827"/>
    <nd ref="3361"/>
    <nd ref="3603"/>
    <tag k="highway" v="unclassified"/>
    <tag k="maxspeed" v="25 mph"/>
    <tag k="name" v="Ring Road South"/>
    <tag k="surface" v="asphalt"/>
    <tag k="tiger:cfcc" v="A74;A41"/>
    <tag k="tiger:county" v="Kalamazoo, MI"/>
    <tag k="tiger:name_base" v="Western;Van de Giessen"/>
    <tag k="tiger:name_type" v="Ave;Rd"/>
    <tag k="tiger:reviewed" v="no"/>
    <tag k="tiger:zip_left" v="49008"/>
    <tag k="tiger:zip_right" v="49008"/>
  </way>
  <way id="3832">
    <nd ref="3828"/>
    <nd ref="246"/>
    <nd ref="3604"/>
    <tag k="highway" v="unclassified"/>
    <tag k="maxspeed" v="25 mph"/>
    <tag k="name" v="Ring Road South"/>
    <tag k="surface" v="asphalt"/>
    <tag k="tiger:cfcc" v="A74;A41"/>
    <tag k="tiger:county" v="Kalamazoo, MI"/>
    <tag k="tiger:name_base" v="Western;Van de Giessen"/>
    <tag k="tiger:name_type" v="Ave;Rd"/>
    <tag k="tiger:reviewed" v="no"/>
    <tag k="tiger:zip_left" v="49008"/>
    <tag k="tiger:zip_right" v="49008"/>
  </way>
  <way id="3837">
    <nd ref="3332"/>
    <nd ref="3333"/>
    <nd ref="3334"/>
    <nd ref="3335"/>
    <nd ref="3336"/>
    <nd ref="3337"/>
    <nd ref="3338"/>
    <nd ref="3339"/>
    <nd ref="3340"/>
    <nd ref="3341"/>
    <nd ref="3342"/>
    <nd ref="3343"/>
    <nd ref="3344"/>
    <nd ref="3345"/>
    <nd ref="3346"/>
    <nd ref="3347"/>
    <nd ref="3348"/>
    <nd ref="3349"/>
    <nd ref="3350"/>
    <nd ref="3351"/>
    <nd ref="3352"/>
    <nd ref="3353"/>
    <nd ref="3354"/>
    <nd ref="3355"/>
    <nd ref="3356"/>
    <nd ref="3357"/>
    <nd ref="3358"/>
    <nd ref="3359"/>
    <nd ref="3835"/>
    <tag k="highway" v="unclassified"/>
    <tag k="maxspeed" v="25 mph"/>
    <tag k="name" v="Ring Road South"/>
    <tag k="surface" v="asphalt"/>
    <tag k="tiger:cfcc" v="A74;A41"/>
    <tag k="tiger:county" v="Kalamazoo, MI"/>
    <tag k="tiger:name_base" v="Western;Van de Giessen"/>
    <tag k="tiger:name_type" v="Ave;Rd"/>
    <tag k="tiger:reviewed" v="no"/>
    <tag k="tiger:zip_left" v="49008"/>
    <tag k="tiger:zip_right" v="49008"/>
  </way>
  <way id="3838">
    <nd ref="3835"/>
    <nd ref="3360"/>
    <nd ref="3827"/>
    <tag k="highway" v="unclassified"/>
    <tag k="maxspeed" v="25 mph"/>
    <tag k="name" v="Ring Road South"/>
    <tag k="surface" v="asphalt"/>
    <tag k="tiger:cfcc" v="A74;A41"/>
    <tag k="tiger:county" v="Kalamazoo, MI"/>
    <tag k="tiger:name_base" v="Western;Van de Giessen"/>
    <tag k="tiger:name_type" v="Ave;Rd"/>
    <tag k="tiger:reviewed" v="no"/>
    <tag k="tiger:zip_left" v="49008"/>
    <tag k="tiger:zip_right" v="49008"/>
  </way>
  <way id="3839">
    <nd ref="232"/>
    <nd ref="233"/>
    <nd ref="234"/>
    <nd ref="235"/>
    <nd ref="686"/>
    <nd ref="210"/>
    <nd ref="1020"/>
    <nd ref="236"/>
    <nd ref="965"/>
    <nd ref="964"/>
    <nd ref="220"/>
    <nd ref="237"/>
    <nd ref="532"/>
    <nd ref="531"/>
    <nd ref="1008"/>
    <nd ref="951"/>
    <nd ref="238"/>
    <nd ref="239"/>
    <nd ref="240"/>
    <nd ref="241"/>
    <nd ref="242"/>
    <nd ref="913"/>
    <nd ref="31"/>
    <nd ref="1016"/>
    <nd ref="446"/>
    <nd ref="74"/>
    <nd ref="243"/>
    <nd ref="244"/>
    <nd ref="3836"/>
    <tag k="highway" v="unclassified"/>
    <tag k="maxspeed" v="25 mph"/>
    <tag k="name" v="Ring Road South"/>
    <tag k="surface" v="asphalt"/>
    <tag k="tiger:cfcc" v="A74;A41"/>
    <tag k="tiger:county" v="Kalamazoo, MI"/>
    <tag k="tiger:name_base" v="Western;Van de Giessen"/>
    <tag k="tiger:name_type" v="Ave;Rd"/>
    <tag k="tiger:reviewed" v="no"/>
    <tag k="tiger:zip_left" v="49008"/>
    <tag k="tiger:zip_right" v="49008"/>
  </way>
  <way id="3840">
    <nd ref="3836"/>
    <nd ref="245"/>
    <nd ref="3828"/>
    <tag k="highway" v="unclassified"/>
    <tag k="maxspeed" v="25 mph"/>
    <tag k="name" v="Ring Road South"/>
    <tag k="surface" v="asphalt"/>
    <tag k="tiger:cfcc" v="A74;A41"/>
    <tag k="tiger:county" v="Kalamazoo, MI"/>
    <tag k="tiger:name_base" v="Western;Van de Giessen"/>
    <tag k="tiger:name_type" v="Ave;Rd"/>
    <tag k="tiger:reviewed" v="no"/>
    <tag k="tiger:zip_left" v="49008"/>
    <tag k="tiger:zip_right" v="49008"/>
  </way>
  <way id="3871">
    <nd ref="3842"/>
    <nd ref="3843"/>
    <nd ref="3844"/>
    <nd ref="3845"/>
    <nd ref="3846"/>
    <nd ref="3847"/>
    <nd ref="3848"/>
    <nd ref="3849"/>
    <nd ref="3850"/>
    <nd ref="3851"/>
    <nd ref="3852"/>
    <nd ref="3853"/>
    <nd ref="3854"/>
    <nd ref="3855"/>
    <nd ref="3856"/>
    <nd ref="3857"/>
    <nd ref="3858"/>
    <nd ref="3859"/>
    <nd ref="3860"/>
    <nd ref="3861"/>
    <nd ref="3862"/>
    <nd ref="3863"/>
    <nd ref="3864"/>
    <nd ref="3865"/>
    <nd ref="3866"/>
    <nd ref="3867"/>
    <nd ref="3868"/>
    <nd ref="3869"/>
    <nd ref="3870"/>
    <tag k="highway" v="unclassified"/>
    <tag k="maxspeed" v="25 mph"/>
    <tag k="name" v="Ring Road South"/>
    <tag k="surface" v="asphalt"/>
    <tag k="tiger:cfcc" v="A74;A41"/>
    <tag k="tiger:county" v="Kalamazoo, MI"/>
    <tag k="tiger:name_base" v="Western;Van de Giessen"/>
    <tag k="tiger:name_type" v="Ave;Rd"/>
    <tag k="tiger:reviewed" v="no"/>
    <tag k="tiger:zip_left" v="49008"/>
    <tag k="tiger:zip_right" v="49008"/>
  </way>
  <way id="3873">
    <nd ref="3872"/>
    <nd ref="3821"/>
    <nd ref="3870"/>
    <tag k="type" v="line_thin"/>
    <tag k="subtype" v="solid"/>
  </way>
  <way id="3884">
    <nd ref="3897"/>
    <nd ref="3877"/>
    <nd ref="3878"/>
    <nd ref="4028"/>
    <tag k="highway" v="unclassified"/>
    <tag k="maxspeed" v="25 mph"/>
    <tag k="name" v="Ring Road South"/>
    <tag k="surface" v="asphalt"/>
    <tag k="tiger:cfcc" v="A74;A41"/>
    <tag k="tiger:county" v="Kalamazoo, MI"/>
    <tag k="tiger:name_base" v="Western;Van de Giessen"/>
    <tag k="tiger:name_type" v="Ave;Rd"/>
    <tag k="tiger:reviewed" v="no"/>
    <tag k="tiger:zip_left" v="49008"/>
    <tag k="tiger:zip_right" v="49008"/>
  </way>
  <way id="3892">
    <nd ref="3894"/>
    <nd ref="3885"/>
    <nd ref="3886"/>
    <nd ref="4012"/>
    <tag k="highway" v="unclassified"/>
    <tag k="maxspeed" v="25 mph"/>
    <tag k="name" v="Ring Road South"/>
    <tag k="surface" v="asphalt"/>
    <tag k="tiger:cfcc" v="A74;A41"/>
    <tag k="tiger:county" v="Kalamazoo, MI"/>
    <tag k="tiger:name_base" v="Western;Van de Giessen"/>
    <tag k="tiger:name_type" v="Ave;Rd"/>
    <tag k="tiger:reviewed" v="no"/>
    <tag k="tiger:zip_left" v="49008"/>
    <tag k="tiger:zip_right" v="49008"/>
  </way>
  <way id="3895">
    <nd ref="3935"/>
    <nd ref="3893"/>
    <nd ref="3894"/>
    <tag k="highway" v="unclassified"/>
    <tag k="maxspeed" v="25 mph"/>
    <tag k="name" v="Ring Road South"/>
    <tag k="surface" v="asphalt"/>
    <tag k="tiger:cfcc" v="A74;A41"/>
    <tag k="tiger:county" v="Kalamazoo, MI"/>
    <tag k="tiger:name_base" v="Western;Van de Giessen"/>
    <tag k="tiger:name_type" v="Ave;Rd"/>
    <tag k="tiger:reviewed" v="no"/>
    <tag k="tiger:zip_left" v="49008"/>
    <tag k="tiger:zip_right" v="49008"/>
  </way>
  <way id="3898">
    <nd ref="3916"/>
    <nd ref="3896"/>
    <nd ref="3897"/>
    <tag k="highway" v="unclassified"/>
    <tag k="maxspeed" v="25 mph"/>
    <tag k="name" v="Ring Road South"/>
    <tag k="surface" v="asphalt"/>
    <tag k="tiger:cfcc" v="A74;A41"/>
    <tag k="tiger:county" v="Kalamazoo, MI"/>
    <tag k="tiger:name_base" v="Western;Van de Giessen"/>
    <tag k="tiger:name_type" v="Ave;Rd"/>
    <tag k="tiger:reviewed" v="no"/>
    <tag k="tiger:zip_left" v="49008"/>
    <tag k="tiger:zip_right" v="49008"/>
  </way>
  <way id="3917">
    <nd ref="3900"/>
    <nd ref="3901"/>
    <nd ref="4172"/>
    <tag k="highway" v="unclassified"/>
    <tag k="maxspeed" v="25 mph"/>
    <tag k="name" v="Ring Road South"/>
    <tag k="surface" v="asphalt"/>
    <tag k="tiger:cfcc" v="A74;A41"/>
    <tag k="tiger:county" v="Kalamazoo, MI"/>
    <tag k="tiger:name_base" v="Western;Van de Giessen"/>
    <tag k="tiger:name_type" v="Ave;Rd"/>
    <tag k="tiger:reviewed" v="no"/>
    <tag k="tiger:zip_left" v="49008"/>
    <tag k="tiger:zip_right" v="49008"/>
  </way>
  <way id="4002">
    <nd ref="4004"/>
    <nd ref="3995"/>
    <nd ref="3996"/>
    <nd ref="4006"/>
    <tag k="highway" v="unclassified"/>
    <tag k="maxspeed" v="25 mph"/>
    <tag k="name" v="Ring Road South"/>
    <tag k="surface" v="asphalt"/>
    <tag k="tiger:cfcc" v="A74;A41"/>
    <tag k="tiger:county" v="Kalamazoo, MI"/>
    <tag k="tiger:name_base" v="Western;Van de Giessen"/>
    <tag k="tiger:name_type" v="Ave;Rd"/>
    <tag k="tiger:reviewed" v="no"/>
    <tag k="tiger:zip_left" v="49008"/>
    <tag k="tiger:zip_right" v="49008"/>
  </way>
  <way id="4005">
    <nd ref="4049"/>
    <nd ref="4003"/>
    <nd ref="4004"/>
    <tag k="highway" v="unclassified"/>
    <tag k="maxspeed" v="25 mph"/>
    <tag k="name" v="Ring Road South"/>
    <tag k="surface" v="asphalt"/>
    <tag k="tiger:cfcc" v="A74;A41"/>
    <tag k="tiger:county" v="Kalamazoo, MI"/>
    <tag k="tiger:name_base" v="Western;Van de Giessen"/>
    <tag k="tiger:name_type" v="Ave;Rd"/>
    <tag k="tiger:reviewed" v="no"/>
    <tag k="tiger:zip_left" v="49008"/>
    <tag k="tiger:zip_right" v="49008"/>
  </way>
  <way id="4010">
    <nd ref="3842"/>
    <nd ref="3891"/>
    <nd ref="3890"/>
    <nd ref="3889"/>
    <nd ref="3888"/>
    <nd ref="4014"/>
    <nd ref="4008"/>
    <nd ref="4023"/>
    <tag k="type" v="line_thin"/>
    <tag k="subtype" v="solid"/>
  </way>
  <way id="4011">
    <nd ref="228"/>
    <nd ref="3887"/>
    <nd ref="4012"/>
    <tag k="type" v="line_thin"/>
    <tag k="subtype" v="solid"/>
  </way>
  <way id="4022">
    <nd ref="232"/>
    <nd ref="231"/>
    <nd ref="230"/>
    <nd ref="229"/>
    <nd ref="4020"/>
    <nd ref="228"/>
    <tag k="type" v="line_thin"/>
    <tag k="subtype" v="solid"/>
  </way>
  <way id="4024">
    <nd ref="4023"/>
    <nd ref="4006"/>
    <tag k="type" v="line_thin"/>
    <tag k="subtype" v="solid"/>
  </way>
  <way id="4029">
    <nd ref="4028"/>
    <nd ref="3879"/>
    <nd ref="3880"/>
    <nd ref="3881"/>
    <nd ref="3882"/>
    <nd ref="3883"/>
    <nd ref="3332"/>
    <tag k="highway" v="unclassified"/>
    <tag k="maxspeed" v="25 mph"/>
    <tag k="name" v="Ring Road South"/>
    <tag k="surface" v="asphalt"/>
    <tag k="tiger:cfcc" v="A74;A41"/>
    <tag k="tiger:county" v="Kalamazoo, MI"/>
    <tag k="tiger:name_base" v="Western;Van de Giessen"/>
    <tag k="tiger:name_type" v="Ave;Rd"/>
    <tag k="tiger:reviewed" v="no"/>
    <tag k="tiger:zip_left" v="49008"/>
    <tag k="tiger:zip_right" v="49008"/>
  </way>
  <way id="4059">
    <nd ref="4052"/>
    <nd ref="4053"/>
    <nd ref="4054"/>
    <nd ref="4055"/>
    <nd ref="4056"/>
    <nd ref="4057"/>
    <nd ref="4058"/>
    <tag k="highway" v="tertiary"/>
    <tag k="lanes" v="2"/>
    <tag k="maxspeed" v="25 mph"/>
    <tag k="maxspeed:type" v="sign"/>
    <tag k="name" v="West Michigan Avenue"/>
    <tag k="surface" v="asphalt"/>
    <tag k="tiger:cfcc" v="A41"/>
    <tag k="tiger:county" v="Kalamazoo, MI"/>
    <tag k="tiger:name_base" v="Michigan"/>
    <tag k="tiger:name_direction_prefix" v="W"/>
    <tag k="tiger:name_type" v="Ave"/>
    <tag k="tiger:zip_left" v="49006"/>
    <tag k="tiger:zip_right" v="49006"/>
  </way>
  <way id="4068">
    <nd ref="4061"/>
    <nd ref="4062"/>
    <nd ref="4063"/>
    <nd ref="4064"/>
    <nd ref="4065"/>
    <nd ref="4066"/>
    <nd ref="4067"/>
    <tag k="highway" v="tertiary"/>
    <tag k="lanes" v="2"/>
    <tag k="maxspeed" v="25 mph"/>
    <tag k="maxspeed:type" v="sign"/>
    <tag k="name" v="West Michigan Avenue"/>
    <tag k="surface" v="asphalt"/>
    <tag k="tiger:cfcc" v="A41"/>
    <tag k="tiger:county" v="Kalamazoo, MI"/>
    <tag k="tiger:name_base" v="Michigan"/>
    <tag k="tiger:name_direction_prefix" v="W"/>
    <tag k="tiger:name_type" v="Ave"/>
    <tag k="tiger:zip_left" v="49006"/>
    <tag k="tiger:zip_right" v="49006"/>
  </way>
  <way id="4077">
    <nd ref="4070"/>
    <nd ref="4071"/>
    <nd ref="4072"/>
    <nd ref="4073"/>
    <nd ref="4074"/>
    <nd ref="4075"/>
    <nd ref="4076"/>
    <tag k="highway" v="tertiary"/>
    <tag k="lanes" v="2"/>
    <tag k="maxspeed" v="25 mph"/>
    <tag k="maxspeed:type" v="sign"/>
    <tag k="name" v="West Michigan Avenue"/>
    <tag k="surface" v="asphalt"/>
    <tag k="tiger:cfcc" v="A41"/>
    <tag k="tiger:county" v="Kalamazoo, MI"/>
    <tag k="tiger:name_base" v="Michigan"/>
    <tag k="tiger:name_direction_prefix" v="W"/>
    <tag k="tiger:name_type" v="Ave"/>
    <tag k="tiger:zip_left" v="49006"/>
    <tag k="tiger:zip_right" v="49006"/>
  </way>
  <way id="4123">
    <nd ref="3919"/>
    <nd ref="4122"/>
    <nd ref="4124"/>
    <nd ref="4125"/>
    <nd ref="4126"/>
    <nd ref="4127"/>
    <nd ref="4128"/>
    <nd ref="4129"/>
    <nd ref="4070"/>
    <tag k="type" v="line_thin"/>
    <tag k="subtype" v="solid"/>
  </way>
  <way id="4131">
    <nd ref="4061"/>
    <nd ref="4130"/>
    <nd ref="4132"/>
    <nd ref="4133"/>
    <nd ref="4134"/>
    <nd ref="4135"/>
    <nd ref="4136"/>
    <nd ref="4137"/>
    <nd ref="770"/>
    <tag k="type" v="line_thin"/>
    <tag k="subtype" v="solid"/>
  </way>
  <way id="4141">
    <nd ref="4052"/>
    <nd ref="4140"/>
    <nd ref="4142"/>
    <nd ref="4143"/>
    <nd ref="4144"/>
    <nd ref="4145"/>
    <nd ref="4146"/>
    <nd ref="4147"/>
    <nd ref="3900"/>
    <tag k="type" v="line_thin"/>
    <tag k="subtype" v="solid"/>
  </way>
  <way id="4149">
    <nd ref="774"/>
    <nd ref="4148"/>
    <nd ref="4150"/>
    <nd ref="4151"/>
    <nd ref="4152"/>
    <nd ref="4153"/>
    <nd ref="4154"/>
    <nd ref="4155"/>
    <nd ref="770"/>
    <tag k="type" v="line_thin"/>
    <tag k="subtype" v="solid"/>
  </way>
  <way id="4157">
    <nd ref="3922"/>
    <nd ref="4169"/>
    <nd ref="825"/>
    <tag k="type" v="line_thin"/>
    <tag k="subtype" v="solid"/>
  </way>
  <way id="4158">
    <nd ref="4036"/>
    <nd ref="4170"/>
    <nd ref="3921"/>
    <tag k="type" v="line_thin"/>
    <tag k="subtype" v="solid"/>
  </way>
  <way id="4162">
    <nd ref="3921"/>
    <nd ref="3920"/>
    <nd ref="3919"/>
    <tag k="type" v="line_thin"/>
    <tag k="subtype" v="solid"/>
  </way>
  <way id="4192">
    <nd ref="4172"/>
    <nd ref="3902"/>
    <nd ref="3903"/>
    <nd ref="3904"/>
    <nd ref="3905"/>
    <nd ref="4190"/>
    <tag k="highway" v="unclassified"/>
    <tag k="maxspeed" v="25 mph"/>
    <tag k="name" v="Ring Road South"/>
    <tag k="surface" v="asphalt"/>
    <tag k="tiger:cfcc" v="A74;A41"/>
    <tag k="tiger:county" v="Kalamazoo, MI"/>
    <tag k="tiger:name_base" v="Western;Van de Giessen"/>
    <tag k="tiger:name_type" v="Ave;Rd"/>
    <tag k="tiger:reviewed" v="no"/>
    <tag k="tiger:zip_left" v="49008"/>
    <tag k="tiger:zip_right" v="49008"/>
  </way>
  <way id="4193">
    <nd ref="4190"/>
    <nd ref="3906"/>
    <nd ref="3907"/>
    <nd ref="3908"/>
    <nd ref="3909"/>
    <nd ref="3910"/>
    <nd ref="3911"/>
    <nd ref="3912"/>
    <nd ref="3913"/>
    <nd ref="3914"/>
    <nd ref="3915"/>
    <nd ref="3916"/>
    <tag k="highway" v="unclassified"/>
    <tag k="maxspeed" v="25 mph"/>
    <tag k="name" v="Ring Road South"/>
    <tag k="surface" v="asphalt"/>
    <tag k="tiger:cfcc" v="A74;A41"/>
    <tag k="tiger:county" v="Kalamazoo, MI"/>
    <tag k="tiger:name_base" v="Western;Van de Giessen"/>
    <tag k="tiger:name_type" v="Ave;Rd"/>
    <tag k="tiger:reviewed" v="no"/>
    <tag k="tiger:zip_left" v="49008"/>
    <tag k="tiger:zip_right" v="49008"/>
  </way>
  <way id="4194">
    <nd ref="825"/>
    <nd ref="222"/>
    <nd ref="223"/>
    <nd ref="824"/>
    <nd ref="4191"/>
    <tag k="highway" v="unclassified"/>
    <tag k="maxspeed" v="25 mph"/>
    <tag k="name" v="Ring Road South"/>
    <tag k="surface" v="asphalt"/>
    <tag k="tiger:cfcc" v="A74;A41"/>
    <tag k="tiger:county" v="Kalamazoo, MI"/>
    <tag k="tiger:name_base" v="Western;Van de Giessen"/>
    <tag k="tiger:name_type" v="Ave;Rd"/>
    <tag k="tiger:reviewed" v="no"/>
    <tag k="tiger:zip_left" v="49008"/>
    <tag k="tiger:zip_right" v="49008"/>
  </way>
  <way id="4195">
    <nd ref="4191"/>
    <nd ref="224"/>
    <nd ref="823"/>
    <nd ref="822"/>
    <nd ref="225"/>
    <nd ref="226"/>
    <nd ref="395"/>
    <nd ref="227"/>
    <nd ref="821"/>
    <nd ref="820"/>
    <nd ref="805"/>
    <nd ref="209"/>
    <tag k="highway" v="unclassified"/>
    <tag k="maxspeed" v="25 mph"/>
    <tag k="name" v="Ring Road South"/>
    <tag k="surface" v="asphalt"/>
    <tag k="tiger:cfcc" v="A74;A41"/>
    <tag k="tiger:county" v="Kalamazoo, MI"/>
    <tag k="tiger:name_base" v="Western;Van de Giessen"/>
    <tag k="tiger:name_type" v="Ave;Rd"/>
    <tag k="tiger:reviewed" v="no"/>
    <tag k="tiger:zip_left" v="49008"/>
    <tag k="tiger:zip_right" v="49008"/>
  </way>
  <way id="4199">
    <nd ref="3922"/>
    <nd ref="4165"/>
    <nd ref="3923"/>
    <nd ref="3924"/>
    <nd ref="4197"/>
    <tag k="highway" v="unclassified"/>
    <tag k="maxspeed" v="25 mph"/>
    <tag k="name" v="Ring Road South"/>
    <tag k="surface" v="asphalt"/>
    <tag k="tiger:cfcc" v="A74;A41"/>
    <tag k="tiger:county" v="Kalamazoo, MI"/>
    <tag k="tiger:name_base" v="Western;Van de Giessen"/>
    <tag k="tiger:name_type" v="Ave;Rd"/>
    <tag k="tiger:reviewed" v="no"/>
    <tag k="tiger:zip_left" v="49008"/>
    <tag k="tiger:zip_right" v="49008"/>
  </way>
  <way id="4200">
    <nd ref="4197"/>
    <nd ref="3925"/>
    <nd ref="3926"/>
    <nd ref="3927"/>
    <nd ref="3928"/>
    <nd ref="3929"/>
    <nd ref="3930"/>
    <nd ref="3931"/>
    <nd ref="3932"/>
    <nd ref="3933"/>
    <nd ref="3934"/>
    <nd ref="3935"/>
    <tag k="highway" v="unclassified"/>
    <tag k="maxspeed" v="25 mph"/>
    <tag k="name" v="Ring Road South"/>
    <tag k="surface" v="asphalt"/>
    <tag k="tiger:cfcc" v="A74;A41"/>
    <tag k="tiger:county" v="Kalamazoo, MI"/>
    <tag k="tiger:name_base" v="Western;Van de Giessen"/>
    <tag k="tiger:name_type" v="Ave;Rd"/>
    <tag k="tiger:reviewed" v="no"/>
    <tag k="tiger:zip_left" v="49008"/>
    <tag k="tiger:zip_right" v="49008"/>
  </way>
  <way id="4201">
    <nd ref="4036"/>
    <nd ref="4180"/>
    <nd ref="4037"/>
    <nd ref="4038"/>
    <nd ref="4198"/>
    <tag k="type" v="line_thin"/>
    <tag k="subtype" v="solid"/>
  </way>
  <way id="4202">
    <nd ref="4198"/>
    <nd ref="4039"/>
    <nd ref="4040"/>
    <nd ref="4041"/>
    <nd ref="4042"/>
    <nd ref="4043"/>
    <nd ref="4044"/>
    <nd ref="4045"/>
    <nd ref="4046"/>
    <nd ref="4047"/>
    <nd ref="4048"/>
    <nd ref="4049"/>
    <tag k="type" v="line_thin"/>
    <tag k="subtype" v="solid"/>
  </way>
  <way id="4207">
    <nd ref="4076"/>
    <nd ref="4206"/>
    <nd ref="4210"/>
    <nd ref="4211"/>
    <nd ref="4212"/>
    <nd ref="4094"/>
    <tag k="type" v="line_thin"/>
    <tag k="subtype" v="solid"/>
  </way>
  <way id="4214">
    <nd ref="1044"/>
    <nd ref="4213"/>
    <nd ref="4215"/>
    <nd ref="4216"/>
    <nd ref="4217"/>
    <nd ref="4218"/>
    <nd ref="4067"/>
    <tag k="type" v="line_thin"/>
    <tag k="subtype" v="solid"/>
  </way>
  <way id="4220">
    <nd ref="1044"/>
    <nd ref="4219"/>
    <nd ref="4221"/>
    <nd ref="4222"/>
    <nd ref="4223"/>
    <nd ref="4224"/>
    <nd ref="768"/>
    <tag k="type" v="line_thin"/>
    <tag k="subtype" v="solid"/>
  </way>
  <way id="4226">
    <nd ref="4112"/>
    <nd ref="4225"/>
    <nd ref="4227"/>
    <nd ref="4228"/>
    <nd ref="4229"/>
    <nd ref="4230"/>
    <nd ref="4231"/>
    <nd ref="4232"/>
    <nd ref="4058"/>
    <tag k="type" v="line_thin"/>
    <tag k="subtype" v="solid"/>
  </way>
  <way id="4236">
    <nd ref="4241"/>
    <nd ref="4245"/>
    <tag k="highway" v="unclassified"/>
    <tag k="maxspeed" v="25 mph"/>
    <tag k="name" v="Ring Road North"/>
    <tag k="old_name" v="North Dormitory Road"/>
    <tag k="surface" v="concrete"/>
    <tag k="tiger:cfcc" v="A41"/>
    <tag k="tiger:county" v="Kalamazoo, MI"/>
    <tag k="tiger:name_base" v="Dormitory"/>
    <tag k="tiger:name_direction_suffix" v="N"/>
    <tag k="tiger:name_type" v="Rd"/>
    <tag k="tiger:reviewed" v="no"/>
  </way>
  <way id="4240">
    <nd ref="4239"/>
    <nd ref="4082"/>
    <nd ref="4083"/>
    <nd ref="4084"/>
    <nd ref="4085"/>
    <nd ref="4086"/>
    <nd ref="4087"/>
    <nd ref="4088"/>
    <nd ref="4089"/>
    <nd ref="4090"/>
    <nd ref="4091"/>
    <nd ref="4092"/>
    <nd ref="4093"/>
    <nd ref="4094"/>
    <tag k="highway" v="unclassified"/>
    <tag k="maxspeed" v="25 mph"/>
    <tag k="name" v="Ring Road North"/>
    <tag k="old_name" v="North Dormitory Road"/>
    <tag k="surface" v="concrete"/>
    <tag k="tiger:cfcc" v="A41"/>
    <tag k="tiger:county" v="Kalamazoo, MI"/>
    <tag k="tiger:name_base" v="Dormitory"/>
    <tag k="tiger:name_direction_suffix" v="N"/>
    <tag k="tiger:name_type" v="Rd"/>
    <tag k="tiger:reviewed" v="no"/>
  </way>
  <way id="4247">
    <nd ref="4246"/>
    <nd ref="660"/>
    <nd ref="664"/>
    <nd ref="663"/>
    <nd ref="64"/>
    <nd ref="662"/>
    <nd ref="3"/>
    <nd ref="661"/>
    <nd ref="65"/>
    <nd ref="66"/>
    <nd ref="67"/>
    <nd ref="459"/>
    <nd ref="458"/>
    <nd ref="1044"/>
    <tag k="highway" v="unclassified"/>
    <tag k="maxspeed" v="25 mph"/>
    <tag k="name" v="Ring Road North"/>
    <tag k="old_name" v="North Dormitory Road"/>
    <tag k="surface" v="concrete"/>
    <tag k="tiger:cfcc" v="A41"/>
    <tag k="tiger:county" v="Kalamazoo, MI"/>
    <tag k="tiger:name_base" v="Dormitory"/>
    <tag k="tiger:name_direction_suffix" v="N"/>
    <tag k="tiger:name_type" v="Rd"/>
    <tag k="tiger:reviewed" v="no"/>
  </way>
  <way id="4250">
    <nd ref="4248"/>
    <nd ref="4258"/>
    <nd ref="4249"/>
    <tag k="highway" v="unclassified"/>
    <tag k="maxspeed" v="25 mph"/>
    <tag k="name" v="Ring Road North"/>
    <tag k="old_name" v="North Dormitory Road"/>
    <tag k="surface" v="concrete"/>
    <tag k="tiger:cfcc" v="A41"/>
    <tag k="tiger:county" v="Kalamazoo, MI"/>
    <tag k="tiger:name_base" v="Dormitory"/>
    <tag k="tiger:name_direction_suffix" v="N"/>
    <tag k="tiger:name_type" v="Rd"/>
    <tag k="tiger:reviewed" v="no"/>
  </way>
  <way id="4252">
    <nd ref="4241"/>
    <nd ref="4251"/>
    <tag k="type" v="line_thin"/>
    <tag k="subtype" v="solid"/>
  </way>
  <way id="4254">
    <nd ref="4245"/>
    <nd ref="4255"/>
    <nd ref="4100"/>
    <nd ref="4101"/>
    <nd ref="4102"/>
    <nd ref="4103"/>
    <nd ref="4104"/>
    <nd ref="4105"/>
    <nd ref="4106"/>
    <nd ref="4107"/>
    <nd ref="4108"/>
    <nd ref="4109"/>
    <nd ref="4110"/>
    <nd ref="4111"/>
    <nd ref="4112"/>
    <tag k="highway" v="unclassified"/>
    <tag k="maxspeed" v="25 mph"/>
    <tag k="name" v="Ring Road North"/>
    <tag k="old_name" v="North Dormitory Road"/>
    <tag k="surface" v="concrete"/>
    <tag k="tiger:cfcc" v="A41"/>
    <tag k="tiger:county" v="Kalamazoo, MI"/>
    <tag k="tiger:name_base" v="Dormitory"/>
    <tag k="tiger:name_direction_suffix" v="N"/>
    <tag k="tiger:name_type" v="Rd"/>
    <tag k="tiger:reviewed" v="no"/>
  </way>
  <way id="4257">
    <nd ref="4249"/>
    <nd ref="4246"/>
    <tag k="type" v="line_thin"/>
    <tag k="subtype" v="solid"/>
  </way>
  <way id="4264">
    <nd ref="4262"/>
    <nd ref="4263"/>
    <tag k="highway" v="service"/>
    <tag k="service" v="parking_aisle"/>
  </way>
  <way id="4267">
    <nd ref="4265"/>
    <nd ref="4266"/>
    <tag k="highway" v="service"/>
    <tag k="service" v="parking_aisle"/>
  </way>
  <way id="4268">
    <nd ref="4266"/>
    <nd ref="4269"/>
    <nd ref="4270"/>
    <nd ref="4271"/>
    <nd ref="4251"/>
    <tag k="type" v="line_thin"/>
    <tag k="subtype" v="solid"/>
  </way>
  <way id="4273">
    <nd ref="725"/>
    <nd ref="4272"/>
    <nd ref="4274"/>
    <nd ref="4276"/>
    <nd ref="4277"/>
    <nd ref="4278"/>
    <nd ref="4248"/>
    <tag k="type" v="line_thin"/>
    <tag k="subtype" v="solid"/>
  </way>
  <way id="4280">
    <nd ref="4263"/>
    <nd ref="4279"/>
    <nd ref="4281"/>
    <nd ref="4282"/>
    <nd ref="4283"/>
    <nd ref="4284"/>
    <nd ref="4237"/>
    <tag k="type" v="line_thin"/>
    <tag k="subtype" v="solid"/>
  </way>
  <way id="4290">
    <nd ref="4263"/>
    <nd ref="4294"/>
    <nd ref="4291"/>
    <nd ref="4329"/>
    <nd ref="4288"/>
    <tag k="type" v="line_thin"/>
    <tag k="subtype" v="solid"/>
  </way>
  <way id="4296">
    <nd ref="725"/>
    <nd ref="4295"/>
    <nd ref="4297"/>
    <nd ref="4298"/>
    <nd ref="4299"/>
    <nd ref="4300"/>
    <nd ref="4328"/>
    <nd ref="4099"/>
    <tag k="type" v="line_thin"/>
    <tag k="subtype" v="solid"/>
  </way>
  <way id="4301">
    <nd ref="4099"/>
    <nd ref="4248"/>
    <tag k="type" v="line_thin"/>
    <tag k="subtype" v="solid"/>
  </way>
  <way id="4302">
    <nd ref="4288"/>
    <nd ref="4251"/>
    <tag k="type" v="line_thin"/>
    <tag k="subtype" v="solid"/>
  </way>
  <way id="4304">
    <nd ref="4303"/>
    <nd ref="4237"/>
    <tag k="highway" v="unclassified"/>
    <tag k="maxspeed" v="25 mph"/>
    <tag k="name" v="Ring Road North"/>
    <tag k="old_name" v="North Dormitory Road"/>
    <tag k="surface" v="concrete"/>
    <tag k="tiger:cfcc" v="A41"/>
    <tag k="tiger:county" v="Kalamazoo, MI"/>
    <tag k="tiger:name_base" v="Dormitory"/>
    <tag k="tiger:name_direction_suffix" v="N"/>
    <tag k="tiger:name_type" v="Rd"/>
    <tag k="tiger:reviewed" v="no"/>
  </way>
  <way id="4306">
    <nd ref="4305"/>
    <nd ref="4081"/>
    <nd ref="4333"/>
    <tag k="highway" v="unclassified"/>
    <tag k="maxspeed" v="25 mph"/>
    <tag k="name" v="Ring Road North"/>
    <tag k="old_name" v="North Dormitory Road"/>
    <tag k="surface" v="concrete"/>
    <tag k="tiger:cfcc" v="A41"/>
    <tag k="tiger:county" v="Kalamazoo, MI"/>
    <tag k="tiger:name_base" v="Dormitory"/>
    <tag k="tiger:name_direction_suffix" v="N"/>
    <tag k="tiger:name_type" v="Rd"/>
    <tag k="tiger:reviewed" v="no"/>
  </way>
  <way id="4308">
    <nd ref="725"/>
    <nd ref="4307"/>
    <nd ref="4309"/>
    <nd ref="4310"/>
    <nd ref="4311"/>
    <nd ref="4313"/>
    <nd ref="4314"/>
    <nd ref="4315"/>
    <nd ref="4303"/>
    <tag k="type" v="line_thin"/>
    <tag k="subtype" v="solid"/>
  </way>
  <way id="4317">
    <nd ref="4266"/>
    <nd ref="4316"/>
    <nd ref="4318"/>
    <nd ref="4319"/>
    <nd ref="4322"/>
    <nd ref="4323"/>
    <nd ref="4324"/>
    <nd ref="4325"/>
    <nd ref="4326"/>
    <nd ref="4327"/>
    <nd ref="4305"/>
    <tag k="type" v="line_thin"/>
    <tag k="subtype" v="solid"/>
  </way>
  <way id="4345">
    <nd ref="4237"/>
    <nd ref="4343"/>
    <tag k="highway" v="unclassified"/>
    <tag k="maxspeed" v="25 mph"/>
    <tag k="name" v="Ring Road North"/>
    <tag k="old_name" v="North Dormitory Road"/>
    <tag k="surface" v="concrete"/>
    <tag k="tiger:cfcc" v="A41"/>
    <tag k="tiger:county" v="Kalamazoo, MI"/>
    <tag k="tiger:name_base" v="Dormitory"/>
    <tag k="tiger:name_direction_suffix" v="N"/>
    <tag k="tiger:name_type" v="Rd"/>
    <tag k="tiger:reviewed" v="no"/>
  </way>
  <way id="4346">
    <nd ref="4343"/>
    <nd ref="4246"/>
    <tag k="highway" v="unclassified"/>
    <tag k="maxspeed" v="25 mph"/>
    <tag k="name" v="Ring Road North"/>
    <tag k="old_name" v="North Dormitory Road"/>
    <tag k="surface" v="concrete"/>
    <tag k="tiger:cfcc" v="A41"/>
    <tag k="tiger:county" v="Kalamazoo, MI"/>
    <tag k="tiger:name_base" v="Dormitory"/>
    <tag k="tiger:name_direction_suffix" v="N"/>
    <tag k="tiger:name_type" v="Rd"/>
    <tag k="tiger:reviewed" v="no"/>
  </way>
  <way id="4347">
    <nd ref="4333"/>
    <nd ref="4344"/>
    <tag k="highway" v="unclassified"/>
    <tag k="maxspeed" v="25 mph"/>
    <tag k="name" v="Ring Road North"/>
    <tag k="old_name" v="North Dormitory Road"/>
    <tag k="surface" v="concrete"/>
    <tag k="tiger:cfcc" v="A41"/>
    <tag k="tiger:county" v="Kalamazoo, MI"/>
    <tag k="tiger:name_base" v="Dormitory"/>
    <tag k="tiger:name_direction_suffix" v="N"/>
    <tag k="tiger:name_type" v="Rd"/>
    <tag k="tiger:reviewed" v="no"/>
  </way>
  <way id="4348">
    <nd ref="4344"/>
    <nd ref="4239"/>
    <tag k="highway" v="unclassified"/>
    <tag k="maxspeed" v="25 mph"/>
    <tag k="name" v="Ring Road North"/>
    <tag k="old_name" v="North Dormitory Road"/>
    <tag k="surface" v="concrete"/>
    <tag k="tiger:cfcc" v="A41"/>
    <tag k="tiger:county" v="Kalamazoo, MI"/>
    <tag k="tiger:name_base" v="Dormitory"/>
    <tag k="tiger:name_direction_suffix" v="N"/>
    <tag k="tiger:name_type" v="Rd"/>
    <tag k="tiger:reviewed" v="no"/>
  </way>
  <way id="4360">
    <nd ref="4343"/>
    <nd ref="4239"/>
    <tag k="type" v="line_thin"/>
    <tag k="subtype" v="solid"/>
  </way>
  <way id="4367">
    <nd ref="3461"/>
    <nd ref="3405"/>
    <nd ref="4365"/>
    <tag k="highway" v="unclassified"/>
    <tag k="maxspeed" v="25 mph"/>
    <tag k="name" v="Ring Road South"/>
    <tag k="surface" v="asphalt"/>
    <tag k="tiger:cfcc" v="A74;A41"/>
    <tag k="tiger:county" v="Kalamazoo, MI"/>
    <tag k="tiger:name_base" v="Western;Van de Giessen"/>
    <tag k="tiger:name_type" v="Ave;Rd"/>
    <tag k="tiger:reviewed" v="no"/>
    <tag k="tiger:zip_left" v="49008"/>
    <tag k="tiger:zip_right" v="49008"/>
  </way>
  <way id="4368">
    <nd ref="4365"/>
    <nd ref="3779"/>
    <tag k="highway" v="unclassified"/>
    <tag k="maxspeed" v="25 mph"/>
    <tag k="name" v="Ring Road South"/>
    <tag k="surface" v="asphalt"/>
    <tag k="tiger:cfcc" v="A74;A41"/>
    <tag k="tiger:county" v="Kalamazoo, MI"/>
    <tag k="tiger:name_base" v="Western;Van de Giessen"/>
    <tag k="tiger:name_type" v="Ave;Rd"/>
    <tag k="tiger:reviewed" v="no"/>
    <tag k="tiger:zip_left" v="49008"/>
    <tag k="tiger:zip_right" v="49008"/>
  </way>
  <way id="4369">
    <nd ref="3462"/>
    <nd ref="3445"/>
    <nd ref="4366"/>
    <tag k="highway" v="unclassified"/>
    <tag k="maxspeed" v="25 mph"/>
    <tag k="name" v="Ring Road South"/>
    <tag k="surface" v="asphalt"/>
    <tag k="tiger:cfcc" v="A74;A41"/>
    <tag k="tiger:county" v="Kalamazoo, MI"/>
    <tag k="tiger:name_base" v="Western;Van de Giessen"/>
    <tag k="tiger:name_type" v="Ave;Rd"/>
    <tag k="tiger:reviewed" v="no"/>
    <tag k="tiger:zip_left" v="49008"/>
    <tag k="tiger:zip_right" v="49008"/>
  </way>
  <way id="4370">
    <nd ref="4366"/>
    <nd ref="3780"/>
    <tag k="highway" v="unclassified"/>
    <tag k="maxspeed" v="25 mph"/>
    <tag k="name" v="Ring Road South"/>
    <tag k="surface" v="asphalt"/>
    <tag k="tiger:cfcc" v="A74;A41"/>
    <tag k="tiger:county" v="Kalamazoo, MI"/>
    <tag k="tiger:name_base" v="Western;Van de Giessen"/>
    <tag k="tiger:name_type" v="Ave;Rd"/>
    <tag k="tiger:reviewed" v="no"/>
    <tag k="tiger:zip_left" v="49008"/>
    <tag k="tiger:zip_right" v="49008"/>
  </way>
  <way id="4372">
    <nd ref="4365"/>
    <nd ref="3780"/>
    <tag k="type" v="line_thin"/>
    <tag k="subtype" v="solid"/>
  </way>
  <way id="4375">
    <nd ref="3794"/>
    <nd ref="3779"/>
    <tag k="type" v="line_thin"/>
    <tag k="subtype" v="solid"/>
  </way>
  <way id="4396">
    <nd ref="4388"/>
    <nd ref="4378"/>
    <nd ref="4382"/>
    <nd ref="2228"/>
    <nd ref="2229"/>
    <nd ref="4415"/>
    <nd ref="3134"/>
    <nd ref="2230"/>
    <nd ref="2231"/>
    <nd ref="2371"/>
    <tag k="type" v="line_thin"/>
    <tag k="subtype" v="solid"/>
  </way>
  <way id="4397">
    <nd ref="4389"/>
    <nd ref="2235"/>
    <nd ref="4381"/>
    <nd ref="2236"/>
    <nd ref="2237"/>
    <nd ref="2238"/>
    <nd ref="2239"/>
    <nd ref="2391"/>
    <tag k="type" v="line_thin"/>
    <tag k="subtype" v="solid"/>
  </way>
  <way id="4403">
    <nd ref="4399"/>
    <nd ref="4389"/>
    <tag k="highway" v="unclassified"/>
    <tag k="maxspeed" v="25 mph"/>
    <tag k="name" v="Ring Road South"/>
    <tag k="surface" v="asphalt"/>
    <tag k="tiger:cfcc" v="A41"/>
    <tag k="tiger:county" v="Kalamazoo, MI"/>
    <tag k="tiger:name_base" v="Western"/>
    <tag k="tiger:name_type" v="Ave"/>
    <tag k="tiger:reviewed" v="no"/>
  </way>
  <way id="4405">
    <nd ref="1688"/>
    <nd ref="1648"/>
    <nd ref="1649"/>
    <nd ref="1650"/>
    <nd ref="1651"/>
    <nd ref="1652"/>
    <nd ref="2226"/>
    <tag k="type" v="line_thin"/>
    <tag k="subtype" v="solid"/>
  </way>
  <way id="4406">
    <nd ref="1699"/>
    <nd ref="1654"/>
    <nd ref="1655"/>
    <nd ref="1656"/>
    <nd ref="1657"/>
    <nd ref="4395"/>
    <nd ref="1658"/>
    <nd ref="4399"/>
    <tag k="type" v="line_thin"/>
    <tag k="subtype" v="solid"/>
  </way>
  <way id="4410">
    <nd ref="4388"/>
    <nd ref="2226"/>
    <tag k="type" v="line_thin"/>
    <tag k="subtype" v="solid"/>
  </way>
  <way id="4423">
    <nd ref="4414"/>
    <nd ref="3135"/>
    <nd ref="250"/>
    <nd ref="4421"/>
    <tag k="highway" v="unclassified"/>
    <tag k="maxspeed" v="25 mph"/>
    <tag k="name" v="Ring Road South"/>
    <tag k="surface" v="asphalt"/>
    <tag k="tiger:cfcc" v="A41"/>
    <tag k="tiger:county" v="Kalamazoo, MI"/>
    <tag k="tiger:name_base" v="Western"/>
    <tag k="tiger:name_type" v="Ave"/>
    <tag k="tiger:reviewed" v="no"/>
  </way>
  <way id="4424">
    <nd ref="4421"/>
    <nd ref="849"/>
    <nd ref="2323"/>
    <nd ref="2367"/>
    <tag k="highway" v="unclassified"/>
    <tag k="maxspeed" v="25 mph"/>
    <tag k="name" v="Ring Road South"/>
    <tag k="surface" v="asphalt"/>
    <tag k="tiger:cfcc" v="A41"/>
    <tag k="tiger:county" v="Kalamazoo, MI"/>
    <tag k="tiger:name_base" v="Western"/>
    <tag k="tiger:name_type" v="Ave"/>
    <tag k="tiger:reviewed" v="no"/>
  </way>
  <way id="4425">
    <nd ref="4415"/>
    <nd ref="3134"/>
    <nd ref="2230"/>
    <nd ref="4422"/>
    <tag k="type" v="line_thin"/>
    <tag k="subtype" v="solid"/>
  </way>
  <way id="4426">
    <nd ref="4422"/>
    <nd ref="2231"/>
    <nd ref="2371"/>
    <tag k="type" v="line_thin"/>
    <tag k="subtype" v="solid"/>
  </way>
  <way id="4437">
    <nd ref="2593"/>
    <nd ref="2489"/>
    <nd ref="2452"/>
    <nd ref="2574"/>
    <tag k="type" v="line_thin"/>
    <tag k="subtype" v="solid"/>
  </way>
  <way id="4438">
    <nd ref="2594"/>
    <nd ref="2488"/>
    <nd ref="179"/>
    <nd ref="2575"/>
    <tag k="type" v="line_thin"/>
    <tag k="subtype" v="solid"/>
  </way>
  <way id="4449">
    <nd ref="1623"/>
    <nd ref="4447"/>
    <tag k="type" v="line_thin"/>
    <tag k="subtype" v="solid"/>
  </way>
  <way id="4450">
    <nd ref="4447"/>
    <nd ref="1624"/>
    <nd ref="1625"/>
    <tag k="type" v="line_thin"/>
    <tag k="subtype" v="solid"/>
  </way>
  <way id="4451">
    <nd ref="1739"/>
    <nd ref="4448"/>
    <tag k="type" v="line_thin"/>
    <tag k="subtype" v="solid"/>
  </way>
  <way id="4452">
    <nd ref="4448"/>
    <nd ref="1250"/>
    <nd ref="1249"/>
    <tag k="type" v="line_thin"/>
    <tag k="subtype" v="solid"/>
  </way>
  <way id="4454">
    <nd ref="1739"/>
    <nd ref="4447"/>
    <tag k="type" v="line_thin"/>
    <tag k="subtype" v="solid"/>
  </way>
  <way id="4459">
    <nd ref="428"/>
    <nd ref="650"/>
    <nd ref="287"/>
    <nd ref="649"/>
    <nd ref="291"/>
    <nd ref="648"/>
    <nd ref="647"/>
    <nd ref="4457"/>
    <tag k="highway" v="unclassified"/>
    <tag k="maxspeed" v="25 mph"/>
    <tag k="name" v="Ring Road South"/>
    <tag k="old_name" v="Knollwood Avenue"/>
    <tag k="surface" v="asphalt"/>
    <tag k="tiger:cfcc" v="A41"/>
    <tag k="tiger:county" v="Kalamazoo, MI"/>
    <tag k="tiger:name_base" v="Rankin"/>
    <tag k="tiger:name_type" v="Ave"/>
    <tag k="tiger:reviewed" v="no"/>
  </way>
  <way id="4460">
    <nd ref="4457"/>
    <nd ref="507"/>
    <tag k="highway" v="unclassified"/>
    <tag k="maxspeed" v="25 mph"/>
    <tag k="name" v="Ring Road South"/>
    <tag k="old_name" v="Knollwood Avenue"/>
    <tag k="surface" v="asphalt"/>
    <tag k="tiger:cfcc" v="A41"/>
    <tag k="tiger:county" v="Kalamazoo, MI"/>
    <tag k="tiger:name_base" v="Rankin"/>
    <tag k="tiger:name_type" v="Ave"/>
    <tag k="tiger:reviewed" v="no"/>
  </way>
  <way id="4461">
    <nd ref="1212"/>
    <nd ref="1213"/>
    <nd ref="1214"/>
    <nd ref="1215"/>
    <nd ref="1216"/>
    <nd ref="1217"/>
    <nd ref="1218"/>
    <nd ref="4458"/>
    <tag k="type" v="line_thin"/>
    <tag k="subtype" v="solid"/>
  </way>
  <way id="4462">
    <nd ref="4458"/>
    <nd ref="1406"/>
    <tag k="type" v="line_thin"/>
    <tag k="subtype" v="solid"/>
  </way>
  <way id="4467">
    <nd ref="4464"/>
    <nd ref="1254"/>
    <nd ref="1521"/>
    <tag k="type" v="line_thin"/>
    <tag k="subtype" v="solid"/>
  </way>
  <way id="4468">
    <nd ref="1522"/>
    <nd ref="290"/>
    <nd ref="4465"/>
    <tag k="highway" v="unclassified"/>
    <tag k="maxspeed" v="25 mph"/>
    <tag k="name" v="Ring Road South"/>
    <tag k="surface" v="asphalt"/>
    <tag k="tiger:cfcc" v="A41"/>
    <tag k="tiger:county" v="Kalamazoo, MI"/>
    <tag k="tiger:name_base" v="Rankin"/>
    <tag k="tiger:name_type" v="Ave"/>
    <tag k="tiger:reviewed" v="no"/>
  </way>
  <way id="4473">
    <nd ref="1212"/>
    <nd ref="1261"/>
    <nd ref="1260"/>
    <nd ref="1259"/>
    <nd ref="4471"/>
    <tag k="type" v="line_thin"/>
    <tag k="subtype" v="solid"/>
  </way>
  <way id="4474">
    <nd ref="4471"/>
    <nd ref="1258"/>
    <nd ref="1257"/>
    <nd ref="1256"/>
    <nd ref="1255"/>
    <nd ref="4464"/>
    <tag k="type" v="line_thin"/>
    <tag k="subtype" v="solid"/>
  </way>
  <way id="4475">
    <nd ref="4465"/>
    <nd ref="850"/>
    <nd ref="288"/>
    <nd ref="286"/>
    <nd ref="285"/>
    <nd ref="4472"/>
    <tag k="highway" v="unclassified"/>
    <tag k="maxspeed" v="25 mph"/>
    <tag k="name" v="Ring Road South"/>
    <tag k="surface" v="asphalt"/>
    <tag k="tiger:cfcc" v="A41"/>
    <tag k="tiger:county" v="Kalamazoo, MI"/>
    <tag k="tiger:name_base" v="Rankin"/>
    <tag k="tiger:name_type" v="Ave"/>
    <tag k="tiger:reviewed" v="no"/>
  </way>
  <way id="4476">
    <nd ref="4472"/>
    <nd ref="283"/>
    <nd ref="284"/>
    <nd ref="428"/>
    <tag k="highway" v="unclassified"/>
    <tag k="maxspeed" v="25 mph"/>
    <tag k="name" v="Ring Road South"/>
    <tag k="surface" v="asphalt"/>
    <tag k="tiger:cfcc" v="A41"/>
    <tag k="tiger:county" v="Kalamazoo, MI"/>
    <tag k="tiger:name_base" v="Rankin"/>
    <tag k="tiger:name_type" v="Ave"/>
    <tag k="tiger:reviewed" v="no"/>
  </way>
  <way id="4480">
    <nd ref="1433"/>
    <nd ref="1418"/>
    <nd ref="853"/>
    <nd ref="4478"/>
    <tag k="highway" v="unclassified"/>
    <tag k="maxspeed" v="25 mph"/>
    <tag k="name" v="Ring Road South"/>
    <tag k="old_name" v="Knollwood Avenue"/>
    <tag k="surface" v="asphalt"/>
    <tag k="tiger:cfcc" v="A41"/>
    <tag k="tiger:county" v="Kalamazoo, MI"/>
    <tag k="tiger:name_base" v="Rankin"/>
    <tag k="tiger:name_type" v="Ave"/>
    <tag k="tiger:reviewed" v="no"/>
  </way>
  <way id="4481">
    <nd ref="4478"/>
    <nd ref="427"/>
    <nd ref="505"/>
    <nd ref="292"/>
    <nd ref="848"/>
    <nd ref="413"/>
    <nd ref="270"/>
    <tag k="highway" v="unclassified"/>
    <tag k="maxspeed" v="25 mph"/>
    <tag k="name" v="Ring Road South"/>
    <tag k="old_name" v="Knollwood Avenue"/>
    <tag k="surface" v="asphalt"/>
    <tag k="tiger:cfcc" v="A41"/>
    <tag k="tiger:county" v="Kalamazoo, MI"/>
    <tag k="tiger:name_base" v="Rankin"/>
    <tag k="tiger:name_type" v="Ave"/>
    <tag k="tiger:reviewed" v="no"/>
  </way>
  <way id="4482">
    <nd ref="1425"/>
    <nd ref="1417"/>
    <nd ref="1205"/>
    <nd ref="4479"/>
    <tag k="highway" v="unclassified"/>
    <tag k="maxspeed" v="25 mph"/>
    <tag k="name" v="Ring Road South"/>
    <tag k="old_name" v="Knollwood Avenue"/>
    <tag k="surface" v="asphalt"/>
    <tag k="tiger:cfcc" v="A41"/>
    <tag k="tiger:county" v="Kalamazoo, MI"/>
    <tag k="tiger:name_base" v="Rankin"/>
    <tag k="tiger:name_type" v="Ave"/>
    <tag k="tiger:reviewed" v="no"/>
  </way>
  <way id="4483">
    <nd ref="4479"/>
    <nd ref="1206"/>
    <nd ref="1207"/>
    <nd ref="1208"/>
    <nd ref="1209"/>
    <nd ref="1210"/>
    <nd ref="1211"/>
    <nd ref="1157"/>
    <tag k="highway" v="unclassified"/>
    <tag k="maxspeed" v="25 mph"/>
    <tag k="name" v="Ring Road South"/>
    <tag k="old_name" v="Knollwood Avenue"/>
    <tag k="surface" v="asphalt"/>
    <tag k="tiger:cfcc" v="A41"/>
    <tag k="tiger:county" v="Kalamazoo, MI"/>
    <tag k="tiger:name_base" v="Rankin"/>
    <tag k="tiger:name_type" v="Ave"/>
    <tag k="tiger:reviewed" v="no"/>
  </way>
  <way id="4494">
    <nd ref="1434"/>
    <nd ref="1419"/>
    <nd ref="4492"/>
    <tag k="type" v="line_thin"/>
    <tag k="subtype" v="solid"/>
  </way>
  <way id="4495">
    <nd ref="4492"/>
    <nd ref="1220"/>
    <nd ref="4485"/>
    <tag k="type" v="line_thin"/>
    <tag k="subtype" v="solid"/>
  </way>
  <way id="4496">
    <nd ref="1433"/>
    <nd ref="1418"/>
    <nd ref="4493"/>
    <tag k="highway" v="unclassified"/>
    <tag k="maxspeed" v="25 mph"/>
    <tag k="name" v="Ring Road South"/>
    <tag k="old_name" v="Knollwood Avenue"/>
    <tag k="surface" v="asphalt"/>
    <tag k="tiger:cfcc" v="A41"/>
    <tag k="tiger:county" v="Kalamazoo, MI"/>
    <tag k="tiger:name_base" v="Rankin"/>
    <tag k="tiger:name_type" v="Ave"/>
    <tag k="tiger:reviewed" v="no"/>
  </way>
  <way id="4497">
    <nd ref="4493"/>
    <nd ref="853"/>
    <nd ref="4486"/>
    <tag k="highway" v="unclassified"/>
    <tag k="maxspeed" v="25 mph"/>
    <tag k="name" v="Ring Road South"/>
    <tag k="old_name" v="Knollwood Avenue"/>
    <tag k="surface" v="asphalt"/>
    <tag k="tiger:cfcc" v="A41"/>
    <tag k="tiger:county" v="Kalamazoo, MI"/>
    <tag k="tiger:name_base" v="Rankin"/>
    <tag k="tiger:name_type" v="Ave"/>
    <tag k="tiger:reviewed" v="no"/>
  </way>
  <way id="4501">
    <nd ref="4485"/>
    <nd ref="1221"/>
    <nd ref="1222"/>
    <nd ref="1223"/>
    <nd ref="1224"/>
    <nd ref="1225"/>
    <nd ref="1226"/>
    <nd ref="1170"/>
    <nd ref="1169"/>
    <nd ref="1168"/>
    <nd ref="1167"/>
    <nd ref="1166"/>
    <nd ref="1133"/>
    <tag k="type" v="line_thin"/>
    <tag k="subtype" v="solid"/>
  </way>
  <way id="4502">
    <nd ref="4486"/>
    <nd ref="427"/>
    <nd ref="505"/>
    <nd ref="292"/>
    <nd ref="848"/>
    <nd ref="413"/>
    <nd ref="270"/>
    <nd ref="271"/>
    <nd ref="467"/>
    <nd ref="272"/>
    <nd ref="1197"/>
    <nd ref="466"/>
    <tag k="type" v="line_thin"/>
    <tag k="subtype" v="solid"/>
  </way>
  <way id="4503">
    <nd ref="2874"/>
    <nd ref="2833"/>
    <nd ref="2888"/>
    <tag k="type" v="line_thin"/>
    <tag k="subtype" v="solid"/>
  </way>
  <way id="4504">
    <nd ref="2875"/>
    <nd ref="2834"/>
    <nd ref="2889"/>
    <tag k="type" v="line_thin"/>
    <tag k="subtype" v="solid"/>
  </way>
  <way id="4527">
    <nd ref="2333"/>
    <nd ref="785"/>
    <nd ref="4516"/>
    <nd ref="4428"/>
    <nd ref="212"/>
    <nd ref="786"/>
    <nd ref="390"/>
    <nd ref="4510"/>
    <nd ref="3302"/>
    <tag k="type" v="line_thin"/>
    <tag k="subtype" v="solid"/>
  </way>
  <way id="4528">
    <nd ref="2300"/>
    <nd ref="2213"/>
    <nd ref="4517"/>
    <nd ref="4429"/>
    <nd ref="2214"/>
    <nd ref="2470"/>
    <nd ref="2471"/>
    <nd ref="2472"/>
    <nd ref="4509"/>
    <nd ref="3301"/>
    <tag k="type" v="line_thin"/>
    <tag k="subtype" v="solid"/>
  </way>
  <way id="4531">
    <nd ref="2858"/>
    <nd ref="2496"/>
    <nd ref="2463"/>
    <nd ref="2462"/>
    <nd ref="2461"/>
    <nd ref="2486"/>
    <nd ref="2468"/>
    <nd ref="4529"/>
    <tag k="type" v="line_thin"/>
    <tag k="subtype" v="solid"/>
  </way>
  <way id="4533">
    <nd ref="2859"/>
    <nd ref="2495"/>
    <nd ref="218"/>
    <nd ref="219"/>
    <nd ref="73"/>
    <nd ref="4530"/>
    <tag k="type" v="line_thin"/>
    <tag k="subtype" v="solid"/>
  </way>
  <way id="4538">
    <nd ref="4529"/>
    <nd ref="4536"/>
    <tag k="type" v="line_thin"/>
    <tag k="subtype" v="solid"/>
  </way>
  <way id="4539">
    <nd ref="4536"/>
    <nd ref="2865"/>
    <tag k="type" v="line_thin"/>
    <tag k="subtype" v="solid"/>
  </way>
  <way id="4540">
    <nd ref="4530"/>
    <nd ref="4537"/>
    <tag k="type" v="line_thin"/>
    <tag k="subtype" v="solid"/>
  </way>
  <way id="4541">
    <nd ref="4537"/>
    <nd ref="2866"/>
    <tag k="type" v="line_thin"/>
    <tag k="subtype" v="solid"/>
  </way>
  <way id="4547">
    <nd ref="4415"/>
    <nd ref="2229"/>
    <nd ref="2228"/>
    <nd ref="4545"/>
    <tag k="type" v="line_thin"/>
    <tag k="subtype" v="solid"/>
  </way>
  <way id="4548">
    <nd ref="4545"/>
    <nd ref="4382"/>
    <nd ref="4378"/>
    <nd ref="4388"/>
    <nd ref="4399"/>
    <tag k="type" v="line_thin"/>
    <tag k="subtype" v="solid"/>
  </way>
  <way id="4549">
    <nd ref="4414"/>
    <nd ref="249"/>
    <nd ref="248"/>
    <nd ref="4546"/>
    <tag k="type" v="line_thin"/>
    <tag k="subtype" v="solid"/>
  </way>
  <way id="4550">
    <nd ref="4546"/>
    <nd ref="247"/>
    <nd ref="2226"/>
    <tag k="type" v="line_thin"/>
    <tag k="subtype" v="solid"/>
  </way>
  <way id="4571">
    <nd ref="4568"/>
    <nd ref="4288"/>
    <tag k="highway" v="unclassified"/>
    <tag k="maxspeed" v="25 mph"/>
    <tag k="name" v="Ring Road North"/>
    <tag k="old_name" v="North Dormitory Road"/>
    <tag k="surface" v="concrete"/>
    <tag k="tiger:cfcc" v="A41"/>
    <tag k="tiger:county" v="Kalamazoo, MI"/>
    <tag k="tiger:name_base" v="Dormitory"/>
    <tag k="tiger:name_direction_suffix" v="N"/>
    <tag k="tiger:name_type" v="Rd"/>
    <tag k="tiger:reviewed" v="no"/>
  </way>
  <way id="4573">
    <nd ref="4569"/>
    <nd ref="4099"/>
    <tag k="highway" v="unclassified"/>
    <tag k="maxspeed" v="25 mph"/>
    <tag k="name" v="Ring Road North"/>
    <tag k="old_name" v="North Dormitory Road"/>
    <tag k="surface" v="concrete"/>
    <tag k="tiger:cfcc" v="A41"/>
    <tag k="tiger:county" v="Kalamazoo, MI"/>
    <tag k="tiger:name_base" v="Dormitory"/>
    <tag k="tiger:name_direction_suffix" v="N"/>
    <tag k="tiger:name_type" v="Rd"/>
    <tag k="tiger:reviewed" v="no"/>
  </way>
  <way id="4575">
    <nd ref="4569"/>
    <nd ref="63"/>
    <tag k="type" v="line_thin"/>
    <tag k="subtype" v="solid"/>
  </way>
  <way id="4578">
    <nd ref="61"/>
    <nd ref="62"/>
    <nd ref="4576"/>
    <nd ref="63"/>
    <tag k="highway" v="unclassified"/>
    <tag k="maxspeed" v="25 mph"/>
    <tag k="name" v="Ring Road North"/>
    <tag k="old_name" v="North Dormitory Road"/>
    <tag k="surface" v="concrete"/>
    <tag k="tiger:cfcc" v="A41"/>
    <tag k="tiger:county" v="Kalamazoo, MI"/>
    <tag k="tiger:name_base" v="Dormitory"/>
    <tag k="tiger:name_direction_suffix" v="N"/>
    <tag k="tiger:name_type" v="Rd"/>
    <tag k="tiger:reviewed" v="no"/>
  </way>
  <way id="4581">
    <nd ref="4080"/>
    <nd ref="4305"/>
    <tag k="highway" v="unclassified"/>
    <tag k="maxspeed" v="25 mph"/>
    <tag k="name" v="Ring Road North"/>
    <tag k="old_name" v="North Dormitory Road"/>
    <tag k="surface" v="concrete"/>
    <tag k="tiger:cfcc" v="A41"/>
    <tag k="tiger:county" v="Kalamazoo, MI"/>
    <tag k="tiger:name_base" v="Dormitory"/>
    <tag k="tiger:name_direction_suffix" v="N"/>
    <tag k="tiger:name_type" v="Rd"/>
    <tag k="tiger:reviewed" v="no"/>
  </way>
  <way id="4584">
    <nd ref="63"/>
    <nd ref="4303"/>
    <tag k="highway" v="unclassified"/>
    <tag k="maxspeed" v="25 mph"/>
    <tag k="name" v="Ring Road North"/>
    <tag k="old_name" v="North Dormitory Road"/>
    <tag k="surface" v="concrete"/>
    <tag k="tiger:cfcc" v="A41"/>
    <tag k="tiger:county" v="Kalamazoo, MI"/>
    <tag k="tiger:name_base" v="Dormitory"/>
    <tag k="tiger:name_direction_suffix" v="N"/>
    <tag k="tiger:name_type" v="Rd"/>
    <tag k="tiger:reviewed" v="no"/>
  </way>
  <way id="4590">
    <nd ref="4587"/>
    <nd ref="4588"/>
    <nd ref="4589"/>
    <tag k="highway" v="unclassified"/>
    <tag k="maxspeed" v="25 mph"/>
    <tag k="name" v="Ring Road North"/>
    <tag k="old_name" v="North Dormitory Road"/>
    <tag k="surface" v="concrete"/>
    <tag k="tiger:cfcc" v="A41"/>
    <tag k="tiger:county" v="Kalamazoo, MI"/>
    <tag k="tiger:name_base" v="Dormitory"/>
    <tag k="tiger:name_direction_suffix" v="N"/>
    <tag k="tiger:name_type" v="Rd"/>
    <tag k="tiger:reviewed" v="no"/>
  </way>
  <way id="4591">
    <nd ref="4568"/>
    <nd ref="4589"/>
    <tag k="type" v="line_thin"/>
    <tag k="subtype" v="solid"/>
  </way>
  <way id="4596">
    <nd ref="4080"/>
    <nd ref="4079"/>
    <nd ref="4595"/>
    <tag k="type" v="line_thin"/>
    <tag k="subtype" v="solid"/>
  </way>
  <way id="4639">
    <nd ref="4619"/>
    <nd ref="4620"/>
    <nd ref="4621"/>
    <nd ref="4622"/>
    <nd ref="4623"/>
    <nd ref="4624"/>
    <nd ref="4625"/>
    <nd ref="4626"/>
    <nd ref="4627"/>
    <nd ref="4628"/>
    <nd ref="4629"/>
    <nd ref="4630"/>
    <nd ref="4631"/>
    <nd ref="4632"/>
    <nd ref="4633"/>
    <nd ref="4634"/>
    <nd ref="4635"/>
    <nd ref="4636"/>
    <nd ref="4637"/>
    <nd ref="4638"/>
    <nd ref="4587"/>
    <tag k="highway" v="unclassified"/>
    <tag k="maxspeed" v="25 mph"/>
    <tag k="name" v="Ring Road North"/>
    <tag k="old_name" v="North Dormitory Road"/>
    <tag k="surface" v="concrete"/>
    <tag k="tiger:cfcc" v="A41"/>
    <tag k="tiger:county" v="Kalamazoo, MI"/>
    <tag k="tiger:name_base" v="Dormitory"/>
    <tag k="tiger:name_direction_suffix" v="N"/>
    <tag k="tiger:name_type" v="Rd"/>
    <tag k="tiger:reviewed" v="no"/>
  </way>
  <way id="4640">
    <nd ref="4598"/>
    <nd ref="4599"/>
    <nd ref="4600"/>
    <nd ref="4601"/>
    <nd ref="4602"/>
    <nd ref="4603"/>
    <nd ref="4604"/>
    <nd ref="4605"/>
    <nd ref="4606"/>
    <nd ref="4607"/>
    <nd ref="4608"/>
    <nd ref="4609"/>
    <nd ref="4610"/>
    <nd ref="4611"/>
    <nd ref="4612"/>
    <nd ref="4613"/>
    <nd ref="4614"/>
    <nd ref="4615"/>
    <nd ref="4616"/>
    <nd ref="4617"/>
    <nd ref="4595"/>
    <tag k="type" v="line_thin"/>
    <tag k="subtype" v="solid"/>
  </way>
  <way id="4649">
    <nd ref="4643"/>
    <nd ref="4644"/>
    <nd ref="4645"/>
    <nd ref="4646"/>
    <nd ref="4647"/>
    <nd ref="4648"/>
    <nd ref="4598"/>
    <tag k="access" v="private"/>
    <tag k="highway" v="unclassified"/>
    <tag k="maxspeed" v="25 mph"/>
    <tag k="name" v="Ring Road North"/>
    <tag k="old_name" v="Gilkison Avenue"/>
    <tag k="tiger:cfcc" v="A74"/>
    <tag k="tiger:county" v="Kalamazoo, MI"/>
    <tag k="tiger:name_base" v="Gilkison"/>
    <tag k="tiger:name_type" v="Ave"/>
    <tag k="tiger:reviewed" v="no"/>
  </way>
  <way id="4656">
    <nd ref="4650"/>
    <nd ref="4651"/>
    <nd ref="4652"/>
    <nd ref="4653"/>
    <nd ref="4654"/>
    <nd ref="4655"/>
    <nd ref="4619"/>
    <tag k="access" v="private"/>
    <tag k="highway" v="unclassified"/>
    <tag k="maxspeed" v="25 mph"/>
    <tag k="name" v="Ring Road North"/>
    <tag k="old_name" v="Gilkison Avenue"/>
    <tag k="tiger:cfcc" v="A74"/>
    <tag k="tiger:county" v="Kalamazoo, MI"/>
    <tag k="tiger:name_base" v="Gilkison"/>
    <tag k="tiger:name_type" v="Ave"/>
    <tag k="tiger:reviewed" v="no"/>
  </way>
  <way id="4661">
    <nd ref="480"/>
    <nd ref="1269"/>
    <nd ref="481"/>
    <nd ref="482"/>
    <nd ref="483"/>
    <nd ref="4659"/>
    <tag k="highway" v="unclassified"/>
    <tag k="maxspeed" v="25 mph"/>
    <tag k="name" v="Ring Road North"/>
    <tag k="oneway" v="yes"/>
    <tag k="surface" v="asphalt"/>
  </way>
  <way id="4663">
    <nd ref="1140"/>
    <nd ref="1141"/>
    <nd ref="1142"/>
    <nd ref="1143"/>
    <nd ref="1144"/>
    <nd ref="4660"/>
    <tag k="highway" v="unclassified"/>
    <tag k="maxspeed" v="25 mph"/>
    <tag k="name" v="Ring Road North"/>
    <tag k="oneway" v="yes"/>
    <tag k="surface" v="asphalt"/>
  </way>
  <way id="4668">
    <nd ref="4660"/>
    <nd ref="1181"/>
    <tag k="type" v="line_thin"/>
    <tag k="subtype" v="solid"/>
  </way>
  <way id="4669">
    <nd ref="1181"/>
    <nd ref="4659"/>
    <tag k="type" v="line_thin"/>
    <tag k="subtype" v="solid"/>
  </way>
  <way id="4673">
    <nd ref="1189"/>
    <nd ref="4660"/>
    <tag k="type" v="line_thin"/>
    <tag k="subtype" v="solid"/>
  </way>
  <way id="4682">
    <nd ref="94"/>
    <nd ref="4681"/>
    <nd ref="95"/>
    <tag k="type" v="line_thin"/>
    <tag k="subtype" v="solid"/>
  </way>
  <way id="4690">
    <nd ref="1180"/>
    <nd ref="4688"/>
    <nd ref="4689"/>
    <tag k="type" v="line_thin"/>
    <tag k="subtype" v="solid"/>
  </way>
  <way id="4694">
    <nd ref="1188"/>
    <nd ref="4692"/>
    <nd ref="4693"/>
    <tag k="type" v="line_thin"/>
    <tag k="subtype" v="solid"/>
  </way>
  <way id="4698">
    <nd ref="1196"/>
    <nd ref="4696"/>
    <nd ref="4697"/>
    <tag k="type" v="line_thin"/>
    <tag k="subtype" v="solid"/>
  </way>
  <way id="4714">
    <nd ref="4713"/>
    <nd ref="184"/>
    <nd ref="600"/>
    <nd ref="599"/>
    <nd ref="185"/>
    <nd ref="186"/>
    <nd ref="1"/>
    <tag k="highway" v="service"/>
    <tag k="lanes" v="1"/>
    <tag k="maxspeed" v="25 mph"/>
    <tag k="maxspeed:type" v="sign"/>
    <tag k="name" v="Business Court"/>
    <tag k="surface" v="paved"/>
    <tag k="tiger:cfcc" v="A41"/>
    <tag k="tiger:county" v="Kalamazoo, MI"/>
    <tag k="tiger:name_base" v="Wilbur;Rankin"/>
    <tag k="tiger:name_type" v="Ave"/>
    <tag k="tiger:reviewed" v="no"/>
    <tag k="tiger:zip_left" v="49006;49007"/>
    <tag k="tiger:zip_right" v="49006;49007"/>
  </way>
  <way id="4741">
    <nd ref="4733"/>
    <nd ref="4734"/>
    <nd ref="4735"/>
    <nd ref="4736"/>
    <nd ref="4737"/>
    <nd ref="4738"/>
    <nd ref="4739"/>
    <nd ref="4740"/>
    <tag k="highway" v="service"/>
    <tag k="lanes" v="1"/>
    <tag k="maxspeed" v="25 mph"/>
    <tag k="maxspeed:type" v="sign"/>
    <tag k="name" v="Business Court"/>
    <tag k="surface" v="paved"/>
    <tag k="tiger:cfcc" v="A41"/>
    <tag k="tiger:county" v="Kalamazoo, MI"/>
    <tag k="tiger:name_base" v="Wilbur;Rankin"/>
    <tag k="tiger:name_type" v="Ave"/>
    <tag k="tiger:reviewed" v="no"/>
    <tag k="tiger:zip_left" v="49006;49007"/>
    <tag k="tiger:zip_right" v="49006;49007"/>
  </way>
  <way id="4750">
    <nd ref="4742"/>
    <nd ref="4743"/>
    <nd ref="4744"/>
    <nd ref="4745"/>
    <nd ref="4746"/>
    <nd ref="4747"/>
    <nd ref="4748"/>
    <nd ref="4749"/>
    <tag k="highway" v="service"/>
    <tag k="lanes" v="1"/>
    <tag k="maxspeed" v="25 mph"/>
    <tag k="maxspeed:type" v="sign"/>
    <tag k="name" v="Business Court"/>
    <tag k="surface" v="paved"/>
    <tag k="tiger:cfcc" v="A41"/>
    <tag k="tiger:county" v="Kalamazoo, MI"/>
    <tag k="tiger:name_base" v="Wilbur;Rankin"/>
    <tag k="tiger:name_type" v="Ave"/>
    <tag k="tiger:reviewed" v="no"/>
    <tag k="tiger:zip_left" v="49006;49007"/>
    <tag k="tiger:zip_right" v="49006;49007"/>
  </way>
  <way id="4759">
    <nd ref="4751"/>
    <nd ref="4752"/>
    <nd ref="4753"/>
    <nd ref="4754"/>
    <nd ref="4755"/>
    <nd ref="4756"/>
    <nd ref="4757"/>
    <nd ref="4758"/>
    <tag k="highway" v="service"/>
    <tag k="lanes" v="1"/>
    <tag k="maxspeed" v="25 mph"/>
    <tag k="maxspeed:type" v="sign"/>
    <tag k="name" v="Business Court"/>
    <tag k="surface" v="paved"/>
    <tag k="tiger:cfcc" v="A41"/>
    <tag k="tiger:county" v="Kalamazoo, MI"/>
    <tag k="tiger:name_base" v="Wilbur;Rankin"/>
    <tag k="tiger:name_type" v="Ave"/>
    <tag k="tiger:reviewed" v="no"/>
    <tag k="tiger:zip_left" v="49006;49007"/>
    <tag k="tiger:zip_right" v="49006;49007"/>
  </way>
  <way id="4776">
    <nd ref="4775"/>
    <nd ref="96"/>
    <nd ref="97"/>
    <nd ref="98"/>
    <nd ref="99"/>
    <nd ref="100"/>
    <nd ref="101"/>
    <nd ref="102"/>
    <nd ref="103"/>
    <nd ref="104"/>
    <nd ref="105"/>
    <nd ref="106"/>
    <nd ref="107"/>
    <tag k="highway" v="unclassified"/>
    <tag k="maxspeed" v="25 mph"/>
    <tag k="name" v="Ring Road North"/>
    <tag k="surface" v="paved"/>
    <tag k="tiger:cfcc" v="A41"/>
    <tag k="tiger:county" v="Kalamazoo, MI"/>
    <tag k="tiger:name_base" v="Rankin"/>
    <tag k="tiger:name_type" v="Ave"/>
    <tag k="tiger:reviewed" v="no"/>
  </way>
  <way id="4777">
    <nd ref="4689"/>
    <nd ref="4775"/>
    <tag k="type" v="line_thin"/>
    <tag k="subtype" v="solid"/>
  </way>
  <way id="4793">
    <nd ref="4778"/>
    <nd ref="4779"/>
    <nd ref="4780"/>
    <nd ref="4781"/>
    <nd ref="4782"/>
    <nd ref="4783"/>
    <nd ref="4784"/>
    <nd ref="4785"/>
    <nd ref="4786"/>
    <nd ref="4787"/>
    <nd ref="4788"/>
    <nd ref="4789"/>
    <nd ref="4790"/>
    <nd ref="4796"/>
    <tag k="highway" v="unclassified"/>
    <tag k="maxspeed" v="25 mph"/>
    <tag k="name" v="Ring Road North"/>
    <tag k="surface" v="paved"/>
    <tag k="tiger:cfcc" v="A41"/>
    <tag k="tiger:county" v="Kalamazoo, MI"/>
    <tag k="tiger:name_base" v="Rankin"/>
    <tag k="tiger:name_type" v="Ave"/>
    <tag k="tiger:reviewed" v="no"/>
  </way>
  <way id="4794">
    <nd ref="4693"/>
    <nd ref="4791"/>
    <nd ref="4792"/>
    <nd ref="4778"/>
    <tag k="highway" v="unclassified"/>
    <tag k="maxspeed" v="25 mph"/>
    <tag k="name" v="Ring Road North"/>
    <tag k="surface" v="paved"/>
    <tag k="tiger:cfcc" v="A41"/>
    <tag k="tiger:county" v="Kalamazoo, MI"/>
    <tag k="tiger:name_base" v="Rankin"/>
    <tag k="tiger:name_type" v="Ave"/>
    <tag k="tiger:reviewed" v="no"/>
  </way>
  <way id="4795">
    <nd ref="95"/>
    <nd ref="4778"/>
    <tag k="type" v="line_thin"/>
    <tag k="subtype" v="solid"/>
  </way>
  <way id="4808">
    <nd ref="4796"/>
    <nd ref="4797"/>
    <nd ref="4798"/>
    <nd ref="4799"/>
    <nd ref="4800"/>
    <nd ref="4801"/>
    <nd ref="4802"/>
    <nd ref="4803"/>
    <nd ref="4804"/>
    <nd ref="4805"/>
    <nd ref="4806"/>
    <nd ref="4807"/>
    <nd ref="4836"/>
    <tag k="highway" v="unclassified"/>
    <tag k="maxspeed" v="25 mph"/>
    <tag k="name" v="Ring Road North"/>
    <tag k="surface" v="paved"/>
    <tag k="tiger:cfcc" v="A41"/>
    <tag k="tiger:county" v="Kalamazoo, MI"/>
    <tag k="tiger:name_base" v="Rankin"/>
    <tag k="tiger:name_type" v="Ave"/>
    <tag k="tiger:reviewed" v="no"/>
  </way>
  <way id="4834">
    <nd ref="4822"/>
    <nd ref="4823"/>
    <nd ref="4824"/>
    <nd ref="4825"/>
    <nd ref="4826"/>
    <nd ref="4827"/>
    <nd ref="4828"/>
    <nd ref="4829"/>
    <nd ref="4830"/>
    <nd ref="4831"/>
    <nd ref="4832"/>
    <nd ref="4833"/>
    <nd ref="4856"/>
    <tag k="highway" v="unclassified"/>
    <tag k="maxspeed" v="25 mph"/>
    <tag k="name" v="Ring Road North"/>
    <tag k="surface" v="paved"/>
    <tag k="tiger:cfcc" v="A41"/>
    <tag k="tiger:county" v="Kalamazoo, MI"/>
    <tag k="tiger:name_base" v="Rankin"/>
    <tag k="tiger:name_type" v="Ave"/>
    <tag k="tiger:reviewed" v="no"/>
  </way>
  <way id="4854">
    <nd ref="4836"/>
    <nd ref="4837"/>
    <nd ref="4838"/>
    <nd ref="4839"/>
    <nd ref="4840"/>
    <nd ref="4841"/>
    <nd ref="4842"/>
    <nd ref="4843"/>
    <nd ref="4844"/>
    <nd ref="4845"/>
    <nd ref="4846"/>
    <nd ref="4847"/>
    <nd ref="4848"/>
    <nd ref="4849"/>
    <nd ref="4850"/>
    <nd ref="4851"/>
    <nd ref="4852"/>
    <tag k="highway" v="unclassified"/>
    <tag k="maxspeed" v="25 mph"/>
    <tag k="name" v="Ring Road North"/>
    <tag k="old_name" v="Goldsworth Drive"/>
    <tag k="tiger:cfcc" v="A41"/>
    <tag k="tiger:county" v="Kalamazoo, MI"/>
    <tag k="tiger:name_base" v="Rankin"/>
    <tag k="tiger:name_type" v="Ave"/>
    <tag k="tiger:reviewed" v="no"/>
  </way>
  <way id="4874">
    <nd ref="4856"/>
    <nd ref="4857"/>
    <nd ref="4858"/>
    <nd ref="4859"/>
    <nd ref="4860"/>
    <nd ref="4861"/>
    <nd ref="4862"/>
    <nd ref="4863"/>
    <nd ref="4864"/>
    <nd ref="4865"/>
    <nd ref="4866"/>
    <nd ref="4867"/>
    <nd ref="4868"/>
    <nd ref="4869"/>
    <nd ref="4870"/>
    <nd ref="4871"/>
    <nd ref="4872"/>
    <tag k="highway" v="unclassified"/>
    <tag k="maxspeed" v="25 mph"/>
    <tag k="name" v="Ring Road North"/>
    <tag k="old_name" v="Goldsworth Drive"/>
    <tag k="tiger:cfcc" v="A41"/>
    <tag k="tiger:county" v="Kalamazoo, MI"/>
    <tag k="tiger:name_base" v="Rankin"/>
    <tag k="tiger:name_type" v="Ave"/>
    <tag k="tiger:reviewed" v="no"/>
  </way>
  <way id="4875">
    <nd ref="48"/>
    <nd ref="4876"/>
    <tag k="type" v="line_thin"/>
    <tag k="subtype" v="solid"/>
  </way>
  <way id="4877">
    <nd ref="4876"/>
    <nd ref="49"/>
    <tag k="type" v="line_thin"/>
    <tag k="subtype" v="solid"/>
  </way>
  <way id="4880">
    <nd ref="4878"/>
    <nd ref="4879"/>
    <nd ref="4643"/>
    <tag k="type" v="line_thin"/>
    <tag k="subtype" v="solid"/>
  </way>
  <way id="4883">
    <nd ref="4881"/>
    <nd ref="4882"/>
    <nd ref="4650"/>
    <tag k="type" v="line_thin"/>
    <tag k="subtype" v="solid"/>
  </way>
  <way id="4887">
    <nd ref="4988"/>
    <nd ref="4957"/>
    <nd ref="164"/>
    <nd ref="165"/>
    <nd ref="166"/>
    <nd ref="127"/>
    <tag k="access" v="private"/>
    <tag k="highway" v="unclassified"/>
    <tag k="maxspeed" v="25 mph"/>
    <tag k="name" v="Ring Road North"/>
    <tag k="tiger:cfcc" v="A74"/>
    <tag k="tiger:county" v="Kalamazoo, MI"/>
    <tag k="tiger:name_base" v="Goldsworth"/>
    <tag k="tiger:name_type" v="Dr"/>
    <tag k="tiger:reviewed" v="no"/>
  </way>
  <way id="4890">
    <nd ref="4852"/>
    <nd ref="4891"/>
    <nd ref="4910"/>
    <nd ref="4853"/>
    <nd ref="4922"/>
    <tag k="highway" v="unclassified"/>
    <tag k="maxspeed" v="25 mph"/>
    <tag k="name" v="Ring Road North"/>
    <tag k="old_name" v="Goldsworth Drive"/>
    <tag k="tiger:cfcc" v="A41"/>
    <tag k="tiger:county" v="Kalamazoo, MI"/>
    <tag k="tiger:name_base" v="Rankin"/>
    <tag k="tiger:name_type" v="Ave"/>
    <tag k="tiger:reviewed" v="no"/>
  </way>
  <way id="4898">
    <nd ref="4872"/>
    <nd ref="4900"/>
    <nd ref="4899"/>
    <nd ref="4888"/>
    <nd ref="4873"/>
    <nd ref="4934"/>
    <tag k="highway" v="unclassified"/>
    <tag k="maxspeed" v="25 mph"/>
    <tag k="name" v="Ring Road North"/>
    <tag k="old_name" v="Goldsworth Drive"/>
    <tag k="tiger:cfcc" v="A41"/>
    <tag k="tiger:county" v="Kalamazoo, MI"/>
    <tag k="tiger:name_base" v="Rankin"/>
    <tag k="tiger:name_type" v="Ave"/>
    <tag k="tiger:reviewed" v="no"/>
  </way>
  <way id="4908">
    <nd ref="4852"/>
    <nd ref="4907"/>
    <nd ref="4909"/>
    <nd ref="4928"/>
    <tag k="type" v="line_thin"/>
    <tag k="subtype" v="solid"/>
  </way>
  <way id="4923">
    <nd ref="4918"/>
    <nd ref="4919"/>
    <nd ref="4920"/>
    <nd ref="4921"/>
    <nd ref="4922"/>
    <tag k="access" v="private"/>
    <tag k="highway" v="unclassified"/>
    <tag k="maxspeed" v="25 mph"/>
    <tag k="name" v="Ring Road North"/>
    <tag k="tiger:cfcc" v="A74"/>
    <tag k="tiger:county" v="Kalamazoo, MI"/>
    <tag k="tiger:name_base" v="Goldsworth"/>
    <tag k="tiger:name_type" v="Dr"/>
    <tag k="tiger:reviewed" v="no"/>
  </way>
  <way id="4929">
    <nd ref="4924"/>
    <nd ref="4925"/>
    <nd ref="4926"/>
    <nd ref="4927"/>
    <nd ref="4928"/>
    <tag k="access" v="private"/>
    <tag k="highway" v="unclassified"/>
    <tag k="maxspeed" v="25 mph"/>
    <tag k="name" v="Ring Road North"/>
    <tag k="tiger:cfcc" v="A74"/>
    <tag k="tiger:county" v="Kalamazoo, MI"/>
    <tag k="tiger:name_base" v="Goldsworth"/>
    <tag k="tiger:name_type" v="Dr"/>
    <tag k="tiger:reviewed" v="no"/>
  </way>
  <way id="4935">
    <nd ref="4930"/>
    <nd ref="4931"/>
    <nd ref="4932"/>
    <nd ref="4933"/>
    <nd ref="4934"/>
    <tag k="access" v="private"/>
    <tag k="highway" v="unclassified"/>
    <tag k="maxspeed" v="25 mph"/>
    <tag k="name" v="Ring Road North"/>
    <tag k="tiger:cfcc" v="A74"/>
    <tag k="tiger:county" v="Kalamazoo, MI"/>
    <tag k="tiger:name_base" v="Goldsworth"/>
    <tag k="tiger:name_type" v="Dr"/>
    <tag k="tiger:reviewed" v="no"/>
  </way>
  <way id="4942">
    <nd ref="4936"/>
    <nd ref="4937"/>
    <nd ref="4938"/>
    <nd ref="4939"/>
    <nd ref="4940"/>
    <tag k="access" v="private"/>
    <tag k="highway" v="unclassified"/>
    <tag k="maxspeed" v="25 mph"/>
    <tag k="name" v="Ring Road North"/>
    <tag k="tiger:cfcc" v="A74"/>
    <tag k="tiger:county" v="Kalamazoo, MI"/>
    <tag k="tiger:name_base" v="Goldsworth"/>
    <tag k="tiger:name_type" v="Dr"/>
    <tag k="tiger:reviewed" v="no"/>
  </way>
  <way id="4949">
    <nd ref="4943"/>
    <nd ref="4944"/>
    <nd ref="4945"/>
    <nd ref="4946"/>
    <nd ref="4947"/>
    <tag k="access" v="private"/>
    <tag k="highway" v="unclassified"/>
    <tag k="maxspeed" v="25 mph"/>
    <tag k="name" v="Ring Road North"/>
    <tag k="tiger:cfcc" v="A74"/>
    <tag k="tiger:county" v="Kalamazoo, MI"/>
    <tag k="tiger:name_base" v="Goldsworth"/>
    <tag k="tiger:name_type" v="Dr"/>
    <tag k="tiger:reviewed" v="no"/>
  </way>
  <way id="4951">
    <nd ref="4950"/>
    <nd ref="499"/>
    <nd ref="143"/>
    <nd ref="142"/>
    <nd ref="670"/>
    <nd ref="141"/>
    <nd ref="140"/>
    <nd ref="139"/>
    <nd ref="138"/>
    <nd ref="137"/>
    <nd ref="136"/>
    <nd ref="135"/>
    <nd ref="579"/>
    <nd ref="692"/>
    <nd ref="134"/>
    <nd ref="133"/>
    <nd ref="132"/>
    <nd ref="131"/>
    <nd ref="130"/>
    <nd ref="367"/>
    <nd ref="368"/>
    <nd ref="369"/>
    <tag k="access" v="private"/>
    <tag k="highway" v="unclassified"/>
    <tag k="maxspeed" v="25 mph"/>
    <tag k="name" v="Valley 2 Drive"/>
    <tag k="tiger:cfcc" v="A74"/>
    <tag k="tiger:county" v="Kalamazoo, MI"/>
    <tag k="tiger:name_base" v="Pond"/>
    <tag k="tiger:name_direction_suffix" v="E"/>
    <tag k="tiger:name_type" v="Dr"/>
    <tag k="tiger:reviewed" v="no"/>
  </way>
  <way id="4954">
    <nd ref="4918"/>
    <nd ref="4940"/>
    <tag k="type" v="line_thin"/>
    <tag k="subtype" v="solid"/>
  </way>
  <way id="4955">
    <nd ref="4924"/>
    <nd ref="4940"/>
    <tag k="type" v="line_thin"/>
    <tag k="subtype" v="solid"/>
  </way>
  <way id="4958">
    <nd ref="4930"/>
    <nd ref="4947"/>
    <tag k="type" v="line_thin"/>
    <tag k="subtype" v="solid"/>
  </way>
  <way id="4964">
    <nd ref="4943"/>
    <nd ref="4963"/>
    <nd ref="4965"/>
    <nd ref="4966"/>
    <nd ref="4967"/>
    <nd ref="4881"/>
    <tag k="type" v="line_thin"/>
    <tag k="subtype" v="solid"/>
  </way>
  <way id="4969">
    <nd ref="4936"/>
    <nd ref="4968"/>
    <nd ref="4972"/>
    <nd ref="4973"/>
    <nd ref="4974"/>
    <nd ref="4975"/>
    <nd ref="4976"/>
    <nd ref="4876"/>
    <tag k="type" v="line_thin"/>
    <tag k="subtype" v="solid"/>
  </way>
  <way id="4978">
    <nd ref="827"/>
    <nd ref="4977"/>
    <nd ref="4979"/>
    <nd ref="4980"/>
    <nd ref="4981"/>
    <nd ref="4982"/>
    <nd ref="4983"/>
    <nd ref="4878"/>
    <tag k="type" v="line_thin"/>
    <tag k="subtype" v="solid"/>
  </way>
  <way id="4989">
    <nd ref="4988"/>
    <nd ref="4952"/>
    <tag k="type" v="line_thin"/>
    <tag k="subtype" v="solid"/>
  </way>
  <way id="4998">
    <nd ref="4997"/>
    <nd ref="4959"/>
    <nd ref="4995"/>
    <nd ref="127"/>
    <tag k="highway" v="unclassified"/>
    <tag k="maxspeed" v="25 mph"/>
    <tag k="name" v="Ring Road North"/>
    <tag k="old_name" v="Goldsworth Drive"/>
    <tag k="tiger:cfcc" v="A41"/>
    <tag k="tiger:county" v="Kalamazoo, MI"/>
    <tag k="tiger:name_base" v="Rankin"/>
    <tag k="tiger:name_type" v="Ave"/>
    <tag k="tiger:reviewed" v="no"/>
  </way>
  <way id="5008">
    <nd ref="5007"/>
    <nd ref="4762"/>
    <nd ref="4763"/>
    <nd ref="4764"/>
    <nd ref="4765"/>
    <nd ref="4766"/>
    <nd ref="4767"/>
    <nd ref="4768"/>
    <nd ref="4769"/>
    <nd ref="4770"/>
    <nd ref="4771"/>
    <nd ref="4772"/>
    <nd ref="4773"/>
    <nd ref="4822"/>
    <tag k="highway" v="unclassified"/>
    <tag k="maxspeed" v="25 mph"/>
    <tag k="name" v="Ring Road North"/>
    <tag k="surface" v="paved"/>
    <tag k="tiger:cfcc" v="A41"/>
    <tag k="tiger:county" v="Kalamazoo, MI"/>
    <tag k="tiger:name_base" v="Rankin"/>
    <tag k="tiger:name_type" v="Ave"/>
    <tag k="tiger:reviewed" v="no"/>
  </way>
  <way id="5009">
    <nd ref="5007"/>
    <nd ref="4697"/>
    <tag k="type" v="line_thin"/>
    <tag k="subtype" v="solid"/>
  </way>
  <way id="2075">
    <nd ref="1623"/>
    <nd ref="1622"/>
    <nd ref="1621"/>
    <nd ref="289"/>
    <nd ref="1620"/>
    <nd ref="1619"/>
    <nd ref="1627"/>
    <nd ref="1618"/>
    <nd ref="1626"/>
    <tag k="area" v="yes"/>
  </way>
  <way id="2298">
    <nd ref="1723"/>
    <nd ref="190"/>
    <nd ref="191"/>
    <nd ref="192"/>
    <nd ref="193"/>
    <nd ref="189"/>
    <nd ref="247"/>
    <nd ref="2226"/>
    <nd ref="1652"/>
    <nd ref="1651"/>
    <nd ref="1650"/>
    <nd ref="1649"/>
    <nd ref="1648"/>
    <nd ref="1688"/>
    <tag k="area" v="yes"/>
  </way>
  <relation id="2076">
    <member type="way" role="left" ref="1883"/>
    <member type="way" role="right" ref="1884"/>
    <tag k="type" v="lanelet"/>
    <tag k="subtype" v="road"/>
    <tag k="speed_limit" v="10"/>
    <tag k="location" v="urban"/>
    <tag k="one_way" v="yes"/>
  </relation>
  <relation id="2077">
    <member type="way" role="left" ref="1887"/>
    <member type="way" role="right" ref="1890"/>
    <tag k="type" v="lanelet"/>
    <tag k="subtype" v="road"/>
    <tag k="speed_limit" v="10"/>
    <tag k="location" v="urban"/>
    <tag k="one_way" v="yes"/>
  </relation>
  <relation id="2078">
    <member type="way" role="left" ref="1893"/>
    <member type="way" role="right" ref="1894"/>
    <tag k="type" v="lanelet"/>
    <tag k="subtype" v="road"/>
    <tag k="speed_limit" v="10"/>
    <tag k="location" v="urban"/>
    <tag k="one_way" v="yes"/>
  </relation>
  <relation id="2079">
    <member type="way" role="left" ref="1873"/>
    <member type="way" role="right" ref="1891"/>
    <tag k="type" v="lanelet"/>
    <tag k="subtype" v="road"/>
    <tag k="speed_limit" v="10"/>
    <tag k="location" v="urban"/>
    <tag k="one_way" v="yes"/>
  </relation>
  <relation id="2080">
    <member type="way" role="left" ref="4663"/>
    <member type="way" role="right" ref="4661"/>
    <tag k="type" v="lanelet"/>
    <tag k="subtype" v="road"/>
    <tag k="speed_limit" v="10"/>
    <tag k="location" v="urban"/>
    <tag k="one_way" v="yes"/>
  </relation>
  <relation id="2081">
    <member type="way" role="left" ref="1895"/>
    <member type="way" role="right" ref="1889"/>
    <tag k="type" v="lanelet"/>
    <tag k="subtype" v="road"/>
    <tag k="speed_limit" v="10"/>
    <tag k="location" v="urban"/>
    <tag k="one_way" v="yes"/>
  </relation>
  <relation id="2082">
    <member type="way" role="left" ref="1898"/>
    <member type="way" role="right" ref="1900"/>
    <tag k="type" v="lanelet"/>
    <tag k="subtype" v="road"/>
    <tag k="speed_limit" v="10"/>
    <tag k="location" v="urban"/>
    <tag k="one_way" v="yes"/>
  </relation>
  <relation id="2083">
    <member type="way" role="left" ref="1870"/>
    <member type="way" role="right" ref="1885"/>
    <tag k="type" v="lanelet"/>
    <tag k="subtype" v="road"/>
    <tag k="speed_limit" v="10"/>
    <tag k="location" v="urban"/>
    <tag k="one_way" v="yes"/>
  </relation>
  <relation id="2084">
    <member type="way" role="left" ref="1904"/>
    <member type="way" role="right" ref="1905"/>
    <tag k="type" v="lanelet"/>
    <tag k="subtype" v="road"/>
    <tag k="speed_limit" v="10"/>
    <tag k="location" v="urban"/>
    <tag k="one_way" v="yes"/>
  </relation>
  <relation id="2085">
    <member type="way" role="left" ref="1897"/>
    <member type="way" role="right" ref="1899"/>
    <tag k="type" v="lanelet"/>
    <tag k="subtype" v="road"/>
    <tag k="speed_limit" v="10"/>
    <tag k="location" v="urban"/>
    <tag k="one_way" v="yes"/>
  </relation>
  <relation id="2087">
    <member type="way" role="left" ref="1874"/>
    <member type="way" role="right" ref="1776"/>
    <tag k="type" v="lanelet"/>
    <tag k="subtype" v="road"/>
    <tag k="speed_limit" v="10"/>
    <tag k="location" v="urban"/>
    <tag k="one_way" v="yes"/>
  </relation>
  <relation id="2088">
    <member type="way" role="left" ref="1934"/>
    <member type="way" role="right" ref="1935"/>
    <tag k="type" v="lanelet"/>
    <tag k="subtype" v="road"/>
    <tag k="speed_limit" v="10"/>
    <tag k="location" v="urban"/>
    <tag k="one_way" v="yes"/>
  </relation>
  <relation id="2089">
    <member type="way" role="left" ref="1905"/>
    <member type="way" role="right" ref="1902"/>
    <tag k="type" v="lanelet"/>
    <tag k="subtype" v="road"/>
    <tag k="speed_limit" v="10"/>
    <tag k="location" v="urban"/>
    <tag k="one_way" v="yes"/>
  </relation>
  <relation id="2090">
    <member type="way" role="left" ref="1906"/>
    <member type="way" role="right" ref="1907"/>
    <tag k="type" v="lanelet"/>
    <tag k="subtype" v="road"/>
    <tag k="speed_limit" v="10"/>
    <tag k="location" v="urban"/>
    <tag k="one_way" v="yes"/>
  </relation>
  <relation id="2091">
    <member type="way" role="left" ref="1773"/>
    <member type="way" role="right" ref="1872"/>
    <tag k="type" v="lanelet"/>
    <tag k="subtype" v="road"/>
    <tag k="speed_limit" v="10"/>
    <tag k="location" v="urban"/>
    <tag k="one_way" v="yes"/>
  </relation>
  <relation id="2092">
    <member type="way" role="left" ref="1910"/>
    <member type="way" role="right" ref="1912"/>
    <tag k="type" v="lanelet"/>
    <tag k="subtype" v="road"/>
    <tag k="speed_limit" v="10"/>
    <tag k="location" v="urban"/>
    <tag k="one_way" v="yes"/>
  </relation>
  <relation id="2093">
    <member type="way" role="left" ref="1772"/>
    <member type="way" role="right" ref="1911"/>
    <tag k="type" v="lanelet"/>
    <tag k="subtype" v="road"/>
    <tag k="speed_limit" v="10"/>
    <tag k="location" v="urban"/>
    <tag k="one_way" v="yes"/>
  </relation>
  <relation id="2094">
    <member type="way" role="left" ref="1900"/>
    <member type="way" role="right" ref="1913"/>
    <tag k="type" v="lanelet"/>
    <tag k="subtype" v="road"/>
    <tag k="speed_limit" v="10"/>
    <tag k="location" v="urban"/>
    <tag k="one_way" v="yes"/>
  </relation>
  <relation id="2095">
    <member type="way" role="left" ref="1942"/>
    <member type="way" role="right" ref="1944"/>
    <tag k="type" v="lanelet"/>
    <tag k="subtype" v="road"/>
    <tag k="speed_limit" v="10"/>
    <tag k="location" v="urban"/>
    <tag k="one_way" v="yes"/>
  </relation>
  <relation id="2096">
    <member type="way" role="left" ref="1890"/>
    <member type="way" role="right" ref="1914"/>
    <tag k="type" v="lanelet"/>
    <tag k="subtype" v="road"/>
    <tag k="speed_limit" v="10"/>
    <tag k="location" v="urban"/>
    <tag k="one_way" v="yes"/>
  </relation>
  <relation id="2097">
    <member type="way" role="left" ref="1889"/>
    <member type="way" role="right" ref="1916"/>
    <tag k="type" v="lanelet"/>
    <tag k="subtype" v="road"/>
    <tag k="speed_limit" v="10"/>
    <tag k="location" v="urban"/>
    <tag k="one_way" v="yes"/>
  </relation>
  <relation id="2098">
    <member type="way" role="left" ref="1908"/>
    <member type="way" role="right" ref="1917"/>
    <tag k="type" v="lanelet"/>
    <tag k="subtype" v="road"/>
    <tag k="speed_limit" v="10"/>
    <tag k="location" v="urban"/>
    <tag k="one_way" v="yes"/>
  </relation>
  <relation id="2099">
    <member type="way" role="left" ref="1892"/>
    <member type="way" role="right" ref="1868"/>
    <tag k="type" v="lanelet"/>
    <tag k="subtype" v="road"/>
    <tag k="speed_limit" v="10"/>
    <tag k="location" v="urban"/>
    <tag k="one_way" v="yes"/>
  </relation>
  <relation id="2100">
    <member type="way" role="left" ref="1823"/>
    <member type="way" role="right" ref="1918"/>
    <tag k="type" v="lanelet"/>
    <tag k="subtype" v="road"/>
    <tag k="speed_limit" v="10"/>
    <tag k="location" v="urban"/>
    <tag k="one_way" v="yes"/>
  </relation>
  <relation id="2101">
    <member type="way" role="left" ref="1919"/>
    <member type="way" role="right" ref="1920"/>
    <tag k="type" v="lanelet"/>
    <tag k="subtype" v="road"/>
    <tag k="speed_limit" v="10"/>
    <tag k="location" v="urban"/>
    <tag k="one_way" v="yes"/>
  </relation>
  <relation id="2102">
    <member type="way" role="left" ref="1921"/>
    <member type="way" role="right" ref="1922"/>
    <tag k="type" v="lanelet"/>
    <tag k="subtype" v="road"/>
    <tag k="speed_limit" v="10"/>
    <tag k="location" v="urban"/>
    <tag k="one_way" v="yes"/>
  </relation>
  <relation id="2103">
    <member type="way" role="left" ref="1918"/>
    <member type="way" role="right" ref="1923"/>
    <tag k="type" v="lanelet"/>
    <tag k="subtype" v="road"/>
    <tag k="speed_limit" v="10"/>
    <tag k="location" v="urban"/>
    <tag k="one_way" v="yes"/>
  </relation>
  <relation id="2104">
    <member type="way" role="left" ref="1918"/>
    <member type="way" role="right" ref="1869"/>
    <tag k="type" v="lanelet"/>
    <tag k="subtype" v="road"/>
    <tag k="speed_limit" v="10"/>
    <tag k="location" v="urban"/>
    <tag k="one_way" v="yes"/>
  </relation>
  <relation id="2105">
    <member type="way" role="left" ref="1894"/>
    <member type="way" role="right" ref="1915"/>
    <tag k="type" v="lanelet"/>
    <tag k="subtype" v="road"/>
    <tag k="speed_limit" v="10"/>
    <tag k="location" v="urban"/>
    <tag k="one_way" v="yes"/>
  </relation>
  <relation id="2106">
    <member type="way" role="left" ref="1924"/>
    <member type="way" role="right" ref="1926"/>
    <tag k="type" v="lanelet"/>
    <tag k="subtype" v="road"/>
    <tag k="speed_limit" v="10"/>
    <tag k="location" v="urban"/>
    <tag k="one_way" v="yes"/>
  </relation>
  <relation id="2107">
    <member type="way" role="left" ref="1925"/>
    <member type="way" role="right" ref="1927"/>
    <tag k="type" v="lanelet"/>
    <tag k="subtype" v="road"/>
    <tag k="speed_limit" v="10"/>
    <tag k="location" v="urban"/>
    <tag k="one_way" v="yes"/>
  </relation>
  <relation id="2108">
    <member type="way" role="left" ref="1928"/>
    <member type="way" role="right" ref="1929"/>
    <tag k="type" v="lanelet"/>
    <tag k="subtype" v="road"/>
    <tag k="speed_limit" v="10"/>
    <tag k="location" v="urban"/>
    <tag k="one_way" v="yes"/>
  </relation>
  <relation id="2109">
    <member type="way" role="left" ref="1930"/>
    <member type="way" role="right" ref="1933"/>
    <tag k="type" v="lanelet"/>
    <tag k="subtype" v="road"/>
    <tag k="speed_limit" v="10"/>
    <tag k="location" v="urban"/>
    <tag k="one_way" v="yes"/>
  </relation>
  <relation id="2110">
    <member type="way" role="left" ref="1936"/>
    <member type="way" role="right" ref="1938"/>
    <tag k="type" v="lanelet"/>
    <tag k="subtype" v="road"/>
    <tag k="speed_limit" v="10"/>
    <tag k="location" v="urban"/>
    <tag k="one_way" v="yes"/>
  </relation>
  <relation id="2111">
    <member type="way" role="left" ref="1937"/>
    <member type="way" role="right" ref="1939"/>
    <tag k="type" v="lanelet"/>
    <tag k="subtype" v="road"/>
    <tag k="speed_limit" v="10"/>
    <tag k="location" v="urban"/>
    <tag k="one_way" v="yes"/>
  </relation>
  <relation id="2112">
    <member type="way" role="left" ref="1939"/>
    <member type="way" role="right" ref="1940"/>
    <tag k="type" v="lanelet"/>
    <tag k="subtype" v="road"/>
    <tag k="speed_limit" v="10"/>
    <tag k="location" v="urban"/>
    <tag k="one_way" v="yes"/>
  </relation>
  <relation id="2113">
    <member type="way" role="left" ref="1938"/>
    <member type="way" role="right" ref="1931"/>
    <tag k="type" v="lanelet"/>
    <tag k="subtype" v="road"/>
    <tag k="speed_limit" v="10"/>
    <tag k="location" v="urban"/>
    <tag k="one_way" v="yes"/>
  </relation>
  <relation id="2114">
    <member type="way" role="left" ref="1933"/>
    <member type="way" role="right" ref="1941"/>
    <tag k="type" v="lanelet"/>
    <tag k="subtype" v="road"/>
    <tag k="speed_limit" v="10"/>
    <tag k="location" v="urban"/>
    <tag k="one_way" v="yes"/>
  </relation>
  <relation id="2115">
    <member type="way" role="left" ref="1943"/>
    <member type="way" role="right" ref="1945"/>
    <tag k="type" v="lanelet"/>
    <tag k="subtype" v="road"/>
    <tag k="speed_limit" v="10"/>
    <tag k="location" v="urban"/>
    <tag k="one_way" v="yes"/>
  </relation>
  <relation id="2116">
    <member type="way" role="left" ref="1951"/>
    <member type="way" role="right" ref="1952"/>
    <tag k="type" v="lanelet"/>
    <tag k="subtype" v="road"/>
    <tag k="speed_limit" v="10"/>
    <tag k="location" v="urban"/>
    <tag k="one_way" v="yes"/>
  </relation>
  <relation id="2118">
    <member type="way" role="left" ref="1814"/>
    <member type="way" role="right" ref="1946"/>
    <tag k="type" v="lanelet"/>
    <tag k="subtype" v="road"/>
    <tag k="speed_limit" v="10"/>
    <tag k="location" v="urban"/>
    <tag k="one_way" v="yes"/>
  </relation>
  <relation id="2119">
    <member type="way" role="left" ref="1955"/>
    <member type="way" role="right" ref="1954"/>
    <tag k="type" v="lanelet"/>
    <tag k="subtype" v="road"/>
    <tag k="speed_limit" v="10"/>
    <tag k="location" v="urban"/>
    <tag k="one_way" v="yes"/>
  </relation>
  <relation id="2120">
    <member type="way" role="left" ref="4461"/>
    <member type="way" role="right" ref="4459"/>
    <tag k="type" v="lanelet"/>
    <tag k="subtype" v="road"/>
    <tag k="speed_limit" v="10"/>
    <tag k="location" v="urban"/>
    <tag k="one_way" v="yes"/>
  </relation>
  <relation id="2121">
    <member type="way" role="left" ref="1953"/>
    <member type="way" role="right" ref="1964"/>
    <tag k="type" v="lanelet"/>
    <tag k="subtype" v="road"/>
    <tag k="speed_limit" v="10"/>
    <tag k="location" v="urban"/>
    <tag k="one_way" v="yes"/>
  </relation>
  <relation id="2122">
    <member type="way" role="left" ref="1964"/>
    <member type="way" role="right" ref="1956"/>
    <tag k="type" v="lanelet"/>
    <tag k="subtype" v="road"/>
    <tag k="speed_limit" v="10"/>
    <tag k="location" v="urban"/>
    <tag k="one_way" v="yes"/>
  </relation>
  <relation id="2123">
    <member type="way" role="left" ref="1957"/>
    <member type="way" role="right" ref="1963"/>
    <tag k="type" v="lanelet"/>
    <tag k="subtype" v="road"/>
    <tag k="speed_limit" v="10"/>
    <tag k="location" v="urban"/>
    <tag k="one_way" v="yes"/>
  </relation>
  <relation id="2124">
    <member type="way" role="left" ref="1963"/>
    <member type="way" role="right" ref="1962"/>
    <tag k="type" v="lanelet"/>
    <tag k="subtype" v="road"/>
    <tag k="speed_limit" v="10"/>
    <tag k="location" v="urban"/>
    <tag k="one_way" v="yes"/>
  </relation>
  <relation id="2125">
    <member type="way" role="left" ref="4482"/>
    <member type="way" role="right" ref="4480"/>
    <tag k="type" v="lanelet"/>
    <tag k="subtype" v="road"/>
    <tag k="speed_limit" v="10"/>
    <tag k="location" v="urban"/>
    <tag k="one_way" v="yes"/>
  </relation>
  <relation id="2126">
    <member type="way" role="left" ref="4494"/>
    <member type="way" role="right" ref="4496"/>
    <tag k="type" v="lanelet"/>
    <tag k="subtype" v="road"/>
    <tag k="speed_limit" v="10"/>
    <tag k="location" v="urban"/>
    <tag k="one_way" v="yes"/>
  </relation>
  <relation id="2127">
    <member type="way" role="left" ref="1971"/>
    <member type="way" role="right" ref="1972"/>
    <tag k="type" v="lanelet"/>
    <tag k="subtype" v="road"/>
    <tag k="speed_limit" v="10"/>
    <tag k="location" v="urban"/>
    <tag k="one_way" v="yes"/>
  </relation>
  <relation id="2128">
    <member type="way" role="left" ref="1972"/>
    <member type="way" role="right" ref="1973"/>
    <tag k="type" v="lanelet"/>
    <tag k="subtype" v="road"/>
    <tag k="speed_limit" v="10"/>
    <tag k="location" v="urban"/>
    <tag k="one_way" v="yes"/>
  </relation>
  <relation id="2129">
    <member type="way" role="left" ref="1975"/>
    <member type="way" role="right" ref="1974"/>
    <tag k="type" v="lanelet"/>
    <tag k="subtype" v="road"/>
    <tag k="speed_limit" v="10"/>
    <tag k="location" v="urban"/>
    <tag k="one_way" v="yes"/>
  </relation>
  <relation id="2130">
    <member type="way" role="left" ref="1974"/>
    <member type="way" role="right" ref="1976"/>
    <tag k="type" v="lanelet"/>
    <tag k="subtype" v="road"/>
    <tag k="speed_limit" v="10"/>
    <tag k="location" v="urban"/>
    <tag k="one_way" v="yes"/>
  </relation>
  <relation id="2131">
    <member type="way" role="left" ref="1965"/>
    <member type="way" role="right" ref="1954"/>
    <tag k="type" v="lanelet"/>
    <tag k="subtype" v="road"/>
    <tag k="speed_limit" v="10"/>
    <tag k="location" v="urban"/>
    <tag k="one_way" v="yes"/>
  </relation>
  <relation id="2132">
    <member type="way" role="left" ref="1978"/>
    <member type="way" role="right" ref="1977"/>
    <tag k="type" v="lanelet"/>
    <tag k="subtype" v="road"/>
    <tag k="speed_limit" v="10"/>
    <tag k="location" v="urban"/>
    <tag k="one_way" v="yes"/>
  </relation>
  <relation id="2133">
    <member type="way" role="left" ref="1979"/>
    <member type="way" role="right" ref="1977"/>
    <tag k="type" v="lanelet"/>
    <tag k="subtype" v="road"/>
    <tag k="speed_limit" v="10"/>
    <tag k="location" v="urban"/>
    <tag k="one_way" v="yes"/>
  </relation>
  <relation id="2134">
    <member type="way" role="left" ref="1970"/>
    <member type="way" role="right" ref="1980"/>
    <tag k="type" v="lanelet"/>
    <tag k="subtype" v="road"/>
    <tag k="speed_limit" v="10"/>
    <tag k="location" v="urban"/>
    <tag k="one_way" v="yes"/>
  </relation>
  <relation id="2135">
    <member type="way" role="left" ref="1981"/>
    <member type="way" role="right" ref="1980"/>
    <tag k="type" v="lanelet"/>
    <tag k="subtype" v="road"/>
    <tag k="speed_limit" v="10"/>
    <tag k="location" v="urban"/>
    <tag k="one_way" v="yes"/>
  </relation>
  <relation id="2136">
    <member type="way" role="left" ref="1982"/>
    <member type="way" role="right" ref="1983"/>
    <tag k="type" v="lanelet"/>
    <tag k="subtype" v="road"/>
    <tag k="speed_limit" v="10"/>
    <tag k="location" v="urban"/>
    <tag k="one_way" v="yes"/>
    <tag k="turn_direction" v="straight"/>
  </relation>
  <relation id="2137">
    <member type="way" role="left" ref="1983"/>
    <member type="way" role="right" ref="1984"/>
    <tag k="type" v="lanelet"/>
    <tag k="subtype" v="road"/>
    <tag k="speed_limit" v="10"/>
    <tag k="location" v="urban"/>
    <tag k="one_way" v="yes"/>
  </relation>
  <relation id="2138">
    <member type="way" role="left" ref="1986"/>
    <member type="way" role="right" ref="1947"/>
    <tag k="type" v="lanelet"/>
    <tag k="subtype" v="road"/>
    <tag k="speed_limit" v="10"/>
    <tag k="location" v="urban"/>
    <tag k="one_way" v="yes"/>
  </relation>
  <relation id="2139">
    <member type="way" role="left" ref="1985"/>
    <member type="way" role="right" ref="1993"/>
    <tag k="type" v="lanelet"/>
    <tag k="subtype" v="road"/>
    <tag k="speed_limit" v="10"/>
    <tag k="location" v="urban"/>
    <tag k="one_way" v="yes"/>
  </relation>
  <relation id="2140">
    <member type="way" role="left" ref="1990"/>
    <member type="way" role="right" ref="1994"/>
    <tag k="type" v="lanelet"/>
    <tag k="subtype" v="road"/>
    <tag k="speed_limit" v="10"/>
    <tag k="location" v="urban"/>
    <tag k="one_way" v="yes"/>
  </relation>
  <relation id="2141">
    <member type="way" role="left" ref="1996"/>
    <member type="way" role="right" ref="1997"/>
    <tag k="type" v="lanelet"/>
    <tag k="subtype" v="road"/>
    <tag k="speed_limit" v="10"/>
    <tag k="location" v="urban"/>
    <tag k="one_way" v="yes"/>
  </relation>
  <relation id="2143">
    <member type="way" role="left" ref="1998"/>
    <member type="way" role="right" ref="1999"/>
    <tag k="type" v="lanelet"/>
    <tag k="subtype" v="road"/>
    <tag k="speed_limit" v="10"/>
    <tag k="location" v="urban"/>
    <tag k="one_way" v="yes"/>
  </relation>
  <relation id="2144">
    <member type="way" role="left" ref="1995"/>
    <member type="way" role="right" ref="1989"/>
    <tag k="type" v="lanelet"/>
    <tag k="subtype" v="road"/>
    <tag k="speed_limit" v="10"/>
    <tag k="location" v="urban"/>
    <tag k="one_way" v="yes"/>
  </relation>
  <relation id="2145">
    <member type="way" role="left" ref="1987"/>
    <member type="way" role="right" ref="1950"/>
    <tag k="type" v="lanelet"/>
    <tag k="subtype" v="road"/>
    <tag k="speed_limit" v="10"/>
    <tag k="location" v="urban"/>
    <tag k="one_way" v="yes"/>
  </relation>
  <relation id="2146">
    <member type="way" role="left" ref="2003"/>
    <member type="way" role="right" ref="2001"/>
    <tag k="type" v="lanelet"/>
    <tag k="subtype" v="road"/>
    <tag k="speed_limit" v="10"/>
    <tag k="location" v="urban"/>
    <tag k="one_way" v="yes"/>
  </relation>
  <relation id="2147">
    <member type="way" role="left" ref="2005"/>
    <member type="way" role="right" ref="2002"/>
    <tag k="type" v="lanelet"/>
    <tag k="subtype" v="road"/>
    <tag k="speed_limit" v="10"/>
    <tag k="location" v="urban"/>
    <tag k="one_way" v="yes"/>
  </relation>
  <relation id="2148">
    <member type="way" role="left" ref="2004"/>
    <member type="way" role="right" ref="1986"/>
    <tag k="type" v="lanelet"/>
    <tag k="subtype" v="road"/>
    <tag k="speed_limit" v="10"/>
    <tag k="location" v="urban"/>
    <tag k="one_way" v="yes"/>
  </relation>
  <relation id="2149">
    <member type="way" role="left" ref="1988"/>
    <member type="way" role="right" ref="2000"/>
    <tag k="type" v="lanelet"/>
    <tag k="subtype" v="road"/>
    <tag k="speed_limit" v="10"/>
    <tag k="location" v="urban"/>
    <tag k="one_way" v="yes"/>
  </relation>
  <relation id="2150">
    <member type="way" role="left" ref="4473"/>
    <member type="way" role="right" ref="4476"/>
    <tag k="type" v="lanelet"/>
    <tag k="subtype" v="road"/>
    <tag k="speed_limit" v="10"/>
    <tag k="location" v="urban"/>
    <tag k="one_way" v="yes"/>
  </relation>
  <relation id="2151">
    <member type="way" role="left" ref="2009"/>
    <member type="way" role="right" ref="2008"/>
    <tag k="type" v="lanelet"/>
    <tag k="subtype" v="road"/>
    <tag k="speed_limit" v="10"/>
    <tag k="location" v="urban"/>
    <tag k="one_way" v="yes"/>
  </relation>
  <relation id="2152">
    <member type="way" role="left" ref="2011"/>
    <member type="way" role="right" ref="2016"/>
    <tag k="type" v="lanelet"/>
    <tag k="subtype" v="road"/>
    <tag k="speed_limit" v="10"/>
    <tag k="location" v="urban"/>
    <tag k="one_way" v="yes"/>
  </relation>
  <relation id="2153">
    <member type="way" role="left" ref="2026"/>
    <member type="way" role="right" ref="2027"/>
    <tag k="type" v="lanelet"/>
    <tag k="subtype" v="road"/>
    <tag k="speed_limit" v="10"/>
    <tag k="location" v="urban"/>
    <tag k="one_way" v="yes"/>
  </relation>
  <relation id="2154">
    <member type="way" role="left" ref="2020"/>
    <member type="way" role="right" ref="2022"/>
    <tag k="type" v="lanelet"/>
    <tag k="subtype" v="road"/>
    <tag k="speed_limit" v="10"/>
    <tag k="location" v="urban"/>
    <tag k="one_way" v="yes"/>
  </relation>
  <relation id="2155">
    <member type="way" role="left" ref="2007"/>
    <member type="way" role="right" ref="2022"/>
    <tag k="type" v="lanelet"/>
    <tag k="subtype" v="road"/>
    <tag k="speed_limit" v="10"/>
    <tag k="location" v="urban"/>
    <tag k="one_way" v="yes"/>
  </relation>
  <relation id="2156">
    <member type="way" role="left" ref="2017"/>
    <member type="way" role="right" ref="2018"/>
    <tag k="type" v="lanelet"/>
    <tag k="subtype" v="road"/>
    <tag k="speed_limit" v="10"/>
    <tag k="location" v="urban"/>
    <tag k="one_way" v="yes"/>
  </relation>
  <relation id="2157">
    <member type="way" role="left" ref="2018"/>
    <member type="way" role="right" ref="2019"/>
    <tag k="type" v="lanelet"/>
    <tag k="subtype" v="road"/>
    <tag k="speed_limit" v="10"/>
    <tag k="location" v="urban"/>
    <tag k="one_way" v="yes"/>
  </relation>
  <relation id="2158">
    <member type="way" role="left" ref="2030"/>
    <member type="way" role="right" ref="2032"/>
    <tag k="type" v="lanelet"/>
    <tag k="subtype" v="road"/>
    <tag k="speed_limit" v="10"/>
    <tag k="location" v="urban"/>
    <tag k="one_way" v="yes"/>
  </relation>
  <relation id="2159">
    <member type="way" role="left" ref="2021"/>
    <member type="way" role="right" ref="2023"/>
    <tag k="type" v="lanelet"/>
    <tag k="subtype" v="road"/>
    <tag k="speed_limit" v="10"/>
    <tag k="location" v="urban"/>
    <tag k="one_way" v="yes"/>
  </relation>
  <relation id="2160">
    <member type="way" role="left" ref="2025"/>
    <member type="way" role="right" ref="2023"/>
    <tag k="type" v="lanelet"/>
    <tag k="subtype" v="road"/>
    <tag k="speed_limit" v="10"/>
    <tag k="location" v="urban"/>
    <tag k="one_way" v="yes"/>
  </relation>
  <relation id="2161">
    <member type="way" role="left" ref="2031"/>
    <member type="way" role="right" ref="2033"/>
    <tag k="type" v="lanelet"/>
    <tag k="subtype" v="road"/>
    <tag k="speed_limit" v="10"/>
    <tag k="location" v="urban"/>
    <tag k="one_way" v="yes"/>
  </relation>
  <relation id="2162">
    <member type="way" role="left" ref="2029"/>
    <member type="way" role="right" ref="2031"/>
    <tag k="type" v="lanelet"/>
    <tag k="subtype" v="road"/>
    <tag k="speed_limit" v="10"/>
    <tag k="location" v="urban"/>
    <tag k="one_way" v="yes"/>
  </relation>
  <relation id="2163">
    <member type="way" role="left" ref="2010"/>
    <member type="way" role="right" ref="2029"/>
    <tag k="type" v="lanelet"/>
    <tag k="subtype" v="road"/>
    <tag k="speed_limit" v="10"/>
    <tag k="location" v="urban"/>
    <tag k="one_way" v="yes"/>
  </relation>
  <relation id="2164">
    <member type="way" role="left" ref="2028"/>
    <member type="way" role="right" ref="2030"/>
    <tag k="type" v="lanelet"/>
    <tag k="subtype" v="road"/>
    <tag k="speed_limit" v="10"/>
    <tag k="location" v="urban"/>
    <tag k="one_way" v="yes"/>
  </relation>
  <relation id="2165">
    <member type="way" role="left" ref="2035"/>
    <member type="way" role="right" ref="2014"/>
    <tag k="type" v="lanelet"/>
    <tag k="subtype" v="road"/>
    <tag k="speed_limit" v="10"/>
    <tag k="location" v="urban"/>
    <tag k="one_way" v="yes"/>
  </relation>
  <relation id="2166">
    <member type="way" role="left" ref="2013"/>
    <member type="way" role="right" ref="2012"/>
    <tag k="type" v="lanelet"/>
    <tag k="subtype" v="road"/>
    <tag k="speed_limit" v="10"/>
    <tag k="location" v="urban"/>
    <tag k="one_way" v="yes"/>
  </relation>
  <relation id="2167">
    <member type="way" role="left" ref="2034"/>
    <member type="way" role="right" ref="2013"/>
    <tag k="type" v="lanelet"/>
    <tag k="subtype" v="road"/>
    <tag k="speed_limit" v="10"/>
    <tag k="location" v="urban"/>
    <tag k="one_way" v="yes"/>
  </relation>
  <relation id="2168">
    <member type="way" role="left" ref="2202"/>
    <member type="way" role="right" ref="2205"/>
    <tag k="type" v="lanelet"/>
    <tag k="subtype" v="road"/>
    <tag k="speed_limit" v="10"/>
    <tag k="location" v="urban"/>
    <tag k="one_way" v="yes"/>
  </relation>
  <relation id="2169">
    <member type="way" role="left" ref="2200"/>
    <member type="way" role="right" ref="2202"/>
    <tag k="type" v="lanelet"/>
    <tag k="subtype" v="road"/>
    <tag k="speed_limit" v="10"/>
    <tag k="location" v="urban"/>
    <tag k="one_way" v="yes"/>
  </relation>
  <relation id="2170">
    <member type="way" role="left" ref="2063"/>
    <member type="way" role="right" ref="2060"/>
    <tag k="type" v="lanelet"/>
    <tag k="subtype" v="road"/>
    <tag k="speed_limit" v="10"/>
    <tag k="location" v="urban"/>
    <tag k="one_way" v="yes"/>
  </relation>
  <relation id="2171">
    <member type="way" role="left" ref="2042"/>
    <member type="way" role="right" ref="2044"/>
    <tag k="type" v="lanelet"/>
    <tag k="subtype" v="road"/>
    <tag k="speed_limit" v="10"/>
    <tag k="location" v="urban"/>
    <tag k="one_way" v="yes"/>
  </relation>
  <relation id="2172">
    <member type="way" role="left" ref="2050"/>
    <member type="way" role="right" ref="2051"/>
    <tag k="type" v="lanelet"/>
    <tag k="subtype" v="road"/>
    <tag k="speed_limit" v="10"/>
    <tag k="location" v="urban"/>
    <tag k="one_way" v="yes"/>
  </relation>
  <relation id="2173">
    <member type="way" role="left" ref="2049"/>
    <member type="way" role="right" ref="2052"/>
    <tag k="type" v="lanelet"/>
    <tag k="subtype" v="road"/>
    <tag k="speed_limit" v="10"/>
    <tag k="location" v="urban"/>
    <tag k="one_way" v="yes"/>
  </relation>
  <relation id="2174">
    <member type="way" role="left" ref="2024"/>
    <member type="way" role="right" ref="2039"/>
    <tag k="type" v="lanelet"/>
    <tag k="subtype" v="road"/>
    <tag k="speed_limit" v="10"/>
    <tag k="location" v="urban"/>
    <tag k="one_way" v="yes"/>
  </relation>
  <relation id="2175">
    <member type="way" role="left" ref="4451"/>
    <member type="way" role="right" ref="4449"/>
    <tag k="type" v="lanelet"/>
    <tag k="subtype" v="road"/>
    <tag k="speed_limit" v="10"/>
    <tag k="location" v="urban"/>
    <tag k="one_way" v="yes"/>
  </relation>
  <relation id="2177">
    <member type="way" role="left" ref="2056"/>
    <member type="way" role="right" ref="2043"/>
    <tag k="type" v="lanelet"/>
    <tag k="subtype" v="road"/>
    <tag k="speed_limit" v="10"/>
    <tag k="location" v="urban"/>
    <tag k="one_way" v="yes"/>
  </relation>
  <relation id="2178">
    <member type="way" role="left" ref="2059"/>
    <member type="way" role="right" ref="2057"/>
    <tag k="type" v="lanelet"/>
    <tag k="subtype" v="road"/>
    <tag k="speed_limit" v="10"/>
    <tag k="location" v="urban"/>
    <tag k="one_way" v="yes"/>
  </relation>
  <relation id="2179">
    <member type="way" role="left" ref="2062"/>
    <member type="way" role="right" ref="2061"/>
    <tag k="type" v="lanelet"/>
    <tag k="subtype" v="road"/>
    <tag k="speed_limit" v="10"/>
    <tag k="location" v="urban"/>
    <tag k="one_way" v="yes"/>
  </relation>
  <relation id="2180">
    <member type="way" role="left" ref="2060"/>
    <member type="way" role="right" ref="2057"/>
    <tag k="type" v="lanelet"/>
    <tag k="subtype" v="road"/>
    <tag k="speed_limit" v="10"/>
    <tag k="location" v="urban"/>
    <tag k="one_way" v="yes"/>
  </relation>
  <relation id="2181">
    <member type="way" role="left" ref="2061"/>
    <member type="way" role="right" ref="2048"/>
    <tag k="type" v="lanelet"/>
    <tag k="subtype" v="road"/>
    <tag k="speed_limit" v="10"/>
    <tag k="location" v="urban"/>
    <tag k="one_way" v="yes"/>
  </relation>
  <relation id="2182">
    <member type="way" role="left" ref="2054"/>
    <member type="way" role="right" ref="2065"/>
    <tag k="type" v="lanelet"/>
    <tag k="subtype" v="road"/>
    <tag k="speed_limit" v="10"/>
    <tag k="location" v="urban"/>
    <tag k="one_way" v="yes"/>
  </relation>
  <relation id="2183">
    <member type="way" role="left" ref="2064"/>
    <member type="way" role="right" ref="2066"/>
    <tag k="type" v="lanelet"/>
    <tag k="subtype" v="road"/>
    <tag k="speed_limit" v="10"/>
    <tag k="location" v="urban"/>
    <tag k="one_way" v="yes"/>
  </relation>
  <relation id="2184">
    <member type="way" role="left" ref="2067"/>
    <member type="way" role="right" ref="2045"/>
    <tag k="type" v="lanelet"/>
    <tag k="subtype" v="road"/>
    <tag k="speed_limit" v="10"/>
    <tag k="location" v="urban"/>
    <tag k="one_way" v="yes"/>
  </relation>
  <relation id="2185">
    <member type="way" role="left" ref="2064"/>
    <member type="way" role="right" ref="2068"/>
    <tag k="type" v="lanelet"/>
    <tag k="subtype" v="road"/>
    <tag k="speed_limit" v="10"/>
    <tag k="location" v="urban"/>
    <tag k="one_way" v="yes"/>
  </relation>
  <relation id="2186">
    <member type="way" role="left" ref="2073"/>
    <member type="way" role="right" ref="2069"/>
    <tag k="type" v="lanelet"/>
    <tag k="subtype" v="road"/>
    <tag k="speed_limit" v="10"/>
    <tag k="location" v="urban"/>
    <tag k="one_way" v="yes"/>
  </relation>
  <relation id="2187">
    <member type="way" role="left" ref="2069"/>
    <member type="way" role="right" ref="2072"/>
    <tag k="type" v="lanelet"/>
    <tag k="subtype" v="road"/>
    <tag k="speed_limit" v="10"/>
    <tag k="location" v="urban"/>
    <tag k="one_way" v="yes"/>
  </relation>
  <relation id="2189">
    <member type="way" role="left" ref="4405"/>
    <member type="way" role="right" ref="4406"/>
    <tag k="type" v="lanelet"/>
    <tag k="subtype" v="road"/>
    <tag k="speed_limit" v="10"/>
    <tag k="location" v="urban"/>
    <tag k="one_way" v="yes"/>
  </relation>
  <relation id="2191">
    <member type="way" role="left" ref="2846"/>
    <member type="way" role="right" ref="2848"/>
    <tag k="type" v="lanelet"/>
    <tag k="subtype" v="road"/>
    <tag k="speed_limit" v="10"/>
    <tag k="location" v="urban"/>
    <tag k="one_way" v="yes"/>
  </relation>
  <relation id="2204">
    <member type="way" role="left" ref="2201"/>
    <member type="way" role="right" ref="2203"/>
    <tag k="type" v="lanelet"/>
    <tag k="subtype" v="road"/>
    <tag k="speed_limit" v="10"/>
    <tag k="location" v="urban"/>
    <tag k="one_way" v="yes"/>
  </relation>
  <relation id="2207">
    <member type="way" role="left" ref="2203"/>
    <member type="way" role="right" ref="2206"/>
    <tag k="type" v="lanelet"/>
    <tag k="subtype" v="road"/>
    <tag k="speed_limit" v="10"/>
    <tag k="location" v="urban"/>
    <tag k="one_way" v="yes"/>
  </relation>
  <relation id="2299">
    <member type="way" role="left" ref="2224"/>
    <member type="way" role="right" ref="2296"/>
    <tag k="type" v="lanelet"/>
    <tag k="subtype" v="road"/>
    <tag k="speed_limit" v="10"/>
    <tag k="location" v="urban"/>
    <tag k="one_way" v="yes"/>
  </relation>
  <relation id="2369">
    <member type="way" role="left" ref="2368"/>
    <member type="way" role="right" ref="2225"/>
    <tag k="type" v="lanelet"/>
    <tag k="subtype" v="road"/>
    <tag k="speed_limit" v="10"/>
    <tag k="location" v="urban"/>
    <tag k="one_way" v="yes"/>
  </relation>
  <relation id="2378">
    <member type="way" role="left" ref="2301"/>
    <member type="way" role="right" ref="2335"/>
    <tag k="type" v="lanelet"/>
    <tag k="subtype" v="road"/>
    <tag k="speed_limit" v="10"/>
    <tag k="location" v="urban"/>
    <tag k="one_way" v="yes"/>
  </relation>
  <relation id="2379">
    <member type="way" role="left" ref="2306"/>
    <member type="way" role="right" ref="2341"/>
    <tag k="type" v="lanelet"/>
    <tag k="subtype" v="road"/>
    <tag k="speed_limit" v="10"/>
    <tag k="location" v="urban"/>
    <tag k="one_way" v="yes"/>
  </relation>
  <relation id="2382">
    <member type="way" role="left" ref="2380"/>
    <member type="way" role="right" ref="2381"/>
    <tag k="type" v="lanelet"/>
    <tag k="subtype" v="road"/>
    <tag k="speed_limit" v="10"/>
    <tag k="location" v="urban"/>
    <tag k="one_way" v="yes"/>
  </relation>
  <relation id="2385">
    <member type="way" role="left" ref="2335"/>
    <member type="way" role="right" ref="2358"/>
    <tag k="type" v="lanelet"/>
    <tag k="subtype" v="road"/>
    <tag k="speed_limit" v="10"/>
    <tag k="location" v="urban"/>
    <tag k="one_way" v="yes"/>
  </relation>
  <relation id="2386">
    <member type="way" role="left" ref="2360"/>
    <member type="way" role="right" ref="2384"/>
    <tag k="type" v="lanelet"/>
    <tag k="subtype" v="road"/>
    <tag k="speed_limit" v="10"/>
    <tag k="location" v="urban"/>
    <tag k="one_way" v="yes"/>
  </relation>
  <relation id="2387">
    <member type="way" role="left" ref="3319"/>
    <member type="way" role="right" ref="3321"/>
    <tag k="type" v="lanelet"/>
    <tag k="subtype" v="road"/>
    <tag k="speed_limit" v="10"/>
    <tag k="location" v="urban"/>
    <tag k="one_way" v="yes"/>
  </relation>
  <relation id="2388">
    <member type="way" role="left" ref="2223"/>
    <member type="way" role="right" ref="2295"/>
    <tag k="type" v="lanelet"/>
    <tag k="subtype" v="road"/>
    <tag k="speed_limit" v="10"/>
    <tag k="location" v="urban"/>
    <tag k="one_way" v="yes"/>
  </relation>
  <relation id="2415">
    <member type="way" role="left" ref="2407"/>
    <member type="way" role="right" ref="2392"/>
    <tag k="type" v="lanelet"/>
    <tag k="subtype" v="road"/>
    <tag k="speed_limit" v="10"/>
    <tag k="location" v="urban"/>
    <tag k="one_way" v="yes"/>
  </relation>
  <relation id="2422">
    <member type="way" role="left" ref="3326"/>
    <member type="way" role="right" ref="3328"/>
    <tag k="type" v="lanelet"/>
    <tag k="subtype" v="road"/>
    <tag k="speed_limit" v="10"/>
    <tag k="location" v="urban"/>
    <tag k="one_way" v="yes"/>
  </relation>
  <relation id="2426">
    <member type="way" role="left" ref="2425"/>
    <member type="way" role="right" ref="2420"/>
    <tag k="type" v="lanelet"/>
    <tag k="subtype" v="road"/>
    <tag k="speed_limit" v="10"/>
    <tag k="location" v="urban"/>
    <tag k="one_way" v="yes"/>
  </relation>
  <relation id="2430">
    <member type="way" role="left" ref="2376"/>
    <member type="way" role="right" ref="2211"/>
    <tag k="type" v="lanelet"/>
    <tag k="subtype" v="road"/>
    <tag k="speed_limit" v="10"/>
    <tag k="location" v="urban"/>
    <tag k="one_way" v="yes"/>
  </relation>
  <relation id="2435">
    <member type="way" role="left" ref="2402"/>
    <member type="way" role="right" ref="2368"/>
    <tag k="type" v="lanelet"/>
    <tag k="subtype" v="road"/>
    <tag k="speed_limit" v="10"/>
    <tag k="location" v="urban"/>
    <tag k="one_way" v="yes"/>
  </relation>
  <relation id="2438">
    <member type="way" role="left" ref="4528"/>
    <member type="way" role="right" ref="4527"/>
    <tag k="type" v="lanelet"/>
    <tag k="subtype" v="road"/>
    <tag k="speed_limit" v="10"/>
    <tag k="location" v="urban"/>
    <tag k="one_way" v="yes"/>
  </relation>
  <relation id="2494">
    <member type="way" role="left" ref="4438"/>
    <member type="way" role="right" ref="4437"/>
    <tag k="type" v="lanelet"/>
    <tag k="subtype" v="road"/>
    <tag k="speed_limit" v="10"/>
    <tag k="location" v="urban"/>
    <tag k="one_way" v="yes"/>
  </relation>
  <relation id="2526">
    <member type="way" role="left" ref="2853"/>
    <member type="way" role="right" ref="2855"/>
    <tag k="type" v="lanelet"/>
    <tag k="subtype" v="road"/>
    <tag k="speed_limit" v="10"/>
    <tag k="location" v="urban"/>
    <tag k="one_way" v="yes"/>
  </relation>
  <relation id="2544">
    <member type="way" role="left" ref="4504"/>
    <member type="way" role="right" ref="4503"/>
    <tag k="type" v="lanelet"/>
    <tag k="subtype" v="road"/>
    <tag k="speed_limit" v="10"/>
    <tag k="location" v="urban"/>
    <tag k="one_way" v="yes"/>
  </relation>
  <relation id="2559">
    <member type="way" role="left" ref="2556"/>
    <member type="way" role="right" ref="2558"/>
    <tag k="type" v="lanelet"/>
    <tag k="subtype" v="road"/>
    <tag k="speed_limit" v="10"/>
    <tag k="location" v="urban"/>
    <tag k="one_way" v="yes"/>
  </relation>
  <relation id="2562">
    <member type="way" role="left" ref="2742"/>
    <member type="way" role="right" ref="2744"/>
    <tag k="type" v="lanelet"/>
    <tag k="subtype" v="road"/>
    <tag k="speed_limit" v="10"/>
    <tag k="location" v="urban"/>
    <tag k="one_way" v="yes"/>
  </relation>
  <relation id="2572">
    <member type="way" role="left" ref="2688"/>
    <member type="way" role="right" ref="2692"/>
    <tag k="type" v="lanelet"/>
    <tag k="subtype" v="road"/>
    <tag k="speed_limit" v="10"/>
    <tag k="location" v="urban"/>
    <tag k="one_way" v="yes"/>
  </relation>
  <relation id="2573">
    <member type="way" role="left" ref="2686"/>
    <member type="way" role="right" ref="2688"/>
    <tag k="type" v="lanelet"/>
    <tag k="subtype" v="road"/>
    <tag k="speed_limit" v="10"/>
    <tag k="location" v="urban"/>
    <tag k="one_way" v="yes"/>
  </relation>
  <relation id="2580">
    <member type="way" role="left" ref="2577"/>
    <member type="way" role="right" ref="2579"/>
    <tag k="type" v="lanelet"/>
    <tag k="subtype" v="road"/>
    <tag k="speed_limit" v="10"/>
    <tag k="location" v="urban"/>
    <tag k="one_way" v="yes"/>
  </relation>
  <relation id="2599">
    <member type="way" role="left" ref="2796"/>
    <member type="way" role="right" ref="2798"/>
    <tag k="type" v="lanelet"/>
    <tag k="subtype" v="road"/>
    <tag k="speed_limit" v="10"/>
    <tag k="location" v="urban"/>
    <tag k="one_way" v="yes"/>
  </relation>
  <relation id="2623">
    <member type="way" role="left" ref="2601"/>
    <member type="way" role="right" ref="2618"/>
    <tag k="type" v="lanelet"/>
    <tag k="subtype" v="road"/>
    <tag k="speed_limit" v="10"/>
    <tag k="location" v="urban"/>
    <tag k="one_way" v="yes"/>
  </relation>
  <relation id="2624">
    <member type="way" role="left" ref="2589"/>
    <member type="way" role="right" ref="2582"/>
    <tag k="type" v="lanelet"/>
    <tag k="subtype" v="road"/>
    <tag k="speed_limit" v="10"/>
    <tag k="location" v="urban"/>
    <tag k="one_way" v="yes"/>
  </relation>
  <relation id="2672">
    <member type="way" role="left" ref="2663"/>
    <member type="way" role="right" ref="2664"/>
    <tag k="type" v="lanelet"/>
    <tag k="subtype" v="road"/>
    <tag k="speed_limit" v="10"/>
    <tag k="location" v="urban"/>
    <tag k="one_way" v="yes"/>
  </relation>
  <relation id="2673">
    <member type="way" role="left" ref="2665"/>
    <member type="way" role="right" ref="2666"/>
    <tag k="type" v="lanelet"/>
    <tag k="subtype" v="road"/>
    <tag k="speed_limit" v="10"/>
    <tag k="location" v="urban"/>
    <tag k="one_way" v="yes"/>
  </relation>
  <relation id="2675">
    <member type="way" role="left" ref="2669"/>
    <member type="way" role="right" ref="2670"/>
    <tag k="type" v="lanelet"/>
    <tag k="subtype" v="road"/>
    <tag k="speed_limit" v="10"/>
    <tag k="location" v="urban"/>
    <tag k="one_way" v="yes"/>
  </relation>
  <relation id="2707">
    <member type="way" role="left" ref="2918"/>
    <member type="way" role="right" ref="2919"/>
    <tag k="type" v="lanelet"/>
    <tag k="subtype" v="road"/>
    <tag k="speed_limit" v="10"/>
    <tag k="location" v="urban"/>
    <tag k="one_way" v="yes"/>
  </relation>
  <relation id="2711">
    <member type="way" role="left" ref="2708"/>
    <member type="way" role="right" ref="2710"/>
    <tag k="type" v="lanelet"/>
    <tag k="subtype" v="road"/>
    <tag k="speed_limit" v="10"/>
    <tag k="location" v="urban"/>
    <tag k="one_way" v="yes"/>
  </relation>
  <relation id="2712">
    <member type="way" role="left" ref="2709"/>
    <member type="way" role="right" ref="2708"/>
    <tag k="type" v="lanelet"/>
    <tag k="subtype" v="road"/>
    <tag k="speed_limit" v="10"/>
    <tag k="location" v="urban"/>
    <tag k="one_way" v="yes"/>
  </relation>
  <relation id="2746">
    <member type="way" role="left" ref="2791"/>
    <member type="way" role="right" ref="2790"/>
    <tag k="type" v="lanelet"/>
    <tag k="subtype" v="road"/>
    <tag k="speed_limit" v="10"/>
    <tag k="location" v="urban"/>
    <tag k="one_way" v="yes"/>
  </relation>
  <relation id="2762">
    <member type="way" role="left" ref="2793"/>
    <member type="way" role="right" ref="2792"/>
    <tag k="type" v="lanelet"/>
    <tag k="subtype" v="road"/>
    <tag k="speed_limit" v="10"/>
    <tag k="location" v="urban"/>
    <tag k="one_way" v="yes"/>
  </relation>
  <relation id="2800">
    <member type="way" role="left" ref="2803"/>
    <member type="way" role="right" ref="2805"/>
    <tag k="type" v="lanelet"/>
    <tag k="subtype" v="road"/>
    <tag k="speed_limit" v="10"/>
    <tag k="location" v="urban"/>
    <tag k="one_way" v="yes"/>
  </relation>
  <relation id="2807">
    <member type="way" role="left" ref="2810"/>
    <member type="way" role="right" ref="2812"/>
    <tag k="type" v="lanelet"/>
    <tag k="subtype" v="road"/>
    <tag k="speed_limit" v="10"/>
    <tag k="location" v="urban"/>
    <tag k="one_way" v="yes"/>
  </relation>
  <relation id="2814">
    <member type="way" role="left" ref="2811"/>
    <member type="way" role="right" ref="2813"/>
    <tag k="type" v="lanelet"/>
    <tag k="subtype" v="road"/>
    <tag k="speed_limit" v="10"/>
    <tag k="location" v="urban"/>
    <tag k="one_way" v="yes"/>
  </relation>
  <relation id="2850">
    <member type="way" role="left" ref="2847"/>
    <member type="way" role="right" ref="2849"/>
    <tag k="type" v="lanelet"/>
    <tag k="subtype" v="road"/>
    <tag k="speed_limit" v="10"/>
    <tag k="location" v="urban"/>
    <tag k="one_way" v="yes"/>
  </relation>
  <relation id="2857">
    <member type="way" role="left" ref="2860"/>
    <member type="way" role="right" ref="2862"/>
    <tag k="type" v="lanelet"/>
    <tag k="subtype" v="road"/>
    <tag k="speed_limit" v="10"/>
    <tag k="location" v="urban"/>
    <tag k="one_way" v="yes"/>
  </relation>
  <relation id="2864">
    <member type="way" role="left" ref="4531"/>
    <member type="way" role="right" ref="4533"/>
    <tag k="type" v="lanelet"/>
    <tag k="subtype" v="road"/>
    <tag k="speed_limit" v="10"/>
    <tag k="location" v="urban"/>
    <tag k="one_way" v="yes"/>
  </relation>
  <relation id="2880">
    <member type="way" role="left" ref="2879"/>
    <member type="way" role="right" ref="2877"/>
    <tag k="type" v="lanelet"/>
    <tag k="subtype" v="road"/>
    <tag k="speed_limit" v="10"/>
    <tag k="location" v="urban"/>
    <tag k="one_way" v="yes"/>
  </relation>
  <relation id="2908">
    <member type="way" role="left" ref="2916"/>
    <member type="way" role="right" ref="2917"/>
    <tag k="type" v="lanelet"/>
    <tag k="subtype" v="road"/>
    <tag k="speed_limit" v="10"/>
    <tag k="location" v="urban"/>
    <tag k="one_way" v="yes"/>
  </relation>
  <relation id="2923">
    <member type="way" role="left" ref="1992"/>
    <member type="way" role="right" ref="2006"/>
    <tag k="type" v="lanelet"/>
    <tag k="subtype" v="road"/>
    <tag k="speed_limit" v="10"/>
    <tag k="location" v="urban"/>
    <tag k="one_way" v="yes"/>
  </relation>
  <relation id="2972">
    <member type="way" role="left" ref="2964"/>
    <member type="way" role="right" ref="2965"/>
    <tag k="type" v="lanelet"/>
    <tag k="subtype" v="road"/>
    <tag k="speed_limit" v="10"/>
    <tag k="location" v="urban"/>
    <tag k="one_way" v="yes"/>
  </relation>
  <relation id="2975">
    <member type="way" role="left" ref="2970"/>
    <member type="way" role="right" ref="2971"/>
    <tag k="type" v="lanelet"/>
    <tag k="subtype" v="road"/>
    <tag k="speed_limit" v="10"/>
    <tag k="location" v="urban"/>
    <tag k="one_way" v="yes"/>
  </relation>
  <relation id="2986">
    <member type="way" role="left" ref="2929"/>
    <member type="way" role="right" ref="2980"/>
    <tag k="type" v="lanelet"/>
    <tag k="subtype" v="road"/>
    <tag k="speed_limit" v="10"/>
    <tag k="location" v="urban"/>
    <tag k="one_way" v="yes"/>
  </relation>
  <relation id="2987">
    <member type="way" role="left" ref="2980"/>
    <member type="way" role="right" ref="2985"/>
    <tag k="type" v="lanelet"/>
    <tag k="subtype" v="road"/>
    <tag k="speed_limit" v="10"/>
    <tag k="location" v="urban"/>
    <tag k="one_way" v="yes"/>
  </relation>
  <relation id="3020">
    <member type="way" role="left" ref="3017"/>
    <member type="way" role="right" ref="3016"/>
    <tag k="type" v="lanelet"/>
    <tag k="subtype" v="road"/>
    <tag k="speed_limit" v="10"/>
    <tag k="location" v="urban"/>
    <tag k="one_way" v="yes"/>
  </relation>
  <relation id="3024">
    <member type="way" role="left" ref="3072"/>
    <member type="way" role="right" ref="3074"/>
    <tag k="type" v="lanelet"/>
    <tag k="subtype" v="road"/>
    <tag k="speed_limit" v="10"/>
    <tag k="location" v="urban"/>
    <tag k="one_way" v="yes"/>
  </relation>
  <relation id="3032">
    <member type="way" role="left" ref="3029"/>
    <member type="way" role="right" ref="3031"/>
    <tag k="type" v="lanelet"/>
    <tag k="subtype" v="road"/>
    <tag k="speed_limit" v="10"/>
    <tag k="location" v="urban"/>
    <tag k="one_way" v="yes"/>
  </relation>
  <relation id="3039">
    <member type="way" role="left" ref="3036"/>
    <member type="way" role="right" ref="3038"/>
    <tag k="type" v="lanelet"/>
    <tag k="subtype" v="road"/>
    <tag k="speed_limit" v="10"/>
    <tag k="location" v="urban"/>
    <tag k="one_way" v="yes"/>
  </relation>
  <relation id="3076">
    <member type="way" role="left" ref="3073"/>
    <member type="way" role="right" ref="3075"/>
    <tag k="type" v="lanelet"/>
    <tag k="subtype" v="road"/>
    <tag k="speed_limit" v="10"/>
    <tag k="location" v="urban"/>
    <tag k="one_way" v="yes"/>
  </relation>
  <relation id="3170">
    <member type="way" role="left" ref="3085"/>
    <member type="way" role="right" ref="3163"/>
    <tag k="type" v="lanelet"/>
    <tag k="subtype" v="road"/>
    <tag k="speed_limit" v="10"/>
    <tag k="location" v="urban"/>
    <tag k="one_way" v="yes"/>
  </relation>
  <relation id="3173">
    <member type="way" role="left" ref="3164"/>
    <member type="way" role="right" ref="3162"/>
    <tag k="type" v="lanelet"/>
    <tag k="subtype" v="road"/>
    <tag k="speed_limit" v="10"/>
    <tag k="location" v="urban"/>
    <tag k="one_way" v="yes"/>
  </relation>
  <relation id="3187">
    <member type="way" role="left" ref="3179"/>
    <member type="way" role="right" ref="3182"/>
    <tag k="type" v="lanelet"/>
    <tag k="subtype" v="road"/>
    <tag k="speed_limit" v="10"/>
    <tag k="location" v="urban"/>
    <tag k="one_way" v="yes"/>
  </relation>
  <relation id="3191">
    <member type="way" role="left" ref="3183"/>
    <member type="way" role="right" ref="3054"/>
    <tag k="type" v="lanelet"/>
    <tag k="subtype" v="road"/>
    <tag k="speed_limit" v="10"/>
    <tag k="location" v="urban"/>
    <tag k="one_way" v="yes"/>
  </relation>
  <relation id="3192">
    <member type="way" role="left" ref="3186"/>
    <member type="way" role="right" ref="3190"/>
    <tag k="type" v="lanelet"/>
    <tag k="subtype" v="road"/>
    <tag k="speed_limit" v="10"/>
    <tag k="location" v="urban"/>
    <tag k="one_way" v="yes"/>
  </relation>
  <relation id="3251">
    <member type="way" role="left" ref="3250"/>
    <member type="way" role="right" ref="3238"/>
    <tag k="type" v="lanelet"/>
    <tag k="subtype" v="road"/>
    <tag k="speed_limit" v="10"/>
    <tag k="location" v="urban"/>
    <tag k="one_way" v="yes"/>
  </relation>
  <relation id="3256">
    <member type="way" role="left" ref="3225"/>
    <member type="way" role="right" ref="3221"/>
    <tag k="type" v="lanelet"/>
    <tag k="subtype" v="road"/>
    <tag k="speed_limit" v="10"/>
    <tag k="location" v="urban"/>
    <tag k="one_way" v="yes"/>
  </relation>
  <relation id="3261">
    <member type="way" role="left" ref="3258"/>
    <member type="way" role="right" ref="3230"/>
    <tag k="type" v="lanelet"/>
    <tag k="subtype" v="road"/>
    <tag k="speed_limit" v="10"/>
    <tag k="location" v="urban"/>
    <tag k="one_way" v="yes"/>
  </relation>
  <relation id="3262">
    <member type="way" role="left" ref="3224"/>
    <member type="way" role="right" ref="3253"/>
    <tag k="type" v="lanelet"/>
    <tag k="subtype" v="road"/>
    <tag k="speed_limit" v="10"/>
    <tag k="location" v="urban"/>
    <tag k="one_way" v="yes"/>
  </relation>
  <relation id="3266">
    <member type="way" role="left" ref="3078"/>
    <member type="way" role="right" ref="3196"/>
    <tag k="type" v="lanelet"/>
    <tag k="subtype" v="road"/>
    <tag k="speed_limit" v="10"/>
    <tag k="location" v="urban"/>
    <tag k="one_way" v="yes"/>
  </relation>
  <relation id="3269">
    <member type="way" role="left" ref="3105"/>
    <member type="way" role="right" ref="1769"/>
    <tag k="type" v="lanelet"/>
    <tag k="subtype" v="road"/>
    <tag k="speed_limit" v="10"/>
    <tag k="location" v="urban"/>
    <tag k="one_way" v="yes"/>
  </relation>
  <relation id="3270">
    <member type="way" role="left" ref="3219"/>
    <member type="way" role="right" ref="1758"/>
    <tag k="type" v="lanelet"/>
    <tag k="subtype" v="road"/>
    <tag k="speed_limit" v="10"/>
    <tag k="location" v="urban"/>
    <tag k="one_way" v="yes"/>
  </relation>
  <relation id="3271">
    <member type="way" role="left" ref="3275"/>
    <member type="way" role="right" ref="3277"/>
    <tag k="type" v="lanelet"/>
    <tag k="subtype" v="road"/>
    <tag k="speed_limit" v="10"/>
    <tag k="location" v="urban"/>
    <tag k="one_way" v="yes"/>
  </relation>
  <relation id="3279">
    <member type="way" role="left" ref="3282"/>
    <member type="way" role="right" ref="3284"/>
    <tag k="type" v="lanelet"/>
    <tag k="subtype" v="road"/>
    <tag k="speed_limit" v="10"/>
    <tag k="location" v="urban"/>
    <tag k="one_way" v="yes"/>
  </relation>
  <relation id="3286">
    <member type="way" role="left" ref="3289"/>
    <member type="way" role="right" ref="3291"/>
    <tag k="type" v="lanelet"/>
    <tag k="subtype" v="road"/>
    <tag k="speed_limit" v="10"/>
    <tag k="location" v="urban"/>
    <tag k="one_way" v="yes"/>
  </relation>
  <relation id="3293">
    <member type="way" role="left" ref="3296"/>
    <member type="way" role="right" ref="3298"/>
    <tag k="type" v="lanelet"/>
    <tag k="subtype" v="road"/>
    <tag k="speed_limit" v="10"/>
    <tag k="location" v="urban"/>
    <tag k="one_way" v="yes"/>
  </relation>
  <relation id="3307">
    <member type="way" role="left" ref="3304"/>
    <member type="way" role="right" ref="3306"/>
    <tag k="type" v="lanelet"/>
    <tag k="subtype" v="road"/>
    <tag k="speed_limit" v="10"/>
    <tag k="location" v="urban"/>
    <tag k="one_way" v="yes"/>
  </relation>
  <relation id="3323">
    <member type="way" role="left" ref="3320"/>
    <member type="way" role="right" ref="3322"/>
    <tag k="type" v="lanelet"/>
    <tag k="subtype" v="road"/>
    <tag k="speed_limit" v="10"/>
    <tag k="location" v="urban"/>
    <tag k="one_way" v="yes"/>
  </relation>
  <relation id="3330">
    <member type="way" role="left" ref="3327"/>
    <member type="way" role="right" ref="3329"/>
    <tag k="type" v="lanelet"/>
    <tag k="subtype" v="road"/>
    <tag k="speed_limit" v="10"/>
    <tag k="location" v="urban"/>
    <tag k="one_way" v="yes"/>
  </relation>
  <relation id="3452">
    <member type="way" role="left" ref="3837"/>
    <member type="way" role="right" ref="3839"/>
    <tag k="type" v="lanelet"/>
    <tag k="subtype" v="road"/>
    <tag k="speed_limit" v="10"/>
    <tag k="location" v="urban"/>
    <tag k="one_way" v="yes"/>
  </relation>
  <relation id="3460">
    <member type="way" role="left" ref="3795"/>
    <member type="way" role="right" ref="3797"/>
    <tag k="type" v="lanelet"/>
    <tag k="subtype" v="road"/>
    <tag k="speed_limit" v="10"/>
    <tag k="location" v="urban"/>
    <tag k="one_way" v="yes"/>
  </relation>
  <relation id="3467">
    <member type="way" role="left" ref="4367"/>
    <member type="way" role="right" ref="4369"/>
    <tag k="type" v="lanelet"/>
    <tag k="subtype" v="road"/>
    <tag k="speed_limit" v="10"/>
    <tag k="location" v="urban"/>
    <tag k="one_way" v="yes"/>
  </relation>
  <relation id="3588">
    <member type="way" role="left" ref="3585"/>
    <member type="way" role="right" ref="3587"/>
    <tag k="type" v="lanelet"/>
    <tag k="subtype" v="road"/>
    <tag k="speed_limit" v="10"/>
    <tag k="location" v="urban"/>
    <tag k="one_way" v="yes"/>
  </relation>
  <relation id="3595">
    <member type="way" role="left" ref="3592"/>
    <member type="way" role="right" ref="3594"/>
    <tag k="type" v="lanelet"/>
    <tag k="subtype" v="road"/>
    <tag k="speed_limit" v="10"/>
    <tag k="location" v="urban"/>
    <tag k="one_way" v="yes"/>
  </relation>
  <relation id="3762">
    <member type="way" role="left" ref="3469"/>
    <member type="way" role="right" ref="3471"/>
    <tag k="type" v="lanelet"/>
    <tag k="subtype" v="road"/>
    <tag k="speed_limit" v="10"/>
    <tag k="location" v="urban"/>
    <tag k="one_way" v="yes"/>
  </relation>
  <relation id="3763">
    <member type="way" role="left" ref="3471"/>
    <member type="way" role="right" ref="3473"/>
    <tag k="type" v="lanelet"/>
    <tag k="subtype" v="road"/>
    <tag k="speed_limit" v="10"/>
    <tag k="location" v="urban"/>
    <tag k="one_way" v="yes"/>
  </relation>
  <relation id="3764">
    <member type="way" role="left" ref="3611"/>
    <member type="way" role="right" ref="3619"/>
    <tag k="type" v="lanelet"/>
    <tag k="subtype" v="road"/>
    <tag k="speed_limit" v="10"/>
    <tag k="location" v="urban"/>
    <tag k="one_way" v="yes"/>
  </relation>
  <relation id="3765">
    <member type="way" role="left" ref="3640"/>
    <member type="way" role="right" ref="3634"/>
    <tag k="type" v="lanelet"/>
    <tag k="subtype" v="road"/>
    <tag k="speed_limit" v="10"/>
    <tag k="location" v="urban"/>
    <tag k="one_way" v="yes"/>
  </relation>
  <relation id="3766">
    <member type="way" role="left" ref="3718"/>
    <member type="way" role="right" ref="3724"/>
    <tag k="type" v="lanelet"/>
    <tag k="subtype" v="road"/>
    <tag k="speed_limit" v="10"/>
    <tag k="location" v="urban"/>
    <tag k="one_way" v="yes"/>
  </relation>
  <relation id="3767">
    <member type="way" role="left" ref="3659"/>
    <member type="way" role="right" ref="3663"/>
    <tag k="type" v="lanelet"/>
    <tag k="subtype" v="road"/>
    <tag k="speed_limit" v="10"/>
    <tag k="location" v="urban"/>
    <tag k="one_way" v="yes"/>
  </relation>
  <relation id="3768">
    <member type="way" role="left" ref="3695"/>
    <member type="way" role="right" ref="3704"/>
    <tag k="type" v="lanelet"/>
    <tag k="subtype" v="road"/>
    <tag k="speed_limit" v="10"/>
    <tag k="location" v="urban"/>
    <tag k="one_way" v="yes"/>
  </relation>
  <relation id="3769">
    <member type="way" role="left" ref="3666"/>
    <member type="way" role="right" ref="3667"/>
    <tag k="type" v="lanelet"/>
    <tag k="subtype" v="road"/>
    <tag k="speed_limit" v="10"/>
    <tag k="location" v="urban"/>
    <tag k="one_way" v="yes"/>
  </relation>
  <relation id="3770">
    <member type="way" role="left" ref="3594"/>
    <member type="way" role="right" ref="3585"/>
    <tag k="type" v="lanelet"/>
    <tag k="subtype" v="road"/>
    <tag k="speed_limit" v="10"/>
    <tag k="location" v="urban"/>
    <tag k="one_way" v="yes"/>
  </relation>
  <relation id="3771">
    <member type="way" role="left" ref="3667"/>
    <member type="way" role="right" ref="3675"/>
    <tag k="type" v="lanelet"/>
    <tag k="subtype" v="road"/>
    <tag k="speed_limit" v="10"/>
    <tag k="location" v="urban"/>
    <tag k="one_way" v="yes"/>
  </relation>
  <relation id="3772">
    <member type="way" role="left" ref="3663"/>
    <member type="way" role="right" ref="3665"/>
    <tag k="type" v="lanelet"/>
    <tag k="subtype" v="road"/>
    <tag k="speed_limit" v="10"/>
    <tag k="location" v="urban"/>
    <tag k="one_way" v="yes"/>
  </relation>
  <relation id="3773">
    <member type="way" role="left" ref="3745"/>
    <member type="way" role="right" ref="3761"/>
    <tag k="type" v="lanelet"/>
    <tag k="subtype" v="road"/>
    <tag k="speed_limit" v="10"/>
    <tag k="location" v="urban"/>
    <tag k="one_way" v="yes"/>
  </relation>
  <relation id="3774">
    <member type="way" role="left" ref="3716"/>
    <member type="way" role="right" ref="3706"/>
    <tag k="type" v="lanelet"/>
    <tag k="subtype" v="road"/>
    <tag k="speed_limit" v="10"/>
    <tag k="location" v="urban"/>
    <tag k="one_way" v="yes"/>
  </relation>
  <relation id="3785">
    <member type="way" role="left" ref="3782"/>
    <member type="way" role="right" ref="3784"/>
    <tag k="type" v="lanelet"/>
    <tag k="subtype" v="road"/>
    <tag k="speed_limit" v="10"/>
    <tag k="location" v="urban"/>
    <tag k="one_way" v="yes"/>
  </relation>
  <relation id="3799">
    <member type="way" role="left" ref="3796"/>
    <member type="way" role="right" ref="3798"/>
    <tag k="type" v="lanelet"/>
    <tag k="subtype" v="road"/>
    <tag k="speed_limit" v="10"/>
    <tag k="location" v="urban"/>
    <tag k="one_way" v="yes"/>
  </relation>
  <relation id="3833">
    <member type="way" role="left" ref="3830"/>
    <member type="way" role="right" ref="3832"/>
    <tag k="type" v="lanelet"/>
    <tag k="subtype" v="road"/>
    <tag k="speed_limit" v="10"/>
    <tag k="location" v="urban"/>
    <tag k="one_way" v="yes"/>
  </relation>
  <relation id="3841">
    <member type="way" role="left" ref="3838"/>
    <member type="way" role="right" ref="3840"/>
    <tag k="type" v="lanelet"/>
    <tag k="subtype" v="road"/>
    <tag k="speed_limit" v="10"/>
    <tag k="location" v="urban"/>
    <tag k="one_way" v="yes"/>
  </relation>
  <relation id="3874">
    <member type="way" role="left" ref="3823"/>
    <member type="way" role="right" ref="3817"/>
    <tag k="type" v="lanelet"/>
    <tag k="subtype" v="road"/>
    <tag k="speed_limit" v="10"/>
    <tag k="location" v="urban"/>
    <tag k="one_way" v="yes"/>
  </relation>
  <relation id="3875">
    <member type="way" role="left" ref="3840"/>
    <member type="way" role="right" ref="3873"/>
    <tag k="type" v="lanelet"/>
    <tag k="subtype" v="road"/>
    <tag k="speed_limit" v="10"/>
    <tag k="location" v="urban"/>
    <tag k="one_way" v="yes"/>
  </relation>
  <relation id="3876">
    <member type="way" role="left" ref="3839"/>
    <member type="way" role="right" ref="3871"/>
    <tag k="type" v="lanelet"/>
    <tag k="subtype" v="road"/>
    <tag k="speed_limit" v="10"/>
    <tag k="location" v="urban"/>
    <tag k="one_way" v="yes"/>
  </relation>
  <relation id="4017">
    <member type="way" role="left" ref="3892"/>
    <member type="way" role="right" ref="4002"/>
    <tag k="type" v="lanelet"/>
    <tag k="subtype" v="road"/>
    <tag k="speed_limit" v="10"/>
    <tag k="location" v="urban"/>
    <tag k="one_way" v="yes"/>
  </relation>
  <relation id="4025">
    <member type="way" role="left" ref="4011"/>
    <member type="way" role="right" ref="4024"/>
    <tag k="type" v="lanelet"/>
    <tag k="subtype" v="road"/>
    <tag k="speed_limit" v="10"/>
    <tag k="location" v="urban"/>
    <tag k="one_way" v="yes"/>
  </relation>
  <relation id="4026">
    <member type="way" role="left" ref="4022"/>
    <member type="way" role="right" ref="4010"/>
    <tag k="type" v="lanelet"/>
    <tag k="subtype" v="road"/>
    <tag k="speed_limit" v="10"/>
    <tag k="location" v="urban"/>
    <tag k="one_way" v="yes"/>
  </relation>
  <relation id="4030">
    <member type="way" role="left" ref="3884"/>
    <member type="way" role="right" ref="1848"/>
    <tag k="type" v="lanelet"/>
    <tag k="subtype" v="road"/>
    <tag k="speed_limit" v="10"/>
    <tag k="location" v="urban"/>
    <tag k="one_way" v="yes"/>
  </relation>
  <relation id="4031">
    <member type="way" role="left" ref="4029"/>
    <member type="way" role="right" ref="4022"/>
    <tag k="type" v="lanelet"/>
    <tag k="subtype" v="road"/>
    <tag k="speed_limit" v="10"/>
    <tag k="location" v="urban"/>
    <tag k="one_way" v="yes"/>
  </relation>
  <relation id="4159">
    <member type="way" role="left" ref="4157"/>
    <member type="way" role="right" ref="4158"/>
    <tag k="type" v="lanelet"/>
    <tag k="subtype" v="road"/>
    <tag k="speed_limit" v="10"/>
    <tag k="location" v="urban"/>
    <tag k="one_way" v="yes"/>
  </relation>
  <relation id="4171">
    <member type="way" role="left" ref="1768"/>
    <member type="way" role="right" ref="4162"/>
    <tag k="type" v="lanelet"/>
    <tag k="subtype" v="road"/>
    <tag k="speed_limit" v="10"/>
    <tag k="location" v="urban"/>
    <tag k="one_way" v="yes"/>
  </relation>
  <relation id="4174">
    <member type="way" role="left" ref="3917"/>
    <member type="way" role="right" ref="1768"/>
    <tag k="type" v="lanelet"/>
    <tag k="subtype" v="road"/>
    <tag k="speed_limit" v="10"/>
    <tag k="location" v="urban"/>
    <tag k="one_way" v="yes"/>
  </relation>
  <relation id="4175">
    <member type="way" role="left" ref="4192"/>
    <member type="way" role="right" ref="4194"/>
    <tag k="type" v="lanelet"/>
    <tag k="subtype" v="road"/>
    <tag k="speed_limit" v="10"/>
    <tag k="location" v="urban"/>
    <tag k="one_way" v="yes"/>
  </relation>
  <relation id="4176">
    <member type="way" role="left" ref="4141"/>
    <member type="way" role="right" ref="4149"/>
    <tag k="type" v="lanelet"/>
    <tag k="subtype" v="road"/>
    <tag k="speed_limit" v="10"/>
    <tag k="location" v="urban"/>
    <tag k="one_way" v="yes"/>
  </relation>
  <relation id="4177">
    <member type="way" role="left" ref="4131"/>
    <member type="way" role="right" ref="4123"/>
    <tag k="type" v="lanelet"/>
    <tag k="subtype" v="road"/>
    <tag k="speed_limit" v="10"/>
    <tag k="location" v="urban"/>
    <tag k="one_way" v="yes"/>
  </relation>
  <relation id="4178">
    <member type="way" role="left" ref="4068"/>
    <member type="way" role="right" ref="4077"/>
    <tag k="type" v="lanelet"/>
    <tag k="subtype" v="road"/>
    <tag k="speed_limit" v="10"/>
    <tag k="location" v="urban"/>
    <tag k="one_way" v="yes"/>
  </relation>
  <relation id="4179">
    <member type="way" role="left" ref="4059"/>
    <member type="way" role="right" ref="1849"/>
    <tag k="type" v="lanelet"/>
    <tag k="subtype" v="road"/>
    <tag k="speed_limit" v="10"/>
    <tag k="location" v="urban"/>
    <tag k="one_way" v="yes"/>
  </relation>
  <relation id="4184">
    <member type="way" role="left" ref="4199"/>
    <member type="way" role="right" ref="4201"/>
    <tag k="type" v="lanelet"/>
    <tag k="subtype" v="road"/>
    <tag k="speed_limit" v="10"/>
    <tag k="location" v="urban"/>
    <tag k="one_way" v="yes"/>
  </relation>
  <relation id="4185">
    <member type="way" role="left" ref="3898"/>
    <member type="way" role="right" ref="1850"/>
    <tag k="type" v="lanelet"/>
    <tag k="subtype" v="road"/>
    <tag k="speed_limit" v="10"/>
    <tag k="location" v="urban"/>
    <tag k="one_way" v="yes"/>
  </relation>
  <relation id="4186">
    <member type="way" role="left" ref="3895"/>
    <member type="way" role="right" ref="4005"/>
    <tag k="type" v="lanelet"/>
    <tag k="subtype" v="road"/>
    <tag k="speed_limit" v="10"/>
    <tag k="location" v="urban"/>
    <tag k="one_way" v="yes"/>
  </relation>
  <relation id="4196">
    <member type="way" role="left" ref="4193"/>
    <member type="way" role="right" ref="4195"/>
    <tag k="type" v="lanelet"/>
    <tag k="subtype" v="road"/>
    <tag k="speed_limit" v="10"/>
    <tag k="location" v="urban"/>
    <tag k="one_way" v="yes"/>
  </relation>
  <relation id="4203">
    <member type="way" role="left" ref="4200"/>
    <member type="way" role="right" ref="4202"/>
    <tag k="type" v="lanelet"/>
    <tag k="subtype" v="road"/>
    <tag k="speed_limit" v="10"/>
    <tag k="location" v="urban"/>
    <tag k="one_way" v="yes"/>
  </relation>
  <relation id="4233">
    <member type="way" role="left" ref="4214"/>
    <member type="way" role="right" ref="4207"/>
    <tag k="type" v="lanelet"/>
    <tag k="subtype" v="road"/>
    <tag k="speed_limit" v="10"/>
    <tag k="location" v="urban"/>
    <tag k="one_way" v="yes"/>
  </relation>
  <relation id="4234">
    <member type="way" role="left" ref="4226"/>
    <member type="way" role="right" ref="4220"/>
    <tag k="type" v="lanelet"/>
    <tag k="subtype" v="road"/>
    <tag k="speed_limit" v="10"/>
    <tag k="location" v="urban"/>
    <tag k="one_way" v="yes"/>
  </relation>
  <relation id="4330">
    <member type="way" role="left" ref="4254"/>
    <member type="way" role="right" ref="4247"/>
    <tag k="type" v="lanelet"/>
    <tag k="subtype" v="road"/>
    <tag k="speed_limit" v="10"/>
    <tag k="location" v="urban"/>
    <tag k="one_way" v="yes"/>
  </relation>
  <relation id="4331">
    <member type="way" role="left" ref="4247"/>
    <member type="way" role="right" ref="4240"/>
    <tag k="type" v="lanelet"/>
    <tag k="subtype" v="road"/>
    <tag k="speed_limit" v="10"/>
    <tag k="location" v="urban"/>
    <tag k="one_way" v="yes"/>
  </relation>
  <relation id="4332">
    <member type="way" role="left" ref="4236"/>
    <member type="way" role="right" ref="4257"/>
    <tag k="type" v="lanelet"/>
    <tag k="subtype" v="road"/>
    <tag k="speed_limit" v="10"/>
    <tag k="location" v="urban"/>
    <tag k="one_way" v="yes"/>
  </relation>
  <relation id="4335">
    <member type="way" role="left" ref="4345"/>
    <member type="way" role="right" ref="4347"/>
    <tag k="type" v="lanelet"/>
    <tag k="subtype" v="road"/>
    <tag k="speed_limit" v="10"/>
    <tag k="location" v="urban"/>
    <tag k="one_way" v="yes"/>
  </relation>
  <relation id="4336">
    <member type="way" role="left" ref="4252"/>
    <member type="way" role="right" ref="4250"/>
    <tag k="type" v="lanelet"/>
    <tag k="subtype" v="road"/>
    <tag k="speed_limit" v="10"/>
    <tag k="location" v="urban"/>
    <tag k="one_way" v="yes"/>
  </relation>
  <relation id="4337">
    <member type="way" role="left" ref="4268"/>
    <member type="way" role="right" ref="4273"/>
    <tag k="type" v="lanelet"/>
    <tag k="subtype" v="road"/>
    <tag k="speed_limit" v="10"/>
    <tag k="location" v="urban"/>
    <tag k="one_way" v="yes"/>
  </relation>
  <relation id="4338">
    <member type="way" role="left" ref="4273"/>
    <member type="way" role="right" ref="4280"/>
    <tag k="type" v="lanelet"/>
    <tag k="subtype" v="road"/>
    <tag k="speed_limit" v="10"/>
    <tag k="location" v="urban"/>
    <tag k="one_way" v="yes"/>
  </relation>
  <relation id="4349">
    <member type="way" role="left" ref="4346"/>
    <member type="way" role="right" ref="4348"/>
    <tag k="type" v="lanelet"/>
    <tag k="subtype" v="road"/>
    <tag k="speed_limit" v="10"/>
    <tag k="location" v="urban"/>
    <tag k="one_way" v="yes"/>
  </relation>
  <relation id="4351">
    <member type="way" role="left" ref="4250"/>
    <member type="way" role="right" ref="4345"/>
    <tag k="type" v="lanelet"/>
    <tag k="subtype" v="road"/>
    <tag k="speed_limit" v="10"/>
    <tag k="location" v="urban"/>
    <tag k="one_way" v="yes"/>
  </relation>
  <relation id="4352">
    <member type="way" role="left" ref="4267"/>
    <member type="way" role="right" ref="1833"/>
    <tag k="type" v="lanelet"/>
    <tag k="subtype" v="road"/>
    <tag k="speed_limit" v="10"/>
    <tag k="location" v="urban"/>
    <tag k="one_way" v="yes"/>
  </relation>
  <relation id="4353">
    <member type="way" role="left" ref="1833"/>
    <member type="way" role="right" ref="4264"/>
    <tag k="type" v="lanelet"/>
    <tag k="subtype" v="road"/>
    <tag k="speed_limit" v="10"/>
    <tag k="location" v="urban"/>
    <tag k="one_way" v="yes"/>
  </relation>
  <relation id="4354">
    <member type="way" role="left" ref="4302"/>
    <member type="way" role="right" ref="4301"/>
    <tag k="type" v="lanelet"/>
    <tag k="subtype" v="road"/>
    <tag k="speed_limit" v="10"/>
    <tag k="location" v="urban"/>
    <tag k="one_way" v="yes"/>
  </relation>
  <relation id="4355">
    <member type="way" role="left" ref="4290"/>
    <member type="way" role="right" ref="4296"/>
    <tag k="type" v="lanelet"/>
    <tag k="subtype" v="road"/>
    <tag k="speed_limit" v="10"/>
    <tag k="location" v="urban"/>
    <tag k="one_way" v="yes"/>
  </relation>
  <relation id="4356">
    <member type="way" role="left" ref="4308"/>
    <member type="way" role="right" ref="4317"/>
    <tag k="type" v="lanelet"/>
    <tag k="subtype" v="road"/>
    <tag k="speed_limit" v="10"/>
    <tag k="location" v="urban"/>
    <tag k="one_way" v="yes"/>
  </relation>
  <relation id="4357">
    <member type="way" role="left" ref="4304"/>
    <member type="way" role="right" ref="4306"/>
    <tag k="type" v="lanelet"/>
    <tag k="subtype" v="road"/>
    <tag k="speed_limit" v="10"/>
    <tag k="location" v="urban"/>
    <tag k="one_way" v="yes"/>
  </relation>
  <relation id="4361">
    <member type="way" role="left" ref="4257"/>
    <member type="way" role="right" ref="4360"/>
    <tag k="type" v="lanelet"/>
    <tag k="subtype" v="road"/>
    <tag k="speed_limit" v="10"/>
    <tag k="location" v="urban"/>
    <tag k="one_way" v="yes"/>
  </relation>
  <relation id="4371">
    <member type="way" role="left" ref="4368"/>
    <member type="way" role="right" ref="4370"/>
    <tag k="type" v="lanelet"/>
    <tag k="subtype" v="road"/>
    <tag k="speed_limit" v="10"/>
    <tag k="location" v="urban"/>
    <tag k="one_way" v="yes"/>
  </relation>
  <relation id="4374">
    <member type="way" role="left" ref="3797"/>
    <member type="way" role="right" ref="4367"/>
    <tag k="type" v="lanelet"/>
    <tag k="subtype" v="road"/>
    <tag k="speed_limit" v="10"/>
    <tag k="location" v="urban"/>
    <tag k="one_way" v="yes"/>
  </relation>
  <relation id="4376">
    <member type="way" role="left" ref="4375"/>
    <member type="way" role="right" ref="4372"/>
    <tag k="type" v="lanelet"/>
    <tag k="subtype" v="road"/>
    <tag k="speed_limit" v="10"/>
    <tag k="location" v="urban"/>
    <tag k="one_way" v="yes"/>
  </relation>
  <relation id="4394">
    <member type="way" role="left" ref="4396"/>
    <member type="way" role="right" ref="4397"/>
    <tag k="type" v="lanelet"/>
    <tag k="subtype" v="road"/>
    <tag k="speed_limit" v="10"/>
    <tag k="location" v="urban"/>
    <tag k="one_way" v="yes"/>
  </relation>
  <relation id="4409">
    <member type="way" role="left" ref="4547"/>
    <member type="way" role="right" ref="4549"/>
    <tag k="type" v="lanelet"/>
    <tag k="subtype" v="road"/>
    <tag k="speed_limit" v="10"/>
    <tag k="location" v="urban"/>
    <tag k="one_way" v="yes"/>
  </relation>
  <relation id="4411">
    <member type="way" role="left" ref="4410"/>
    <member type="way" role="right" ref="4403"/>
    <tag k="type" v="lanelet"/>
    <tag k="subtype" v="road"/>
    <tag k="speed_limit" v="10"/>
    <tag k="location" v="urban"/>
    <tag k="one_way" v="yes"/>
  </relation>
  <relation id="4420">
    <member type="way" role="left" ref="4425"/>
    <member type="way" role="right" ref="4423"/>
    <tag k="type" v="lanelet"/>
    <tag k="subtype" v="road"/>
    <tag k="speed_limit" v="10"/>
    <tag k="location" v="urban"/>
    <tag k="one_way" v="yes"/>
  </relation>
  <relation id="4427">
    <member type="way" role="left" ref="4426"/>
    <member type="way" role="right" ref="4424"/>
    <tag k="type" v="lanelet"/>
    <tag k="subtype" v="road"/>
    <tag k="speed_limit" v="10"/>
    <tag k="location" v="urban"/>
    <tag k="one_way" v="yes"/>
  </relation>
  <relation id="4453">
    <member type="way" role="left" ref="4452"/>
    <member type="way" role="right" ref="4450"/>
    <tag k="type" v="lanelet"/>
    <tag k="subtype" v="road"/>
    <tag k="speed_limit" v="10"/>
    <tag k="location" v="urban"/>
    <tag k="one_way" v="yes"/>
  </relation>
  <relation id="4455">
    <member type="way" role="left" ref="2052"/>
    <member type="way" role="right" ref="4450"/>
    <tag k="type" v="lanelet"/>
    <tag k="subtype" v="road"/>
    <tag k="speed_limit" v="10"/>
    <tag k="location" v="urban"/>
    <tag k="one_way" v="yes"/>
  </relation>
  <relation id="4456">
    <member type="way" role="left" ref="2040"/>
    <member type="way" role="right" ref="4454"/>
    <tag k="type" v="lanelet"/>
    <tag k="subtype" v="road"/>
    <tag k="speed_limit" v="10"/>
    <tag k="location" v="urban"/>
    <tag k="one_way" v="yes"/>
  </relation>
  <relation id="4463">
    <member type="way" role="left" ref="4462"/>
    <member type="way" role="right" ref="4460"/>
    <tag k="type" v="lanelet"/>
    <tag k="subtype" v="road"/>
    <tag k="speed_limit" v="10"/>
    <tag k="location" v="urban"/>
    <tag k="one_way" v="yes"/>
  </relation>
  <relation id="4470">
    <member type="way" role="left" ref="4467"/>
    <member type="way" role="right" ref="4468"/>
    <tag k="type" v="lanelet"/>
    <tag k="subtype" v="road"/>
    <tag k="speed_limit" v="10"/>
    <tag k="location" v="urban"/>
    <tag k="one_way" v="yes"/>
  </relation>
  <relation id="4477">
    <member type="way" role="left" ref="4474"/>
    <member type="way" role="right" ref="4475"/>
    <tag k="type" v="lanelet"/>
    <tag k="subtype" v="road"/>
    <tag k="speed_limit" v="10"/>
    <tag k="location" v="urban"/>
    <tag k="one_way" v="yes"/>
  </relation>
  <relation id="4484">
    <member type="way" role="left" ref="4483"/>
    <member type="way" role="right" ref="4481"/>
    <tag k="type" v="lanelet"/>
    <tag k="subtype" v="road"/>
    <tag k="speed_limit" v="10"/>
    <tag k="location" v="urban"/>
    <tag k="one_way" v="yes"/>
  </relation>
  <relation id="4491">
    <member type="way" role="left" ref="4501"/>
    <member type="way" role="right" ref="4502"/>
    <tag k="type" v="lanelet"/>
    <tag k="subtype" v="road"/>
    <tag k="speed_limit" v="10"/>
    <tag k="location" v="urban"/>
    <tag k="one_way" v="yes"/>
  </relation>
  <relation id="4498">
    <member type="way" role="left" ref="4495"/>
    <member type="way" role="right" ref="4497"/>
    <tag k="type" v="lanelet"/>
    <tag k="subtype" v="road"/>
    <tag k="speed_limit" v="10"/>
    <tag k="location" v="urban"/>
    <tag k="one_way" v="yes"/>
  </relation>
  <relation id="4535">
    <member type="way" role="left" ref="4538"/>
    <member type="way" role="right" ref="4540"/>
    <tag k="type" v="lanelet"/>
    <tag k="subtype" v="road"/>
    <tag k="speed_limit" v="10"/>
    <tag k="location" v="urban"/>
    <tag k="one_way" v="yes"/>
  </relation>
  <relation id="4542">
    <member type="way" role="left" ref="4539"/>
    <member type="way" role="right" ref="4541"/>
    <tag k="type" v="lanelet"/>
    <tag k="subtype" v="road"/>
    <tag k="speed_limit" v="10"/>
    <tag k="location" v="urban"/>
    <tag k="one_way" v="yes"/>
  </relation>
  <relation id="4551">
    <member type="way" role="left" ref="4548"/>
    <member type="way" role="right" ref="4550"/>
    <tag k="type" v="lanelet"/>
    <tag k="subtype" v="road"/>
    <tag k="speed_limit" v="10"/>
    <tag k="location" v="urban"/>
    <tag k="one_way" v="yes"/>
  </relation>
  <relation id="4574">
    <member type="way" role="left" ref="4571"/>
    <member type="way" role="right" ref="4573"/>
    <tag k="type" v="lanelet"/>
    <tag k="subtype" v="road"/>
    <tag k="speed_limit" v="10"/>
    <tag k="location" v="urban"/>
    <tag k="one_way" v="yes"/>
  </relation>
  <relation id="4592">
    <member type="way" role="left" ref="4584"/>
    <member type="way" role="right" ref="4581"/>
    <tag k="type" v="lanelet"/>
    <tag k="subtype" v="road"/>
    <tag k="speed_limit" v="10"/>
    <tag k="location" v="urban"/>
    <tag k="one_way" v="yes"/>
  </relation>
  <relation id="4593">
    <member type="way" role="left" ref="4590"/>
    <member type="way" role="right" ref="4578"/>
    <tag k="type" v="lanelet"/>
    <tag k="subtype" v="road"/>
    <tag k="speed_limit" v="10"/>
    <tag k="location" v="urban"/>
    <tag k="one_way" v="yes"/>
  </relation>
  <relation id="4594">
    <member type="way" role="left" ref="4591"/>
    <member type="way" role="right" ref="4575"/>
    <tag k="type" v="lanelet"/>
    <tag k="subtype" v="road"/>
    <tag k="speed_limit" v="10"/>
    <tag k="location" v="urban"/>
    <tag k="one_way" v="yes"/>
  </relation>
  <relation id="4597">
    <member type="way" role="left" ref="4578"/>
    <member type="way" role="right" ref="4596"/>
    <tag k="type" v="lanelet"/>
    <tag k="subtype" v="road"/>
    <tag k="speed_limit" v="10"/>
    <tag k="location" v="urban"/>
    <tag k="one_way" v="yes"/>
  </relation>
  <relation id="4641">
    <member type="way" role="left" ref="4639"/>
    <member type="way" role="right" ref="1761"/>
    <tag k="type" v="lanelet"/>
    <tag k="subtype" v="road"/>
    <tag k="speed_limit" v="10"/>
    <tag k="location" v="urban"/>
    <tag k="one_way" v="yes"/>
  </relation>
  <relation id="4642">
    <member type="way" role="left" ref="1761"/>
    <member type="way" role="right" ref="4640"/>
    <tag k="type" v="lanelet"/>
    <tag k="subtype" v="road"/>
    <tag k="speed_limit" v="10"/>
    <tag k="location" v="urban"/>
    <tag k="one_way" v="yes"/>
  </relation>
  <relation id="4657">
    <member type="way" role="left" ref="4656"/>
    <member type="way" role="right" ref="1818"/>
    <tag k="type" v="lanelet"/>
    <tag k="subtype" v="road"/>
    <tag k="speed_limit" v="10"/>
    <tag k="location" v="urban"/>
    <tag k="one_way" v="yes"/>
  </relation>
  <relation id="4658">
    <member type="way" role="left" ref="1818"/>
    <member type="way" role="right" ref="4649"/>
    <tag k="type" v="lanelet"/>
    <tag k="subtype" v="road"/>
    <tag k="speed_limit" v="10"/>
    <tag k="location" v="urban"/>
    <tag k="one_way" v="yes"/>
  </relation>
  <relation id="4671">
    <member type="way" role="left" ref="1847"/>
    <member type="way" role="right" ref="1909"/>
    <tag k="type" v="lanelet"/>
    <tag k="subtype" v="road"/>
    <tag k="speed_limit" v="10"/>
    <tag k="location" v="urban"/>
    <tag k="one_way" v="yes"/>
  </relation>
  <relation id="4672">
    <member type="way" role="left" ref="1896"/>
    <member type="way" role="right" ref="4668"/>
    <tag k="type" v="lanelet"/>
    <tag k="subtype" v="road"/>
    <tag k="speed_limit" v="10"/>
    <tag k="location" v="urban"/>
    <tag k="one_way" v="yes"/>
  </relation>
  <relation id="4674">
    <member type="way" role="left" ref="4673"/>
    <member type="way" role="right" ref="4669"/>
    <tag k="type" v="lanelet"/>
    <tag k="subtype" v="road"/>
    <tag k="speed_limit" v="10"/>
    <tag k="location" v="urban"/>
    <tag k="one_way" v="yes"/>
  </relation>
  <relation id="4675">
    <member type="way" role="left" ref="1878"/>
    <member type="way" role="right" ref="1877"/>
    <tag k="type" v="lanelet"/>
    <tag k="subtype" v="road"/>
    <tag k="speed_limit" v="10"/>
    <tag k="location" v="urban"/>
    <tag k="one_way" v="yes"/>
  </relation>
  <relation id="4676">
    <member type="way" role="left" ref="1847"/>
    <member type="way" role="right" ref="1877"/>
    <tag k="type" v="lanelet"/>
    <tag k="subtype" v="road"/>
    <tag k="speed_limit" v="10"/>
    <tag k="location" v="urban"/>
    <tag k="one_way" v="yes"/>
  </relation>
  <relation id="4884">
    <member type="way" role="left" ref="4877"/>
    <member type="way" role="right" ref="4880"/>
    <tag k="type" v="lanelet"/>
    <tag k="subtype" v="road"/>
    <tag k="speed_limit" v="10"/>
    <tag k="location" v="urban"/>
    <tag k="one_way" v="yes"/>
  </relation>
  <relation id="4885">
    <member type="way" role="left" ref="4883"/>
    <member type="way" role="right" ref="4877"/>
    <tag k="type" v="lanelet"/>
    <tag k="subtype" v="road"/>
    <tag k="speed_limit" v="10"/>
    <tag k="location" v="urban"/>
    <tag k="one_way" v="yes"/>
  </relation>
  <relation id="4984">
    <member type="way" role="left" ref="4964"/>
    <member type="way" role="right" ref="4969"/>
    <tag k="type" v="lanelet"/>
    <tag k="subtype" v="road"/>
    <tag k="speed_limit" v="10"/>
    <tag k="location" v="urban"/>
    <tag k="one_way" v="yes"/>
  </relation>
  <relation id="4985">
    <member type="way" role="left" ref="4969"/>
    <member type="way" role="right" ref="4978"/>
    <tag k="type" v="lanelet"/>
    <tag k="subtype" v="road"/>
    <tag k="speed_limit" v="10"/>
    <tag k="location" v="urban"/>
    <tag k="one_way" v="yes"/>
  </relation>
  <relation id="4986">
    <member type="way" role="left" ref="4942"/>
    <member type="way" role="right" ref="1762"/>
    <tag k="type" v="lanelet"/>
    <tag k="subtype" v="road"/>
    <tag k="speed_limit" v="10"/>
    <tag k="location" v="urban"/>
    <tag k="one_way" v="yes"/>
  </relation>
  <relation id="4987">
    <member type="way" role="left" ref="4949"/>
    <member type="way" role="right" ref="4942"/>
    <tag k="type" v="lanelet"/>
    <tag k="subtype" v="road"/>
    <tag k="speed_limit" v="10"/>
    <tag k="location" v="urban"/>
    <tag k="one_way" v="yes"/>
  </relation>
  <relation id="4990">
    <member type="way" role="left" ref="4954"/>
    <member type="way" role="right" ref="4989"/>
    <tag k="type" v="lanelet"/>
    <tag k="subtype" v="road"/>
    <tag k="speed_limit" v="10"/>
    <tag k="location" v="urban"/>
    <tag k="one_way" v="yes"/>
  </relation>
  <relation id="4991">
    <member type="way" role="left" ref="4958"/>
    <member type="way" role="right" ref="4955"/>
    <tag k="type" v="lanelet"/>
    <tag k="subtype" v="road"/>
    <tag k="speed_limit" v="10"/>
    <tag k="location" v="urban"/>
    <tag k="one_way" v="yes"/>
  </relation>
  <relation id="4992">
    <member type="way" role="left" ref="4935"/>
    <member type="way" role="right" ref="4929"/>
    <tag k="type" v="lanelet"/>
    <tag k="subtype" v="road"/>
    <tag k="speed_limit" v="10"/>
    <tag k="location" v="urban"/>
    <tag k="one_way" v="yes"/>
  </relation>
  <relation id="4993">
    <member type="way" role="left" ref="4923"/>
    <member type="way" role="right" ref="4887"/>
    <tag k="type" v="lanelet"/>
    <tag k="subtype" v="road"/>
    <tag k="speed_limit" v="10"/>
    <tag k="location" v="urban"/>
    <tag k="one_way" v="yes"/>
  </relation>
  <relation id="4994">
    <member type="way" role="left" ref="4898"/>
    <member type="way" role="right" ref="4908"/>
    <tag k="type" v="lanelet"/>
    <tag k="subtype" v="road"/>
    <tag k="speed_limit" v="10"/>
    <tag k="location" v="urban"/>
    <tag k="one_way" v="yes"/>
  </relation>
  <relation id="4999">
    <member type="way" role="left" ref="4890"/>
    <member type="way" role="right" ref="4998"/>
    <tag k="type" v="lanelet"/>
    <tag k="subtype" v="road"/>
    <tag k="speed_limit" v="10"/>
    <tag k="location" v="urban"/>
    <tag k="one_way" v="yes"/>
  </relation>
  <relation id="5000">
    <member type="way" role="left" ref="4854"/>
    <member type="way" role="right" ref="1817"/>
    <tag k="type" v="lanelet"/>
    <tag k="subtype" v="road"/>
    <tag k="speed_limit" v="10"/>
    <tag k="location" v="urban"/>
    <tag k="one_way" v="yes"/>
  </relation>
  <relation id="5001">
    <member type="way" role="left" ref="4874"/>
    <member type="way" role="right" ref="4854"/>
    <tag k="type" v="lanelet"/>
    <tag k="subtype" v="road"/>
    <tag k="speed_limit" v="10"/>
    <tag k="location" v="urban"/>
    <tag k="one_way" v="yes"/>
  </relation>
  <relation id="5002">
    <member type="way" role="left" ref="4808"/>
    <member type="way" role="right" ref="1851"/>
    <tag k="type" v="lanelet"/>
    <tag k="subtype" v="road"/>
    <tag k="speed_limit" v="10"/>
    <tag k="location" v="urban"/>
    <tag k="one_way" v="yes"/>
  </relation>
  <relation id="5003">
    <member type="way" role="left" ref="4834"/>
    <member type="way" role="right" ref="4808"/>
    <tag k="type" v="lanelet"/>
    <tag k="subtype" v="road"/>
    <tag k="speed_limit" v="10"/>
    <tag k="location" v="urban"/>
    <tag k="one_way" v="yes"/>
  </relation>
  <relation id="5004">
    <member type="way" role="left" ref="4793"/>
    <member type="way" role="right" ref="4776"/>
    <tag k="type" v="lanelet"/>
    <tag k="subtype" v="road"/>
    <tag k="speed_limit" v="10"/>
    <tag k="location" v="urban"/>
    <tag k="one_way" v="yes"/>
  </relation>
  <relation id="5006">
    <member type="way" role="left" ref="4795"/>
    <member type="way" role="right" ref="4777"/>
    <tag k="type" v="lanelet"/>
    <tag k="subtype" v="road"/>
    <tag k="speed_limit" v="10"/>
    <tag k="location" v="urban"/>
    <tag k="one_way" v="yes"/>
  </relation>
  <relation id="5010">
    <member type="way" role="left" ref="4793"/>
    <member type="way" role="right" ref="5008"/>
    <tag k="type" v="lanelet"/>
    <tag k="subtype" v="road"/>
    <tag k="speed_limit" v="10"/>
    <tag k="location" v="urban"/>
    <tag k="one_way" v="yes"/>
  </relation>
  <relation id="5011">
    <member type="way" role="left" ref="5009"/>
    <member type="way" role="right" ref="4794"/>
    <tag k="type" v="lanelet"/>
    <tag k="subtype" v="road"/>
    <tag k="speed_limit" v="10"/>
    <tag k="location" v="urban"/>
    <tag k="one_way" v="yes"/>
  </relation>
  <relation id="5012">
    <member type="way" role="left" ref="1778"/>
    <member type="way" role="right" ref="4794"/>
    <tag k="type" v="lanelet"/>
    <tag k="subtype" v="road"/>
    <tag k="speed_limit" v="10"/>
    <tag k="location" v="urban"/>
    <tag k="one_way" v="yes"/>
  </relation>
  <relation id="5013">
    <member type="way" role="left" ref="4694"/>
    <member type="way" role="right" ref="4698"/>
    <tag k="type" v="lanelet"/>
    <tag k="subtype" v="road"/>
    <tag k="speed_limit" v="10"/>
    <tag k="location" v="urban"/>
    <tag k="one_way" v="yes"/>
  </relation>
  <relation id="5014">
    <member type="way" role="left" ref="4682"/>
    <member type="way" role="right" ref="4690"/>
    <tag k="type" v="lanelet"/>
    <tag k="subtype" v="road"/>
    <tag k="speed_limit" v="10"/>
    <tag k="location" v="urban"/>
    <tag k="one_way" v="yes"/>
  </relation>
  <relation id="2192">
    <member type="way" role="outer" ref="1902"/>
    <member type="way" role="outer" ref="1901"/>
    <tag k="type" v="multipolygon"/>
  </relation>
  <relation id="2193">
    <member type="way" role="outer" ref="2038"/>
    <tag k="type" v="multipolygon"/>
  </relation>
  <relation id="3312">
    <member type="way" role="outer" ref="3253"/>
    <member type="way" role="outer" ref="3221"/>
    <member type="way" role="outer" ref="3196"/>
    <member type="way" role="outer" ref="3277"/>
    <member type="way" role="outer" ref="3284"/>
    <member type="way" role="outer" ref="3291"/>
    <member type="way" role="outer" ref="3298"/>
    <member type="way" role="outer" ref="3308"/>
    <member type="way" role="outer" ref="3304"/>
    <member type="way" role="outer" ref="3016"/>
    <member type="way" role="outer" ref="3075"/>
    <member type="way" role="outer" ref="3054"/>
    <member type="way" role="outer" ref="3190"/>
    <tag k="type" v="multipolygon"/>
    <tag k="subtype" v="parking_lot"/>
  </relation>
</osm>
