<?xml version='1.0' encoding='utf-8'?>
<osm generator="VMB">
  <MetaInfo format_version="1" map_version="4" validation_version="1" />
  <node id="1" lat="42.28449400001" lon="-85.6186400996">
    <tag k="local_x" v="267.5642000000007" />
    <tag k="local_y" v="761.1027999999933" />
    <tag k="ele" v="0" />
  </node>
  <node id="2" lat="42.28164687885" lon="-85.61402416384">
    <tag k="local_x" v="653.2942999999996" />
    <tag k="local_y" v="451.1505999999936" />
    <tag k="ele" v="0" />
  </node>
  <node id="3" lat="42.28550450002" lon="-85.61045230031">
    <tag k="local_x" v="940.8173000000006" />
    <tag k="local_y" v="884.2914000000019" />
    <tag k="ele" v="0" />
  </node>
  <node id="6" lat="42.28508510024" lon="-85.60930080007">
    <tag k="local_x" v="1036.5177000000003" />
    <tag k="local_y" v="839.2724000000017" />
    <tag k="ele" v="0" />
  </node>
  <node id="7" lat="42.28191110026" lon="-85.62084400011">
    <tag k="local_x" v="90.4981000000007" />
    <tag k="local_y" v="471.35839999999735" />
    <tag k="ele" v="0" />
  </node>
  <node id="9" lat="42.28159147904" lon="-85.61407866381">
    <tag k="local_x" v="648.9007000000001" />
    <tag k="local_y" v="444.9259999999922" />
    <tag k="ele" v="0" />
  </node>
  <node id="10" lat="42.28155747851" lon="-85.61410166395">
    <tag k="local_x" v="647.065700000001" />
    <tag k="local_y" v="441.1198000000004" />
    <tag k="ele" v="0" />
  </node>
  <node id="11" lat="42.28151947848" lon="-85.61411766414">
    <tag k="local_x" v="645.8150999999998" />
    <tag k="local_y" v="436.87889999999607" />
    <tag k="ele" v="0" />
  </node>
  <node id="12" lat="42.28138247867" lon="-85.61413166463">
    <tag k="local_x" v="644.908300000001" />
    <tag k="local_y" v="421.64800000000105" />
    <tag k="ele" v="0" />
  </node>
  <node id="13" lat="42.28066347883" lon="-85.61412666451">
    <tag k="local_x" v="646.6200000000008" />
    <tag k="local_y" v="341.81879999999364" />
    <tag k="ele" v="0" />
  </node>
  <node id="14" lat="42.2805684783" lon="-85.61412866425">
    <tag k="local_x" v="646.6268" />
    <tag k="local_y" v="331.26750000000175" />
    <tag k="ele" v="0" />
  </node>
  <node id="15" lat="42.28046747904" lon="-85.61412866461">
    <tag k="local_x" v="646.8093000000008" />
    <tag k="local_y" v="320.0527999999904" />
    <tag k="ele" v="0" />
  </node>
  <node id="16" lat="42.27859416133" lon="-85.61415364795">
    <tag k="local_x" v="648.1347000000005" />
    <tag k="local_y" v="112.01089999999385" />
    <tag k="ele" v="0" />
  </node>
  <node id="17" lat="42.27851600884" lon="-85.61420838056">
    <tag k="local_x" v="643.7628000000004" />
    <tag k="local_y" v="103.25959999999031" />
    <tag k="ele" v="0" />
  </node>
  <node id="18" lat="42.27843399982" lon="-85.61427100031">
    <tag k="local_x" v="638.7475000000013" />
    <tag k="local_y" v="94.06949999999779" />
    <tag k="ele" v="0" />
  </node>
  <node id="19" lat="42.27826699979" lon="-85.61437500052">
    <tag k="local_x" v="630.4736000000012" />
    <tag k="local_y" v="75.3866999999882" />
    <tag k="ele" v="0" />
  </node>
  <node id="20" lat="42.27813600045" lon="-85.61447500005">
    <tag k="local_x" v="622.4645" />
    <tag k="local_y" v="60.70669999999518" />
    <tag k="ele" v="0" />
  </node>
  <node id="21" lat="42.27804899986" lon="-85.61456099955">
    <tag k="local_x" v="615.5303000000004" />
    <tag k="local_y" v="50.93099999999686" />
    <tag k="ele" v="0" />
  </node>
  <node id="22" lat="42.27796999966" lon="-85.61465299997">
    <tag k="local_x" v="608.086800000001" />
    <tag k="local_y" v="42.035599999988335" />
    <tag k="ele" v="0" />
  </node>
  <node id="23" lat="42.2778851436" lon="-85.61477891143">
    <tag k="local_x" v="597.8576000000012" />
    <tag k="local_y" v="32.44449999999779" />
    <tag k="ele" v="0" />
  </node>
  <node id="31" lat="42.27964000012" lon="-85.61184599975">
    <tag k="local_x" v="836.5249999999996" />
    <tag k="local_y" v="231.2375999999931" />
    <tag k="ele" v="0" />
  </node>
  <node id="33" lat="42.29211399955" lon="-85.61537099944">
    <tag k="local_x" v="523.3407000000007" />
    <tag k="local_y" v="1611.5872999999992" />
    <tag k="ele" v="0" />
  </node>
  <node id="34" lat="42.29165099957" lon="-85.61538499963">
    <tag k="local_x" v="523.0227000000014" />
    <tag k="local_y" v="1560.1581000000006" />
    <tag k="ele" v="0" />
  </node>
  <node id="35" lat="42.29157199982" lon="-85.61537899984">
    <tag k="local_x" v="523.6599999999999" />
    <tag k="local_y" v="1551.3941999999952" />
    <tag k="ele" v="0" />
  </node>
  <node id="36" lat="42.29147300002" lon="-85.61535199982">
    <tag k="local_x" v="526.0647000000008" />
    <tag k="local_y" v="1540.437699999995" />
    <tag k="ele" v="0" />
  </node>
  <node id="37" lat="42.29108900014" lon="-85.61501499948">
    <tag k="local_x" v="554.5410000000011" />
    <tag k="local_y" v="1498.2511999999988" />
    <tag k="ele" v="0" />
  </node>
  <node id="38" lat="42.2909079997" lon="-85.6148900004">
    <tag k="local_x" v="565.1731" />
    <tag k="local_y" v="1478.3209999999963" />
    <tag k="ele" v="0" />
  </node>
  <node id="39" lat="42.29076000041" lon="-85.61482500036">
    <tag k="local_x" v="570.7992000000013" />
    <tag k="local_y" v="1461.9746999999916" />
    <tag k="ele" v="0" />
  </node>
  <node id="40" lat="42.29056900033" lon="-85.61477200047">
    <tag k="local_x" v="575.5137000000013" />
    <tag k="local_y" v="1440.837599999999" />
    <tag k="ele" v="0" />
  </node>
  <node id="41" lat="42.28971499978" lon="-85.61443600018">
    <tag k="local_x" v="604.7576000000008" />
    <tag k="local_y" v="1346.4621999999945" />
    <tag k="ele" v="0" />
  </node>
  <node id="42" lat="42.2896070003" lon="-85.61440000059">
    <tag k="local_x" v="607.9207000000006" />
    <tag k="local_y" v="1334.518499999991" />
    <tag k="ele" v="0" />
  </node>
  <node id="43" lat="42.28951100015" lon="-85.61439699964">
    <tag k="local_x" v="608.3415999999997" />
    <tag k="local_y" v="1323.8628999999928" />
    <tag k="ele" v="0" />
  </node>
  <node id="44" lat="42.28945299992" lon="-85.6144039998">
    <tag k="local_x" v="607.8693000000003" />
    <tag k="local_y" v="1317.4133000000002" />
    <tag k="ele" v="0" />
  </node>
  <node id="45" lat="42.28938700001" lon="-85.61443099975">
    <tag k="local_x" v="605.7626" />
    <tag k="local_y" v="1310.0485999999946" />
    <tag k="ele" v="0" />
  </node>
  <node id="46" lat="42.28883600013" lon="-85.61469500005">
    <tag k="local_x" v="584.9930000000004" />
    <tag k="local_y" v="1248.512699999992" />
    <tag k="ele" v="0" />
  </node>
  <node id="47" lat="42.28870899969" lon="-85.61473299969">
    <tag k="local_x" v="582.0896000000012" />
    <tag k="local_y" v="1234.3598999999958" />
    <tag k="ele" v="0" />
  </node>
  <node id="48" lat="42.28857700044" lon="-85.6147479999">
    <tag k="local_x" v="581.0914000000012" />
    <tag k="local_y" v="1219.6828999999998" />
    <tag k="ele" v="0" />
  </node>
  <node id="49" lat="42.28772773881" lon="-85.61475690344">
    <tag k="local_x" v="581.8917000000001" />
    <tag k="local_y" v="1125.3709999999992" />
    <tag k="ele" v="0" />
  </node>
  <node id="50" lat="42.28768440002" lon="-85.61474510053">
    <tag k="local_x" v="582.9431000000004" />
    <tag k="local_y" v="1120.5745999999926" />
    <tag k="ele" v="0" />
  </node>
  <node id="51" lat="42.28761239977" lon="-85.61472070009">
    <tag k="local_x" v="585.0848999999998" />
    <tag k="local_y" v="1112.612599999993" />
    <tag k="ele" v="0" />
  </node>
  <node id="52" lat="42.28754859969" lon="-85.61469140054">
    <tag k="local_x" v="587.6157999999996" />
    <tag k="local_y" v="1105.5676999999996" />
    <tag k="ele" v="0" />
  </node>
  <node id="53" lat="42.28740790036" lon="-85.61455289947">
    <tag k="local_x" v="599.2889000000014" />
    <tag k="local_y" v="1090.1305999999895" />
    <tag k="ele" v="0" />
  </node>
  <node id="54" lat="42.28668079977" lon="-85.61508079999">
    <tag k="local_x" v="557.0788000000011" />
    <tag k="local_y" v="1008.6869999999908" />
    <tag k="ele" v="0" />
  </node>
  <node id="55" lat="42.28613270039" lon="-85.61542860001">
    <tag k="local_x" v="529.3934000000008" />
    <tag k="local_y" v="947.3609999999899" />
    <tag k="ele" v="0" />
  </node>
  <node id="56" lat="42.28550709967" lon="-85.61580009966">
    <tag k="local_x" v="499.89340000000084" />
    <tag k="local_y" v="877.3977999999915" />
    <tag k="ele" v="0" />
  </node>
  <node id="57" lat="42.28427329955" lon="-85.6163971995">
    <tag k="local_x" v="452.8896000000004" />
    <tag k="local_y" v="739.5994999999966" />
    <tag k="ele" v="0" />
  </node>
  <node id="58" lat="42.28733140006" lon="-85.61165920058">
    <tag k="local_x" v="838.0020000000004" />
    <tag k="local_y" v="1085.5225999999966" />
    <tag k="ele" v="0" />
  </node>
  <node id="59" lat="42.28730019971" lon="-85.61125209957">
    <tag k="local_x" v="871.6225000000013" />
    <tag k="local_y" v="1082.6055999999953" />
    <tag k="ele" v="0" />
  </node>
  <node id="60" lat="42.28724030032" lon="-85.61110399972">
    <tag k="local_x" v="883.9413000000004" />
    <tag k="local_y" v="1076.1536999999953" />
    <tag k="ele" v="0" />
  </node>
  <node id="61" lat="42.28718679993" lon="-85.61101399971">
    <tag k="local_x" v="891.4584000000013" />
    <tag k="local_y" v="1070.3341999999975" />
    <tag k="ele" v="0" />
  </node>
  <node id="62" lat="42.28709270003" lon="-85.61090729999">
    <tag k="local_x" v="900.4259000000002" />
    <tag k="local_y" v="1060.0290999999997" />
    <tag k="ele" v="0" />
  </node>
  <node id="63" lat="42.28698097022" lon="-85.61083793791">
    <tag k="local_x" v="906.3469999999998" />
    <tag k="local_y" v="1047.7161999999953" />
    <tag k="ele" v="0" />
  </node>
  <node id="64" lat="42.28572370017" lon="-85.61054880016">
    <tag k="local_x" v="932.4638000000014" />
    <tag k="local_y" v="908.5009999999893" />
    <tag k="ele" v="0" />
  </node>
  <node id="65" lat="42.28535220004" lon="-85.61038339946">
    <tag k="local_x" v="946.7741000000005" />
    <tag k="local_y" v="867.4730999999883" />
    <tag k="ele" v="0" />
  </node>
  <node id="66" lat="42.28528379978" lon="-85.61037819942">
    <tag k="local_x" v="947.3268000000007" />
    <tag k="local_y" v="859.8850999999995" />
    <tag k="ele" v="0" />
  </node>
  <node id="67" lat="42.28518649981" lon="-85.61037950006">
    <tag k="local_x" v="947.3959000000013" />
    <tag k="local_y" v="849.0793999999878" />
    <tag k="ele" v="0" />
  </node>
  <node id="68" lat="42.28464590024" lon="-85.6184938998">
    <tag k="local_x" v="279.34469999999965" />
    <tag k="local_y" v="778.1649999999936" />
    <tag k="ele" v="0" />
  </node>
  <node id="69" lat="42.2847200002" lon="-85.61844409969">
    <tag k="local_x" v="283.3172000000013" />
    <tag k="local_y" v="786.4594999999972" />
    <tag k="ele" v="0" />
  </node>
  <node id="70" lat="42.28484890002" lon="-85.61840329964">
    <tag k="local_x" v="286.44890000000123" />
    <tag k="local_y" v="800.8267999999953" />
    <tag k="ele" v="0" />
  </node>
  <node id="71" lat="42.28498599963" lon="-85.61839530045">
    <tag k="local_x" v="286.8613999999998" />
    <tag k="local_y" v="816.0607000000018" />
    <tag k="ele" v="0" />
  </node>
  <node id="73" lat="42.27939695729" lon="-85.61611500054">
    <tag k="local_x" v="484.95730000000003" />
    <tag k="local_y" v="198.52099999999336" />
    <tag k="ele" v="0" />
  </node>
  <node id="74" lat="42.27939099973" lon="-85.61256900028">
    <tag k="local_x" v="777.3595000000005" />
    <tag k="local_y" v="202.61759999999776" />
    <tag k="ele" v="0" />
  </node>
  <node id="75" lat="42.28043799964" lon="-85.61420599954">
    <tag k="local_x" v="640.4858999999997" />
    <tag k="local_y" v="316.6756999999925" />
    <tag k="ele" v="0" />
  </node>
  <node id="76" lat="42.28041900009" lon="-85.61425699968">
    <tag k="local_x" v="636.3150000000005" />
    <tag k="local_y" v="314.49759999998787" />
    <tag k="ele" v="0" />
  </node>
  <node id="77" lat="42.28039499955" lon="-85.61428899966">
    <tag k="local_x" v="633.7198000000008" />
    <tag k="local_y" v="311.7896999999939" />
    <tag k="ele" v="0" />
  </node>
  <node id="78" lat="42.28034600011" lon="-85.6143039998">
    <tag k="local_x" v="632.5715" />
    <tag k="local_y" v="306.3287999999884" />
    <tag k="ele" v="0" />
  </node>
  <node id="79" lat="42.27992100043" lon="-85.61430699987">
    <tag k="local_x" v="633.0920999999998" />
    <tag k="local_y" v="259.1339000000007" />
    <tag k="ele" v="0" />
  </node>
  <node id="80" lat="42.27984900002" lon="-85.6143179997">
    <tag k="local_x" v="632.3152000000009" />
    <tag k="local_y" v="251.1244000000006" />
    <tag k="ele" v="0" />
  </node>
  <node id="81" lat="42.27976800016" lon="-85.61436300013">
    <tag k="local_x" v="628.7510000000002" />
    <tag k="local_y" v="242.06999999999243" />
    <tag k="ele" v="0" />
  </node>
  <node id="82" lat="42.27970899961" lon="-85.6144140006">
    <tag k="local_x" v="624.6522999999997" />
    <tag k="local_y" v="235.4502999999968" />
    <tag k="ele" v="0" />
  </node>
  <node id="83" lat="42.27961199976" lon="-85.6144639999">
    <tag k="local_x" v="620.7048000000013" />
    <tag k="local_y" v="224.6125999999931" />
    <tag k="ele" v="0" />
  </node>
  <node id="84" lat="42.27956599981" lon="-85.61447800016">
    <tag k="local_x" v="619.6334999999999" />
    <tag k="local_y" v="219.48609999999462" />
    <tag k="ele" v="0" />
  </node>
  <node id="85" lat="42.2795030001" lon="-85.61448700035">
    <tag k="local_x" v="619.0051999999996" />
    <tag k="local_y" v="212.4786999999924" />
    <tag k="ele" v="0" />
  </node>
  <node id="86" lat="42.2786915409" lon="-85.61449875283">
    <tag k="local_x" v="619.5022000000008" />
    <tag k="local_y" v="122.36059999999998" />
    <tag k="ele" v="0" />
  </node>
  <node id="88" lat="42.28218849991" lon="-85.61974169955">
    <tag k="local_x" v="180.88720000000103" />
    <tag k="local_y" v="503.6328999999969" />
    <tag k="ele" v="0" />
  </node>
  <node id="89" lat="42.28268976701" lon="-85.61954129812">
    <tag k="local_x" v="196.5084999999999" />
    <tag k="local_y" v="559.5601999999926" />
    <tag k="ele" v="0" />
  </node>
  <node id="90" lat="42.28296056649" lon="-85.61962469803">
    <tag k="local_x" v="189.14450000000033" />
    <tag k="local_y" v="589.517599999992" />
    <tag k="ele" v="0" />
  </node>
  <node id="91" lat="42.28308366681" lon="-85.61968809867">
    <tag k="local_x" v="183.69540000000052" />
    <tag k="local_y" v="603.1015999999945" />
    <tag k="ele" v="0" />
  </node>
  <node id="92" lat="42.28319606698" lon="-85.61971699887">
    <tag k="local_x" v="181.110200000001" />
    <tag k="local_y" v="615.54359999999" />
    <tag k="ele" v="0" />
  </node>
  <node id="93" lat="42.2833360665" lon="-85.6198589986">
    <tag k="local_x" v="169.15010000000075" />
    <tag k="local_y" v="630.8989999999903" />
    <tag k="ele" v="0" />
  </node>
  <node id="94" lat="42.28354936695" lon="-85.62014839857">
    <tag k="local_x" v="144.90480000000025" />
    <tag k="local_y" v="654.1965999999957" />
    <tag k="ele" v="0" />
  </node>
  <node id="95" lat="42.28436879978" lon="-85.62143819965">
    <tag k="local_x" v="37.08590000000004" />
    <tag k="local_y" v="743.4616999999998" />
    <tag k="ele" v="0" />
  </node>
  <node id="96" lat="42.28450850225" lon="-85.62159769558">
    <tag k="local_x" v="23.684300000000803" />
    <tag k="local_y" v="758.7609999999986" />
    <tag k="ele" v="0" />
  </node>
  <node id="97" lat="42.28463060215" lon="-85.62168929563">
    <tag k="local_x" v="15.912400000001071" />
    <tag k="local_y" v="772.1964000000007" />
    <tag k="ele" v="0" />
  </node>
  <node id="98" lat="42.28478660157" lon="-85.62177529587">
    <tag k="local_x" v="8.541300000000774" />
    <tag k="local_y" v="789.4033999999956" />
    <tag k="ele" v="0" />
  </node>
  <node id="99" lat="42.28494260183" lon="-85.62183529511">
    <tag k="local_x" v="3.3140000000003056" />
    <tag k="local_y" v="806.645199999999" />
    <tag k="ele" v="0" />
  </node>
  <node id="100" lat="42.28527260156" lon="-85.62186829583">
    <tag k="local_x" v="0.0" />
    <tag k="local_y" v="843.2434999999969" />
    <tag k="ele" v="0" />
  </node>
  <node id="101" lat="42.28567260213" lon="-85.62183829616">
    <tag k="local_x" v="1.7545000000009168" />
    <tag k="local_y" v="887.6985999999888" />
    <tag k="ele" v="0" />
  </node>
  <node id="102" lat="42.28584360195" lon="-85.6218062961">
    <tag k="local_x" v="4.085500000001048" />
    <tag k="local_y" v="906.7286999999924" />
    <tag k="ele" v="0" />
  </node>
  <node id="103" lat="42.28603860221" lon="-85.62173829571">
    <tag k="local_x" v="9.341500000000451" />
    <tag k="local_y" v="928.4717999999993" />
    <tag k="ele" v="0" />
  </node>
  <node id="104" lat="42.28622660155" lon="-85.621651296">
    <tag k="local_x" v="16.176499999999578" />
    <tag k="local_y" v="949.4628999999986" />
    <tag k="ele" v="0" />
  </node>
  <node id="105" lat="42.28640060161" lon="-85.62154029585">
    <tag k="local_x" v="25.015400000000227" />
    <tag k="local_y" v="968.9315999999963" />
    <tag k="ele" v="0" />
  </node>
  <node id="106" lat="42.2864996022" lon="-85.62146529553">
    <tag k="local_x" v="31.02100000000064" />
    <tag k="local_y" v="980.0244999999995" />
    <tag k="ele" v="0" />
  </node>
  <node id="107" lat="42.28660322423" lon="-85.62135985237">
    <tag k="local_x" v="39.52820000000065" />
    <tag k="local_y" v="991.671199999997" />
    <tag k="ele" v="0" />
  </node>
  <node id="108" lat="42.28676862235" lon="-85.62117155709">
    <tag k="local_x" v="54.755199999999604" />
    <tag k="local_y" v="1010.2880000000005" />
    <tag k="ele" v="0" />
  </node>
  <node id="109" lat="42.28701062199" lon="-85.62086755737">
    <tag k="local_x" v="79.38379999999961" />
    <tag k="local_y" v="1037.5649999999878" />
    <tag k="ele" v="0" />
  </node>
  <node id="110" lat="42.28738962143" lon="-85.62031355756">
    <tag k="local_x" v="124.3773000000001" />
    <tag k="local_y" v="1080.3882000000012" />
    <tag k="ele" v="0" />
  </node>
  <node id="111" lat="42.28750662179" lon="-85.62015955713">
    <tag k="local_x" v="136.8635000000013" />
    <tag k="local_y" v="1093.5853999999963" />
    <tag k="ele" v="0" />
  </node>
  <node id="112" lat="42.287576622" lon="-85.62009755686">
    <tag k="local_x" v="141.84920000000056" />
    <tag k="local_y" v="1101.4409000000014" />
    <tag k="ele" v="0" />
  </node>
  <node id="113" lat="42.28765362211" lon="-85.62004255743">
    <tag k="local_x" v="146.2451000000001" />
    <tag k="local_y" v="1110.0642999999982" />
    <tag k="ele" v="0" />
  </node>
  <node id="114" lat="42.28795462143" lon="-85.61987855658">
    <tag k="local_x" v="159.22450000000026" />
    <tag k="local_y" v="1143.7056999999913" />
    <tag k="ele" v="0" />
  </node>
  <node id="115" lat="42.28800362226" lon="-85.61984655722">
    <tag k="local_x" v="161.77450000000135" />
    <tag k="local_y" v="1149.1893999999884" />
    <tag k="ele" v="0" />
  </node>
  <node id="116" lat="42.28805862151" lon="-85.6197995576">
    <tag k="local_x" v="165.55040000000008" />
    <tag k="local_y" v="1155.3591999999917" />
    <tag k="ele" v="0" />
  </node>
  <node id="117" lat="42.28812465043" lon="-85.61972967174">
    <tag k="local_x" v="171.19330000000082" />
    <tag k="local_y" v="1162.7842999999993" />
    <tag k="ele" v="0" />
  </node>
  <node id="118" lat="42.28815989364" lon="-85.61967851481">
    <tag k="local_x" v="175.34749999999985" />
    <tag k="local_y" v="1166.7659999999887" />
    <tag k="ele" v="0" />
  </node>
  <node id="119" lat="42.2882508941" lon="-85.61949551519">
    <tag k="local_x" v="190.27109999999993" />
    <tag k="local_y" v="1177.1150999999954" />
    <tag k="ele" v="0" />
  </node>
  <node id="120" lat="42.28828089431" lon="-85.61938851528">
    <tag k="local_x" v="199.03870000000097" />
    <tag k="local_y" v="1180.5892999999924" />
    <tag k="ele" v="0" />
  </node>
  <node id="121" lat="42.28829789366" lon="-85.61927151481">
    <tag k="local_x" v="208.65420000000086" />
    <tag k="local_y" v="1182.6333000000013" />
    <tag k="ele" v="0" />
  </node>
  <node id="122" lat="42.28830689364" lon="-85.61913251546">
    <tag k="local_x" v="220.09780000000137" />
    <tag k="local_y" v="1183.818499999994" />
    <tag k="ele" v="0" />
  </node>
  <node id="123" lat="42.28829289358" lon="-85.61768151547">
    <tag k="local_x" v="339.7507999999998" />
    <tag k="local_y" v="1184.2053000000014" />
    <tag k="ele" v="0" />
  </node>
  <node id="124" lat="42.28829789377" lon="-85.61755251544">
    <tag k="local_x" v="350.3772000000008" />
    <tag k="local_y" v="1184.9331999999995" />
    <tag k="ele" v="0" />
  </node>
  <node id="125" lat="42.28835889438" lon="-85.6172635156">
    <tag k="local_x" v="374.09380000000056" />
    <tag k="local_y" v="1192.0934999999881" />
    <tag k="ele" v="0" />
  </node>
  <node id="126" lat="42.28845689364" lon="-85.61700051514">
    <tag k="local_x" v="395.60009999999966" />
    <tag k="local_y" v="1203.32729999999" />
    <tag k="ele" v="0" />
  </node>
  <node id="127" lat="42.2885917687" lon="-85.61669456593">
    <tag k="local_x" v="420.58070000000043" />
    <tag k="local_y" v="1218.7132999999885" />
    <tag k="ele" v="0" />
  </node>
  <node id="128" lat="42.28429209962" lon="-85.62059530003">
    <tag k="local_x" v="106.72110000000066" />
    <tag k="local_y" v="736.0706999999966" />
    <tag k="ele" v="0" />
  </node>
  <node id="129" lat="42.2842359004" lon="-85.62075519988">
    <tag k="local_x" v="93.63839999999982" />
    <tag k="local_y" v="729.6168999999936" />
    <tag k="ele" v="0" />
  </node>
  <node id="130" lat="42.2921954003" lon="-85.6178244995">
    <tag k="local_x" v="320.9272000000001" />
    <tag k="local_y" v="1617.338899999988" />
    <tag k="ele" v="0" />
  </node>
  <node id="131" lat="42.29159800028" lon="-85.6178080004">
    <tag k="local_x" v="323.3644000000004" />
    <tag k="local_y" v="1551.027099999992" />
    <tag k="ele" v="0" />
  </node>
  <node id="132" lat="42.29148599963" lon="-85.61778499989">
    <tag k="local_x" v="325.46249999999964" />
    <tag k="local_y" v="1538.6215999999986" />
    <tag k="ele" v="0" />
  </node>
  <node id="133" lat="42.29134899994" lon="-85.61774300007">
    <tag k="local_x" v="329.1720000000005" />
    <tag k="local_y" v="1523.4657000000007" />
    <tag k="ele" v="0" />
  </node>
  <node id="134" lat="42.2908950002" lon="-85.61757099984">
    <tag k="local_x" v="344.1705000000002" />
    <tag k="local_y" v="1473.2848999999987" />
    <tag k="ele" v="0" />
  </node>
  <node id="135" lat="42.29019900006" lon="-85.61733700009">
    <tag k="local_x" v="364.71700000000055" />
    <tag k="local_y" v="1396.3159999999916" />
    <tag k="ele" v="0" />
  </node>
  <node id="136" lat="42.2901280003" lon="-85.61730000032">
    <tag k="local_x" v="367.89540000000125" />
    <tag k="local_y" v="1388.4818999999989" />
    <tag k="ele" v="0" />
  </node>
  <node id="137" lat="42.29003899992" lon="-85.61722599999">
    <tag k="local_x" v="374.15670000000136" />
    <tag k="local_y" v="1378.6985999999888" />
    <tag k="ele" v="0" />
  </node>
  <node id="138" lat="42.28992100009" lon="-85.6170289997">
    <tag k="local_x" v="390.6108000000004" />
    <tag k="local_y" v="1365.8600000000006" />
    <tag k="ele" v="0" />
  </node>
  <node id="139" lat="42.28985299971" lon="-85.61693999955">
    <tag k="local_x" v="398.0709000000006" />
    <tag k="local_y" v="1358.4285999999993" />
    <tag k="ele" v="0" />
  </node>
  <node id="140" lat="42.28977100007" lon="-85.61684499976">
    <tag k="local_x" v="406.0509000000002" />
    <tag k="local_y" v="1349.4507999999914" />
    <tag k="ele" v="0" />
  </node>
  <node id="141" lat="42.28961600022" lon="-85.61670299948">
    <tag k="local_x" v="418.03750000000036" />
    <tag k="local_y" v="1332.430199999988" />
    <tag k="ele" v="0" />
  </node>
  <node id="142" lat="42.28952699963" lon="-85.61663200021">
    <tag k="local_x" v="424.0514999999996" />
    <tag k="local_y" v="1322.6428999999916" />
    <tag k="ele" v="0" />
  </node>
  <node id="143" lat="42.28944099974" lon="-85.61657100053">
    <tag k="local_x" v="429.2357000000011" />
    <tag k="local_y" v="1313.1753999999928" />
    <tag k="ele" v="0" />
  </node>
  <node id="145" lat="42.29100160013" lon="-85.61806050056">
    <tag k="local_x" v="303.6231000000007" />
    <tag k="local_y" v="1484.4663" />
    <tag k="ele" v="0" />
  </node>
  <node id="146" lat="42.29037300045" lon="-85.61780900031">
    <tag k="local_x" v="325.4904000000006" />
    <tag k="local_y" v="1415.0046999999904" />
    <tag k="ele" v="0" />
  </node>
  <node id="147" lat="42.2899751003" lon="-85.61772370033">
    <tag k="local_x" v="333.2401000000009" />
    <tag k="local_y" v="1370.9369999999908" />
    <tag k="ele" v="0" />
  </node>
  <node id="148" lat="42.28929350007" lon="-85.61757710021">
    <tag k="local_x" v="346.5552000000007" />
    <tag k="local_y" v="1295.449999999997" />
    <tag k="ele" v="0" />
  </node>
  <node id="149" lat="42.28916900037" lon="-85.61753799943">
    <tag k="local_x" v="350.0033000000003" />
    <tag k="local_y" v="1281.6781999999948" />
    <tag k="ele" v="0" />
  </node>
  <node id="150" lat="42.28906499976" lon="-85.61746900019">
    <tag k="local_x" v="355.8793999999998" />
    <tag k="local_y" v="1270.2225999999937" />
    <tag k="ele" v="0" />
  </node>
  <node id="151" lat="42.28901699996" lon="-85.61741800022">
    <tag k="local_x" v="360.1706000000013" />
    <tag k="local_y" v="1264.9611000000004" />
    <tag k="ele" v="0" />
  </node>
  <node id="152" lat="42.28894199974" lon="-85.61732699983">
    <tag k="local_x" v="367.8083000000006" />
    <tag k="local_y" v="1256.7550999999949" />
    <tag k="ele" v="0" />
  </node>
  <node id="153" lat="42.28889299985" lon="-85.61723399962">
    <tag k="local_x" v="375.5640000000003" />
    <tag k="local_y" v="1251.438799999989" />
    <tag k="ele" v="0" />
  </node>
  <node id="154" lat="42.28882900017" lon="-85.61708400056">
    <tag k="local_x" v="388.0460000000003" />
    <tag k="local_y" v="1244.5332999999955" />
    <tag k="ele" v="0" />
  </node>
  <node id="155" lat="42.28880000021" lon="-85.61695200017">
    <tag k="local_x" v="398.98099999999977" />
    <tag k="local_y" v="1241.4899999999907" />
    <tag k="ele" v="0" />
  </node>
  <node id="156" lat="42.28877" lon="-85.61687199983">
    <tag k="local_x" v="405.6306999999997" />
    <tag k="local_y" v="1238.2659999999887" />
    <tag k="ele" v="0" />
  </node>
  <node id="157" lat="42.28872000038" lon="-85.61679500012">
    <tag k="local_x" v="412.0691000000006" />
    <tag k="local_y" v="1232.8172999999952" />
    <tag k="ele" v="0" />
  </node>
  <node id="158" lat="42.2872771004" lon="-85.61416029951">
    <tag k="local_x" v="631.8937000000005" />
    <tag k="local_y" v="1076.1336999999912" />
    <tag k="ele" v="0" />
  </node>
  <node id="160" lat="42.28205171631" lon="-85.62034125792">
    <tag k="local_x" v="131.69790000000103" />
    <tag k="local_y" v="487.6435999999958" />
    <tag k="ele" v="0" />
  </node>
  <node id="162" lat="42.28844347749" lon="-85.61512833083">
    <tag k="local_x" v="549.9763000000003" />
    <tag k="local_y" v="1204.3466999999946" />
    <tag k="ele" v="0" />
  </node>
  <node id="163" lat="42.28856817799" lon="-85.61569883028">
    <tag k="local_x" v="502.71640000000116" />
    <tag k="local_y" v="1217.4281999999948" />
    <tag k="ele" v="0" />
  </node>
  <node id="164" lat="42.28867304856" lon="-85.61624832136">
    <tag k="local_x" v="457.22450000000026" />
    <tag k="local_y" v="1228.3362999999954" />
    <tag k="ele" v="0" />
  </node>
  <node id="165" lat="42.28867430452" lon="-85.61635299452">
    <tag k="local_x" v="448.59250000000065" />
    <tag k="local_y" v="1228.335500000001" />
    <tag k="ele" v="0" />
  </node>
  <node id="166" lat="42.28866730449" lon="-85.61641399467">
    <tag k="local_x" v="443.57600000000093" />
    <tag k="local_y" v="1227.4764999999898" />
    <tag k="ele" v="0" />
  </node>
  <node id="167" lat="42.27867883988" lon="-85.61456517297">
    <tag k="local_x" v="614.0483000000004" />
    <tag k="local_y" v="120.86119999999937" />
    <tag k="ele" v="0" />
  </node>
  <node id="168" lat="42.27863199997" lon="-85.61470100048">
    <tag k="local_x" v="602.9328999999998" />
    <tag k="local_y" v="115.47799999998824" />
    <tag k="ele" v="0" />
  </node>
  <node id="169" lat="42.27859700036" lon="-85.61476699944">
    <tag k="local_x" v="597.5540000000001" />
    <tag k="local_y" v="111.50319999999192" />
    <tag k="ele" v="0" />
  </node>
  <node id="170" lat="42.27852300042" lon="-85.61483800021">
    <tag k="local_x" v="591.8330999999998" />
    <tag k="local_y" v="103.19120000000112" />
    <tag k="ele" v="0" />
  </node>
  <node id="171" lat="42.27850100034" lon="-85.61492199995">
    <tag k="local_x" v="584.9464000000007" />
    <tag k="local_y" v="100.6356999999989" />
    <tag k="ele" v="0" />
  </node>
  <node id="172" lat="42.27849400039" lon="-85.61505900014">
    <tag k="local_x" v="573.6623" />
    <tag k="local_y" v="99.67469999998866" />
    <tag k="ele" v="0" />
  </node>
  <node id="175" lat="42.2785351214" lon="-85.61527828851">
    <tag k="local_x" v="555.5060000000012" />
    <tag k="local_y" v="103.94659999999567" />
    <tag k="ele" v="0" />
  </node>
  <node id="176" lat="42.27865100007" lon="-85.6153379999">
    <tag k="local_x" v="550.3731000000007" />
    <tag k="local_y" v="116.73339999999735" />
    <tag k="ele" v="0" />
  </node>
  <node id="177" lat="42.2786730002" lon="-85.6153829997">
    <tag k="local_x" v="546.622800000001" />
    <tag k="local_y" v="119.11589999998978" />
    <tag k="ele" v="0" />
  </node>
  <node id="179" lat="42.27866995228" lon="-85.61641235994">
    <tag k="local_x" v="461.7497000000003" />
    <tag k="local_y" v="117.39779999999155" />
    <tag k="ele" v="0" />
  </node>
  <node id="180" lat="42.27865735193" lon="-85.61816855908">
    <tag k="local_x" v="316.96039999999994" />
    <tag k="local_y" v="113.64719999999215" />
    <tag k="ele" v="0" />
  </node>
  <node id="181" lat="42.27915349202" lon="-85.61878852714">
    <tag k="local_x" v="264.9457000000002" />
    <tag k="local_y" v="167.90789999999106" />
    <tag k="ele" v="0" />
  </node>
  <node id="182" lat="42.2792240002" lon="-85.61875200026">
    <tag k="local_x" v="267.83060000000114" />
    <tag k="local_y" v="175.78579999999783" />
    <tag k="ele" v="0" />
  </node>
  <node id="183" lat="42.27928739968" lon="-85.61870049945">
    <tag k="local_x" v="271.96299999999974" />
    <tag k="local_y" v="182.89439999999013" />
    <tag k="ele" v="0" />
  </node>
  <node id="184" lat="42.28430049959" lon="-85.62002609979">
    <tag k="local_x" v="153.63670000000093" />
    <tag k="local_y" v="737.7638999999908" />
    <tag k="ele" v="0" />
  </node>
  <node id="185" lat="42.28433920008" lon="-85.61900840026">
    <tag k="local_x" v="237.47659999999996" />
    <tag k="local_y" v="743.4216000000015" />
    <tag k="ele" v="0" />
  </node>
  <node id="186" lat="42.28436309995" lon="-85.61892120041">
    <tag k="local_x" v="244.6232" />
    <tag k="local_y" v="746.1919999999955" />
    <tag k="ele" v="0" />
  </node>
  <node id="187" lat="42.28434379969" lon="-85.61835039974">
    <tag k="local_x" v="291.72060000000056" />
    <tag k="local_y" v="744.8125" />
    <tag k="ele" v="0" />
  </node>
  <node id="188" lat="42.28429670022" lon="-85.61796800039">
    <tag k="local_x" v="323.33439999999973" />
    <tag k="local_y" v="740.0944000000018" />
    <tag k="ele" v="0" />
  </node>
  <node id="189" lat="42.27784399963" lon="-85.61787100007">
    <tag k="local_x" v="342.96230000000105" />
    <tag k="local_y" v="23.73289999998815" />
    <tag k="ele" v="0" />
  </node>
  <node id="190" lat="42.27817300012" lon="-85.61807600016">
    <tag k="local_x" v="325.46540000000095" />
    <tag k="local_y" v="59.98990000000049" />
    <tag k="ele" v="0" />
  </node>
  <node id="191" lat="42.27809399967" lon="-85.61805499998">
    <tag k="local_x" v="327.33940000000075" />
    <tag k="local_y" v="51.245999999999185" />
    <tag k="ele" v="0" />
  </node>
  <node id="192" lat="42.27801800024" lon="-85.61801899947">
    <tag k="local_x" v="330.4449000000004" />
    <tag k="local_y" v="42.85540000000037" />
    <tag k="ele" v="0" />
  </node>
  <node id="193" lat="42.27796400028" lon="-85.61798200042">
    <tag k="local_x" v="333.59310000000005" />
    <tag k="local_y" v="36.9088999999949" />
    <tag k="ele" v="0" />
  </node>
  <node id="209" lat="42.28412919734" lon="-85.60747572027">
    <tag k="local_x" v="1188.7302" />
    <tag k="local_y" v="735.5907999999908" />
    <tag k="ele" v="0" />
  </node>
  <node id="210" lat="42.28242069992" lon="-85.60881310012">
    <tag k="local_x" v="1081.5622000000003" />
    <tag k="local_y" v="544.0809000000008" />
    <tag k="ele" v="0" />
  </node>
  <node id="212" lat="42.27793710022" lon="-85.6165159004">
    <tag k="local_x" v="454.53410000000076" />
    <tag k="local_y" v="35.88509999999951" />
    <tag k="ele" v="0" />
  </node>
  <node id="213" lat="42.27802349972" lon="-85.6165066998">
    <tag k="local_x" v="455.13690000000133" />
    <tag k="local_y" v="45.49099999999453" />
    <tag k="ele" v="0" />
  </node>
  <node id="214" lat="42.27814639994" lon="-85.61643700011">
    <tag k="local_x" v="460.66250000000036" />
    <tag k="local_y" v="59.23089999999502" />
    <tag k="ele" v="0" />
  </node>
  <node id="215" lat="42.27825499971" lon="-85.61640649943">
    <tag k="local_x" v="462.981600000001" />
    <tag k="local_y" v="71.33039999999164" />
    <tag k="ele" v="0" />
  </node>
  <node id="216" lat="42.27939593911" lon="-85.61637593316">
    <tag k="local_x" v="463.4435000000012" />
    <tag k="local_y" v="198.05829999998969" />
    <tag k="ele" v="0" />
  </node>
  <node id="217" lat="42.27941500005" lon="-85.61630799939">
    <tag k="local_x" v="469.0107000000007" />
    <tag k="local_y" v="200.26579999999376" />
    <tag k="ele" v="0" />
  </node>
  <node id="218" lat="42.27941599992" lon="-85.61617600029">
    <tag k="local_x" v="479.89310000000114" />
    <tag k="local_y" v="200.55369999998948" />
    <tag k="ele" v="0" />
  </node>
  <node id="219" lat="42.27940800006" lon="-85.61613899947">
    <tag k="local_x" v="482.95850000000064" />
    <tag k="local_y" v="199.7149999999965" />
    <tag k="ele" v="0" />
  </node>
  <node id="220" lat="42.28209959986" lon="-85.60910369961">
    <tag k="local_x" v="1058.1839" />
    <tag k="local_y" v="508.03529999998864" />
    <tag k="ele" v="0" />
  </node>
  <node id="221" lat="42.28533310041" lon="-85.60789710012">
    <tag k="local_x" v="1151.8014999999996" />
    <tag k="local_y" v="868.7010999999911" />
    <tag k="ele" v="0" />
  </node>
  <node id="222" lat="42.28524400019" lon="-85.6078224997">
    <tag k="local_x" v="1158.1139999999996" />
    <tag k="local_y" v="858.9081999999908" />
    <tag k="ele" v="0" />
  </node>
  <node id="223" lat="42.28516309981" lon="-85.60769619991">
    <tag k="local_x" v="1168.6742000000013" />
    <tag k="local_y" v="850.0954999999958" />
    <tag k="ele" v="0" />
  </node>
  <node id="224" lat="42.28509640039" lon="-85.60758469998">
    <tag k="local_x" v="1177.9884000000002" />
    <tag k="local_y" v="842.8396999999968" />
    <tag k="ele" v="0" />
  </node>
  <node id="225" lat="42.28494459967" lon="-85.60748890022">
    <tag k="local_x" v="1186.1627000000008" />
    <tag k="local_y" v="826.1132999999973" />
    <tag k="ele" v="0" />
  </node>
  <node id="226" lat="42.2849050999" lon="-85.60749390005">
    <tag k="local_x" v="1185.8222000000005" />
    <tag k="local_y" v="821.7206000000006" />
    <tag k="ele" v="0" />
  </node>
  <node id="227" lat="42.28482179978" lon="-85.60751099991">
    <tag k="local_x" v="1184.5636000000013" />
    <tag k="local_y" v="812.4480999999942" />
    <tag k="ele" v="0" />
  </node>
  <node id="228" lat="42.28375009072" lon="-85.60745557586">
    <tag k="local_x" v="1191.079600000001" />
    <tag k="local_y" v="693.5228999999963" />
    <tag k="ele" v="0" />
  </node>
  <node id="229" lat="42.28365411086" lon="-85.60747999765">
    <tag k="local_x" v="1189.2403000000013" />
    <tag k="local_y" v="682.8325999999943" />
    <tag k="ele" v="0" />
  </node>
  <node id="230" lat="42.28351211106" lon="-85.60751699735">
    <tag k="local_x" v="1186.4475000000002" />
    <tag k="local_y" v="667.0153999999893" />
    <tag k="ele" v="0" />
  </node>
  <node id="231" lat="42.28335611102" lon="-85.60758599777">
    <tag k="local_x" v="1181.0416000000005" />
    <tag k="local_y" v="649.6005000000005" />
    <tag k="ele" v="0" />
  </node>
  <node id="232" lat="42.28328911034" lon="-85.60763999749">
    <tag k="local_x" v="1176.7109" />
    <tag k="local_y" v="642.0880999999936" />
    <tag k="ele" v="0" />
  </node>
  <node id="233" lat="42.28321100005" lon="-85.60771500056">
    <tag k="local_x" v="1170.6686000000009" />
    <tag k="local_y" v="633.313799999989" />
    <tag k="ele" v="0" />
  </node>
  <node id="234" lat="42.28301799959" lon="-85.60792699947">
    <tag k="local_x" v="1153.5393000000004" />
    <tag k="local_y" v="611.5976999999984" />
    <tag k="ele" v="0" />
  </node>
  <node id="235" lat="42.28279199971" lon="-85.60822200023">
    <tag k="local_x" v="1129.6261000000013" />
    <tag k="local_y" v="586.1055999999953" />
    <tag k="ele" v="0" />
  </node>
  <node id="236" lat="42.28226199973" lon="-85.60898200029">
    <tag k="local_x" v="1067.9238000000005" />
    <tag k="local_y" v="526.2316999999894" />
    <tag k="ele" v="0" />
  </node>
  <node id="237" lat="42.28169969962" lon="-85.60927520019">
    <tag k="local_x" v="1044.7684000000008" />
    <tag k="local_y" v="463.4003999999986" />
    <tag k="ele" v="0" />
  </node>
  <node id="238" lat="42.28040099998" lon="-85.61059699991">
    <tag k="local_x" v="938.1342000000004" />
    <tag k="local_y" v="317.4167999999918" />
    <tag k="ele" v="0" />
  </node>
  <node id="239" lat="42.28021000041" lon="-85.61082400029">
    <tag k="local_x" v="919.7628000000004" />
    <tag k="local_y" v="295.90329999999085" />
    <tag k="ele" v="0" />
  </node>
  <node id="240" lat="42.2800539996" lon="-85.61103599985">
    <tag k="local_x" v="902.5648000000001" />
    <tag k="local_y" v="278.29619999999704" />
    <tag k="ele" v="0" />
  </node>
  <node id="241" lat="42.27990899978" lon="-85.61127399982">
    <tag k="local_x" v="883.2029000000002" />
    <tag k="local_y" v="261.8756999999896" />
    <tag k="ele" v="0" />
  </node>
  <node id="242" lat="42.27980599975" lon="-85.61147399976">
    <tag k="local_x" v="866.8981999999996" />
    <tag k="local_y" v="250.1698999999935" />
    <tag k="ele" v="0" />
  </node>
  <node id="243" lat="42.27920099967" lon="-85.61309300046">
    <tag k="local_x" v="734.4958000000006" />
    <tag k="local_y" v="180.816599999991" />
    <tag k="ele" v="0" />
  </node>
  <node id="244" lat="42.27909100004" lon="-85.61337800009">
    <tag k="local_x" v="711.1944999999996" />
    <tag k="local_y" v="168.21979999999166" />
    <tag k="ele" v="0" />
  </node>
  <node id="245" lat="42.27899000005" lon="-85.61361299983">
    <tag k="local_x" v="691.9997000000003" />
    <tag k="local_y" v="156.68949999999313" />
    <tag k="ele" v="0" />
  </node>
  <node id="246" lat="42.27887499992" lon="-85.61382000018">
    <tag k="local_x" v="675.1388999999999" />
    <tag k="local_y" v="143.64229999999225" />
    <tag k="ele" v="0" />
  </node>
  <node id="247" lat="42.27778951659" lon="-85.61775388448">
    <tag k="local_x" v="352.71770000000106" />
    <tag k="local_y" v="17.839999999996508" />
    <tag k="ele" v="0" />
  </node>
  <node id="248" lat="42.27773811627" lon="-85.61762228481">
    <tag k="local_x" v="363.66190000000097" />
    <tag k="local_y" v="12.308799999998882" />
    <tag k="ele" v="0" />
  </node>
  <node id="249" lat="42.27770901712" lon="-85.61748708473">
    <tag k="local_x" v="374.8628000000008" />
    <tag k="local_y" v="9.258699999991222" />
    <tag k="ele" v="0" />
  </node>
  <node id="250" lat="42.27770121652" lon="-85.61731958384">
    <tag k="local_x" v="388.6887999999999" />
    <tag k="local_y" v="8.61679999998887" />
    <tag k="ele" v="0" />
  </node>
  <node id="251" lat="42.2777019436" lon="-85.61546251039">
    <tag k="local_x" v="541.8197" />
    <tag k="local_y" v="11.185700000001816" />
    <tag k="ele" v="0" />
  </node>
  <node id="252" lat="42.27771774374" lon="-85.61530291052">
    <tag k="local_x" v="554.9516000000003" />
    <tag k="local_y" v="13.154099999999744" />
    <tag k="ele" v="0" />
  </node>
  <node id="253" lat="42.27774814392" lon="-85.61514411138">
    <tag k="local_x" v="567.9911000000011" />
    <tag k="local_y" v="16.742599999997765" />
    <tag k="ele" v="0" />
  </node>
  <node id="254" lat="42.27778904377" lon="-85.61500431114">
    <tag k="local_x" v="579.4449999999997" />
    <tag k="local_y" v="21.47149999999965" />
    <tag k="ele" v="0" />
  </node>
  <node id="255" lat="42.27782714333" lon="-85.61489991093">
    <tag k="local_x" v="587.9849000000013" />
    <tag k="local_y" v="25.84199999998964" />
    <tag k="ele" v="0" />
  </node>
  <node id="256" lat="42.28168999997" lon="-85.61367280011">
    <tag k="local_x" v="682.1876000000011" />
    <tag k="local_y" v="456.41029999998864" />
    <tag k="ele" v="0" />
  </node>
  <node id="257" lat="42.28169630021" lon="-85.61380819988">
    <tag k="local_x" v="671.0120000000006" />
    <tag k="local_y" v="456.9280999999901" />
    <tag k="ele" v="0" />
  </node>
  <node id="258" lat="42.28168610007" lon="-85.61389000019">
    <tag k="local_x" v="664.2857000000004" />
    <tag k="local_y" v="455.6857000000018" />
    <tag k="ele" v="0" />
  </node>
  <node id="259" lat="42.28166369986" lon="-85.61396169969">
    <tag k="local_x" v="658.4143000000004" />
    <tag k="local_y" v="453.1021999999939" />
    <tag k="ele" v="0" />
  </node>
  <node id="265" lat="42.28201209959" lon="-85.61948440001">
    <tag k="local_x" v="202.41990000000078" />
    <tag k="local_y" v="484.3897999999899" />
    <tag k="ele" v="0" />
  </node>
  <node id="266" lat="42.28240369631" lon="-85.61948671896">
    <tag k="local_x" v="201.52369999999974" />
    <tag k="local_y" v="527.8686000000016" />
    <tag k="ele" v="0" />
  </node>
  <node id="267" lat="42.2820523003" lon="-85.6193134003">
    <tag k="local_x" v="216.44700000000012" />
    <tag k="local_y" v="489.0821999999898" />
    <tag k="ele" v="0" />
  </node>
  <node id="268" lat="42.28219129968" lon="-85.61921590026">
    <tag k="local_x" v="224.23589999999967" />
    <tag k="local_y" v="504.6466999999975" />
    <tag k="ele" v="0" />
  </node>
  <node id="270" lat="42.28162724922" lon="-85.61963625659">
    <tag k="local_x" v="190.59159999999974" />
    <tag k="local_y" v="441.4539999999979" />
    <tag k="ele" v="0" />
  </node>
  <node id="271" lat="42.28168114908" lon="-85.61958785699">
    <tag k="local_x" v="194.48530000000028" />
    <tag k="local_y" v="447.50359999999637" />
    <tag k="ele" v="0" />
  </node>
  <node id="272" lat="42.28174104899" lon="-85.61953895763">
    <tag k="local_x" v="198.40940000000046" />
    <tag k="local_y" v="454.22009999999136" />
    <tag k="ele" v="0" />
  </node>
  <node id="273" lat="42.28183778551" lon="-85.61951425342">
    <tag k="local_x" v="200.27220000000125" />
    <tag k="local_y" v="464.9945000000007" />
    <tag k="ele" v="0" />
  </node>
  <node id="274" lat="42.28185980176" lon="-85.6206063977">
    <tag k="local_x" v="110.1815000000006" />
    <tag k="local_y" v="465.9796999999962" />
    <tag k="ele" v="0" />
  </node>
  <node id="275" lat="42.28186708546" lon="-85.61952135382">
    <tag k="local_x" v="199.63400000000001" />
    <tag k="local_y" v="468.238400000002" />
    <tag k="ele" v="0" />
  </node>
  <node id="276" lat="42.28204622039" lon="-85.61962397823">
    <tag k="local_x" v="190.84979999999996" />
    <tag k="local_y" v="487.9918999999936" />
    <tag k="ele" v="0" />
  </node>
  <node id="277" lat="42.28202619998" lon="-85.62008360045">
    <tag k="local_x" v="152.9885000000013" />
    <tag k="local_y" v="485.1545999999944" />
    <tag k="ele" v="0" />
  </node>
  <node id="278" lat="42.28207840021" lon="-85.61990159973">
    <tag k="local_x" v="167.90110000000095" />
    <tag k="local_y" v="491.1939999999886" />
    <tag k="ele" v="0" />
  </node>
  <node id="279" lat="42.28207939984" lon="-85.6197848001">
    <tag k="local_x" v="177.52980000000025" />
    <tag k="local_y" v="491.46110000000044" />
    <tag k="ele" v="0" />
    <tag k="highway" v="give_way" />
  </node>
  <node id="280" lat="42.28208650022" lon="-85.61968530021">
    <tag k="local_x" v="185.72110000000066" />
    <tag k="local_y" v="492.38249999999243" />
    <tag k="ele" v="0" />
  </node>
  <node id="282" lat="42.27873660007" lon="-85.6142371284">
    <tag k="local_x" v="640.9937000000009" />
    <tag k="local_y" v="127.71489999999176" />
    <tag k="ele" v="0" />
  </node>
  <node id="283" lat="42.27881600017" lon="-85.6198695997">
    <tag k="local_x" v="176.41110000000117" />
    <tag k="local_y" v="128.98829999999725" />
    <tag k="ele" v="0" />
  </node>
  <node id="284" lat="42.27882270025" lon="-85.61997529962">
    <tag k="local_x" v="167.6833000000006" />
    <tag k="local_y" v="129.59100000000035" />
    <tag k="ele" v="0" />
  </node>
  <node id="285" lat="42.27882040044" lon="-85.61961199984">
    <tag k="local_x" v="197.64420000000064" />
    <tag k="local_y" v="129.82119999999122" />
    <tag k="ele" v="0" />
  </node>
  <node id="286" lat="42.27883840013" lon="-85.61944050037">
    <tag k="local_x" v="211.75320000000102" />
    <tag k="local_y" v="132.04909999998927" />
    <tag k="ele" v="0" />
  </node>
  <node id="287" lat="42.2789179997" lon="-85.62012219995">
    <tag k="local_x" v="155.39880000000085" />
    <tag k="local_y" v="139.97649999998976" />
    <tag k="ele" v="0" />
  </node>
  <node id="288" lat="42.27889190042" lon="-85.61923939981">
    <tag k="local_x" v="228.2391000000007" />
    <tag k="local_y" v="138.25849999999627" />
    <tag k="ele" v="0" />
  </node>
  <node id="289" lat="42.27894022158" lon="-85.61870793659">
    <tag k="local_x" v="271.97509999999966" />
    <tag k="local_y" v="144.33469999999215" />
    <tag k="ele" v="0" />
    <tag k="highway" v="crossing" />
  </node>
  <node id="290" lat="42.27894879969" lon="-85.61901740056">
    <tag k="local_x" v="246.4421000000002" />
    <tag k="local_y" v="144.873299999992" />
    <tag k="ele" v="0" />
  </node>
  <node id="291" lat="42.27902469986" lon="-85.62014780001">
    <tag k="local_x" v="153.09590000000026" />
    <tag k="local_y" v="151.7899999999936" />
    <tag k="ele" v="0" />
  </node>
  <node id="292" lat="42.2813278" lon="-85.62005789985">
    <tag k="local_x" v="156.3644000000004" />
    <tag k="local_y" v="407.6403999999893" />
    <tag k="ele" v="0" />
  </node>
  <node id="293" lat="42.2816560998" lon="-85.61955919962">
    <tag k="local_x" v="196.89329999999973" />
    <tag k="local_y" v="444.7604999999894" />
    <tag k="ele" v="0" />
  </node>
  <node id="294" lat="42.28168659998" lon="-85.61950979968">
    <tag k="local_x" v="200.91160000000127" />
    <tag k="local_y" v="448.2131999999983" />
    <tag k="ele" v="0" />
  </node>
  <node id="295" lat="42.28176660012" lon="-85.61941869968">
    <tag k="local_x" v="208.27909999999974" />
    <tag k="local_y" v="457.2179999999935" />
    <tag k="ele" v="0" />
  </node>
  <node id="296" lat="42.28185900036" lon="-85.61937770011">
    <tag k="local_x" v="211.4933000000001" />
    <tag k="local_y" v="467.5326999999961" />
    <tag k="ele" v="0" />
  </node>
  <node id="297" lat="42.28245450025" lon="-85.61960209953">
    <tag k="local_x" v="191.91880000000128" />
    <tag k="local_y" v="533.3554999999906" />
    <tag k="ele" v="0" />
  </node>
  <node id="305" lat="42.28209453382" lon="-85.61926104763">
    <tag k="local_x" v="220.6876000000011" />
    <tag k="local_y" v="493.84169999998994" />
    <tag k="ele" v="0" />
  </node>
  <node id="306" lat="42.28201830038" lon="-85.61940549998">
    <tag k="local_x" v="208.91430000000037" />
    <tag k="local_y" v="485.1837999999989" />
    <tag k="ele" v="0" />
  </node>
  <node id="307" lat="42.28224737639" lon="-85.61974034876">
    <tag k="local_x" v="180.89260000000104" />
    <tag k="local_y" v="510.1722000000009" />
    <tag k="ele" v="0" />
  </node>
  <node id="308" lat="42.28226249979" lon="-85.61922800041">
    <tag k="local_x" v="223.11000000000058" />
    <tag k="local_y" v="512.5363999999972" />
    <tag k="ele" v="0" />
  </node>
  <node id="309" lat="42.28205850003" lon="-85.61964470023">
    <tag k="local_x" v="189.1190999999999" />
    <tag k="local_y" v="489.32769999999437" />
    <tag k="ele" v="0" />
  </node>
  <node id="310" lat="42.28239969681" lon="-85.61951701874">
    <tag k="local_x" v="199.03260000000046" />
    <tag k="local_y" v="527.3839999999909" />
    <tag k="ele" v="0" />
  </node>
  <node id="311" lat="42.2821081371" lon="-85.61970916896">
    <tag k="local_x" v="183.71410000000105" />
    <tag k="local_y" v="494.7531000000017" />
    <tag k="ele" v="0" />
  </node>
  <node id="312" lat="42.28239229659" lon="-85.61939441912">
    <tag k="local_x" v="209.15459999999985" />
    <tag k="local_y" v="526.7261999999901" />
    <tag k="ele" v="0" />
  </node>
  <node id="315" lat="42.28163567918" lon="-85.61403736448">
    <tag k="local_x" v="652.2260999999999" />
    <tag k="local_y" v="449.8892999999953" />
    <tag k="ele" v="0" />
  </node>
  <node id="316" lat="42.28060619986" lon="-85.6173703003">
    <tag k="local_x" v="379.26920000000064" />
    <tag k="local_y" v="331.1106999999902" />
    <tag k="ele" v="0" />
  </node>
  <node id="317" lat="42.28069590016" lon="-85.61739860021">
    <tag k="local_x" v="376.77400000000125" />
    <tag k="local_y" v="341.03289999999106" />
    <tag k="ele" v="0" />
  </node>
  <node id="318" lat="42.28079829965" lon="-85.61737639989">
    <tag k="local_x" v="378.4199000000008" />
    <tag k="local_y" v="352.43279999999504" />
    <tag k="ele" v="0" />
  </node>
  <node id="319" lat="42.28088709964" lon="-85.61725580028">
    <tag k="local_x" v="388.20380000000114" />
    <tag k="local_y" v="362.4543999999878" />
    <tag k="ele" v="0" />
  </node>
  <node id="320" lat="42.28093220023" lon="-85.61712000053">
    <tag k="local_x" v="399.3198000000011" />
    <tag k="local_y" v="367.64409999999043" />
    <tag k="ele" v="0" />
  </node>
  <node id="321" lat="42.28107440019" lon="-85.61711180041">
    <tag k="local_x" v="399.7394999999997" />
    <tag k="local_y" v="383.444599999988" />
    <tag k="ele" v="0" />
  </node>
  <node id="322" lat="42.28120449972" lon="-85.6171036005">
    <tag k="local_x" v="400.1810000000005" />
    <tag k="local_y" v="397.90149999999267" />
    <tag k="ele" v="0" />
  </node>
  <node id="323" lat="42.28127399986" lon="-85.61706680026">
    <tag k="local_x" v="403.09000000000015" />
    <tag k="local_y" v="405.6679000000004" />
    <tag k="ele" v="0" />
  </node>
  <node id="324" lat="42.28134660012" lon="-85.61695640034">
    <tag k="local_x" v="412.0619999999999" />
    <tag k="local_y" v="413.8770999999979" />
    <tag k="ele" v="0" />
  </node>
  <node id="325" lat="42.28149239989" lon="-85.6170466997">
    <tag k="local_x" v="404.3535000000011" />
    <tag k="local_y" v="429.9453999999969" />
    <tag k="ele" v="0" />
  </node>
  <node id="326" lat="42.28158650014" lon="-85.61714119979">
    <tag k="local_x" v="396.39190000000053" />
    <tag k="local_y" v="440.26750000000175" />
    <tag k="ele" v="0" />
  </node>
  <node id="327" lat="42.28165640043" lon="-85.61726020042">
    <tag k="local_x" v="386.45380000000114" />
    <tag k="local_y" v="447.86969999999565" />
    <tag k="ele" v="0" />
  </node>
  <node id="328" lat="42.28173219998" lon="-85.61745549951">
    <tag k="local_x" v="370.21399999999994" />
    <tag k="local_y" v="456.02479999999923" />
    <tag k="ele" v="0" />
  </node>
  <node id="329" lat="42.28174830022" lon="-85.6175774999">
    <tag k="local_x" v="360.1256000000012" />
    <tag k="local_y" v="457.64919999999984" />
    <tag k="ele" v="0" />
  </node>
  <node id="330" lat="42.28173609969" lon="-85.6177897998">
    <tag k="local_x" v="342.64270000000033" />
    <tag k="local_y" v="456.01029999999446" />
    <tag k="ele" v="0" />
  </node>
  <node id="331" lat="42.28171179978" lon="-85.61790060024">
    <tag k="local_x" v="333.5506000000005" />
    <tag k="local_y" v="453.1637999999948" />
    <tag k="ele" v="0" />
  </node>
  <node id="332" lat="42.28147559984" lon="-85.61867620055">
    <tag k="local_x" v="270.02499999999964" />
    <tag k="local_y" v="425.89899999999034" />
    <tag k="ele" v="0" />
  </node>
  <node id="333" lat="42.28136780033" lon="-85.61879860058">
    <tag k="local_x" v="260.1268" />
    <tag k="local_y" v="413.76549999999406" />
    <tag k="ele" v="0" />
  </node>
  <node id="334" lat="42.28126839995" lon="-85.61888790027">
    <tag k="local_x" v="252.9426999999996" />
    <tag k="local_y" v="402.608899999992" />
    <tag k="ele" v="0" />
  </node>
  <node id="335" lat="42.28119780011" lon="-85.61892280026">
    <tag k="local_x" v="250.19220000000132" />
    <tag k="local_y" v="394.72299999999814" />
    <tag k="ele" v="0" />
  </node>
  <node id="336" lat="42.28109449966" lon="-85.61895150028">
    <tag k="local_x" v="248.01180000000022" />
    <tag k="local_y" v="383.2143999999971" />
    <tag k="ele" v="0" />
  </node>
  <node id="337" lat="42.28096089966" lon="-85.61895150039">
    <tag k="local_x" v="248.25240000000122" />
    <tag k="local_y" v="368.37979999999516" />
    <tag k="ele" v="0" />
  </node>
  <node id="338" lat="42.28047190029" lon="-85.61724379951">
    <tag k="local_x" v="389.9420000000009" />
    <tag k="local_y" v="316.3677999999927" />
    <tag k="ele" v="0" />
  </node>
  <node id="339" lat="42.28091229974" lon="-85.61691130032">
    <tag k="local_x" v="416.5640000000003" />
    <tag k="local_y" v="365.7138999999879" />
    <tag k="ele" v="0" />
  </node>
  <node id="340" lat="42.28091229975" lon="-85.61677989968">
    <tag k="local_x" v="427.39860000000044" />
    <tag k="local_y" v="365.88989999999467" />
    <tag k="ele" v="0" />
  </node>
  <node id="341" lat="42.28092440013" lon="-85.61666089945">
    <tag k="local_x" v="437.188900000001" />
    <tag k="local_y" v="367.39289999999164" />
    <tag k="ele" v="0" />
  </node>
  <node id="342" lat="42.28098209975" lon="-85.61657879988">
    <tag k="local_x" v="443.8543000000009" />
    <tag k="local_y" v="373.90969999998924" />
    <tag k="ele" v="0" />
  </node>
  <node id="343" lat="42.28107930042" lon="-85.61657059953">
    <tag k="local_x" v="444.3551000000007" />
    <tag k="local_y" v="384.7135999999882" />
    <tag k="ele" v="0" />
  </node>
  <node id="344" lat="42.28120379974" lon="-85.61657880036">
    <tag k="local_x" v="443.45430000000124" />
    <tag k="local_y" v="398.5266999999876" />
    <tag k="ele" v="0" />
  </node>
  <node id="345" lat="42.28128890029" lon="-85.6166074996">
    <tag k="local_x" v="440.9344000000001" />
    <tag k="local_y" v="407.9375999999902" />
    <tag k="ele" v="0" />
  </node>
  <node id="346" lat="42.2813434998" lon="-85.61668550054">
    <tag k="local_x" v="434.40440000000126" />
    <tag k="local_y" v="413.89569999999367" />
    <tag k="ele" v="0" />
  </node>
  <node id="347" lat="42.28137389968" lon="-85.61680869952">
    <tag k="local_x" v="424.1913000000004" />
    <tag k="local_y" v="417.1061999999947" />
    <tag k="ele" v="0" />
  </node>
  <node id="348" lat="42.28117329972" lon="-85.61657719977">
    <tag k="local_x" v="443.64130000000114" />
    <tag k="local_y" v="395.14220000000205" />
    <tag k="ele" v="0" />
  </node>
  <node id="349" lat="42.28117419972" lon="-85.61710350035">
    <tag k="local_x" v="400.2439000000013" />
    <tag k="local_y" v="394.53719999999157" />
    <tag k="ele" v="0" />
  </node>
  <node id="350" lat="42.28136849982" lon="-85.6168379005">
    <tag k="local_x" v="421.7933000000012" />
    <tag k="local_y" v="416.46749999999884" />
    <tag k="ele" v="0" />
  </node>
  <node id="351" lat="42.28142149956" lon="-85.61700279968">
    <tag k="local_x" v="408.10109999999986" />
    <tag k="local_y" v="422.13159999999334" />
    <tag k="ele" v="0" />
  </node>
  <node id="352" lat="42.2816891997" lon="-85.61732760015">
    <tag k="local_x" v="380.83730000000105" />
    <tag k="local_y" v="451.421399999992" />
    <tag k="ele" v="0" />
  </node>
  <node id="353" lat="42.28092500019" lon="-85.61704460013">
    <tag k="local_x" v="405.5499" />
    <tag k="local_y" v="366.9455999999918" />
    <tag k="ele" v="0" />
  </node>
  <node id="357" lat="42.28151689987" lon="-85.61861859994">
    <tag k="local_x" v="274.7000000000007" />
    <tag k="local_y" v="430.5619000000006" />
    <tag k="ele" v="0" />
  </node>
  <node id="358" lat="42.27867669533" lon="-85.61783659512">
    <tag k="local_x" v="344.2985000000008" />
    <tag k="local_y" v="116.2393000000011" />
    <tag k="ele" v="0" />
    <tag k="crossing" v="marked" />
    <tag k="crossing:markings" v="yes" />
    <tag k="highway" v="crossing" />
  </node>
  <node id="359" lat="42.288146953" lon="-85.6196975941">
    <tag k="local_x" v="173.79780000000028" />
    <tag k="local_y" v="1165.3035999999993" />
    <tag k="ele" v="0" />
  </node>
  <node id="360" lat="42.28830499372" lon="-85.61893311502">
    <tag k="local_x" v="236.54080000000067" />
    <tag k="local_y" v="1183.874199999991" />
    <tag k="ele" v="0" />
  </node>
  <node id="361" lat="42.28830279378" lon="-85.61870801555">
    <tag k="local_x" v="255.10310000000027" />
    <tag k="local_y" v="1183.9309999999969" />
    <tag k="ele" v="0" />
  </node>
  <node id="362" lat="42.28830399382" lon="-85.61750981551">
    <tag k="local_x" v="353.8865999999998" />
    <tag k="local_y" v="1185.6676999999909" />
    <tag k="ele" v="0" />
  </node>
  <node id="363" lat="42.28830039413" lon="-85.61846271548">
    <tag k="local_x" v="275.33120000000054" />
    <tag k="local_y" v="1183.992699999988" />
    <tag k="ele" v="0" />
  </node>
  <node id="364" lat="42.28829569373" lon="-85.61797021501">
    <tag k="local_x" v="315.9439000000002" />
    <tag k="local_y" v="1184.1297999999952" />
    <tag k="ele" v="0" />
  </node>
  <node id="365" lat="42.28829819397" lon="-85.61822661478">
    <tag k="local_x" v="294.8005000000012" />
    <tag k="local_y" v="1184.0642999999982" />
    <tag k="ele" v="0" />
  </node>
  <node id="366" lat="42.28829349359" lon="-85.61774301482">
    <tag k="local_x" v="334.6794000000009" />
    <tag k="local_y" v="1184.1895999999979" />
    <tag k="ele" v="0" />
  </node>
  <node id="367" lat="42.29223969995" lon="-85.61785589977">
    <tag k="local_x" v="318.2587000000003" />
    <tag k="local_y" v="1622.2157999999908" />
    <tag k="ele" v="0" />
  </node>
  <node id="368" lat="42.29226199961" lon="-85.61788190051">
    <tag k="local_x" v="316.0750000000007" />
    <tag k="local_y" v="1624.6570999999967" />
    <tag k="ele" v="0" />
  </node>
  <node id="369" lat="42.29226949968" lon="-85.61797850036">
    <tag k="local_x" v="308.09780000000137" />
    <tag k="local_y" v="1625.3606" />
    <tag k="ele" v="0" />
  </node>
  <node id="370" lat="42.29226080026" lon="-85.61873809968">
    <tag k="local_x" v="245.4922000000006" />
    <tag k="local_y" v="1623.3782999999967" />
    <tag k="ele" v="0" />
  </node>
  <node id="371" lat="42.29152379987" lon="-85.6187124">
    <tag k="local_x" v="248.9387000000006" />
    <tag k="local_y" v="1541.5778999999893" />
    <tag k="ele" v="0" />
  </node>
  <node id="372" lat="42.29153439956" lon="-85.61805009961">
    <tag k="local_x" v="303.52020000000084" />
    <tag k="local_y" v="1543.6409999999887" />
    <tag k="ele" v="0" />
  </node>
  <node id="373" lat="42.29226806888" lon="-85.61805936873">
    <tag k="local_x" v="301.4336000000003" />
    <tag k="local_y" v="1625.0934999999881" />
    <tag k="ele" v="0" />
  </node>
  <node id="374" lat="42.29226659992" lon="-85.61828989974">
    <tag k="local_x" v="282.4313000000002" />
    <tag k="local_y" v="1624.6218999999983" />
    <tag k="ele" v="0" />
  </node>
  <node id="375" lat="42.29153080028" lon="-85.61827259962">
    <tag k="local_x" v="285.1836000000003" />
    <tag k="local_y" v="1542.9435999999987" />
    <tag k="ele" v="0" />
  </node>
  <node id="376" lat="42.29152719961" lon="-85.61850099963">
    <tag k="local_x" v="266.3606" />
    <tag k="local_y" v="1542.2381999999925" />
    <tag k="ele" v="0" />
  </node>
  <node id="377" lat="42.2922647997" lon="-85.61851540036">
    <tag k="local_x" v="263.84430000000066" />
    <tag k="local_y" v="1624.120299999995" />
    <tag k="ele" v="0" />
  </node>
  <node id="378" lat="42.27769774409" lon="-85.61574671116">
    <tag k="local_x" v="518.3924000000006" />
    <tag k="local_y" v="10.338399999993271" />
    <tag k="ele" v="0" />
  </node>
  <node id="379" lat="42.27858280002" lon="-85.61529969957">
    <tag k="local_x" v="553.6544000000013" />
    <tag k="local_y" v="109.21199999999953" />
    <tag k="ele" v="0" />
  </node>
  <node id="380" lat="42.27848779994" lon="-85.61610450013">
    <tag k="local_x" v="487.46380000000136" />
    <tag k="local_y" v="97.58460000000196" />
    <tag k="ele" v="0" />
  </node>
  <node id="381" lat="42.27848690037" lon="-85.61459739983">
    <tag k="local_x" v="611.7376999999997" />
    <tag k="local_y" v="99.5054999999993" />
    <tag k="ele" v="0" />
  </node>
  <node id="382" lat="42.2780524002" lon="-85.61491879989">
    <tag k="local_x" v="586.0205000000005" />
    <tag k="local_y" v="50.82859999999346" />
    <tag k="ele" v="0" />
  </node>
  <node id="383" lat="42.27801109983" lon="-85.61497540041">
    <tag k="local_x" v="581.4279000000006" />
    <tag k="local_y" v="46.16679999999178" />
    <tag k="ele" v="0" />
  </node>
  <node id="384" lat="42.27798640001" lon="-85.61503870023">
    <tag k="local_x" v="576.2529000000013" />
    <tag k="local_y" v="43.33929999999236" />
    <tag k="ele" v="0" />
  </node>
  <node id="385" lat="42.27796740013" lon="-85.61613350021">
    <tag k="local_x" v="486.0115999999998" />
    <tag k="local_y" v="39.761899999997695" />
    <tag k="ele" v="0" />
  </node>
  <node id="386" lat="42.27832270003" lon="-85.61611960038">
    <tag k="local_x" v="486.51660000000084" />
    <tag k="local_y" v="79.2320999999938" />
    <tag k="ele" v="0" />
  </node>
  <node id="387" lat="42.2783273003" lon="-85.61469789971">
    <tag k="local_x" v="603.7389999999996" />
    <tag k="local_y" v="81.64909999999509" />
    <tag k="ele" v="0" />
  </node>
  <node id="388" lat="42.27816069968" lon="-85.61481330047">
    <tag k="local_x" v="594.5241999999998" />
    <tag k="local_y" v="62.99539999999979" />
    <tag k="ele" v="0" />
  </node>
  <node id="389" lat="42.27796760013" lon="-85.61569419993">
    <tag k="local_x" v="522.2353000000003" />
    <tag k="local_y" v="40.37289999998757" />
    <tag k="ele" v="0" />
  </node>
  <node id="390" lat="42.27800879956" lon="-85.61636200056">
    <tag k="local_x" v="467.09510000000046" />
    <tag k="local_y" v="44.05259999999544" />
    <tag k="ele" v="0" />
  </node>
  <node id="391" lat="42.27812120004" lon="-85.61621390035">
    <tag k="local_x" v="479.10440000000017" />
    <tag k="local_y" v="56.73169999998936" />
    <tag k="ele" v="0" />
  </node>
  <node id="392" lat="42.27824770021" lon="-85.61614170058">
    <tag k="local_x" v="484.82960000000094" />
    <tag k="local_y" v="70.8747000000003" />
    <tag k="ele" v="0" />
  </node>
  <node id="395" lat="42.28486610001" lon="-85.60749920057">
    <tag k="local_x" v="1185.4560000000001" />
    <tag k="local_y" v="817.3830000000016" />
    <tag k="ele" v="0" />
  </node>
  <node id="396" lat="42.28432099967" lon="-85.61827390006">
    <tag k="local_x" v="298.0691000000006" />
    <tag k="local_y" v="742.3831999999966" />
    <tag k="ele" v="0" />
  </node>
  <node id="397" lat="42.2851416996" lon="-85.61827439996">
    <tag k="local_x" v="296.5490000000009" />
    <tag k="local_y" v="833.5109999999986" />
    <tag k="ele" v="0" />
  </node>
  <node id="398" lat="42.28555360003" lon="-85.61828120002">
    <tag k="local_x" v="295.2461000000003" />
    <tag k="local_y" v="879.2382999999973" />
    <tag k="ele" v="0" />
  </node>
  <node id="399" lat="42.28562060029" lon="-85.61832599966">
    <tag k="local_x" v="291.431700000001" />
    <tag k="local_y" v="886.6178999999975" />
    <tag k="ele" v="0" />
  </node>
  <node id="400" lat="42.28562050013" lon="-85.61849579987">
    <tag k="local_x" v="277.4321" />
    <tag k="local_y" v="886.3796000000002" />
    <tag k="ele" v="0" />
  </node>
  <node id="401" lat="42.28555359991" lon="-85.61852559945">
    <tag k="local_x" v="275.09569999999985" />
    <tag k="local_y" v="878.9112999999925" />
    <tag k="ele" v="0" />
  </node>
  <node id="402" lat="42.28514419999" lon="-85.61852219984">
    <tag k="local_x" v="276.1136000000006" />
    <tag k="local_y" v="833.4570999999996" />
    <tag k="ele" v="0" />
  </node>
  <node id="403" lat="42.28535279987" lon="-85.61827750004">
    <tag k="local_x" v="295.91300000000047" />
    <tag k="local_y" v="856.9468999999954" />
    <tag k="ele" v="0" />
  </node>
  <node id="404" lat="42.28535380037" lon="-85.61852309941">
    <tag k="local_x" v="275.66179999999986" />
    <tag k="local_y" v="856.7293999999965" />
    <tag k="ele" v="0" />
  </node>
  <node id="405" lat="42.28534469992" lon="-85.61918419968">
    <tag k="local_x" v="221.17120000000068" />
    <tag k="local_y" v="854.8346999999922" />
    <tag k="ele" v="0" />
  </node>
  <node id="406" lat="42.28532909963" lon="-85.61935740016">
    <tag k="local_x" v="206.91910000000098" />
    <tag k="local_y" v="852.8708999999944" />
    <tag k="ele" v="0" />
  </node>
  <node id="407" lat="42.28531889983" lon="-85.62005140018">
    <tag k="local_x" v="149.71789999999964" />
    <tag k="local_y" v="850.8107000000018" />
    <tag k="ele" v="0" />
  </node>
  <node id="408" lat="42.28469150008" lon="-85.62004070047">
    <tag k="local_x" v="151.72919999999976" />
    <tag k="local_y" v="781.1600999999937" />
    <tag k="ele" v="0" />
  </node>
  <node id="409" lat="42.28475970019" lon="-85.62004180008">
    <tag k="local_x" v="151.51580000000104" />
    <tag k="local_y" v="788.7313999999897" />
    <tag k="ele" v="0" />
  </node>
  <node id="410" lat="42.28505449984" lon="-85.62004689964">
    <tag k="local_x" v="150.5648000000001" />
    <tag k="local_y" v="821.4583999999886" />
    <tag k="ele" v="0" />
  </node>
  <node id="411" lat="42.28455840022" lon="-85.62003840011">
    <tag k="local_x" v="152.15840000000026" />
    <tag k="local_y" v="766.3840999999957" />
    <tag k="ele" v="0" />
  </node>
  <node id="412" lat="42.28290266695" lon="-85.61959999797">
    <tag k="local_x" v="191.28530000000137" />
    <tag k="local_y" v="583.1215999999986" />
    <tag k="ele" v="0" />
  </node>
  <node id="413" lat="42.28140820001" lon="-85.61996160035">
    <tag k="local_x" v="164.15999999999985" />
    <tag k="local_y" v="416.6964999999909" />
    <tag k="ele" v="0" />
  </node>
  <node id="414" lat="42.27848820021" lon="-85.61640789968">
    <tag k="local_x" v="462.4454000000005" />
    <tag k="local_y" v="97.22249999998894" />
    <tag k="ele" v="0" />
  </node>
  <node id="415" lat="42.27831499965" lon="-85.61640690022">
    <tag k="local_x" v="462.84029999999984" />
    <tag k="local_y" v="77.99209999998857" />
    <tag k="ele" v="0" />
  </node>
  <node id="416" lat="42.27810809985" lon="-85.61645129943">
    <tag k="local_x" v="459.5524999999998" />
    <tag k="local_y" v="54.95899999998801" />
    <tag k="ele" v="0" />
  </node>
  <node id="418" lat="42.2816887996" lon="-85.61364160042">
    <tag k="local_x" v="684.7623000000003" />
    <tag k="local_y" v="456.3188999999984" />
    <tag k="ele" v="0" />
  </node>
  <node id="422" lat="42.28165150009" lon="-85.61316590019">
    <tag k="local_x" v="724.0529999999999" />
    <tag k="local_y" v="452.8159999999916" />
    <tag k="ele" v="0" />
  </node>
  <node id="426" lat="42.2814396996" lon="-85.61872220036">
    <tag k="local_x" v="266.2968000000001" />
    <tag k="local_y" v="421.85119999999006" />
    <tag k="ele" v="0" />
  </node>
  <node id="427" lat="42.28123630009" lon="-85.62009859946">
    <tag k="local_x" v="153.1732000000011" />
    <tag k="local_y" v="397.42609999999695" />
    <tag k="ele" v="0" />
  </node>
  <node id="428" lat="42.27885850022" lon="-85.62005389995">
    <tag k="local_x" v="161.13770000000113" />
    <tag k="local_y" v="133.46110000000044" />
    <tag k="ele" v="0" />
  </node>
  <node id="429" lat="42.28640449994" lon="-85.61620190025">
    <tag k="local_x" v="465.14590000000135" />
    <tag k="local_y" v="976.5043999999907" />
    <tag k="ele" v="0" />
  </node>
  <node id="430" lat="42.28644039967" lon="-85.61620959983">
    <tag k="local_x" v="464.4462999999996" />
    <tag k="local_y" v="980.4802999999956" />
    <tag k="ele" v="0" />
  </node>
  <node id="431" lat="42.28647780013" lon="-85.61619799973">
    <tag k="local_x" v="465.33520000000135" />
    <tag k="local_y" v="984.6486999999906" />
    <tag k="ele" v="0" />
  </node>
  <node id="432" lat="42.28651949994" lon="-85.61616490035">
    <tag k="local_x" v="467.9889000000003" />
    <tag k="local_y" v="989.3232999999891" />
    <tag k="ele" v="0" />
  </node>
  <node id="433" lat="42.28654689965" lon="-85.61612990043">
    <tag k="local_x" v="470.8251" />
    <tag k="local_y" v="992.412599999996" />
    <tag k="ele" v="0" />
  </node>
  <node id="434" lat="42.28656130015" lon="-85.61608520049">
    <tag k="local_x" v="474.4845000000005" />
    <tag k="local_y" v="994.0714999999909" />
    <tag k="ele" v="0" />
  </node>
  <node id="435" lat="42.28656559995" lon="-85.6160424003">
    <tag k="local_x" v="478.0055000000011" />
    <tag k="local_y" v="994.6062999999995" />
    <tag k="ele" v="0" />
  </node>
  <node id="436" lat="42.28655839961" lon="-85.61599770021">
    <tag k="local_x" v="481.70390000000043" />
    <tag k="local_y" v="993.8666999999987" />
    <tag k="ele" v="0" />
  </node>
  <node id="437" lat="42.28654110038" lon="-85.61596459939">
    <tag k="local_x" v="484.46420000000035" />
    <tag k="local_y" v="991.9902000000002" />
    <tag k="ele" v="0" />
  </node>
  <node id="438" lat="42.28651379969" lon="-85.61593550059">
    <tag k="local_x" v="486.91259999999966" />
    <tag k="local_y" v="988.9977999999974" />
    <tag k="ele" v="0" />
  </node>
  <node id="439" lat="42.28647929997" lon="-85.61591209992">
    <tag k="local_x" v="488.90420000000086" />
    <tag k="local_y" v="985.1983999999939" />
    <tag k="ele" v="0" />
  </node>
  <node id="440" lat="42.28642749962" lon="-85.61589069971">
    <tag k="local_x" v="490.7620999999999" />
    <tag k="local_y" v="979.475299999991" />
    <tag k="ele" v="0" />
  </node>
  <node id="441" lat="42.28634260038" lon="-85.61587130019">
    <tag k="local_x" v="492.51480000000083" />
    <tag k="local_y" v="970.074299999993" />
    <tag k="ele" v="0" />
  </node>
  <node id="442" lat="42.28631239979" lon="-85.61587130039">
    <tag k="local_x" v="492.569300000001" />
    <tag k="local_y" v="966.7209000000003" />
    <tag k="ele" v="0" />
  </node>
  <node id="443" lat="42.28628220009" lon="-85.61587130058">
    <tag k="local_x" v="492.6238000000012" />
    <tag k="local_y" v="963.3675999999978" />
    <tag k="ele" v="0" />
  </node>
  <node id="444" lat="42.28638480035" lon="-85.61618309985">
    <tag k="local_x" v="466.73149999999987" />
    <tag k="local_y" v="974.3421999999991" />
    <tag k="ele" v="0" />
  </node>
  <node id="445" lat="42.28623699977" lon="-85.61627070011">
    <tag k="local_x" v="459.77580000000125" />
    <tag k="local_y" v="957.8133999999991" />
    <tag k="ele" v="0" />
  </node>
  <node id="446" lat="42.27940690032" lon="-85.61252290009">
    <tag k="local_x" v="781.1319999999996" />
    <tag k="local_y" v="204.44509999999718" />
    <tag k="ele" v="0" />
  </node>
  <node id="451" lat="42.28397429984" lon="-85.60747940005">
    <tag k="local_x" v="1188.7080999999998" />
    <tag k="local_y" v="718.3863999999885" />
    <tag k="ele" v="0" />
  </node>
  <node id="457" lat="42.28241669845" lon="-85.61961375772">
    <tag k="local_x" v="191.02560000000085" />
    <tag k="local_y" v="529.1425000000017" />
    <tag k="ele" v="0" />
    <tag k="highway" v="give_way" />
  </node>
  <node id="458" lat="42.28496420013" lon="-85.61036529949">
    <tag k="local_x" v="948.9696000000004" />
    <tag k="local_y" v="824.4148999999888" />
    <tag k="ele" v="0" />
  </node>
  <node id="459" lat="42.28508140039" lon="-85.61038100002">
    <tag k="local_x" v="947.4627" />
    <tag k="local_y" v="837.4073999999964" />
    <tag k="ele" v="0" />
  </node>
  <node id="463" lat="42.28203125252" lon="-85.61957460896">
    <tag k="local_x" v="194.94740000000093" />
    <tag k="local_y" v="486.3958999999886" />
    <tag k="ele" v="0" />
  </node>
  <node id="464" lat="42.28190978526" lon="-85.61953405348">
    <tag k="local_x" v="198.51000000000022" />
    <tag k="local_y" v="472.9626999999891" />
    <tag k="ele" v="0" />
  </node>
  <node id="465" lat="42.28180708496" lon="-85.61951125378">
    <tag k="local_x" v="200.57480000000032" />
    <tag k="local_y" v="461.58959999999206" />
    <tag k="ele" v="0" />
  </node>
  <node id="466" lat="42.28177690493" lon="-85.61951782635">
    <tag k="local_x" v="200.08719999999994" />
    <tag k="local_y" v="458.2296999999962" />
    <tag k="ele" v="0" />
  </node>
  <node id="467" lat="42.2817209484" lon="-85.61955345651">
    <tag k="local_x" v="197.2501000000011" />
    <tag k="local_y" v="451.9687999999878" />
    <tag k="ele" v="0" />
  </node>
  <node id="468" lat="42.28193128489" lon="-85.61954255399">
    <tag k="local_x" v="197.77040000000125" />
    <tag k="local_y" v="475.3385999999882" />
    <tag k="ele" v="0" />
  </node>
  <node id="469" lat="42.2819003" lon="-85.61937059965">
    <tag k="local_x" v="212.0043999999998" />
    <tag k="local_y" v="472.127999999997" />
    <tag k="ele" v="0" />
  </node>
  <node id="470" lat="42.28196249968" lon="-85.61934120013">
    <tag k="local_x" v="214.31650000000081" />
    <tag k="local_y" v="479.0737999999983" />
    <tag k="ele" v="0" />
    <tag k="highway" v="give_way" />
  </node>
  <node id="471" lat="42.28192949974" lon="-85.61936040027">
    <tag k="local_x" v="212.79280000000108" />
    <tag k="local_y" v="475.3839000000007" />
    <tag k="ele" v="0" />
  </node>
  <node id="472" lat="42.28182150043" lon="-85.61938780055">
    <tag k="local_x" v="210.72800000000097" />
    <tag k="local_y" v="463.3552999999956" />
    <tag k="ele" v="0" />
  </node>
  <node id="473" lat="42.28179519982" lon="-85.61940100013">
    <tag k="local_x" v="209.6869999999999" />
    <tag k="local_y" v="460.417300000001" />
    <tag k="ele" v="0" />
  </node>
  <node id="474" lat="42.28173959988" lon="-85.61944530022">
    <tag k="local_x" v="206.13440000000082" />
    <tag k="local_y" v="454.1843999999983" />
    <tag k="ele" v="0" />
  </node>
  <node id="475" lat="42.28171179971" lon="-85.61947540016">
    <tag k="local_x" v="203.70260000000053" />
    <tag k="local_y" v="451.0573000000004" />
    <tag k="ele" v="0" />
  </node>
  <node id="476" lat="42.2821200809" lon="-85.61923979434">
    <tag k="local_x" v="222.39400000000023" />
    <tag k="local_y" v="496.70679999999993" />
    <tag k="ele" v="0" />
  </node>
  <node id="477" lat="42.2821480002" lon="-85.61922550048">
    <tag k="local_x" v="223.52230000000054" />
    <tag k="local_y" v="499.82600000000093" />
    <tag k="ele" v="0" />
  </node>
  <node id="478" lat="42.28222159996" lon="-85.61921609964">
    <tag k="local_x" v="224.16489999999976" />
    <tag k="local_y" v="508.01089999999385" />
    <tag k="ele" v="0" />
  </node>
  <node id="479" lat="42.28229169982" lon="-85.61924490001">
    <tag k="local_x" v="221.66400000000067" />
    <tag k="local_y" v="515.7560999999987" />
    <tag k="ele" v="0" />
  </node>
  <node id="480" lat="42.28237973002" lon="-85.61935256274">
    <tag k="local_x" v="212.6283999999996" />
    <tag k="local_y" v="525.386799999993" />
    <tag k="ele" v="0" />
  </node>
  <node id="481" lat="42.2824901998" lon="-85.6194171004">
    <tag k="local_x" v="207.10820000000058" />
    <tag k="local_y" v="537.5668000000005" />
    <tag k="ele" v="0" />
  </node>
  <node id="482" lat="42.28253440014" lon="-85.6194337005">
    <tag k="local_x" v="205.65990000000056" />
    <tag k="local_y" v="542.4524999999994" />
    <tag k="ele" v="0" />
  </node>
  <node id="483" lat="42.28257919982" lon="-85.61945519946">
    <tag k="local_x" v="203.8065999999999" />
    <tag k="local_y" v="547.398199999996" />
    <tag k="ele" v="0" />
  </node>
  <node id="484" lat="42.28264238457" lon="-85.61949744375">
    <tag k="local_x" v="200.20970000000125" />
    <tag k="local_y" v="554.3575999999885" />
    <tag k="ele" v="0" />
  </node>
  <node id="485" lat="42.28240079633" lon="-85.61943831816">
    <tag k="local_x" v="205.51970000000074" />
    <tag k="local_y" v="527.6112999999896" />
    <tag k="ele" v="0" />
  </node>
  <node id="486" lat="42.28239109643" lon="-85.61956551904">
    <tag k="local_x" v="195.04910000000018" />
    <tag k="local_y" v="526.3641999999963" />
    <tag k="ele" v="0" />
  </node>
  <node id="487" lat="42.28215050018" lon="-85.61973340027">
    <tag k="local_x" v="181.63990000000013" />
    <tag k="local_y" v="499.42459999999846" />
    <tag k="ele" v="0" />
  </node>
  <node id="488" lat="42.28201306152" lon="-85.61951006508">
    <tag k="local_x" v="200.30199999999968" />
    <tag k="local_y" v="484.46229999999923" />
    <tag k="ele" v="0" />
  </node>
  <node id="489" lat="42.28201259972" lon="-85.61944649974">
    <tag k="local_x" v="205.54399999999987" />
    <tag k="local_y" v="484.4959999999992" />
    <tag k="ele" v="0" />
  </node>
  <node id="490" lat="42.28203570014" lon="-85.61934800039">
    <tag k="local_x" v="213.6239999999998" />
    <tag k="local_y" v="487.1926999999996" />
    <tag k="ele" v="0" />
  </node>
  <node id="491" lat="42.28217900517" lon="-85.61986030998">
    <tag k="local_x" v="171.1244999999999" />
    <tag k="local_y" v="502.42009999998845" />
    <tag k="ele" v="0" />
  </node>
  <node id="492" lat="42.28214969917" lon="-85.61996666436">
    <tag k="local_x" v="162.40800000000127" />
    <tag k="local_y" v="499.02390000000014" />
    <tag k="ele" v="0" />
  </node>
  <node id="493" lat="42.28097359965" lon="-85.61711759972">
    <tag k="local_x" v="399.4431000000004" />
    <tag k="local_y" v="372.244200000001" />
    <tag k="ele" v="0" />
  </node>
  <node id="499" lat="42.28913999957" lon="-85.6163904999">
    <tag k="local_x" v="444.65999999999985" />
    <tag k="local_y" v="1279.9948999999906" />
    <tag k="ele" v="0" />
  </node>
  <node id="500" lat="42.2795218002" lon="-85.6185374">
    <tag k="local_x" v="284.9894000000004" />
    <tag k="local_y" v="209.13979999998992" />
    <tag k="ele" v="0" />
  </node>
  <node id="501" lat="42.27956450982" lon="-85.61853273888">
    <tag k="local_x" v="285.2968000000001" />
    <tag k="local_y" v="213.88839999999618" />
    <tag k="ele" v="0" />
  </node>
  <node id="505" lat="42.28127699986" lon="-85.62008609994">
    <tag k="local_x" v="154.1306000000004" />
    <tag k="local_y" v="401.96199999999953" />
    <tag k="ele" v="0" />
  </node>
  <node id="506" lat="42.28163200025" lon="-85.6196023994">
    <tag k="local_x" v="193.3747000000003" />
    <tag k="local_y" v="442.02679999999236" />
    <tag k="ele" v="0" />
  </node>
  <node id="507" lat="42.28033770714" lon="-85.6201115141">
    <tag k="local_x" v="153.72530000000006" />
    <tag k="local_y" v="297.6313999999984" />
    <tag k="ele" v="0" />
  </node>
  <node id="508" lat="42.2809263996" lon="-85.6170595996">
    <tag k="local_x" v="404.3106000000007" />
    <tag k="local_y" v="367.08090000000084" />
    <tag k="ele" v="0" />
  </node>
  <node id="509" lat="42.28063279976" lon="-85.61738560002">
    <tag k="local_x" v="377.95970000000125" />
    <tag k="local_y" v="334.04379999999946" />
    <tag k="ele" v="0" />
  </node>
  <node id="510" lat="42.28066109979" lon="-85.61739670032">
    <tag k="local_x" v="376.9934000000012" />
    <tag k="local_y" v="337.1713000000018" />
    <tag k="ele" v="0" />
  </node>
  <node id="511" lat="42.28073210034" lon="-85.61739409996">
    <tag k="local_x" v="377.07980000000134" />
    <tag k="local_y" v="345.0584999999992" />
    <tag k="ele" v="0" />
  </node>
  <node id="512" lat="42.28076419985" lon="-85.61738479942">
    <tag k="local_x" v="377.78880000000026" />
    <tag k="local_y" v="348.6351999999897" />
    <tag k="ele" v="0" />
  </node>
  <node id="513" lat="42.28082970013" lon="-85.61735140055">
    <tag k="local_x" v="380.4246000000003" />
    <tag k="local_y" v="355.9528999999893" />
    <tag k="ele" v="0" />
  </node>
  <node id="514" lat="42.28086080016" lon="-85.61731029953">
    <tag k="local_x" v="383.7574999999997" />
    <tag k="local_y" v="359.46119999999064" />
    <tag k="ele" v="0" />
  </node>
  <node id="515" lat="42.27867153691" lon="-85.61747018868">
    <tag k="local_x" v="374.52080000000024" />
    <tag k="local_y" v="116.15699999999197" />
    <tag k="ele" v="0" />
  </node>
  <node id="518" lat="42.27935740019" lon="-85.61639350037">
    <tag k="local_x" v="462.0645000000004" />
    <tag k="local_y" v="193.7554999999993" />
    <tag k="ele" v="0" />
  </node>
  <node id="522" lat="42.28731819981" lon="-85.61445359952">
    <tag k="local_x" v="607.6378999999997" />
    <tag k="local_y" v="1080.3036999999895" />
    <tag k="ele" v="0" />
  </node>
  <node id="523" lat="42.28730370023" lon="-85.61440649983">
    <tag k="local_x" v="611.5473000000002" />
    <tag k="local_y" v="1078.756899999993" />
    <tag k="ele" v="0" />
  </node>
  <node id="524" lat="42.28728400028" lon="-85.61430459968">
    <tag k="local_x" v="619.9842000000008" />
    <tag k="local_y" v="1076.7062000000005" />
    <tag k="ele" v="0" />
  </node>
  <node id="525" lat="42.28728779961" lon="-85.61401360008">
    <tag k="local_x" v="643.9692000000014" />
    <tag k="local_y" v="1077.5185999999958" />
    <tag k="ele" v="0" />
  </node>
  <node id="526" lat="42.28731969966" lon="-85.61351510058">
    <tag k="local_x" v="685.0110000000004" />
    <tag k="local_y" v="1081.7298999999912" />
    <tag k="ele" v="0" />
  </node>
  <node id="527" lat="42.28731669974" lon="-85.61339400032">
    <tag k="local_x" v="695.0007000000005" />
    <tag k="local_y" v="1081.5593999999983" />
    <tag k="ele" v="0" />
  </node>
  <node id="528" lat="42.28730099965" lon="-85.61318459987">
    <tag k="local_x" v="712.2934000000005" />
    <tag k="local_y" v="1080.097299999994" />
    <tag k="ele" v="0" />
  </node>
  <node id="529" lat="42.28727979961" lon="-85.61265289984">
    <tag k="local_x" v="756.1684999999998" />
    <tag k="local_y" v="1078.4574999999895" />
    <tag k="ele" v="0" />
  </node>
  <node id="530" lat="42.28525719989" lon="-85.61586809956">
    <tag k="local_x" v="494.7380000000012" />
    <tag k="local_y" v="849.5583999999944" />
    <tag k="ele" v="0" />
  </node>
  <node id="531" lat="42.28139239958" lon="-85.60950910029">
    <tag k="local_x" v="1026.0397000000012" />
    <tag k="local_y" v="428.9635999999882" />
    <tag k="ele" v="0" />
  </node>
  <node id="532" lat="42.28153919988" lon="-85.60937589989">
    <tag k="local_x" v="1036.7564000000002" />
    <tag k="local_y" v="445.443299999999" />
    <tag k="ele" v="0" />
  </node>
  <node id="533" lat="42.28164310006" lon="-85.61274100011">
    <tag k="local_x" v="759.1028000000006" />
    <tag k="local_y" v="452.4539999999979" />
    <tag k="ele" v="0" />
  </node>
  <node id="534" lat="42.28504720032" lon="-85.60943229949">
    <tag k="local_x" v="1025.7443999999996" />
    <tag k="local_y" v="834.8869999999879" />
    <tag k="ele" v="0" />
  </node>
  <node id="535" lat="42.28393173861" lon="-85.60748237143">
    <tag k="local_x" v="1188.5403999999999" />
    <tag k="local_y" v="713.6564999999973" />
    <tag k="ele" v="0" />
    <tag k="direction" v="backward" />
    <tag k="highway" v="stop" />
  </node>
  <node id="536" lat="42.28500459997" lon="-85.61618240007">
    <tag k="local_x" v="469.28009999999995" />
    <tag k="local_y" v="821.0890999999974" />
    <tag k="ele" v="0" />
  </node>
  <node id="537" lat="42.28460930011" lon="-85.61616060017">
    <tag k="local_x" v="471.79089999999997" />
    <tag k="local_y" v="777.2252000000008" />
    <tag k="ele" v="0" />
  </node>
  <node id="538" lat="42.28460719973" lon="-85.61638849973">
    <tag k="local_x" v="453.0043999999998" />
    <tag k="local_y" v="776.6866000000009" />
    <tag k="ele" v="0" />
  </node>
  <node id="539" lat="42.28557159988" lon="-85.61642879982">
    <tag k="local_x" v="447.9415000000008" />
    <tag k="local_y" v="883.7171999999991" />
    <tag k="ele" v="0" />
  </node>
  <node id="540" lat="42.2852322998" lon="-85.61641749995">
    <tag k="local_x" v="449.4853999999996" />
    <tag k="local_y" v="846.0573000000004" />
    <tag k="ele" v="0" />
  </node>
  <node id="541" lat="42.2852363002" lon="-85.61619009992">
    <tag k="local_x" v="468.22710000000006" />
    <tag k="local_y" v="846.8061999999918" />
    <tag k="ele" v="0" />
  </node>
  <node id="542" lat="42.28553590036" lon="-85.61620880011">
    <tag k="local_x" v="466.1445999999996" />
    <tag k="local_y" v="880.0479999999952" />
    <tag k="ele" v="0" />
  </node>
  <node id="543" lat="42.28558789956" lon="-85.61631810041">
    <tag k="local_x" v="457.03909999999996" />
    <tag k="local_y" v="885.6753999999928" />
    <tag k="ele" v="0" />
  </node>
  <node id="544" lat="42.28562650011" lon="-85.61622959968">
    <tag k="local_x" v="464.2662" />
    <tag k="local_y" v="890.080099999992" />
    <tag k="ele" v="0" />
  </node>
  <node id="545" lat="42.28570189992" lon="-85.61617609992">
    <tag k="local_x" v="468.54110000000037" />
    <tag k="local_y" v="898.5239999999903" />
    <tag k="ele" v="0" />
  </node>
  <node id="546" lat="42.28574230026" lon="-85.61617420039">
    <tag k="local_x" v="468.6247999999996" />
    <tag k="local_y" v="903.0124999999971" />
    <tag k="ele" v="0" />
  </node>
  <node id="547" lat="42.28577119996" lon="-85.61619170036">
    <tag k="local_x" v="467.1298000000006" />
    <tag k="local_y" v="906.1979999999894" />
    <tag k="ele" v="0" />
  </node>
  <node id="548" lat="42.28579870011" lon="-85.61621890005">
    <tag k="local_x" v="464.83760000000075" />
    <tag k="local_y" v="909.2151000000013" />
    <tag k="ele" v="0" />
  </node>
  <node id="549" lat="42.28581849973" lon="-85.6162839004">
    <tag k="local_x" v="459.4426999999996" />
    <tag k="local_y" v="911.3264999999956" />
    <tag k="ele" v="0" />
  </node>
  <node id="550" lat="42.28581869998" lon="-85.6163498998">
    <tag k="local_x" v="454.0007999999998" />
    <tag k="local_y" v="911.2602999999945" />
    <tag k="ele" v="0" />
  </node>
  <node id="551" lat="42.28581829958" lon="-85.61642210047">
    <tag k="local_x" v="448.0487000000012" />
    <tag k="local_y" v="911.1190999999963" />
    <tag k="ele" v="0" />
  </node>
  <node id="552" lat="42.28593379957" lon="-85.61673160031">
    <tag k="local_x" v="422.32260000000133" />
    <tag k="local_y" v="923.5292999999947" />
    <tag k="ele" v="0" />
  </node>
  <node id="553" lat="42.28597409966" lon="-85.61654999996">
    <tag k="local_x" v="437.22249999999985" />
    <tag k="local_y" v="928.2473999999929" />
    <tag k="ele" v="0" />
  </node>
  <node id="554" lat="42.28595580022" lon="-85.6164940001">
    <tag k="local_x" v="441.8726000000006" />
    <tag k="local_y" v="926.2904999999882" />
    <tag k="ele" v="0" />
  </node>
  <node id="555" lat="42.2859341998" lon="-85.61644910006">
    <tag k="local_x" v="445.6135000000013" />
    <tag k="local_y" v="923.9521999999997" />
    <tag k="ele" v="0" />
  </node>
  <node id="556" lat="42.2859038999" lon="-85.61642960021">
    <tag k="local_x" v="447.27590000000055" />
    <tag k="local_y" v="920.6138999999966" />
    <tag k="ele" v="0" />
  </node>
  <node id="557" lat="42.28575959985" lon="-85.61643159999">
    <tag k="local_x" v="447.3714" />
    <tag k="local_y" v="904.588499999998" />
    <tag k="ele" v="0" />
  </node>
  <node id="558" lat="42.28569469975" lon="-85.61648620024">
    <tag k="local_x" v="442.9868000000006" />
    <tag k="local_y" v="897.3089999999938" />
    <tag k="ele" v="0" />
  </node>
  <node id="559" lat="42.28563839962" lon="-85.61643550055">
    <tag k="local_x" v="447.26850000000013" />
    <tag k="local_y" v="891.1254999999946" />
    <tag k="ele" v="0" />
  </node>
  <node id="560" lat="42.28577689965" lon="-85.61657589983">
    <tag k="local_x" v="435.4429" />
    <tag k="local_y" v="906.3160999999964" />
    <tag k="ele" v="0" />
  </node>
  <node id="561" lat="42.28595869964" lon="-85.61677089992">
    <tag k="local_x" v="419.03750000000036" />
    <tag k="local_y" v="926.2414999999892" />
    <tag k="ele" v="0" />
  </node>
  <node id="562" lat="42.28599189976" lon="-85.61682939987">
    <tag k="local_x" v="414.15440000000126" />
    <tag k="local_y" v="929.8496000000014" />
    <tag k="ele" v="0" />
  </node>
  <node id="563" lat="42.28600770012" lon="-85.61688400028">
    <tag k="local_x" v="409.6242000000002" />
    <tag k="local_y" v="931.5308999999979" />
    <tag k="ele" v="0" />
  </node>
  <node id="564" lat="42.28602499987" lon="-85.61695419958">
    <tag k="local_x" v="403.8052000000007" />
    <tag k="local_y" v="933.357799999998" />
    <tag k="ele" v="0" />
  </node>
  <node id="565" lat="42.28603660013" lon="-85.61702630049">
    <tag k="local_x" v="397.83970000000045" />
    <tag k="local_y" v="934.5492999999988" />
    <tag k="ele" v="0" />
  </node>
  <node id="566" lat="42.28603950016" lon="-85.61709649951">
    <tag k="local_x" v="392.0467000000008" />
    <tag k="local_y" v="934.7773000000016" />
    <tag k="ele" v="0" />
  </node>
  <node id="567" lat="42.28603950033" lon="-85.61715699945">
    <tag k="local_x" v="387.0586000000003" />
    <tag k="local_y" v="934.696299999996" />
    <tag k="ele" v="0" />
  </node>
  <node id="568" lat="42.28603370003" lon="-85.61722910016">
    <tag k="local_x" v="381.1244999999999" />
    <tag k="local_y" v="933.9556999999913" />
    <tag k="ele" v="0" />
  </node>
  <node id="569" lat="42.28602070012" lon="-85.61729730002">
    <tag k="local_x" v="375.52499999999964" />
    <tag k="local_y" v="932.4208999999973" />
    <tag k="ele" v="0" />
  </node>
  <node id="570" lat="42.28600049989" lon="-85.61737140033">
    <tag k="local_x" v="369.45200000000114" />
    <tag k="local_y" v="930.0786999999982" />
    <tag k="ele" v="0" />
  </node>
  <node id="571" lat="42.28597599959" lon="-85.61743380055">
    <tag k="local_x" v="364.3514000000014" />
    <tag k="local_y" v="927.2746999999945" />
    <tag k="ele" v="0" />
  </node>
  <node id="572" lat="42.28593130035" lon="-85.61750790043">
    <tag k="local_x" v="358.32260000000133" />
    <tag k="local_y" v="922.2121999999945" />
    <tag k="ele" v="0" />
  </node>
  <node id="573" lat="42.28588799964" lon="-85.61756250043">
    <tag k="local_x" v="353.89900000000125" />
    <tag k="local_y" v="917.3310999999958" />
    <tag k="ele" v="0" />
  </node>
  <node id="574" lat="42.28582599985" lon="-85.6176366">
    <tag k="local_x" v="347.90140000000065" />
    <tag k="local_y" v="910.3475999999937" />
    <tag k="ele" v="0" />
  </node>
  <node id="575" lat="42.28577839997" lon="-85.61767949978">
    <tag k="local_x" v="344.45020000000113" />
    <tag k="local_y" v="905.0047999999952" />
    <tag k="ele" v="0" />
  </node>
  <node id="576" lat="42.28571200006" lon="-85.6176892999">
    <tag k="local_x" v="343.76190000000133" />
    <tag k="local_y" v="897.6187999999966" />
    <tag k="ele" v="0" />
  </node>
  <node id="577" lat="42.28443570044" lon="-85.62153039996">
    <tag k="local_x" v="29.36369999999988" />
    <tag k="local_y" v="750.7670999999973" />
    <tag k="ele" v="0" />
  </node>
  <node id="578" lat="42.29063390002" lon="-85.61787329949">
    <tag k="local_x" v="319.71910000000025" />
    <tag k="local_y" v="1443.8882999999914" />
    <tag k="ele" v="0" />
  </node>
  <node id="579" lat="42.29071930009" lon="-85.61751190011">
    <tag k="local_x" v="349.3595999999998" />
    <tag k="local_y" v="1453.8546999999962" />
    <tag k="ele" v="0" />
  </node>
  <node id="580" lat="42.29220870005" lon="-85.61751260005">
    <tag k="local_x" v="346.6162000000004" />
    <tag k="local_y" v="1619.2331999999878" />
    <tag k="ele" v="0" />
  </node>
  <node id="581" lat="42.29220870002" lon="-85.61745769948">
    <tag k="local_x" v="351.14220000000023" />
    <tag k="local_y" v="1619.306700000001" />
    <tag k="ele" v="0" />
  </node>
  <node id="582" lat="42.29222759969" lon="-85.61738710042">
    <tag k="local_x" v="356.9282999999996" />
    <tag k="local_y" v="1621.4997999999905" />
    <tag k="ele" v="0" />
  </node>
  <node id="583" lat="42.29228119975" lon="-85.61728510047">
    <tag k="local_x" v="365.2404999999999" />
    <tag k="local_y" v="1627.5879999999888" />
    <tag k="ele" v="0" />
  </node>
  <node id="584" lat="42.29233489967" lon="-85.61718899943">
    <tag k="local_x" v="373.0662000000011" />
    <tag k="local_y" v="1633.6793999999936" />
    <tag k="ele" v="0" />
  </node>
  <node id="585" lat="42.29236680002" lon="-85.61708710032">
    <tag k="local_x" v="381.40920000000006" />
    <tag k="local_y" v="1637.357999999993" />
    <tag k="ele" v="0" />
  </node>
  <node id="586" lat="42.29236680038" lon="-85.61692630046">
    <tag k="local_x" v="394.665500000001" />
    <tag k="local_y" v="1637.5733999999939" />
    <tag k="ele" v="0" />
  </node>
  <node id="587" lat="42.29236390039" lon="-85.61635569994">
    <tag k="local_x" v="441.71090000000004" />
    <tag k="local_y" v="1638.0157999999938" />
    <tag k="ele" v="0" />
  </node>
  <node id="588" lat="42.29234789994" lon="-85.6158890002">
    <tag k="local_x" v="480.21440000000075" />
    <tag k="local_y" v="1636.8646000000008" />
    <tag k="ele" v="0" />
  </node>
  <node id="589" lat="42.29233909963" lon="-85.6153644997">
    <tag k="local_x" v="523.4700000000012" />
    <tag k="local_y" v="1636.590599999996" />
    <tag k="ele" v="0" />
  </node>
  <node id="590" lat="42.2895814999" lon="-85.6176403002">
    <tag k="local_x" v="340.82550000000083" />
    <tag k="local_y" v="1327.3441999999923" />
    <tag k="ele" v="0" />
  </node>
  <node id="591" lat="42.28927080021" lon="-85.6175699005">
    <tag k="local_x" v="347.1897000000008" />
    <tag k="local_y" v="1292.9390999999887" />
    <tag k="ele" v="0" />
  </node>
  <node id="592" lat="42.28144460034" lon="-85.61701710022">
    <tag k="local_x" v="406.8803000000007" />
    <tag k="local_y" v="424.6774999999907" />
    <tag k="ele" v="0" />
  </node>
  <node id="593" lat="42.28189720015" lon="-85.61710710051">
    <tag k="local_x" v="398.64320000000043" />
    <tag k="local_y" v="474.8125" />
    <tag k="ele" v="0" />
  </node>
  <node id="594" lat="42.2816986003" lon="-85.61735480027">
    <tag k="local_x" v="378.57760000000053" />
    <tag k="local_y" v="452.4287999999942" />
    <tag k="ele" v="0" />
  </node>
  <node id="595" lat="42.28169279958" lon="-85.6179404001">
    <tag k="local_x" v="330.3032000000003" />
    <tag k="local_y" v="451.00079999999434" />
    <tag k="ele" v="0" />
  </node>
  <node id="596" lat="42.28438370013" lon="-85.61843279988">
    <tag k="local_x" v="284.854800000001" />
    <tag k="local_y" v="749.1327000000019" />
    <tag k="ele" v="0" />
  </node>
  <node id="597" lat="42.28478850013" lon="-85.61842089983">
    <tag k="local_x" v="285.106600000001" />
    <tag k="local_y" v="794.0965999999898" />
    <tag k="ele" v="0" />
  </node>
  <node id="598" lat="42.28458279994" lon="-85.61854629994">
    <tag k="local_x" v="275.13800000000083" />
    <tag k="local_y" v="771.0883999999933" />
    <tag k="ele" v="0" />
  </node>
  <node id="599" lat="42.28432669963" lon="-85.61909669974">
    <tag k="local_x" v="230.21880000000056" />
    <tag k="local_y" v="741.9154999999882" />
    <tag k="ele" v="0" />
  </node>
  <node id="600" lat="42.28431470028" lon="-85.61920590025">
    <tag k="local_x" v="221.23680000000058" />
    <tag k="local_y" v="740.4370999999956" />
    <tag k="ele" v="0" />
  </node>
  <node id="601" lat="42.28429630044" lon="-85.62053410002">
    <tag k="local_x" v="111.75950000000012" />
    <tag k="local_y" v="736.6189000000013" />
    <tag k="ele" v="0" />
  </node>
  <node id="602" lat="42.28427959967" lon="-85.62065199948">
    <tag k="local_x" v="102.06869999999981" />
    <tag k="local_y" v="734.6069999999891" />
    <tag k="ele" v="0" />
  </node>
  <node id="603" lat="42.28426529985" lon="-85.62070080007">
    <tag k="local_x" v="98.07080000000133" />
    <tag k="local_y" v="732.9539999999979" />
    <tag k="ele" v="0" />
  </node>
  <node id="604" lat="42.28425190013" lon="-85.62072799951">
    <tag k="local_x" v="95.85230000000047" />
    <tag k="local_y" v="731.4297999999981" />
    <tag k="ele" v="0" />
  </node>
  <node id="605" lat="42.28411520014" lon="-85.62091120021">
    <tag k="local_x" v="80.9932000000008" />
    <tag k="local_y" v="716.0062999999936" />
    <tag k="ele" v="0" />
  </node>
  <node id="606" lat="42.28216130018" lon="-85.61752749992">
    <tag k="local_x" v="363.5037000000011" />
    <tag k="local_y" v="503.57459999999264" />
    <tag k="ele" v="0" />
  </node>
  <node id="607" lat="42.28220570026" lon="-85.61734089972">
    <tag k="local_x" v="378.8094000000001" />
    <tag k="local_y" v="508.75449999999546" />
    <tag k="ele" v="0" />
  </node>
  <node id="608" lat="42.28220059991" lon="-85.61730009948">
    <tag k="local_x" v="382.1827000000012" />
    <tag k="local_y" v="508.2427999999927" />
    <tag k="ele" v="0" />
  </node>
  <node id="609" lat="42.28218650044" lon="-85.61727009965">
    <tag k="local_x" v="384.681700000001" />
    <tag k="local_y" v="506.7173999999941" />
    <tag k="ele" v="0" />
  </node>
  <node id="610" lat="42.28216240037" lon="-85.61723880012">
    <tag k="local_x" v="387.3059000000012" />
    <tag k="local_y" v="504.0832999999984" />
    <tag k="ele" v="0" />
  </node>
  <node id="611" lat="42.2821231" lon="-85.61720749952">
    <tag k="local_x" v="389.95759999999973" />
    <tag k="local_y" v="499.7613999999885" />
    <tag k="ele" v="0" />
  </node>
  <node id="612" lat="42.28155540025" lon="-85.61692850002">
    <tag k="local_x" v="413.9858999999997" />
    <tag k="local_y" v="437.0990999999922" />
    <tag k="ele" v="0" />
  </node>
  <node id="613" lat="42.28151959992" lon="-85.61693240002">
    <tag k="local_x" v="413.72890000000007" />
    <tag k="local_y" v="433.1186999999918" />
    <tag k="ele" v="0" />
  </node>
  <node id="614" lat="42.28148539958" lon="-85.61695150019">
    <tag k="local_x" v="412.21570000000065" />
    <tag k="local_y" v="429.29559999999765" />
    <tag k="ele" v="0" />
  </node>
  <node id="615" lat="42.28144500003" lon="-85.61697459991">
    <tag k="local_x" v="410.3839000000007" />
    <tag k="local_y" v="424.77880000000005" />
    <tag k="ele" v="0" />
  </node>
  <node id="645" lat="42.27947859968" lon="-85.61855080007">
    <tag k="local_x" v="283.96230000000105" />
    <tag k="local_y" v="204.3249999999971" />
    <tag k="ele" v="0" />
  </node>
  <node id="646" lat="42.28533950031" lon="-85.6158587997">
    <tag k="local_x" v="495.3562000000002" />
    <tag k="local_y" v="858.7092999999877" />
    <tag k="ele" v="0" />
  </node>
  <node id="647" lat="42.27979870018" lon="-85.62011739965">
    <tag k="local_x" v="154.20989999999983" />
    <tag k="local_y" v="237.77360000000044" />
    <tag k="ele" v="0" />
  </node>
  <node id="648" lat="42.2791375997" lon="-85.62014900009">
    <tag k="local_x" v="152.79380000000128" />
    <tag k="local_y" v="164.3244999999879" />
    <tag k="ele" v="0" />
  </node>
  <node id="649" lat="42.27896169957" lon="-85.62014040052">
    <tag k="local_x" v="153.81940000000031" />
    <tag k="local_y" v="144.80449999999837" />
    <tag k="ele" v="0" />
  </node>
  <node id="650" lat="42.27888369989" lon="-85.62008960028">
    <tag k="local_x" v="158.14860000000044" />
    <tag k="local_y" v="136.21149999999034" />
    <tag k="ele" v="0" />
  </node>
  <node id="657" lat="42.28733690011" lon="-85.61146130022">
    <tag k="local_x" v="854.3082000000013" />
    <tag k="local_y" v="1086.3993999999948" />
    <tag k="ele" v="0" />
  </node>
  <node id="658" lat="42.28728980033" lon="-85.6130666997">
    <tag k="local_x" v="722.0341000000008" />
    <tag k="local_y" v="1079.0120999999926" />
    <tag k="ele" v="0" />
  </node>
  <node id="659" lat="42.28731350025" lon="-85.61330309983">
    <tag k="local_x" v="702.5009000000009" />
    <tag k="local_y" v="1081.3261999999959" />
    <tag k="ele" v="0" />
  </node>
  <node id="660" lat="42.28627120005" lon="-85.61064619974">
    <tag k="local_x" v="923.4413000000004" />
    <tag k="local_y" v="969.1630000000005" />
    <tag k="ele" v="0" />
  </node>
  <node id="661" lat="42.28543140031" lon="-85.61041060016">
    <tag k="local_x" v="944.3878999999997" />
    <tag k="local_y" v="876.2307000000001" />
    <tag k="ele" v="0" />
  </node>
  <node id="662" lat="42.28557739974" lon="-85.6104962997">
    <tag k="local_x" v="937.0575000000008" />
    <tag k="local_y" v="892.3267999999953" />
    <tag k="ele" v="0" />
  </node>
  <node id="663" lat="42.28583769975" lon="-85.61056800033">
    <tag k="local_x" v="930.6742000000013" />
    <tag k="local_y" v="921.1333999999915" />
    <tag k="ele" v="0" />
  </node>
  <node id="664" lat="42.28596530005" lon="-85.61058659965">
    <tag k="local_x" v="928.9094999999998" />
    <tag k="local_y" v="935.2767999999924" />
    <tag k="ele" v="0" />
  </node>
  <node id="665" lat="42.28427519965" lon="-85.61686000032">
    <tag k="local_x" v="414.72810000000027" />
    <tag k="local_y" v="739.190499999997" />
    <tag k="ele" v="0" />
  </node>
  <node id="666" lat="42.28427780015" lon="-85.61708120033">
    <tag k="local_x" v="396.4853999999996" />
    <tag k="local_y" v="739.18299999999" />
    <tag k="ele" v="0" />
  </node>
  <node id="667" lat="42.28514549989" lon="-85.61586459963">
    <tag k="local_x" v="495.2282000000014" />
    <tag k="local_y" v="837.1601999999984" />
    <tag k="ele" v="0" />
  </node>
  <node id="668" lat="42.2850694996" lon="-85.61586200034">
    <tag k="local_x" v="495.57970000000023" />
    <tag k="local_y" v="828.7247999999963" />
    <tag k="ele" v="0" />
  </node>
  <node id="670" lat="42.28957899998" lon="-85.61667349991">
    <tag k="local_x" v="420.53629999999976" />
    <tag k="local_y" v="1328.3612999999896" />
    <tag k="ele" v="0" />
  </node>
  <node id="671" lat="42.28868339985" lon="-85.61676249984">
    <tag k="local_x" v="414.8145999999997" />
    <tag k="local_y" v="1228.7967999999964" />
    <tag k="ele" v="0" />
  </node>
  <node id="672" lat="42.2890263" lon="-85.61742789941">
    <tag k="local_x" v="359.33770000000004" />
    <tag k="local_y" v="1265.9804999999906" />
    <tag k="ele" v="0" />
  </node>
  <node id="673" lat="42.28895750013" lon="-85.61804970013">
    <tag k="local_x" v="308.197900000001" />
    <tag k="local_y" v="1257.508799999996" />
    <tag k="ele" v="0" />
  </node>
  <node id="674" lat="42.2891359996" lon="-85.61807320056">
    <tag k="local_x" v="305.9387000000006" />
    <tag k="local_y" v="1277.2975000000006" />
    <tag k="ele" v="0" />
  </node>
  <node id="675" lat="42.28916859975" lon="-85.61775950056">
    <tag k="local_x" v="331.7425999999996" />
    <tag k="local_y" v="1281.3371999999945" />
    <tag k="ele" v="0" />
  </node>
  <node id="676" lat="42.28897729973" lon="-85.61773560046">
    <tag k="local_x" v="334.0578999999998" />
    <tag k="local_y" v="1260.1276999999973" />
    <tag k="ele" v="0" />
  </node>
  <node id="677" lat="42.28899789971" lon="-85.61767970034">
    <tag k="local_x" v="338.6293999999998" />
    <tag k="local_y" v="1262.4899000000005" />
    <tag k="ele" v="0" />
  </node>
  <node id="678" lat="42.28236296269" lon="-85.61963494236">
    <tag k="local_x" v="189.3756000000012" />
    <tag k="local_y" v="523.1474999999919" />
    <tag k="ele" v="0" />
  </node>
  <node id="679" lat="42.28228142323" lon="-85.61971706173">
    <tag k="local_x" v="182.751400000001" />
    <tag k="local_y" v="513.9838000000018" />
    <tag k="ele" v="0" />
  </node>
  <node id="680" lat="42.28238245584" lon="-85.61959990909">
    <tag k="local_x" v="192.22910000000047" />
    <tag k="local_y" v="525.3588000000018" />
    <tag k="ele" v="0" />
  </node>
  <node id="681" lat="42.28206559999" lon="-85.61996490035">
    <tag k="local_x" v="162.70480000000134" />
    <tag k="local_y" v="489.6880999999994" />
    <tag k="ele" v="0" />
  </node>
  <node id="682" lat="42.28208170011" lon="-85.6198312005">
    <tag k="local_x" v="173.69980000000032" />
    <tag k="local_y" v="491.65449999998964" />
    <tag k="ele" v="0" />
  </node>
  <node id="683" lat="42.28206935906" lon="-85.61969112843">
    <tag k="local_x" v="185.27139999999963" />
    <tag k="local_y" v="490.4713999999949" />
    <tag k="ele" v="0" />
  </node>
  <node id="684" lat="42.28501769989" lon="-85.61585580024">
    <tag k="local_x" v="496.1844000000001" />
    <tag k="local_y" v="822.9813999999897" />
    <tag k="ele" v="0" />
  </node>
  <node id="685" lat="42.28199579971" lon="-85.62053630057">
    <tag k="local_x" v="115.71659999999974" />
    <tag k="local_y" v="481.174199999994" />
    <tag k="ele" v="0" />
  </node>
  <node id="686" lat="42.28261950018" lon="-85.60848399945">
    <tag k="local_x" v="1108.3366999999998" />
    <tag k="local_y" v="566.5985999999975" />
    <tag k="ele" v="0" />
  </node>
  <node id="691" lat="42.2906684001" lon="-85.61788749986">
    <tag k="local_x" v="318.4862000000012" />
    <tag k="local_y" v="1447.7001000000018" />
    <tag k="ele" v="0" />
  </node>
  <node id="692" lat="42.29073089995" lon="-85.61751579963">
    <tag k="local_x" v="349.01720000000023" />
    <tag k="local_y" v="1455.137499999997" />
    <tag k="ele" v="0" />
  </node>
  <node id="693" lat="42.28517820035" lon="-85.6089914997">
    <tag k="local_x" v="1061.8504000000012" />
    <tag k="local_y" v="850.0265999999974" />
    <tag k="ele" v="0" />
  </node>
  <node id="696" lat="42.28641999968" lon="-85.61434550024">
    <tag k="local_x" v="618.1735000000008" />
    <tag k="local_y" v="980.7148000000016" />
    <tag k="ele" v="0" />
  </node>
  <node id="697" lat="42.28672680041" lon="-85.6139330002">
    <tag k="local_x" v="651.6285000000007" />
    <tag k="local_y" v="1015.3347999999969" />
    <tag k="ele" v="0" />
  </node>
  <node id="698" lat="42.28683640018" lon="-85.61370689943">
    <tag k="local_x" v="670.0717000000004" />
    <tag k="local_y" v="1027.80799999999" />
    <tag k="ele" v="0" />
  </node>
  <node id="699" lat="42.28694420013" lon="-85.61340289986">
    <tag k="local_x" v="694.9405999999999" />
    <tag k="local_y" v="1040.1860000000015" />
    <tag k="ele" v="0" />
  </node>
  <node id="700" lat="42.2870195" lon="-85.61300960023">
    <tag k="local_x" v="727.2307000000001" />
    <tag k="local_y" v="1049.0752999999968" />
    <tag k="ele" v="0" />
  </node>
  <node id="701" lat="42.2870336997" lon="-85.61273490058">
    <tag k="local_x" v="749.8531000000003" />
    <tag k="local_y" v="1051.0209999999934" />
    <tag k="ele" v="0" />
  </node>
  <node id="702" lat="42.28671680007" lon="-85.61270560012">
    <tag k="local_x" v="752.842200000001" />
    <tag k="local_y" v="1015.8725999999879" />
    <tag k="ele" v="0" />
  </node>
  <node id="703" lat="42.28664490009" lon="-85.61323680036">
    <tag k="local_x" v="709.176300000001" />
    <tag k="local_y" v="1007.1754999999976" />
    <tag k="ele" v="0" />
  </node>
  <node id="704" lat="42.28657799996" lon="-85.61344470035">
    <tag k="local_x" v="692.156500000001" />
    <tag k="local_y" v="999.4678999999887" />
    <tag k="ele" v="0" />
  </node>
  <node id="705" lat="42.28645679974" lon="-85.61369900009">
    <tag k="local_x" v="671.4093000000012" />
    <tag k="local_y" v="985.6686999999947" />
    <tag k="ele" v="0" />
  </node>
  <node id="706" lat="42.2863079002" lon="-85.6138933999">
    <tag k="local_x" v="655.6507000000001" />
    <tag k="local_y" v="968.8742999999959" />
    <tag k="ele" v="0" />
  </node>
  <node id="707" lat="42.28618420035" lon="-85.61404030029">
    <tag k="local_x" v="643.7627000000011" />
    <tag k="local_y" v="954.9418000000005" />
    <tag k="ele" v="0" />
  </node>
  <node id="708" lat="42.28629949983" lon="-85.6141895997">
    <tag k="local_x" v="631.2448999999997" />
    <tag k="local_y" v="967.5439999999944" />
    <tag k="ele" v="0" />
  </node>
  <node id="709" lat="42.28688420039" lon="-85.61272110003">
    <tag k="local_x" v="751.2614000000012" />
    <tag k="local_y" v="1034.4394999999931" />
    <tag k="ele" v="0" />
  </node>
  <node id="710" lat="42.28705570024" lon="-85.61218609988">
    <tag k="local_x" v="795.0601000000006" />
    <tag k="local_y" v="1054.2013000000006" />
    <tag k="ele" v="0" />
  </node>
  <node id="711" lat="42.28674180002" lon="-85.61216569964">
    <tag k="local_x" v="797.3101999999999" />
    <tag k="local_y" v="1019.3739999999962" />
    <tag k="ele" v="0" />
  </node>
  <node id="712" lat="42.2867820996" lon="-85.61106430019">
    <tag k="local_x" v="888.0444000000007" />
    <tag k="local_y" v="1025.3295999999973" />
    <tag k="ele" v="0" />
  </node>
  <node id="713" lat="42.2871039999" lon="-85.6112302001">
    <tag k="local_x" v="873.7834000000003" />
    <tag k="local_y" v="1060.8494999999966" />
    <tag k="ele" v="0" />
  </node>
  <node id="714" lat="42.28689870015" lon="-85.61217590023">
    <tag k="local_x" v="796.1851999999999" />
    <tag k="local_y" v="1036.7820999999967" />
    <tag k="ele" v="0" />
  </node>
  <node id="715" lat="42.28694880024" lon="-85.61115019952">
    <tag k="local_x" v="880.6603000000014" />
    <tag k="local_y" v="1043.7240999999922" />
    <tag k="ele" v="0" />
  </node>
  <node id="716" lat="42.28659599966" lon="-85.61129280023">
    <tag k="local_x" v="869.542300000001" />
    <tag k="local_y" v="1004.3581999999878" />
    <tag k="ele" v="0" />
  </node>
  <node id="717" lat="42.2865936997" lon="-85.61105570049">
    <tag k="local_x" v="889.0946999999996" />
    <tag k="local_y" v="1004.4216999999917" />
    <tag k="ele" v="0" />
  </node>
  <node id="718" lat="42.28588410034" lon="-85.61107720008">
    <tag k="local_x" v="888.6075000000001" />
    <tag k="local_y" v="925.6005999999907" />
    <tag k="ele" v="0" />
  </node>
  <node id="719" lat="42.28589209975" lon="-85.61130199948">
    <tag k="local_x" v="870.0586999999996" />
    <tag k="local_y" v="926.1864999999962" />
    <tag k="ele" v="0" />
  </node>
  <node id="722" lat="42.28640019959" lon="-85.6143198995">
    <tag k="local_x" v="620.3199999999997" />
    <tag k="local_y" v="978.5505999999878" />
    <tag k="ele" v="0" />
  </node>
  <node id="725" lat="42.2866028003" lon="-85.61084479987">
    <tag k="local_x" v="906.4664000000012" />
    <tag k="local_y" v="1005.7158999999956" />
    <tag k="ele" v="0" />
  </node>
  <node id="726" lat="42.28730119965" lon="-85.61230840052">
    <tag k="local_x" v="784.5325000000012" />
    <tag k="local_y" v="1081.2966000000015" />
    <tag k="ele" v="0" />
  </node>
  <node id="727" lat="42.28673449958" lon="-85.61242359967">
    <tag k="local_x" v="776.060300000001" />
    <tag k="local_y" v="1018.2167999999947" />
    <tag k="ele" v="0" />
  </node>
  <node id="728" lat="42.28489739985" lon="-85.60996159991">
    <tag k="local_x" v="982.3755000000001" />
    <tag k="local_y" v="817.5408999999927" />
    <tag k="ele" v="0" />
  </node>
  <node id="729" lat="42.28625729988" lon="-85.61448920006">
    <tag k="local_x" v="606.6198000000004" />
    <tag k="local_y" v="962.4562000000005" />
    <tag k="ele" v="0" />
  </node>
  <node id="730" lat="42.28555130005" lon="-85.61390970015">
    <tag k="local_x" v="655.674500000001" />
    <tag k="local_y" v="884.8413999999902" />
    <tag k="ele" v="0" />
  </node>
  <node id="731" lat="42.28544640004" lon="-85.61385699989">
    <tag k="local_x" v="660.2092000000011" />
    <tag k="local_y" v="873.2642999999953" />
    <tag k="ele" v="0" />
  </node>
  <node id="732" lat="42.28532640031" lon="-85.61381910045">
    <tag k="local_x" v="663.5509000000002" />
    <tag k="local_y" v="859.9906999999948" />
    <tag k="ele" v="0" />
  </node>
  <node id="733" lat="42.28507399961" lon="-85.61378420011">
    <tag k="local_x" v="666.8847000000005" />
    <tag k="local_y" v="832.011599999998" />
    <tag k="ele" v="0" />
  </node>
  <node id="734" lat="42.28502799973" lon="-85.61378270053">
    <tag k="local_x" v="667.0915000000005" />
    <tag k="local_y" v="826.9058999999979" />
    <tag k="ele" v="0" />
  </node>
  <node id="735" lat="42.28484269961" lon="-85.61443879962">
    <tag k="local_x" v="613.3314000000009" />
    <tag k="local_y" v="805.4501000000018" />
    <tag k="ele" v="0" />
  </node>
  <node id="736" lat="42.28481670033" lon="-85.61457080001">
    <tag k="local_x" v="602.4950000000008" />
    <tag k="local_y" v="802.3860999999888" />
    <tag k="ele" v="0" />
  </node>
  <node id="737" lat="42.28482810006" lon="-85.61475349954">
    <tag k="local_x" v="587.4109000000008" />
    <tag k="local_y" v="803.406799999997" />
    <tag k="ele" v="0" />
  </node>
  <node id="738" lat="42.28488829968" lon="-85.61492960057">
    <tag k="local_x" v="572.7826999999997" />
    <tag k="local_y" v="809.8549999999959" />
    <tag k="ele" v="0" />
  </node>
  <node id="739" lat="42.2849681001" lon="-85.61513870033">
    <tag k="local_x" v="555.3984" />
    <tag k="local_y" v="818.4353999999876" />
    <tag k="ele" v="0" />
  </node>
  <node id="740" lat="42.28499909997" lon="-85.61533680022">
    <tag k="local_x" v="539.0092000000004" />
    <tag k="local_y" v="821.611899999989" />
    <tag k="ele" v="0" />
  </node>
  <node id="741" lat="42.28500560014" lon="-85.61552390006">
    <tag k="local_x" v="523.5712000000003" />
    <tag k="local_y" v="822.0827999999892" />
    <tag k="ele" v="0" />
  </node>
  <node id="742" lat="42.28515050013" lon="-85.6156934005">
    <tag k="local_x" v="509.33439999999973" />
    <tag k="local_y" v="837.9448999999877" />
    <tag k="ele" v="0" />
  </node>
  <node id="743" lat="42.28536060034" lon="-85.61555690011">
    <tag k="local_x" v="520.2093999999997" />
    <tag k="local_y" v="861.4568999999901" />
    <tag k="ele" v="0" />
  </node>
  <node id="744" lat="42.28551359966" lon="-85.61547109951">
    <tag k="local_x" v="527.0073000000011" />
    <tag k="local_y" v="878.5605999999971" />
    <tag k="ele" v="0" />
  </node>
  <node id="745" lat="42.28581650011" lon="-85.61501980051">
    <tag k="local_x" v="563.6692000000003" />
    <tag k="local_y" v="912.7990999999893" />
    <tag k="ele" v="0" />
  </node>
  <node id="746" lat="42.28608839956" lon="-85.61473810008">
    <tag k="local_x" v="586.4037000000008" />
    <tag k="local_y" v="943.3679999999877" />
    <tag k="ele" v="0" />
  </node>
  <node id="747" lat="42.2862528998" lon="-85.6145641997">
    <tag k="local_x" v="600.4441999999999" />
    <tag k="local_y" v="961.8669999999984" />
    <tag k="ele" v="0" />
  </node>
  <node id="748" lat="42.28610029984" lon="-85.61440610027">
    <tag k="local_x" v="613.7548999999999" />
    <tag k="local_y" v="945.1347999999998" />
    <tag k="ele" v="0" />
  </node>
  <node id="749" lat="42.28594969992" lon="-85.6143263998">
    <tag k="local_x" v="620.5982000000004" />
    <tag k="local_y" v="928.5194999999949" />
    <tag k="ele" v="0" />
  </node>
  <node id="750" lat="42.28568919997" lon="-85.61520950005">
    <tag k="local_x" v="548.2587000000003" />
    <tag k="local_y" v="898.409599999999" />
    <tag k="ele" v="0" />
  </node>
  <node id="751" lat="42.28578850043" lon="-85.6142260996">
    <tag k="local_x" v="629.1591000000008" />
    <tag k="local_y" v="910.7548999999999" />
    <tag k="ele" v="0" />
  </node>
  <node id="752" lat="42.28543179974" lon="-85.61551699954">
    <tag k="local_x" v="523.3706000000002" />
    <tag k="local_y" v="869.4161999999924" />
    <tag k="ele" v="0" />
  </node>
  <node id="753" lat="42.28563430033" lon="-85.61414539939">
    <tag k="local_x" v="636.0914000000012" />
    <tag k="local_y" v="893.7411999999895" />
    <tag k="ele" v="0" />
  </node>
  <node id="754" lat="42.28522219959" lon="-85.6156468003">
    <tag k="local_x" v="513.0470999999998" />
    <tag k="local_y" v="845.9686999999976" />
    <tag k="ele" v="0" />
  </node>
  <node id="755" lat="42.28502120015" lon="-85.61571440046">
    <tag k="local_x" v="507.83640000000014" />
    <tag k="local_y" v="823.5595999999932" />
    <tag k="ele" v="0" />
  </node>
  <node id="756" lat="42.28551110038" lon="-85.61407079993">
    <tag k="local_x" v="642.4647000000004" />
    <tag k="local_y" v="880.161500000002" />
    <tag k="ele" v="0" />
  </node>
  <node id="757" lat="42.28497790023" lon="-85.61520139939">
    <tag k="local_x" v="550.2111999999997" />
    <tag k="local_y" v="819.4394999999931" />
    <tag k="ele" v="0" />
  </node>
  <node id="758" lat="42.28537440001" lon="-85.61383419982">
    <tag k="local_x" v="662.2192000000014" />
    <tag k="local_y" v="865.3001999999979" />
    <tag k="ele" v="0" />
  </node>
  <node id="759" lat="42.28521109984" lon="-85.61380309957">
    <tag k="local_x" v="665.0786000000007" />
    <tag k="local_y" v="847.2094999999972" />
    <tag k="ele" v="0" />
  </node>
  <node id="760" lat="42.28500200045" lon="-85.61542060029">
    <tag k="local_x" v="532.0946999999996" />
    <tag k="local_y" v="821.8215999999957" />
    <tag k="ele" v="0" />
  </node>
  <node id="761" lat="42.28551530024" lon="-85.61852529992">
    <tag k="local_x" v="275.1894000000011" />
    <tag k="local_y" v="874.6589999999997" />
    <tag k="ele" v="0" />
  </node>
  <node id="762" lat="42.28565040003" lon="-85.61841">
    <tag k="local_x" v="284.45230000000083" />
    <tag k="local_y" v="889.8143999999884" />
    <tag k="ele" v="0" />
  </node>
  <node id="763" lat="42.28563850004" lon="-85.6184584004">
    <tag k="local_x" v="280.4832000000006" />
    <tag k="local_y" v="888.4282999999996" />
    <tag k="ele" v="0" />
  </node>
  <node id="765" lat="42.28727950019" lon="-85.61287699987">
    <tag k="local_x" v="737.6928000000007" />
    <tag k="local_y" v="1078.1232000000018" />
    <tag k="ele" v="0" />
  </node>
  <node id="766" lat="42.28730929979" lon="-85.61372739989">
    <tag k="local_x" v="667.5264999999999" />
    <tag k="local_y" v="1080.2900999999983" />
    <tag k="ele" v="0" />
  </node>
  <node id="767" lat="42.28750670021" lon="-85.61466909994">
    <tag k="local_x" v="589.5301" />
    <tag k="local_y" v="1100.945200000002" />
    <tag k="ele" v="0" />
  </node>
  <node id="768" lat="42.28484189982" lon="-85.61015730023">
    <tag k="local_x" v="966.3407000000007" />
    <tag k="local_y" v="811.1149000000005" />
    <tag k="ele" v="0" />
  </node>
  <node id="770" lat="42.28538915607" lon="-85.60792245678">
    <tag k="local_x" v="1149.6090999999997" />
    <tag k="local_y" v="874.8911999999982" />
    <tag k="ele" v="0" />
  </node>
  <node id="773" lat="42.28526970011" lon="-85.60867700009">
    <tag k="local_x" v="1087.6146000000008" />
    <tag k="local_y" v="860.6101999999955" />
    <tag k="ele" v="0" />
  </node>
  <node id="774" lat="42.28542245909" lon="-85.60810583156">
    <tag k="local_x" v="1134.4296000000013" />
    <tag k="local_y" v="878.3418999999994" />
    <tag k="ele" v="0" />
  </node>
  <node id="778" lat="42.27769844369" lon="-85.61566971082">
    <tag k="local_x" v="524.7404999999999" />
    <tag k="local_y" v="10.51929999999993" />
    <tag k="ele" v="0" />
  </node>
  <node id="779" lat="42.27769954412" lon="-85.61553051072">
    <tag k="local_x" v="536.2168000000001" />
    <tag k="local_y" v="10.828099999998813" />
    <tag k="ele" v="0" />
  </node>
  <node id="780" lat="42.27770934358" lon="-85.61536941114">
    <tag k="local_x" v="549.4832000000006" />
    <tag k="local_y" v="12.132199999992736" />
    <tag k="ele" v="0" />
  </node>
  <node id="781" lat="42.27773294349" lon="-85.61521591143">
    <tag k="local_x" v="562.098" />
    <tag k="local_y" v="14.958499999993364" />
    <tag k="ele" v="0" />
  </node>
  <node id="782" lat="42.27777094333" lon="-85.61506081074">
    <tag k="local_x" v="574.8188000000009" />
    <tag k="local_y" v="19.385899999993853" />
    <tag k="ele" v="0" />
  </node>
  <node id="783" lat="42.27769507618" lon="-85.61640348098">
    <tag k="local_x" v="464.2407000000003" />
    <tag k="local_y" v="9.161999999996624" />
    <tag k="ele" v="0" />
  </node>
  <node id="785" lat="42.27781005653" lon="-85.61659465119">
    <tag k="local_x" v="448.2695999999996" />
    <tag k="local_y" v="21.672999999995227" />
    <tag k="ele" v="0" />
  </node>
  <node id="786" lat="42.27798540017" lon="-85.61641230001">
    <tag k="local_x" v="462.9897000000001" />
    <tag k="local_y" v="41.38699999998789" />
    <tag k="ele" v="0" />
  </node>
  <node id="787" lat="42.28169449973" lon="-85.61375059972">
    <tag k="local_x" v="675.7646000000004" />
    <tag k="local_y" v="456.80549999998766" />
    <tag k="ele" v="0" />
  </node>
  <node id="805" lat="42.28435720028" lon="-85.60747430044">
    <tag k="local_x" v="1188.4332000000013" />
    <tag k="local_y" v="760.909599999999" />
    <tag k="ele" v="0" />
  </node>
  <node id="806" lat="42.28640259991" lon="-85.61526689998">
    <tag k="local_x" v="542.2378000000008" />
    <tag k="local_y" v="977.5467999999964" />
    <tag k="ele" v="0" />
  </node>
  <node id="807" lat="42.28649290022" lon="-85.61520920044">
    <tag k="local_x" v="546.831900000001" />
    <tag k="local_y" v="987.6508999999933" />
    <tag k="ele" v="0" />
  </node>
  <node id="808" lat="42.28657680017" lon="-85.61515449973">
    <tag k="local_x" v="551.1903000000002" />
    <tag k="local_y" v="997.0402999999933" />
    <tag k="ele" v="0" />
  </node>
  <node id="809" lat="42.28680080006" lon="-85.61499650045">
    <tag k="local_x" v="563.8122999999996" />
    <tag k="local_y" v="1022.1245999999956" />
    <tag k="ele" v="0" />
  </node>
  <node id="810" lat="42.28690629979" lon="-85.61492480013">
    <tag k="local_x" v="569.5331999999999" />
    <tag k="local_y" v="1033.9351999999926" />
    <tag k="ele" v="0" />
  </node>
  <node id="811" lat="42.28488260002" lon="-85.61377649989">
    <tag k="local_x" v="667.865600000001" />
    <tag k="local_y" v="810.7693999999901" />
    <tag k="ele" v="0" />
  </node>
  <node id="812" lat="42.28479949977" lon="-85.61377870042">
    <tag k="local_x" v="667.8343999999997" />
    <tag k="local_y" v="801.5391999999993" />
    <tag k="ele" v="0" />
  </node>
  <node id="813" lat="42.2847529001" lon="-85.61378100055">
    <tag k="local_x" v="667.7290000000012" />
    <tag k="local_y" v="796.3617999999988" />
    <tag k="ele" v="0" />
  </node>
  <node id="814" lat="42.28472710011" lon="-85.6137921994">
    <tag k="local_x" v="666.8523000000005" />
    <tag k="local_y" v="793.4819999999891" />
    <tag k="ele" v="0" />
  </node>
  <node id="815" lat="42.28471130013" lon="-85.61382260051">
    <tag k="local_x" v="664.3743000000013" />
    <tag k="local_y" v="791.6867999999959" />
    <tag k="ele" v="0" />
  </node>
  <node id="816" lat="42.2846074001" lon="-85.61423060021">
    <tag k="local_x" v="630.9225999999999" />
    <tag k="local_y" v="779.6023999999888" />
    <tag k="ele" v="0" />
  </node>
  <node id="818" lat="42.2847993003" lon="-85.61350150043">
    <tag k="local_x" v="690.6898000000001" />
    <tag k="local_y" v="801.8891999999905" />
    <tag k="ele" v="0" />
  </node>
  <node id="819" lat="42.28480339961" lon="-85.61348480038">
    <tag k="local_x" v="692.0593000000008" />
    <tag k="local_y" v="802.3667999999889" />
    <tag k="ele" v="0" />
  </node>
  <node id="820" lat="42.28463950003" lon="-85.60747020009">
    <tag k="local_x" v="1188.258600000001" />
    <tag k="local_y" v="792.2609999999986" />
    <tag k="ele" v="0" />
  </node>
  <node id="821" lat="42.28468389985" lon="-85.60750850056">
    <tag k="local_x" v="1185.0200999999997" />
    <tag k="local_y" v="797.1394" />
    <tag k="ele" v="0" />
  </node>
  <node id="822" lat="42.28501940002" lon="-85.60752289997">
    <tag k="local_x" v="1183.2236000000012" />
    <tag k="local_y" v="834.3730999999971" />
    <tag k="ele" v="0" />
  </node>
  <node id="823" lat="42.28506560039" lon="-85.60755440053">
    <tag k="local_x" v="1180.5425000000014" />
    <tag k="local_y" v="839.4605999999912" />
    <tag k="ele" v="0" />
  </node>
  <node id="824" lat="42.28513639973" lon="-85.60765310043">
    <tag k="local_x" v="1172.2762000000002" />
    <tag k="local_y" v="847.1888999999937" />
    <tag k="ele" v="0" />
  </node>
  <node id="825" lat="42.28529697789" lon="-85.60786990854">
    <tag k="local_x" v="1154.1090000000004" />
    <tag k="local_y" v="864.7267999999895" />
    <tag k="ele" v="0" />
  </node>
  <node id="826" lat="42.28839297746" lon="-85.61488303154">
    <tag k="local_x" v="570.2911999999997" />
    <tag k="local_y" v="1199.068299999999" />
    <tag k="ele" v="0" />
  </node>
  <node id="827" lat="42.28838512722" lon="-85.61482840699">
    <tag k="local_x" v="574.8089" />
    <tag k="local_y" v="1198.2698999999993" />
    <tag k="ele" v="0" />
  </node>
  <node id="828" lat="42.28542979969" lon="-85.61583300061">
    <tag k="local_x" v="497.3203000000012" />
    <tag k="local_y" v="868.7704999999987" />
    <tag k="ele" v="0" />
  </node>
  <node id="829" lat="42.28560500014" lon="-85.61574759986">
    <tag k="local_x" v="504.0452000000005" />
    <tag k="local_y" v="888.3387999999977" />
    <tag k="ele" v="0" />
  </node>
  <node id="830" lat="42.28575009974" lon="-85.6156598001">
    <tag k="local_x" v="511.02220000000125" />
    <tag k="local_y" v="904.5679999999993" />
    <tag k="ele" v="0" />
  </node>
  <node id="831" lat="42.28592270005" lon="-85.61555649983">
    <tag k="local_x" v="519.2275000000009" />
    <tag k="local_y" v="923.8715999999986" />
    <tag k="ele" v="0" />
  </node>
  <node id="832" lat="42.28608580021" lon="-85.61545800025">
    <tag k="local_x" v="527.0541000000012" />
    <tag k="local_y" v="942.1138999999966" />
    <tag k="ele" v="0" />
  </node>
  <node id="833" lat="42.2861728999" lon="-85.61540470018">
    <tag k="local_x" v="531.2913000000008" />
    <tag k="local_y" v="951.8566999999894" />
    <tag k="ele" v="0" />
  </node>
  <node id="834" lat="42.28586480004" lon="-85.61642680031">
    <tag k="local_x" v="447.57730000000083" />
    <tag k="local_y" v="916.2760999999882" />
    <tag k="ele" v="0" />
  </node>
  <node id="835" lat="42.28591339975" lon="-85.61643589942">
    <tag k="local_x" v="446.7394000000004" />
    <tag k="local_y" v="921.6602999999886" />
    <tag k="ele" v="0" />
  </node>
  <node id="836" lat="42.28596620018" lon="-85.6166172999">
    <tag k="local_x" v="431.6880000000001" />
    <tag k="local_y" v="927.280099999989" />
    <tag k="ele" v="0" />
  </node>
  <node id="837" lat="42.2857428997" lon="-85.61644559946">
    <tag k="local_x" v="446.2473000000009" />
    <tag k="local_y" v="902.715400000001" />
    <tag k="ele" v="0" />
  </node>
  <node id="838" lat="42.28175720728" lon="-85.62141034398">
    <tag k="local_x" v="44.077800000000934" />
    <tag k="local_y" v="453.5142999999953" />
    <tag k="ele" v="0" />
  </node>
  <node id="839" lat="42.28164846147" lon="-85.62137936662">
    <tag k="local_x" v="46.82750000000124" />
    <tag k="local_y" v="441.48079999999027" />
    <tag k="ele" v="0" />
  </node>
  <node id="840" lat="42.28194059996" lon="-85.62031710025">
    <tag k="local_x" v="133.88969999999972" />
    <tag k="local_y" v="475.3377999999939" />
    <tag k="ele" v="0" />
  </node>
  <node id="841" lat="42.28210651605" lon="-85.62013425795">
    <tag k="local_x" v="148.66710000000057" />
    <tag k="local_y" v="494.0049999999901" />
    <tag k="ele" v="0" />
  </node>
  <node id="842" lat="42.28199759985" lon="-85.6205297">
    <tag k="local_x" v="116.25760000000082" />
    <tag k="local_y" v="481.3828999999969" />
    <tag k="ele" v="0" />
  </node>
  <node id="843" lat="42.28301596657" lon="-85.61964959825">
    <tag k="local_x" v="186.9917000000005" />
    <tag k="local_y" v="595.6357999999891" />
    <tag k="ele" v="0" />
  </node>
  <node id="844" lat="42.28239709628" lon="-85.61953911845">
    <tag k="local_x" v="197.21510000000126" />
    <tag k="local_y" v="527.0656999999919" />
    <tag k="ele" v="0" />
  </node>
  <node id="845" lat="42.28233025003" lon="-85.61927624988">
    <tag k="local_x" v="219.00970000000052" />
    <tag k="local_y" v="519.9946999999956" />
    <tag k="ele" v="0" />
  </node>
  <node id="846" lat="42.28201838195" lon="-85.61954647021">
    <tag k="local_x" v="197.29070000000138" />
    <tag k="local_y" v="485.0043999999907" />
    <tag k="ele" v="0" />
  </node>
  <node id="847" lat="42.2822217004" lon="-85.61974080013">
    <tag k="local_x" v="180.90160000000105" />
    <tag k="local_y" v="507.3205999999918" />
    <tag k="ele" v="0" />
  </node>
  <node id="848" lat="42.28136860014" lon="-85.62001640013">
    <tag k="local_x" v="159.71280000000115" />
    <tag k="local_y" v="412.22619999999006" />
    <tag k="ele" v="0" />
  </node>
  <node id="849" lat="42.27770081694" lon="-85.61689448375">
    <tag k="local_x" v="423.7428" />
    <tag k="local_y" v="9.141699999992852" />
    <tag k="ele" v="0" />
  </node>
  <node id="850" lat="42.27890999993" lon="-85.61916560054">
    <tag k="local_x" v="234.29180000000088" />
    <tag k="local_y" v="140.36689999999362" />
    <tag k="ele" v="0" />
  </node>
  <node id="851" lat="42.29056739959" lon="-85.61785070037">
    <tag k="local_x" v="321.7021000000004" />
    <tag k="local_y" v="1436.5344999999943" />
    <tag k="ele" v="0" />
  </node>
  <node id="852" lat="42.28169970136" lon="-85.62119319876">
    <tag k="local_x" v="62.08560000000034" />
    <tag k="local_y" v="447.41889999998966" />
    <tag k="ele" v="0" />
  </node>
  <node id="853" lat="42.28104399984" lon="-85.6201009006">
    <tag k="local_x" v="153.32949999999983" />
    <tag k="local_y" v="376.07050000000163" />
    <tag k="ele" v="0" />
  </node>
  <node id="854" lat="42.28180250147" lon="-85.620816198">
    <tag k="local_x" v="92.98580000000038" />
    <tag k="local_y" v="459.33699999999953" />
    <tag k="ele" v="0" />
  </node>
  <node id="855" lat="42.29230010003" lon="-85.61536560032">
    <tag k="local_x" v="523.449700000001" />
    <tag k="local_y" v="1632.2586999999912" />
    <tag k="ele" v="0" />
  </node>
  <node id="856" lat="42.29229220036" lon="-85.61467379983">
    <tag k="local_x" v="580.4958999999999" />
    <tag k="local_y" v="1632.3093999999983" />
    <tag k="ele" v="0" />
  </node>
  <node id="857" lat="42.29229600036" lon="-85.61438039967">
    <tag k="local_x" v="604.6769000000004" />
    <tag k="local_y" v="1633.125" />
    <tag k="ele" v="0" />
  </node>
  <node id="858" lat="42.29228649966" lon="-85.61432939971">
    <tag k="local_x" v="608.8985000000011" />
    <tag k="local_y" v="1632.138500000001" />
    <tag k="ele" v="0" />
  </node>
  <node id="859" lat="42.29226009964" lon="-85.61429869996">
    <tag k="local_x" v="611.4771000000001" />
    <tag k="local_y" v="1629.248299999992" />
    <tag k="ele" v="0" />
  </node>
  <node id="860" lat="42.29142779967" lon="-85.61428339945">
    <tag k="local_x" v="614.2428" />
    <tag k="local_y" v="1536.852199999994" />
    <tag k="ele" v="0" />
  </node>
  <node id="861" lat="42.2913976004" lon="-85.61428849985">
    <tag k="local_x" v="613.8769000000011" />
    <tag k="local_y" v="1533.4920999999886" />
    <tag k="ele" v="0" />
  </node>
  <node id="862" lat="42.29135980045" lon="-85.61433700019">
    <tag k="local_x" v="609.9467999999997" />
    <tag k="local_y" v="1529.229800000001" />
    <tag k="ele" v="0" />
  </node>
  <node id="863" lat="42.29135979972" lon="-85.61452839994">
    <tag k="local_x" v="594.1676000000007" />
    <tag k="local_y" v="1528.9728999999934" />
    <tag k="ele" v="0" />
  </node>
  <node id="864" lat="42.29137299987" lon="-85.61467889954">
    <tag k="local_x" v="581.7363999999998" />
    <tag k="local_y" v="1530.236699999994" />
    <tag k="ele" v="0" />
  </node>
  <node id="865" lat="42.29139569974" lon="-85.61477330016">
    <tag k="local_x" v="573.9129000000012" />
    <tag k="local_y" v="1532.6305999999895" />
    <tag k="ele" v="0" />
  </node>
  <node id="866" lat="42.29145800001" lon="-85.61489830039">
    <tag k="local_x" v="563.4952000000012" />
    <tag k="local_y" v="1539.3805999999895" />
    <tag k="ele" v="0" />
  </node>
  <node id="867" lat="42.29152030035" lon="-85.61497999952">
    <tag k="local_x" v="556.6473000000005" />
    <tag k="local_y" v="1546.1886999999988" />
    <tag k="ele" v="0" />
  </node>
  <node id="868" lat="42.2916296997" lon="-85.61508710033">
    <tag k="local_x" v="547.6202000000012" />
    <tag k="local_y" v="1558.19249999999" />
    <tag k="ele" v="0" />
  </node>
  <node id="869" lat="42.2917430001" lon="-85.61514839948">
    <tag k="local_x" v="542.362000000001" />
    <tag k="local_y" v="1570.6909000000014" />
    <tag k="ele" v="0" />
  </node>
  <node id="870" lat="42.29183169969" lon="-85.61515599989">
    <tag k="local_x" v="541.5752000000011" />
    <tag k="local_y" v="1580.5296999999991" />
    <tag k="ele" v="0" />
  </node>
  <node id="871" lat="42.29195249999" lon="-85.61520959988">
    <tag k="local_x" v="536.9382000000005" />
    <tag k="local_y" v="1593.8711999999941" />
    <tag k="ele" v="0" />
  </node>
  <node id="872" lat="42.2919675998" lon="-85.61528099976">
    <tag k="local_x" v="531.0246999999999" />
    <tag k="local_y" v="1595.452099999995" />
    <tag k="ele" v="0" />
  </node>
  <node id="873" lat="42.29196779958" lon="-85.61537539948">
    <tag k="local_x" v="523.2420000000002" />
    <tag k="local_y" v="1595.3476999999984" />
    <tag k="ele" v="0" />
  </node>
  <node id="874" lat="42.28557640028" lon="-85.61660400032">
    <tag k="local_x" v="433.4878000000008" />
    <tag k="local_y" v="884.0154999999941" />
    <tag k="ele" v="0" />
  </node>
  <node id="875" lat="42.28557339994" lon="-85.61667569968">
    <tag k="local_x" v="427.58170000000064" />
    <tag k="local_y" v="883.5862999999954" />
    <tag k="ele" v="0" />
  </node>
  <node id="876" lat="42.28555439984" lon="-85.61677900008">
    <tag k="local_x" v="419.09900000000016" />
    <tag k="local_y" v="881.3381999999983" />
    <tag k="ele" v="0" />
  </node>
  <node id="877" lat="42.28551340004" lon="-85.61685260054">
    <tag k="local_x" v="413.10469999999987" />
    <tag k="local_y" v="876.6870999999956" />
    <tag k="ele" v="0" />
  </node>
  <node id="878" lat="42.28546450017" lon="-85.61689320041">
    <tag k="local_x" v="409.84550000000127" />
    <tag k="local_y" v="871.2029999999941" />
    <tag k="ele" v="0" />
  </node>
  <node id="879" lat="42.2852695998" lon="-85.61690659974">
    <tag k="local_x" v="409.09230000000025" />
    <tag k="local_y" v="849.5437999999995" />
    <tag k="ele" v="0" />
  </node>
  <node id="880" lat="42.28518460001" lon="-85.61690669945">
    <tag k="local_x" v="409.2374" />
    <tag k="local_y" v="840.1054999999906" />
    <tag k="ele" v="0" />
  </node>
  <node id="881" lat="42.28514859957" lon="-85.61690669989">
    <tag k="local_x" v="409.3023000000012" />
    <tag k="local_y" v="836.1080999999976" />
    <tag k="ele" v="0" />
  </node>
  <node id="882" lat="42.28514859978" lon="-85.61681749948">
    <tag k="local_x" v="416.65680000000066" />
    <tag k="local_y" v="836.2275999999983" />
    <tag k="ele" v="0" />
  </node>
  <node id="883" lat="42.28514169987" lon="-85.61641369979">
    <tag k="local_x" v="449.96219999999994" />
    <tag k="local_y" v="836.0023999999976" />
    <tag k="ele" v="0" />
  </node>
  <node id="884" lat="42.28429340026" lon="-85.61781339992">
    <tag k="local_x" v="336.08719999999994" />
    <tag k="local_y" v="739.9348999999929" />
    <tag k="ele" v="0" />
  </node>
  <node id="885" lat="42.28440720028" lon="-85.61779440017">
    <tag k="local_x" v="337.4485999999997" />
    <tag k="local_y" v="752.5963999999949" />
    <tag k="ele" v="0" />
  </node>
  <node id="886" lat="42.28449409975" lon="-85.61778140024">
    <tag k="local_x" v="338.363800000001" />
    <tag k="local_y" v="762.2629000000015" />
    <tag k="ele" v="0" />
  </node>
  <node id="887" lat="42.28455100044" lon="-85.61774509979">
    <tag k="local_x" v="341.2542000000012" />
    <tag k="local_y" v="768.6296000000002" />
    <tag k="ele" v="0" />
  </node>
  <node id="888" lat="42.28462069957" lon="-85.61767840054">
    <tag k="local_x" v="346.6279000000013" />
    <tag k="local_y" v="776.4580999999889" />
    <tag k="ele" v="0" />
  </node>
  <node id="889" lat="42.28465720024" lon="-85.61757400004">
    <tag k="local_x" v="355.1699000000008" />
    <tag k="local_y" v="780.6507999999885" />
    <tag k="ele" v="0" />
  </node>
  <node id="890" lat="42.28467010041" lon="-85.61742170059">
    <tag k="local_x" v="367.7037" />
    <tag k="local_y" v="782.2871000000014" />
    <tag k="ele" v="0" />
  </node>
  <node id="891" lat="42.28466580039" lon="-85.61727960023">
    <tag k="local_x" v="379.4276000000009" />
    <tag k="local_y" v="781.9998999999953" />
    <tag k="ele" v="0" />
  </node>
  <node id="892" lat="42.28465610023" lon="-85.6171722997">
    <tag k="local_x" v="388.2920000000013" />
    <tag k="local_y" v="781.0665000000008" />
    <tag k="ele" v="0" />
  </node>
  <node id="893" lat="42.28462389994" lon="-85.61707370002">
    <tag k="local_x" v="396.4796000000006" />
    <tag k="local_y" v="777.6230999999971" />
    <tag k="ele" v="0" />
  </node>
  <node id="894" lat="42.28458209989" lon="-85.61703309947">
    <tag k="local_x" v="399.90250000000015" />
    <tag k="local_y" v="773.0360999999975" />
    <tag k="ele" v="0" />
  </node>
  <node id="895" lat="42.28451990037" lon="-85.61700839943">
    <tag k="local_x" v="402.0511999999999" />
    <tag k="local_y" v="766.1627000000008" />
    <tag k="ele" v="0" />
  </node>
  <node id="896" lat="42.28439220004" lon="-85.61699830028">
    <tag k="local_x" v="403.1142" />
    <tag k="local_y" v="751.9966999999888" />
    <tag k="ele" v="0" />
  </node>
  <node id="897" lat="42.28427670007" lon="-85.61698819988">
    <tag k="local_x" v="404.15530000000035" />
    <tag k="local_y" v="739.1853999999876" />
    <tag k="ele" v="0" />
  </node>
  <node id="898" lat="42.29220869988" lon="-85.61747890037">
    <tag k="local_x" v="349.39440000000104" />
    <tag k="local_y" v="1619.2782999999908" />
    <tag k="ele" v="0" />
  </node>
  <node id="899" lat="42.29218879972" lon="-85.61747899966">
    <tag k="local_x" v="349.4220999999998" />
    <tag k="local_y" v="1617.068499999994" />
    <tag k="ele" v="0" />
  </node>
  <node id="900" lat="42.29113700033" lon="-85.61835540042">
    <tag k="local_x" v="279.0671000000002" />
    <tag k="local_y" v="1499.1061999999947" />
    <tag k="ele" v="0" />
  </node>
  <node id="901" lat="42.29111750001" lon="-85.61856710045">
    <tag k="local_x" v="261.64940000000024" />
    <tag k="local_y" v="1496.657699999996" />
    <tag k="ele" v="0" />
  </node>
  <node id="902" lat="42.29093030017" lon="-85.61853239952">
    <tag k="local_x" v="264.84749999999985" />
    <tag k="local_y" v="1475.9179000000004" />
    <tag k="ele" v="0" />
  </node>
  <node id="903" lat="42.29111830017" lon="-85.61811340058">
    <tag k="local_x" v="299.0516000000007" />
    <tag k="local_y" v="1497.3535999999876" />
    <tag k="ele" v="0" />
  </node>
  <node id="904" lat="42.29114230008" lon="-85.61814649977">
    <tag k="local_x" v="296.27959999999985" />
    <tag k="local_y" v="1499.974199999997" />
    <tag k="ele" v="0" />
  </node>
  <node id="905" lat="42.29115050025" lon="-85.61819330057">
    <tag k="local_x" v="292.40650000000096" />
    <tag k="local_y" v="1500.8220999999903" />
    <tag k="ele" v="0" />
  </node>
  <node id="906" lat="42.29096529985" lon="-85.61802769951">
    <tag k="local_x" v="306.39270000000033" />
    <tag k="local_y" v="1480.4795000000013" />
    <tag k="ele" v="0" />
  </node>
  <node id="907" lat="42.29090120042" lon="-85.61799120025">
    <tag k="local_x" v="309.51730000000134" />
    <tag k="local_y" v="1473.410899999988" />
    <tag k="ele" v="0" />
  </node>
  <node id="908" lat="42.29081640014" lon="-85.61794740034">
    <tag k="local_x" v="313.28110000000015" />
    <tag k="local_y" v="1464.0534999999945" />
    <tag k="ele" v="0" />
  </node>
  <node id="909" lat="42.28914019967" lon="-85.61803260001">
    <tag k="local_x" v="309.27840000000106" />
    <tag k="local_y" v="1277.8181999999942" />
    <tag k="ele" v="0" />
  </node>
  <node id="910" lat="42.28900010003" lon="-85.61765820012">
    <tag k="local_x" v="340.39800000000105" />
    <tag k="local_y" v="1262.7629999999917" />
    <tag k="ele" v="0" />
  </node>
  <node id="911" lat="42.28967420003" lon="-85.61765890044">
    <tag k="local_x" v="339.1249000000007" />
    <tag k="local_y" v="1337.6124999999884" />
    <tag k="ele" v="0" />
  </node>
  <node id="913" lat="42.27977269963" lon="-85.61154869997">
    <tag k="local_x" v="860.7990000000009" />
    <tag k="local_y" v="246.37189999999828" />
    <tag k="ele" v="0" />
  </node>
  <node id="915" lat="42.2852278996" lon="-85.62004980005">
    <tag k="local_x" v="150.01360000000022" />
    <tag k="local_y" v="840.7083999999886" />
    <tag k="ele" v="0" />
  </node>
  <node id="916" lat="42.28514609998" lon="-85.61667119976">
    <tag k="local_x" v="428.72360000000117" />
    <tag k="local_y" v="836.1459999999934" />
    <tag k="ele" v="0" />
  </node>
  <node id="917" lat="42.28109540022" lon="-85.61078589986">
    <tag k="local_x" v="921.3004000000001" />
    <tag k="local_y" v="394.2670999999973" />
    <tag k="ele" v="0" />
  </node>
  <node id="918" lat="42.28108330007" lon="-85.61088939962">
    <tag k="local_x" v="912.7883000000002" />
    <tag k="local_y" v="392.78429999999935" />
    <tag k="ele" v="0" />
  </node>
  <node id="919" lat="42.28082279985" lon="-85.61103229957">
    <tag k="local_x" v="901.4773999999998" />
    <tag k="local_y" v="363.6667999999918" />
    <tag k="ele" v="0" />
  </node>
  <node id="920" lat="42.28035419992" lon="-85.61144860035">
    <tag k="local_x" v="867.9999000000007" />
    <tag k="local_y" v="311.0747999999876" />
    <tag k="ele" v="0" />
  </node>
  <node id="921" lat="42.28025720031" lon="-85.61159809953">
    <tag k="local_x" v="855.8485000000001" />
    <tag k="local_y" v="300.10319999999774" />
    <tag k="ele" v="0" />
  </node>
  <node id="922" lat="42.28017759972" lon="-85.61174110023">
    <tag k="local_x" v="844.2013999999999" />
    <tag k="local_y" v="291.0722999999998" />
    <tag k="ele" v="0" />
  </node>
  <node id="924" lat="42.2817482999" lon="-85.61768370024">
    <tag k="local_x" v="351.3690000000006" />
    <tag k="local_y" v="457.5069999999978" />
    <tag k="ele" v="0" />
  </node>
  <node id="925" lat="42.2842379996" lon="-85.61612889983">
    <tag k="local_x" v="475.07470000000103" />
    <tag k="local_y" v="736.0393999999942" />
    <tag k="ele" v="0" />
  </node>
  <node id="926" lat="42.28421709974" lon="-85.61618280036">
    <tag k="local_x" v="470.6683000000012" />
    <tag k="local_y" v="733.646499999988" />
    <tag k="ele" v="0" />
  </node>
  <node id="927" lat="42.28446929977" lon="-85.61632710051">
    <tag k="local_x" v="458.3155999999999" />
    <tag k="local_y" v="761.4567999999999" />
    <tag k="ele" v="0" />
  </node>
  <node id="928" lat="42.28448340023" lon="-85.61626880043">
    <tag k="local_x" v="463.09699999999975" />
    <tag k="local_y" v="763.1005999999907" />
    <tag k="ele" v="0" />
  </node>
  <node id="929" lat="42.28448269978" lon="-85.61620740039">
    <tag k="local_x" v="468.16070000000036" />
    <tag k="local_y" v="763.1051000000007" />
    <tag k="ele" v="0" />
  </node>
  <node id="930" lat="42.2844672003" lon="-85.61614969966">
    <tag k="local_x" v="472.946100000001" />
    <tag k="local_y" v="761.4614000000001" />
    <tag k="ele" v="0" />
  </node>
  <node id="931" lat="42.28443859984" lon="-85.61610199949">
    <tag k="local_x" v="476.9305999999997" />
    <tag k="local_y" v="758.3496000000014" />
    <tag k="ele" v="0" />
  </node>
  <node id="932" lat="42.28421800004" lon="-85.61630299961">
    <tag k="local_x" v="460.7561999999998" />
    <tag k="local_y" v="733.5853999999963" />
    <tag k="ele" v="0" />
  </node>
  <node id="933" lat="42.28421019999" lon="-85.61624299961">
    <tag k="local_x" v="465.71730000000025" />
    <tag k="local_y" v="732.7996999999887" />
    <tag k="ele" v="0" />
  </node>
  <node id="934" lat="42.28423990002" lon="-85.61635630054">
    <tag k="local_x" v="456.3220000000001" />
    <tag k="local_y" v="735.9456999999966" />
    <tag k="ele" v="0" />
  </node>
  <node id="935" lat="42.2844419002" lon="-85.6163759997">
    <tag k="local_x" v="454.33330000000024" />
    <tag k="local_y" v="758.3488999999972" />
    <tag k="ele" v="0" />
  </node>
  <node id="936" lat="42.2842706998" lon="-85.61608700047">
    <tag k="local_x" v="478.47030000000086" />
    <tag k="local_y" v="739.7264999999898" />
    <tag k="ele" v="0" />
  </node>
  <node id="937" lat="42.28431170031" lon="-85.61606170039">
    <tag k="local_x" v="480.48229999999967" />
    <tag k="local_y" v="744.3129999999946" />
    <tag k="ele" v="0" />
  </node>
  <node id="938" lat="42.28435660008" lon="-85.61605569995">
    <tag k="local_x" v="480.89600000000064" />
    <tag k="local_y" v="749.3065999999963" />
    <tag k="ele" v="0" />
  </node>
  <node id="939" lat="42.28440049992" lon="-85.61606960007">
    <tag k="local_x" v="479.6707000000006" />
    <tag k="local_y" v="754.1624999999913" />
    <tag k="ele" v="0" />
  </node>
  <node id="940" lat="42.28440409967" lon="-85.61641019987">
    <tag k="local_x" v="451.58170000000064" />
    <tag k="local_y" v="754.1057999999903" />
    <tag k="ele" v="0" />
  </node>
  <node id="941" lat="42.28436030036" lon="-85.61642589942">
    <tag k="local_x" v="450.3662999999997" />
    <tag k="local_y" v="749.2213999999949" />
    <tag k="ele" v="0" />
  </node>
  <node id="942" lat="42.2843150001" lon="-85.61642140021">
    <tag k="local_x" v="450.8190000000013" />
    <tag k="local_y" v="744.19739999999" />
    <tag k="ele" v="0" />
  </node>
  <node id="943" lat="42.28535349957" lon="-85.61845649988">
    <tag k="local_x" v="281.15340000000106" />
    <tag k="local_y" v="856.7850999999937" />
    <tag k="ele" v="0" />
  </node>
  <node id="944" lat="42.28416200022" lon="-85.61602900058">
    <tag k="local_x" v="483.4485999999997" />
    <tag k="local_y" v="727.7344999999914" />
    <tag k="ele" v="0" />
  </node>
  <node id="945" lat="42.28417069978" lon="-85.61569459972">
    <tag k="local_x" v="511.0043999999998" />
    <tag k="local_y" v="729.1486999999906" />
    <tag k="ele" v="0" />
  </node>
  <node id="946" lat="42.28357969972" lon="-85.61539940022">
    <tag k="local_x" v="536.4109000000008" />
    <tag k="local_y" v="663.9213000000018" />
    <tag k="ele" v="0" />
  </node>
  <node id="947" lat="42.2830074" lon="-85.61502689959">
    <tag k="local_x" v="568.1576999999997" />
    <tag k="local_y" v="600.8741000000009" />
    <tag k="ele" v="0" />
  </node>
  <node id="948" lat="42.2829552002" lon="-85.61470570052">
    <tag k="local_x" v="594.7355000000007" />
    <tag k="local_y" v="595.508799999996" />
    <tag k="ele" v="0" />
  </node>
  <node id="949" lat="42.28314069969" lon="-85.6151763001">
    <tag k="local_x" v="555.5986000000012" />
    <tag k="local_y" v="615.4749999999913" />
    <tag k="ele" v="0" />
  </node>
  <node id="950" lat="42.28296209959" lon="-85.61489900001">
    <tag k="local_x" v="578.785100000001" />
    <tag k="local_y" v="596.0155999999988" />
    <tag k="ele" v="0" />
  </node>
  <node id="951" lat="42.28076730015" lon="-85.61020249967">
    <tag k="local_x" v="969.9989999999998" />
    <tag k="local_y" v="358.6206999999995" />
    <tag k="ele" v="0" />
  </node>
  <node id="952" lat="42.28089849967" lon="-85.61895139949">
    <tag k="local_x" v="248.3731000000007" />
    <tag k="local_y" v="361.4511999999959" />
    <tag k="ele" v="0" />
  </node>
  <node id="953" lat="42.28207663597" lon="-85.61974634888">
    <tag k="local_x" v="180.70520000000033" />
    <tag k="local_y" v="491.20560000000114" />
    <tag k="ele" v="0" />
  </node>
  <node id="954" lat="42.2806601999" lon="-85.61113060059">
    <tag k="local_x" v="893.6665000000012" />
    <tag k="local_y" v="345.4798999999912" />
    <tag k="ele" v="0" />
  </node>
  <node id="955" lat="42.2810236001" lon="-85.61094579972">
    <tag k="local_x" v="908.246000000001" />
    <tag k="local_y" v="386.07949999999255" />
    <tag k="ele" v="0" />
  </node>
  <node id="956" lat="42.28105519975" lon="-85.61066440051">
    <tag k="local_x" v="931.3914000000004" />
    <tag k="local_y" v="389.9667999999947" />
    <tag k="ele" v="0" />
  </node>
  <node id="957" lat="42.28286390011" lon="-85.61189969945">
    <tag k="local_x" v="826.2613000000001" />
    <tag k="local_y" v="589.1391000000003" />
    <tag k="ele" v="0" />
  </node>
  <node id="958" lat="42.28310000036" lon="-85.61221499983">
    <tag k="local_x" v="799.836800000001" />
    <tag k="local_y" v="614.9312999999966" />
    <tag k="ele" v="0" />
  </node>
  <node id="959" lat="42.28313179976" lon="-85.6125083002">
    <tag k="local_x" v="775.5961000000007" />
    <tag k="local_y" v="618.0680999999895" />
    <tag k="ele" v="0" />
  </node>
  <node id="960" lat="42.28313019994" lon="-85.61285699954">
    <tag k="local_x" v="746.8481000000011" />
    <tag k="local_y" v="617.4219999999914" />
    <tag k="ele" v="0" />
  </node>
  <node id="961" lat="42.28327799979" lon="-85.61316919996">
    <tag k="local_x" v="720.8392999999996" />
    <tag k="local_y" v="633.4139999999898" />
    <tag k="ele" v="0" />
  </node>
  <node id="962" lat="42.28310290015" lon="-85.61224200046">
    <tag k="local_x" v="797.6053000000011" />
    <tag k="local_y" v="615.2169999999896" />
    <tag k="ele" v="0" />
  </node>
  <node id="964" lat="42.28212409984" lon="-85.60908529959">
    <tag k="local_x" v="1059.6566000000003" />
    <tag k="local_y" v="510.7804999999935" />
    <tag k="ele" v="0" />
  </node>
  <node id="965" lat="42.28215299973" lon="-85.60906359973">
    <tag k="local_x" v="1061.3934000000008" />
    <tag k="local_y" v="514.0187000000005" />
    <tag k="ele" v="0" />
  </node>
  <node id="966" lat="42.28258360015" lon="-85.60951579959">
    <tag k="local_x" v="1023.3273000000008" />
    <tag k="local_y" v="561.2224999999889" />
    <tag k="ele" v="0" />
  </node>
  <node id="967" lat="42.28294229989" lon="-85.61011750013">
    <tag k="local_x" v="973.0654000000013" />
    <tag k="local_y" v="600.2415999999939" />
    <tag k="ele" v="0" />
  </node>
  <node id="968" lat="42.28302079968" lon="-85.61043249945">
    <tag k="local_x" v="946.9508000000005" />
    <tag k="local_y" v="608.5340999999898" />
    <tag k="ele" v="0" />
  </node>
  <node id="969" lat="42.28307580009" lon="-85.61095629979">
    <tag k="local_x" v="903.6628000000001" />
    <tag k="local_y" v="613.9364999999962" />
    <tag k="ele" v="0" />
  </node>
  <node id="970" lat="42.28306009977" lon="-85.61129249987">
    <tag k="local_x" v="875.9709000000003" />
    <tag k="local_y" v="611.7409999999945" />
    <tag k="ele" v="0" />
  </node>
  <node id="971" lat="42.28303649975" lon="-85.61150490044">
    <tag k="local_x" v="858.5007999999998" />
    <tag k="local_y" v="608.8349000000017" />
    <tag k="ele" v="0" />
  </node>
  <node id="972" lat="42.28293439999" lon="-85.61181990011">
    <tag k="local_x" v="832.7133000000013" />
    <tag k="local_y" v="597.0744999999879" />
    <tag k="ele" v="0" />
  </node>
  <node id="973" lat="42.28264380041" lon="-85.61214899985">
    <tag k="local_x" v="806.1043000000009" />
    <tag k="local_y" v="564.364699999991" />
    <tag k="ele" v="0" />
  </node>
  <node id="974" lat="42.28232369996" lon="-85.61252060057">
    <tag k="local_x" v="776.044100000001" />
    <tag k="local_y" v="528.3221999999951" />
    <tag k="ele" v="0" />
  </node>
  <node id="975" lat="42.28215350037" lon="-85.61264799978">
    <tag k="local_x" v="765.847600000001" />
    <tag k="local_y" v="509.2524999999878" />
    <tag k="ele" v="0" />
  </node>
  <node id="976" lat="42.2818863997" lon="-85.61271880028">
    <tag k="local_x" v="760.4930999999997" />
    <tag k="local_y" v="479.4991999999911" />
    <tag k="ele" v="0" />
  </node>
  <node id="977" lat="42.28139210005" lon="-85.61274710023">
    <tag k="local_x" v="759.0539000000008" />
    <tag k="local_y" v="424.57540000000154" />
    <tag k="ele" v="0" />
  </node>
  <node id="978" lat="42.2809455" lon="-85.61278340052">
    <tag k="local_x" v="756.8687000000009" />
    <tag k="local_y" v="374.9372999999905" />
    <tag k="ele" v="0" />
  </node>
  <node id="979" lat="42.28002709979" lon="-85.61269570003">
    <tag k="local_x" v="765.7615000000005" />
    <tag k="local_y" v="273.07829999999376" />
    <tag k="ele" v="0" />
  </node>
  <node id="980" lat="42.28013370032" lon="-85.61274039978">
    <tag k="local_x" v="761.8829000000005" />
    <tag k="local_y" v="284.8548999999912" />
    <tag k="ele" v="0" />
  </node>
  <node id="981" lat="42.28026079997" lon="-85.61279230012">
    <tag k="local_x" v="757.3734999999997" />
    <tag k="local_y" v="298.89800000000105" />
    <tag k="ele" v="0" />
  </node>
  <node id="982" lat="42.28042400013" lon="-85.61282529949">
    <tag k="local_x" v="754.3572999999997" />
    <tag k="local_y" v="316.97499999999127" />
    <tag k="ele" v="0" />
  </node>
  <node id="983" lat="42.28004930042" lon="-85.61201440004">
    <tag k="local_x" v="821.8985000000011" />
    <tag k="local_y" v="276.4588999999978" />
    <tag k="ele" v="0" />
  </node>
  <node id="984" lat="42.28064460009" lon="-85.61280420009">
    <tag k="local_x" v="755.6980000000003" />
    <tag k="local_y" v="341.4982000000018" />
    <tag k="ele" v="0" />
  </node>
  <node id="985" lat="42.28062739963" lon="-85.61269179968">
    <tag k="local_x" v="764.9971000000005" />
    <tag k="local_y" v="339.7393000000011" />
    <tag k="ele" v="0" />
  </node>
  <node id="986" lat="42.28063189966" lon="-85.61260029966">
    <tag k="local_x" v="772.5336000000007" />
    <tag k="local_y" v="340.36189999998896" />
    <tag k="ele" v="0" />
  </node>
  <node id="987" lat="42.28070279984" lon="-85.61255540031">
    <tag k="local_x" v="776.1075000000001" />
    <tag k="local_y" v="348.29479999998875" />
    <tag k="ele" v="0" />
  </node>
  <node id="988" lat="42.28082460026" lon="-85.61254320001">
    <tag k="local_x" v="776.8931000000011" />
    <tag k="local_y" v="361.83559999999125" />
    <tag k="ele" v="0" />
  </node>
  <node id="989" lat="42.28064869971" lon="-85.61256779959">
    <tag k="local_x" v="775.1830000000009" />
    <tag k="local_y" v="342.27099999999336" />
    <tag k="ele" v="0" />
  </node>
  <node id="990" lat="42.28062439978" lon="-85.61264609998">
    <tag k="local_x" v="768.7707000000009" />
    <tag k="local_y" v="339.46759999998903" />
    <tag k="ele" v="0" />
  </node>
  <node id="991" lat="42.28067560036" lon="-85.61255929955">
    <tag k="local_x" v="775.8352000000014" />
    <tag k="local_y" v="345.2693999999901" />
    <tag k="ele" v="0" />
  </node>
  <node id="992" lat="42.28223289965" lon="-85.61258860046">
    <tag k="local_x" v="770.6016" />
    <tag k="local_y" v="518.1486000000004" />
    <tag k="ele" v="0" />
  </node>
  <node id="993" lat="42.28056069999" lon="-85.61281220047">
    <tag k="local_x" v="755.1900999999998" />
    <tag k="local_y" v="332.171399999992" />
    <tag k="ele" v="0" />
  </node>
  <node id="994" lat="42.28238679987" lon="-85.60930919973">
    <tag k="local_x" v="1040.7188999999998" />
    <tag k="local_y" v="539.6484999999957" />
    <tag k="ele" v="0" />
  </node>
  <node id="995" lat="42.28221190042" lon="-85.60912379958">
    <tag k="local_x" v="1056.322900000001" />
    <tag k="local_y" v="520.4777999999933" />
    <tag k="ele" v="0" />
  </node>
  <node id="996" lat="42.28226889998" lon="-85.60917710043">
    <tag k="local_x" v="1051.824700000001" />
    <tag k="local_y" v="526.7350999999908" />
    <tag k="ele" v="0" />
  </node>
  <node id="997" lat="42.28299649958" lon="-85.61168220034">
    <tag k="local_x" v="843.9544999999998" />
    <tag k="local_y" v="604.1549999999988" />
    <tag k="ele" v="0" />
  </node>
  <node id="998" lat="42.28117237918" lon="-85.61413016446">
    <tag k="local_x" v="645.4117000000006" />
    <tag k="local_y" v="398.321100000001" />
    <tag k="ele" v="0" />
  </node>
  <node id="1005" lat="42.28071067914" lon="-85.61412696403">
    <tag k="local_x" v="646.5100000000002" />
    <tag k="local_y" v="347.0593999999983" />
    <tag k="ele" v="0" />
  </node>
  <node id="1006" lat="42.28049670009" lon="-85.61128659941">
    <tag k="local_x" v="881.0997000000007" />
    <tag k="local_y" v="327.1154999999999" />
    <tag k="ele" v="0" />
  </node>
  <node id="1007" lat="42.28294069974" lon="-85.61199860024">
    <tag k="local_x" v="817.9677000000011" />
    <tag k="local_y" v="597.5337999999902" />
    <tag k="ele" v="0" />
  </node>
  <node id="1008" lat="42.28119249981" lon="-85.6097309003">
    <tag k="local_x" v="1008.113800000001" />
    <tag k="local_y" v="406.4685999999929" />
    <tag k="ele" v="0" />
  </node>
  <node id="1009" lat="42.27985739991" lon="-85.61256049961">
    <tag k="local_x" v="777.2165999999997" />
    <tag k="local_y" v="254.41689999999653" />
    <tag k="ele" v="0" />
  </node>
  <node id="1010" lat="42.28158169984" lon="-85.61274180029">
    <tag k="local_x" v="759.1478999999999" />
    <tag k="local_y" v="445.6351999999897" />
    <tag k="ele" v="0" />
  </node>
  <node id="1011" lat="42.2830650004" lon="-85.61084339959">
    <tag k="local_x" v="912.9912000000004" />
    <tag k="local_y" v="612.8891999999905" />
    <tag k="ele" v="0" />
  </node>
  <node id="1012" lat="42.28427479987" lon="-85.61675280025">
    <tag k="local_x" v="423.567500000001" />
    <tag k="local_y" v="739.2896999999939" />
    <tag k="ele" v="0" />
  </node>
  <node id="1013" lat="42.2840261004" lon="-85.61670989991">
    <tag k="local_x" v="427.5532999999996" />
    <tag k="local_y" v="711.7321999999986" />
    <tag k="ele" v="0" />
  </node>
  <node id="1014" lat="42.28400030003" lon="-85.61672460014">
    <tag k="local_x" v="426.3878000000004" />
    <tag k="local_y" v="708.8476999999984" />
    <tag k="ele" v="0" />
  </node>
  <node id="1015" lat="42.28393279961" lon="-85.61695269955">
    <tag k="local_x" v="407.70260000000053" />
    <tag k="local_y" v="701.0470999999961" />
    <tag k="ele" v="0" />
  </node>
  <node id="1016" lat="42.27947700002" lon="-85.61231919979">
    <tag k="local_x" v="797.8016000000007" />
    <tag k="local_y" v="212.50249999998778" />
    <tag k="ele" v="0" />
  </node>
  <node id="1020" lat="42.28237180011" lon="-85.60886520041">
    <tag k="local_x" v="1077.3551000000007" />
    <tag k="local_y" v="538.580999999991" />
    <tag k="ele" v="0" />
  </node>
  <node id="1021" lat="42.28271409986" lon="-85.61231409961">
    <tag k="local_x" v="792.3642" />
    <tag k="local_y" v="571.9486999999936" />
    <tag k="ele" v="0" />
  </node>
  <node id="1022" lat="42.28261540023" lon="-85.61247189975">
    <tag k="local_x" v="779.5318000000007" />
    <tag k="local_y" v="560.7773000000016" />
    <tag k="ele" v="0" />
  </node>
  <node id="1023" lat="42.28248020021" lon="-85.61256890014">
    <tag k="local_x" v="771.7785000000003" />
    <tag k="local_y" v="545.6346999999951" />
    <tag k="ele" v="0" />
  </node>
  <node id="1024" lat="42.28238350004" lon="-85.61245119962">
    <tag k="local_x" v="781.6581999999999" />
    <tag k="local_y" v="535.0554999999877" />
    <tag k="ele" v="0" />
  </node>
  <node id="1025" lat="42.2826944002" lon="-85.61237139995">
    <tag k="local_x" v="787.6753000000008" />
    <tag k="local_y" v="569.6842999999935" />
    <tag k="ele" v="0" />
  </node>
  <node id="1026" lat="42.28270940025" lon="-85.61226019946">
    <tag k="local_x" v="796.8168999999998" />
    <tag k="local_y" v="571.4992999999959" />
    <tag k="ele" v="0" />
  </node>
  <node id="1027" lat="42.28243220013" lon="-85.61254209992">
    <tag k="local_x" v="774.0751" />
    <tag k="local_y" v="540.3408999999956" />
    <tag k="ele" v="0" />
  </node>
  <node id="1028" lat="42.28253299956" lon="-85.6125500004">
    <tag k="local_x" v="773.2412999999997" />
    <tag k="local_y" v="551.5227999999915" />
    <tag k="ele" v="0" />
  </node>
  <node id="1029" lat="42.28830409442" lon="-85.61883871541">
    <tag k="local_x" v="244.32520000000113" />
    <tag k="local_y" v="1183.9005999999936" />
    <tag k="ele" v="0" />
  </node>
  <node id="1030" lat="42.29097519978" lon="-85.61493640048">
    <tag k="local_x" v="561.2264000000014" />
    <tag k="local_y" v="1485.7204999999958" />
    <tag k="ele" v="0" />
  </node>
  <node id="1031" lat="42.29092469985" lon="-85.6150173005">
    <tag k="local_x" v="554.6481000000003" />
    <tag k="local_y" v="1480.0046000000002" />
    <tag k="ele" v="0" />
  </node>
  <node id="1032" lat="42.29087640043" lon="-85.61504440026">
    <tag k="local_x" v="552.5012000000006" />
    <tag k="local_y" v="1474.6051999999909" />
    <tag k="ele" v="0" />
  </node>
  <node id="1033" lat="42.29077620038" lon="-85.61500520052">
    <tag k="local_x" v="555.9139000000014" />
    <tag k="local_y" v="1463.531799999997" />
    <tag k="ele" v="0" />
  </node>
  <node id="1034" lat="42.29074509967" lon="-85.61494439989">
    <tag k="local_x" v="560.9826000000012" />
    <tag k="local_y" v="1460.159999999989" />
    <tag k="ele" v="0" />
  </node>
  <node id="1035" lat="42.29073399969" lon="-85.61481779984">
    <tag k="local_x" v="571.4398000000001" />
    <tag k="local_y" v="1459.097299999994" />
    <tag k="ele" v="0" />
  </node>
  <node id="1036" lat="42.28941989992" lon="-85.61441849963">
    <tag k="local_x" v="606.7337000000007" />
    <tag k="local_y" v="1313.7184999999881" />
    <tag k="ele" v="0" />
  </node>
  <node id="1037" lat="42.28946339985" lon="-85.61453679983">
    <tag k="local_x" v="596.902" />
    <tag k="local_y" v="1318.3898999999947" />
    <tag k="ele" v="0" />
  </node>
  <node id="1038" lat="42.28954579972" lon="-85.61457480044">
    <tag k="local_x" v="593.6202000000012" />
    <tag k="local_y" v="1327.488400000002" />
    <tag k="ele" v="0" />
  </node>
  <node id="1039" lat="42.28961540019" lon="-85.61455919984">
    <tag k="local_x" v="594.7806" />
    <tag k="local_y" v="1335.237599999993" />
    <tag k="ele" v="0" />
  </node>
  <node id="1040" lat="42.28965260038" lon="-85.61449779981">
    <tag k="local_x" v="599.7754000000004" />
    <tag k="local_y" v="1339.4505999999965" />
    <tag k="ele" v="0" />
  </node>
  <node id="1041" lat="42.28967219998" lon="-85.6144217">
    <tag k="local_x" v="606.0138999999999" />
    <tag k="local_y" v="1341.728999999992" />
    <tag k="ele" v="0" />
  </node>
  <node id="1042" lat="42.28943370043" lon="-85.61448660026">
    <tag k="local_x" v="601.0943000000007" />
    <tag k="local_y" v="1315.1594999999943" />
    <tag k="ele" v="0" />
  </node>
  <node id="1043" lat="42.28306700014" lon="-85.61086409987">
    <tag k="local_x" v="911.2808000000005" />
    <tag k="local_y" v="613.0833999999886" />
    <tag k="ele" v="0" />
  </node>
  <node id="1044" lat="42.28486918787" lon="-85.61032916456">
    <tag k="local_x" v="952.1211000000003" />
    <tag k="local_y" v="813.9135999999999" />
    <tag k="ele" v="0" />
  </node>
  <node id="1045" lat="42.28190212872" lon="-85.62063460468">
    <tag k="local_x" v="107.77959999999985" />
    <tag k="local_y" v="470.6418999999878" />
    <tag k="ele" v="0" />
  </node>
  <node id="1046" lat="42.28199297089" lon="-85.6203453438">
    <tag k="local_x" v="131.46670000000086" />
    <tag k="local_y" v="481.1152000000002" />
    <tag k="ele" v="0" />
  </node>
  <node id="1047" lat="42.28208575741" lon="-85.62008809422">
    <tag k="local_x" v="152.51080000000002" />
    <tag k="local_y" v="491.7616999999882" />
    <tag k="ele" v="0" />
  </node>
  <node id="1048" lat="42.28211704757" lon="-85.61998892626">
    <tag k="local_x" v="160.6311999999998" />
    <tag k="local_y" v="495.3686000000016" />
    <tag k="ele" v="0" />
  </node>
  <node id="1049" lat="42.28213812602" lon="-85.61984174155">
    <tag k="local_x" v="172.72910000000047" />
    <tag k="local_y" v="497.9057999999932" />
    <tag k="ele" v="0" />
  </node>
  <node id="1050" lat="42.28213572825" lon="-85.61978858788">
    <tag k="local_x" v="177.1161000000011" />
    <tag k="local_y" v="497.71059999999125" />
    <tag k="ele" v="0" />
    <tag k="highway" v="give_way" />
  </node>
  <node id="1051" lat="42.28213443362" lon="-85.6197594444">
    <tag k="local_x" v="179.52139999999963" />
    <tag k="local_y" v="497.60579999999027" />
    <tag k="ele" v="0" />
  </node>
  <node id="1052" lat="42.28188234184" lon="-85.62061874472">
    <tag k="local_x" v="109.1229000000003" />
    <tag k="local_y" v="468.46600000000035" />
    <tag k="ele" v="0" />
  </node>
  <node id="1053" lat="42.28196440609" lon="-85.62033100105">
    <tag k="local_x" v="132.70070000000123" />
    <tag k="local_y" v="477.96259999999893" />
    <tag k="ele" v="0" />
  </node>
  <node id="1054" lat="42.28204961132" lon="-85.62009866925">
    <tag k="local_x" v="151.70390000000043" />
    <tag k="local_y" v="487.73399999999674" />
    <tag k="ele" v="0" />
  </node>
  <node id="1055" lat="42.28208980466" lon="-85.61997748979">
    <tag k="local_x" v="161.6232" />
    <tag k="local_y" v="492.358899999992" />
    <tag k="ele" v="0" />
  </node>
  <node id="1056" lat="42.28210764576" lon="-85.61983160318">
    <tag k="local_x" v="173.6198999999997" />
    <tag k="local_y" v="494.53489999999874" />
    <tag k="ele" v="0" />
  </node>
  <node id="1057" lat="42.28210514704" lon="-85.61978046258">
    <tag k="local_x" v="177.84109999999964" />
    <tag k="local_y" v="494.32579999999143" />
    <tag k="ele" v="0" />
    <tag k="highway" v="give_way" />
  </node>
  <node id="1058" lat="42.28210270446" lon="-85.61974154467">
    <tag k="local_x" v="181.0544000000009" />
    <tag k="local_y" v="494.10659999999916" />
    <tag k="ele" v="0" />
  </node>
  <node id="1059" lat="42.28209750844" lon="-85.61968763833">
    <tag k="local_x" v="185.5084999999999" />
    <tag k="local_y" v="493.60169999999925" />
    <tag k="ele" v="0" />
  </node>
  <node id="1060" lat="42.28209315921" lon="-85.61965881503">
    <tag k="local_x" v="187.89290000000074" />
    <tag k="local_y" v="493.15729999999166" />
    <tag k="ele" v="0" />
  </node>
  <node id="1061" lat="42.28233817133" lon="-85.61962000324">
    <tag k="local_x" v="190.65200000000004" />
    <tag k="local_y" v="520.4146999999939" />
    <tag k="ele" v="0" />
  </node>
  <node id="1062" lat="42.28231125909" lon="-85.61965459083">
    <tag k="local_x" v="187.84860000000117" />
    <tag k="local_y" v="517.3801999999996" />
    <tag k="ele" v="0" />
  </node>
  <node id="1063" lat="42.28225073201" lon="-85.61969568401">
    <tag k="local_x" v="184.56930000000102" />
    <tag k="local_y" v="510.6045000000013" />
    <tag k="ele" v="0" />
  </node>
  <node id="1064" lat="42.2822193403" lon="-85.61970125332">
    <tag k="local_x" v="184.16660000000047" />
    <tag k="local_y" v="507.1113999999943" />
    <tag k="ele" v="0" />
  </node>
  <node id="1065" lat="42.28219076696" lon="-85.61970214271">
    <tag k="local_x" v="184.14470000000074" />
    <tag k="local_y" v="503.9375" />
    <tag k="ele" v="0" />
  </node>
  <node id="1066" lat="42.28215824563" lon="-85.61969512101">
    <tag k="local_x" v="184.78219999999965" />
    <tag k="local_y" v="500.33580000000075" />
    <tag k="ele" v="0" />
  </node>
  <node id="1067" lat="42.28213145487" lon="-85.61968062458">
    <tag k="local_x" v="186.02570000000014" />
    <tag k="local_y" v="497.38039999999455" />
    <tag k="ele" v="0" />
  </node>
  <node id="1068" lat="42.28210617121" lon="-85.61965553775">
    <tag k="local_x" v="188.13969999999972" />
    <tag k="local_y" v="494.6064999999944" />
    <tag k="ele" v="0" />
  </node>
  <node id="1069" lat="42.28208627536" lon="-85.61962532561">
    <tag k="local_x" v="190.66660000000047" />
    <tag k="local_y" v="492.43769999999495" />
    <tag k="ele" v="0" />
  </node>
  <node id="1070" lat="42.28206052265" lon="-85.61958244865">
    <tag k="local_x" v="194.2483000000011" />
    <tag k="local_y" v="489.6354999999894" />
    <tag k="ele" v="0" />
  </node>
  <node id="1071" lat="42.2820515301" lon="-85.6195540894">
    <tag k="local_x" v="196.60280000000057" />
    <tag k="local_y" v="488.67489999999816" />
    <tag k="ele" v="0" />
  </node>
  <node id="1072" lat="42.28204493385" lon="-85.61951703777">
    <tag k="local_x" v="199.66970000000038" />
    <tag k="local_y" v="487.99199999999837" />
    <tag k="ele" v="0" />
  </node>
  <node id="1073" lat="42.28204150556" lon="-85.61948197876">
    <tag k="local_x" v="202.5666000000001" />
    <tag k="local_y" v="487.65819999999076" />
    <tag k="ele" v="0" />
  </node>
  <node id="1074" lat="42.28204189687" lon="-85.61945067489">
    <tag k="local_x" v="205.14700000000084" />
    <tag k="local_y" v="487.74349999999686" />
    <tag k="ele" v="0" />
  </node>
  <node id="1075" lat="42.28204639338" lon="-85.61941744883">
    <tag k="local_x" v="207.8785000000007" />
    <tag k="local_y" v="488.28719999999157" />
    <tag k="ele" v="0" />
  </node>
  <node id="1076" lat="42.28206208146" lon="-85.61936566255">
    <tag k="local_x" v="212.1202000000012" />
    <tag k="local_y" v="490.09839999998803" />
    <tag k="ele" v="0" />
  </node>
  <node id="1077" lat="42.28207505031" lon="-85.6193386078">
    <tag k="local_x" v="214.32760000000053" />
    <tag k="local_y" v="491.57459999999264" />
    <tag k="ele" v="0" />
  </node>
  <node id="1079" lat="42.28212535485" lon="-85.61928190559">
    <tag k="local_x" v="218.91229999999996" />
    <tag k="local_y" v="497.2360999999946" />
    <tag k="ele" v="0" />
  </node>
  <node id="1080" lat="42.28215642679" lon="-85.61926361825">
    <tag k="local_x" v="220.36419999999998" />
    <tag k="local_y" v="500.710699999996" />
    <tag k="ele" v="0" />
  </node>
  <node id="1081" lat="42.28219408294" lon="-85.61925549843">
    <tag k="local_x" v="220.96590000000106" />
    <tag k="local_y" v="504.9027999999962" />
    <tag k="ele" v="0" />
  </node>
  <node id="1082" lat="42.28221791261" lon="-85.61925556261">
    <tag k="local_x" v="220.91769999999997" />
    <tag k="local_y" v="507.54869999999937" />
    <tag k="ele" v="0" />
  </node>
  <node id="1083" lat="42.28225390426" lon="-85.61926604851">
    <tag k="local_x" v="219.9883000000009" />
    <tag k="local_y" v="511.5310999999929" />
    <tag k="ele" v="0" />
  </node>
  <node id="1084" lat="42.28227748477" lon="-85.61927975016">
    <tag k="local_x" v="218.8161" />
    <tag k="local_y" v="514.1310999999987" />
    <tag k="ele" v="0" />
  </node>
  <node id="1085" lat="42.28231301137" lon="-85.61931032801">
    <tag k="local_x" v="216.23090000000047" />
    <tag k="local_y" v="518.0349999999889" />
    <tag k="ele" v="0" />
  </node>
  <node id="1086" lat="42.28232950731" lon="-85.61932758028">
    <tag k="local_x" v="214.77870000000075" />
    <tag k="local_y" v="519.8435999999929" />
    <tag k="ele" v="0" />
  </node>
  <node id="1087" lat="42.28235066232" lon="-85.61936864146">
    <tag k="local_x" v="211.35500000000138" />
    <tag k="local_y" v="522.137699999992" />
    <tag k="ele" v="0" />
  </node>
  <node id="1088" lat="42.28236467387" lon="-85.61940821407">
    <tag k="local_x" v="208.0668999999998" />
    <tag k="local_y" v="523.6405999999988" />
    <tag k="ele" v="0" />
  </node>
  <node id="1089" lat="42.28237173409" lon="-85.61944482762">
    <tag k="local_x" v="205.03530000000137" />
    <tag k="local_y" v="524.3755999999994" />
    <tag k="ele" v="0" />
  </node>
  <node id="1090" lat="42.2823742405" lon="-85.61948597223">
    <tag k="local_x" v="201.63830000000053" />
    <tag k="local_y" v="524.5988999999972" />
    <tag k="ele" v="0" />
  </node>
  <node id="1091" lat="42.28237065102" lon="-85.61951038332">
    <tag k="local_x" v="199.6319999999996" />
    <tag k="local_y" v="524.1676999999909" />
    <tag k="ele" v="0" />
  </node>
  <node id="1092" lat="42.28236844091" lon="-85.61952990332">
    <tag k="local_x" v="198.02649999999994" />
    <tag k="local_y" v="523.8961999999883" />
    <tag k="ele" v="0" />
  </node>
  <node id="1093" lat="42.28236340309" lon="-85.61955198104">
    <tag k="local_x" v="196.21520000000055" />
    <tag k="local_y" v="523.3073000000004" />
    <tag k="ele" v="0" />
  </node>
  <node id="1094" lat="42.28235272512" lon="-85.61958889455">
    <tag k="local_x" v="193.1908000000003" />
    <tag k="local_y" v="522.0722999999998" />
    <tag k="ele" v="0" />
  </node>
  <node id="1095" lat="42.28231002884" lon="-85.61960252004">
    <tag k="local_x" v="192.14420000000064" />
    <tag k="local_y" v="517.3131999999896" />
    <tag k="ele" v="0" />
  </node>
  <node id="1096" lat="42.28228938203" lon="-85.61962229336">
    <tag k="local_x" v="190.5510000000013" />
    <tag k="local_y" v="514.994200000001" />
    <tag k="ele" v="0" />
  </node>
  <node id="1097" lat="42.282243715" lon="-85.61965591989">
    <tag k="local_x" v="187.86059999999998" />
    <tag k="local_y" v="509.8784999999916" />
    <tag k="ele" v="0" />
  </node>
  <node id="1098" lat="42.28221692076" lon="-85.61966051078">
    <tag k="local_x" v="187.53030000000035" />
    <tag k="local_y" v="506.89719999999215" />
    <tag k="ele" v="0" />
  </node>
  <node id="1099" lat="42.28219302223" lon="-85.61966138424">
    <tag k="local_x" v="187.5012999999999" />
    <tag k="local_y" v="504.24239999998827" />
    <tag k="ele" v="0" />
  </node>
  <node id="1100" lat="42.28216606201" lon="-85.6196556286">
    <tag k="local_x" v="188.02440000000024" />
    <tag k="local_y" v="501.2564999999886" />
    <tag k="ele" v="0" />
  </node>
  <node id="1101" lat="42.28211129553" lon="-85.6196058571">
    <tag k="local_x" v="192.22680000000037" />
    <tag k="local_y" v="495.2418999999936" />
    <tag k="ele" v="0" />
  </node>
  <node id="1102" lat="42.28209439238" lon="-85.61957415095">
    <tag k="local_x" v="194.8715000000011" />
    <tag k="local_y" v="493.4073999999964" />
    <tag k="ele" v="0" />
  </node>
  <node id="1103" lat="42.28207813517" lon="-85.61953603072">
    <tag k="local_x" v="198.04390000000058" />
    <tag k="local_y" v="491.65320000000065" />
    <tag k="ele" v="0" />
  </node>
  <node id="1104" lat="42.2820745175" lon="-85.61950790703">
    <tag k="local_x" v="200.3693000000003" />
    <tag k="local_y" v="491.2890999999945" />
    <tag k="ele" v="0" />
  </node>
  <node id="1105" lat="42.28207179839" lon="-85.61947946416">
    <tag k="local_x" v="202.71939999999995" />
    <tag k="local_y" v="491.0251999999891" />
    <tag k="ele" v="0" />
  </node>
  <node id="1106" lat="42.28207209071" lon="-85.61945482319">
    <tag k="local_x" v="204.7506000000012" />
    <tag k="local_y" v="491.0905999999959" />
    <tag k="ele" v="0" />
  </node>
  <node id="1107" lat="42.282075302" lon="-85.61942989533">
    <tag k="local_x" v="206.80019999999968" />
    <tag k="local_y" v="491.48049999999057" />
    <tag k="ele" v="0" />
  </node>
  <node id="1108" lat="42.28208934093" lon="-85.61938363057">
    <tag k="local_x" v="210.58960000000116" />
    <tag k="local_y" v="493.10119999999006" />
    <tag k="ele" v="0" />
  </node>
  <node id="1109" lat="42.28209838957" lon="-85.61936473509">
    <tag k="local_x" v="212.13130000000092" />
    <tag k="local_y" v="494.1311999999889" />
    <tag k="ele" v="0" />
  </node>
  <node id="1110" lat="42.28212339337" lon="-85.61933119581">
    <tag k="local_x" v="214.85170000000107" />
    <tag k="local_y" v="496.95239999999467" />
    <tag k="ele" v="0" />
  </node>
  <node id="1111" lat="42.28216507954" lon="-85.61930279351">
    <tag k="local_x" v="217.1185000000005" />
    <tag k="local_y" v="501.61909999999625" />
    <tag k="ele" v="0" />
  </node>
  <node id="1112" lat="42.2821970215" lon="-85.61929617746">
    <tag k="local_x" v="217.60649999999987" />
    <tag k="local_y" v="505.17469999998866" />
    <tag k="ele" v="0" />
  </node>
  <node id="1113" lat="42.28221397147" lon="-85.61929608869">
    <tag k="local_x" v="217.58330000000024" />
    <tag k="local_y" v="507.05689999999595" />
    <tag k="ele" v="0" />
  </node>
  <node id="1114" lat="42.28224514344" lon="-85.61930518082">
    <tag k="local_x" v="216.77750000000015" />
    <tag k="local_y" v="510.50599999999395" />
    <tag k="ele" v="0" />
  </node>
  <node id="1115" lat="42.28226270534" lon="-85.61931544824">
    <tag k="local_x" v="215.89930000000095" />
    <tag k="local_y" v="512.4422999999952" />
    <tag k="ele" v="0" />
  </node>
  <node id="1116" lat="42.28229491724" lon="-85.61934314286">
    <tag k="local_x" v="213.5578000000005" />
    <tag k="local_y" v="515.9819999999891" />
    <tag k="ele" v="0" />
  </node>
  <node id="1117" lat="42.28230992046" lon="-85.61936178123">
    <tag k="local_x" v="211.9940000000006" />
    <tag k="local_y" v="517.6229999999923" />
    <tag k="ele" v="0" />
  </node>
  <node id="1118" lat="42.28232444685" lon="-85.61938951036">
    <tag k="local_x" v="209.6815000000006" />
    <tag k="local_y" v="519.1988999999885" />
    <tag k="ele" v="0" />
  </node>
  <node id="1119" lat="42.28233623616" lon="-85.61942276178">
    <tag k="local_x" v="206.91860000000088" />
    <tag k="local_y" v="520.463499999998" />
    <tag k="ele" v="0" />
  </node>
  <node id="1120" lat="42.2823417956" lon="-85.61945178918">
    <tag k="local_x" v="204.51519999999982" />
    <tag k="local_y" v="521.0420000000013" />
    <tag k="ele" v="0" />
  </node>
  <node id="1121" lat="42.28234390083" lon="-85.61948534424">
    <tag k="local_x" v="201.7447000000011" />
    <tag k="local_y" v="521.230899999995" />
    <tag k="ele" v="0" />
  </node>
  <node id="1122" lat="42.28234077203" lon="-85.61950351139">
    <tag k="local_x" v="200.25240000000122" />
    <tag k="local_y" v="520.8591999999917" />
    <tag k="ele" v="0" />
  </node>
  <node id="1123" lat="42.28233889678" lon="-85.61952084829">
    <tag k="local_x" v="198.82630000000063" />
    <tag k="local_y" v="520.627800000002" />
    <tag k="ele" v="0" />
  </node>
  <node id="1124" lat="42.28233483999" lon="-85.61953846082">
    <tag k="local_x" v="197.3814000000002" />
    <tag k="local_y" v="520.1538" />
    <tag k="ele" v="0" />
  </node>
  <node id="1125" lat="42.28232605755" lon="-85.6195696703">
    <tag k="local_x" v="194.82390000000123" />
    <tag k="local_y" v="519.1368999999977" />
    <tag k="ele" v="0" />
  </node>
  <node id="1126" lat="42.28202205471" lon="-85.61961545341">
    <tag k="local_x" v="191.59619999999995" />
    <tag k="local_y" v="485.31999999999243" />
    <tag k="ele" v="0" />
  </node>
  <node id="1127" lat="42.28195228387" lon="-85.61959422561">
    <tag k="local_x" v="193.47210000000086" />
    <tag k="local_y" v="477.60119999999006" />
    <tag k="ele" v="0" />
  </node>
  <node id="1128" lat="42.2819239296" lon="-85.61958555819">
    <tag k="local_x" v="194.2378000000008" />
    <tag k="local_y" v="474.4643999999971" />
    <tag k="ele" v="0" />
  </node>
  <node id="1129" lat="42.28190329872" lon="-85.61957942429">
    <tag k="local_x" v="194.78070000000116" />
    <tag k="local_y" v="472.1817999999912" />
    <tag k="ele" v="0" />
  </node>
  <node id="1130" lat="42.28186195566" lon="-85.61956713523">
    <tag k="local_x" v="195.8684000000012" />
    <tag k="local_y" v="467.60759999998845" />
    <tag k="ele" v="0" />
  </node>
  <node id="1131" lat="42.28183536472" lon="-85.61956063422">
    <tag k="local_x" v="196.45230000000083" />
    <tag k="local_y" v="464.66369999999006" />
    <tag k="ele" v="0" />
  </node>
  <node id="1132" lat="42.28180991355" lon="-85.61955799172">
    <tag k="local_x" v="196.71600000000035" />
    <tag k="local_y" v="461.8411999999953" />
    <tag k="ele" v="0" />
  </node>
  <node id="1133" lat="42.28179018347" lon="-85.61955905557">
    <tag k="local_x" v="196.66380000000026" />
    <tag k="local_y" v="459.64899999999034" />
    <tag k="ele" v="0" />
  </node>
  <node id="1134" lat="42.28181502083" lon="-85.61934099437">
    <tag k="local_x" v="214.59900000000016" />
    <tag k="local_y" v="462.69839999999385" />
    <tag k="ele" v="0" />
  </node>
  <node id="1135" lat="42.28185402125" lon="-85.61933052883">
    <tag k="local_x" v="215.39170000000013" />
    <tag k="local_y" v="467.0429000000004" />
    <tag k="ele" v="0" />
  </node>
  <node id="1136" lat="42.28189452069" lon="-85.61932361318">
    <tag k="local_x" v="215.88900000000103" />
    <tag k="local_y" v="471.54909999998927" />
    <tag k="ele" v="0" />
  </node>
  <node id="1137" lat="42.28191740913" lon="-85.61931566552">
    <tag k="local_x" v="216.5030999999999" />
    <tag k="local_y" v="474.10119999999006" />
    <tag k="ele" v="0" />
  </node>
  <node id="1138" lat="42.28195281031" lon="-85.61929543904">
    <tag k="local_x" v="218.10710000000108" />
    <tag k="local_y" v="478.0590999999986" />
    <tag k="ele" v="0" />
    <tag k="highway" v="give_way" />
  </node>
  <node id="1139" lat="42.28204928192" lon="-85.61927042968">
    <tag k="local_x" v="219.9955000000009" />
    <tag k="local_y" v="488.80449999999837" />
    <tag k="ele" v="0" />
  </node>
  <node id="1140" lat="42.2823851884" lon="-85.61930587992">
    <tag k="local_x" v="216.46770000000106" />
    <tag k="local_y" v="526.0552999999927" />
    <tag k="ele" v="0" />
  </node>
  <node id="1141" lat="42.28244294402" lon="-85.61933769462">
    <tag k="local_x" v="213.74049999999988" />
    <tag k="local_y" v="532.4257999999973" />
    <tag k="ele" v="0" />
  </node>
  <node id="1142" lat="42.28250237536" lon="-85.61937554537">
    <tag k="local_x" v="210.51260000000002" />
    <tag k="local_y" v="538.9743000000017" />
    <tag k="ele" v="0" />
  </node>
  <node id="1143" lat="42.28254444974" lon="-85.61939112701">
    <tag k="local_x" v="209.15210000000116" />
    <tag k="local_y" v="543.6252999999997" />
    <tag k="ele" v="0" />
  </node>
  <node id="1144" lat="42.28258796622" lon="-85.61941211426">
    <tag k="local_x" v="207.34330000000045" />
    <tag k="local_y" v="548.4291999999987" />
    <tag k="ele" v="0" />
  </node>
  <node id="1147" lat="42.28268377743" lon="-85.61958515838">
    <tag k="local_x" v="192.90290000000095" />
    <tag k="local_y" v="558.8364999999903" />
    <tag k="ele" v="0" />
  </node>
  <node id="1148" lat="42.28246400741" lon="-85.61964133763">
    <tag k="local_x" v="188.66640000000007" />
    <tag k="local_y" v="534.358699999997" />
    <tag k="ele" v="0" />
  </node>
  <node id="1149" lat="42.28242684619" lon="-85.61965428923">
    <tag k="local_x" v="187.66539999999986" />
    <tag k="local_y" v="530.2151000000013" />
    <tag k="ele" v="0" />
    <tag k="highway" v="give_way" />
  </node>
  <node id="1150" lat="42.28237237947" lon="-85.61967924224">
    <tag k="local_x" v="185.70600000000013" />
    <tag k="local_y" v="524.1339000000007" />
    <tag k="ele" v="0" />
  </node>
  <node id="1151" lat="42.28225823865" lon="-85.61977702239">
    <tag k="local_x" v="177.84920000000056" />
    <tag k="local_y" v="511.3292999999976" />
    <tag k="ele" v="0" />
  </node>
  <node id="1152" lat="42.28223316752" lon="-85.61981605224">
    <tag k="local_x" v="174.67619999999988" />
    <tag k="local_y" v="508.4933000000019" />
    <tag k="ele" v="0" />
  </node>
  <node id="1153" lat="42.28220458927" lon="-85.61987040608">
    <tag k="local_x" v="170.246000000001" />
    <tag k="local_y" v="505.2473999999929" />
    <tag k="ele" v="0" />
  </node>
  <node id="1154" lat="42.28217330144" lon="-85.61997522225">
    <tag k="local_x" v="161.65990000000056" />
    <tag k="local_y" v="501.6331999999966" />
    <tag k="ele" v="0" />
  </node>
  <node id="1155" lat="42.28213381225" lon="-85.62013800046">
    <tag k="local_x" v="148.3094000000001" />
    <tag k="local_y" v="497.0308999999979" />
    <tag k="ele" v="0" />
  </node>
  <node id="1156" lat="42.28207911251" lon="-85.62034462843">
    <tag k="local_x" v="131.3707000000013" />
    <tag k="local_y" v="490.6811000000016" />
    <tag k="ele" v="0" />
  </node>
  <node id="1157" lat="42.28159298044" lon="-85.61962951083">
    <tag k="local_x" v="191.20950000000084" />
    <tag k="local_y" v="437.65789999999106" />
    <tag k="ele" v="0" />
  </node>
  <node id="1158" lat="42.28160052367" lon="-85.61958117008">
    <tag k="local_x" v="195.1818000000003" />
    <tag k="local_y" v="438.56009999998787" />
    <tag k="ele" v="0" />
  </node>
  <node id="1159" lat="42.28162853065" lon="-85.61952972042">
    <tag k="local_x" v="199.3736000000008" />
    <tag k="local_y" v="441.7387000000017" />
    <tag k="ele" v="0" />
  </node>
  <node id="1160" lat="42.28166037038" lon="-85.61947818219">
    <tag k="local_x" v="203.5658000000003" />
    <tag k="local_y" v="445.3429999999935" />
    <tag k="ele" v="0" />
  </node>
  <node id="1161" lat="42.28168819666" lon="-85.6194402276">
    <tag k="local_x" v="206.64520000000084" />
    <tag k="local_y" v="448.4835000000021" />
    <tag k="ele" v="0" />
  </node>
  <node id="1162" lat="42.28171815255" lon="-85.61940770834">
    <tag k="local_x" v="209.27260000000024" />
    <tag k="local_y" v="451.85319999999774" />
    <tag k="ele" v="0" />
  </node>
  <node id="1163" lat="42.28174867421" lon="-85.61937789944">
    <tag k="local_x" v="211.6755000000012" />
    <tag k="local_y" v="455.2820999999967" />
    <tag k="ele" v="0" />
  </node>
  <node id="1164" lat="42.2817816253" lon="-85.61935725962">
    <tag k="local_x" v="213.31800000000112" />
    <tag k="local_y" v="458.9684999999881" />
    <tag k="ele" v="0" />
  </node>
  <node id="1165" lat="42.28179421373" lon="-85.6193502185">
    <tag k="local_x" v="213.8759000000009" />
    <tag k="local_y" v="460.3756999999896" />
    <tag k="ele" v="0" />
  </node>
  <node id="1166" lat="42.28177202208" lon="-85.6195674384">
    <tag k="local_x" v="196.00530000000072" />
    <tag k="local_y" v="457.62119999999413" />
    <tag k="ele" v="0" />
  </node>
  <node id="1167" lat="42.28173946483" lon="-85.61958982565">
    <tag k="local_x" v="194.21800000000076" />
    <tag k="local_y" v="453.97619999999006" />
    <tag k="ele" v="0" />
  </node>
  <node id="1168" lat="42.28172131606" lon="-85.61960284715">
    <tag k="local_x" v="193.17699999999968" />
    <tag k="local_y" v="451.9435999999987" />
    <tag k="ele" v="0" />
  </node>
  <node id="1169" lat="42.28168255261" lon="-85.61963636633">
    <tag k="local_x" v="190.48300000000017" />
    <tag k="local_y" v="447.5945999999967" />
    <tag k="ele" v="0" />
  </node>
  <node id="1170" lat="42.28164336476" lon="-85.61966687607">
    <tag k="local_x" v="188.03790000000117" />
    <tag k="local_y" v="443.2024999999994" />
    <tag k="ele" v="0" />
  </node>
  <node id="1171" lat="42.28232644198" lon="-85.6196806029">
    <tag k="local_x" v="185.67649999999958" />
    <tag k="local_y" v="519.0312999999878" />
    <tag k="ele" v="0" />
  </node>
  <node id="1173" lat="42.28271411303" lon="-85.61959195734">
    <tag k="local_x" v="192.28770000000077" />
    <tag k="local_y" v="562.1958000000013" />
    <tag k="ele" v="0" />
  </node>
  <node id="1174" lat="42.28289486017" lon="-85.61964597198">
    <tag k="local_x" v="187.50870000000032" />
    <tag k="local_y" v="582.193299999999" />
    <tag k="ele" v="0" />
  </node>
  <node id="1175" lat="42.28294973998" lon="-85.61966954823">
    <tag k="local_x" v="185.46600000000035" />
    <tag k="local_y" v="588.2554999999993" />
    <tag k="ele" v="0" />
  </node>
  <node id="1176" lat="42.28300345709" lon="-85.61969364716">
    <tag k="local_x" v="183.38230000000112" />
    <tag k="local_y" v="594.1878999999899" />
    <tag k="ele" v="0" />
  </node>
  <node id="1177" lat="42.28307429011" lon="-85.61973353704">
    <tag k="local_x" v="179.96579999999994" />
    <tag k="local_y" v="601.9997000000003" />
    <tag k="ele" v="0" />
  </node>
  <node id="1178" lat="42.28318033642" lon="-85.61975913402">
    <tag k="local_x" v="177.66439999999966" />
    <tag k="local_y" v="613.7405999999901" />
    <tag k="ele" v="0" />
  </node>
  <node id="1179" lat="42.28331254374" lon="-85.61989393594">
    <tag k="local_x" v="166.3118000000013" />
    <tag k="local_y" v="628.2403999999951" />
    <tag k="ele" v="0" />
  </node>
  <node id="1180" lat="42.28352555348" lon="-85.62017669712">
    <tag k="local_x" v="142.6144000000004" />
    <tag k="local_y" v="651.514599999995" />
    <tag k="ele" v="0" />
  </node>
  <node id="1181" lat="42.28270278285" lon="-85.61950033954">
    <tag k="local_x" v="199.86219999999958" />
    <tag k="local_y" v="561.0601999999926" />
    <tag k="ele" v="0" />
  </node>
  <node id="1182" lat="42.28291136126" lon="-85.61955495907">
    <tag k="local_x" v="194.98320000000058" />
    <tag k="local_y" v="584.1471999999922" />
    <tag k="ele" v="0" />
  </node>
  <node id="1183" lat="42.28297325573" lon="-85.61958114491">
    <tag k="local_x" v="192.71270000000004" />
    <tag k="local_y" v="590.9847999999911" />
    <tag k="ele" v="0" />
  </node>
  <node id="1184" lat="42.28303088224" lon="-85.619607105">
    <tag k="local_x" v="190.46850000000086" />
    <tag k="local_y" v="597.3487999999925" />
    <tag k="ele" v="0" />
  </node>
  <node id="1185" lat="42.28309443744" lon="-85.61964376748">
    <tag k="local_x" v="187.33120000000054" />
    <tag k="local_y" v="604.3567999999941" />
    <tag k="ele" v="0" />
  </node>
  <node id="1186" lat="42.28321524416" lon="-85.61967703826">
    <tag k="local_x" v="184.3705000000009" />
    <tag k="local_y" v="617.7263999999996" />
    <tag k="ele" v="0" />
  </node>
  <node id="1187" lat="42.28336555311" lon="-85.61982856044">
    <tag k="local_x" v="171.60670000000027" />
    <tag k="local_y" v="634.2137999999977" />
    <tag k="ele" v="0" />
  </node>
  <node id="1188" lat="42.28358061547" lon="-85.62012022758">
    <tag k="local_x" v="147.17129999999997" />
    <tag k="local_y" v="657.7039999999979" />
    <tag k="ele" v="0" />
  </node>
  <node id="1189" lat="42.28270356738" lon="-85.61945180226">
    <tag k="local_x" v="203.8628000000008" />
    <tag k="local_y" v="561.2121999999945" />
    <tag k="ele" v="0" />
  </node>
  <node id="1190" lat="42.28291829841" lon="-85.61950998884">
    <tag k="local_x" v="198.6786000000011" />
    <tag k="local_y" v="584.9775999999983" />
    <tag k="ele" v="0" />
  </node>
  <node id="1191" lat="42.28298301793" lon="-85.61953721177">
    <tag k="local_x" v="196.31750000000102" />
    <tag k="local_y" v="592.1274999999878" />
    <tag k="ele" v="0" />
  </node>
  <node id="1192" lat="42.28304220604" lon="-85.61956391516">
    <tag k="local_x" v="194.00920000000042" />
    <tag k="local_y" v="598.6638999999996" />
    <tag k="ele" v="0" />
  </node>
  <node id="1193" lat="42.28310304302" lon="-85.61959936227">
    <tag k="local_x" v="190.97700000000077" />
    <tag k="local_y" v="605.3716999999888" />
    <tag k="ele" v="0" />
  </node>
  <node id="1194" lat="42.28322947985" lon="-85.61963558821">
    <tag k="local_x" v="187.76250000000073" />
    <tag k="local_y" v="619.3624999999884" />
    <tag k="ele" v="0" />
  </node>
  <node id="1195" lat="42.28338658004" lon="-85.61979337797">
    <tag k="local_x" v="174.46969999999965" />
    <tag k="local_y" v="636.5956000000006" />
    <tag k="ele" v="0" />
  </node>
  <node id="1196" lat="42.28360006152" lon="-85.62009092183">
    <tag k="local_x" v="149.5526000000009" />
    <tag k="local_y" v="659.9023999999918" />
    <tag k="ele" v="0" />
  </node>
  <node id="1197" lat="42.28176324416" lon="-85.61952369381">
    <tag k="local_x" v="199.6280000000006" />
    <tag k="local_y" v="456.70500000000175" />
    <tag k="ele" v="0" />
  </node>
  <node id="1198" lat="42.27888008113" lon="-85.62002627677">
    <tag k="local_x" v="163.3765999999996" />
    <tag k="local_y" v="135.89429999999993" />
    <tag k="ele" v="0" />
  </node>
  <node id="1199" lat="42.27890301526" lon="-85.62005908805">
    <tag k="local_x" v="160.6298000000006" />
    <tag k="local_y" v="138.3969999999972" />
    <tag k="ele" v="0" />
  </node>
  <node id="1200" lat="42.27893096353" lon="-85.62008610579">
    <tag k="local_x" v="158.35170000000107" />
    <tag k="local_y" v="141.4641999999876" />
    <tag k="ele" v="0" />
  </node>
  <node id="1201" lat="42.27896692264" lon="-85.62010092795">
    <tag k="local_x" v="157.0648000000001" />
    <tag k="local_y" v="145.4372000000003" />
    <tag k="ele" v="0" />
  </node>
  <node id="1202" lat="42.27902578021" lon="-85.62010773139">
    <tag k="local_x" v="156.39789999999994" />
    <tag k="local_y" v="151.96349999999802" />
    <tag k="ele" v="0" />
  </node>
  <node id="1203" lat="42.27913673196" lon="-85.62010892298">
    <tag k="local_x" v="156.10000000000036" />
    <tag k="local_y" v="164.28169999999227" />
    <tag k="ele" v="0" />
  </node>
  <node id="1204" lat="42.27979797645" lon="-85.62007731655">
    <tag k="local_x" v="157.51630000000114" />
    <tag k="local_y" v="237.74679999999353" />
    <tag k="ele" v="0" />
  </node>
  <node id="1205" lat="42.28104385962" lon="-85.62006260739">
    <tag k="local_x" v="156.48719999999958" />
    <tag k="local_y" v="376.10609999998996" />
    <tag k="ele" v="0" />
  </node>
  <node id="1206" lat="42.28123502383" lon="-85.62006034913">
    <tag k="local_x" v="156.32940000000053" />
    <tag k="local_y" v="397.33550000000105" />
    <tag k="ele" v="0" />
  </node>
  <node id="1207" lat="42.28126778882" lon="-85.62004982739">
    <tag k="local_x" v="157.13800000000083" />
    <tag k="local_y" v="400.98769999999786" />
    <tag k="ele" v="0" />
  </node>
  <node id="1208" lat="42.28131328019" lon="-85.62002479211">
    <tag k="local_x" v="159.1203999999998" />
    <tag k="local_y" v="406.07239999999" />
    <tag k="ele" v="0" />
  </node>
  <node id="1209" lat="42.28134893983" lon="-85.61998824121">
    <tag k="local_x" v="162.0699999999997" />
    <tag k="local_y" v="410.0807999999961" />
    <tag k="ele" v="0" />
  </node>
  <node id="1210" lat="42.28138637409" lon="-85.61993631329">
    <tag k="local_x" v="166.28430000000117" />
    <tag k="local_y" v="414.3067999999912" />
    <tag k="ele" v="0" />
  </node>
  <node id="1211" lat="42.28156973096" lon="-85.61966522356">
    <tag k="local_x" v="188.306700000001" />
    <tag k="local_y" v="435.02859999999055" />
    <tag k="ele" v="0" />
  </node>
  <node id="1212" lat="42.27883750144" lon="-85.62008207554">
    <tag k="local_x" v="158.85220000000118" />
    <tag k="local_y" v="131.0917999999947" />
    <tag k="ele" v="0" />
  </node>
  <node id="1213" lat="42.27886481664" lon="-85.62012047295">
    <tag k="local_x" v="155.63690000000133" />
    <tag k="local_y" v="134.0734999999986" />
    <tag k="ele" v="0" />
  </node>
  <node id="1214" lat="42.27890504655" lon="-85.62015828417">
    <tag k="local_x" v="152.44670000000042" />
    <tag k="local_y" v="138.4899999999907" />
    <tag k="ele" v="0" />
  </node>
  <node id="1215" lat="42.27895597295" lon="-85.62017963909">
    <tag k="local_x" v="150.59420000000136" />
    <tag k="local_y" v="144.11619999998948" />
    <tag k="ele" v="0" />
  </node>
  <node id="1216" lat="42.27902284078" lon="-85.62018759455">
    <tag k="local_x" v="149.8179" />
    <tag k="local_y" v="151.53039999998873" />
    <tag k="ele" v="0" />
  </node>
  <node id="1217" lat="42.27913755992" lon="-85.62018880231">
    <tag k="local_x" v="149.51190000000133" />
    <tag k="local_y" v="164.2668999999878" />
    <tag k="ele" v="0" />
  </node>
  <node id="1218" lat="42.27979852539" lon="-85.62015720765">
    <tag k="local_x" v="150.9278000000013" />
    <tag k="local_y" v="237.70100000000093" />
    <tag k="ele" v="0" />
  </node>
  <node id="1220" lat="42.2810433992" lon="-85.62014071868">
    <tag k="local_x" v="150.0474000000013" />
    <tag k="local_y" v="375.9505999999965" />
    <tag k="ele" v="0" />
  </node>
  <node id="1221" lat="42.28123675987" lon="-85.62013837755">
    <tag k="local_x" v="149.89249999999993" />
    <tag k="local_y" v="397.42399999999907" />
    <tag k="ele" v="0" />
  </node>
  <node id="1222" lat="42.28128486825" lon="-85.6201240318">
    <tag k="local_x" v="150.988800000001" />
    <tag k="local_y" v="402.78499999998894" />
    <tag k="ele" v="0" />
  </node>
  <node id="1223" lat="42.28134062485" lon="-85.62009287713">
    <tag k="local_x" v="153.45730000000003" />
    <tag k="local_y" v="409.0176999999967" />
    <tag k="ele" v="0" />
  </node>
  <node id="1224" lat="42.28138622363" lon="-85.62004675746">
    <tag k="local_x" v="157.17799999999988" />
    <tag k="local_y" v="414.14250000000175" />
    <tag k="ele" v="0" />
  </node>
  <node id="1225" lat="42.2814278455" lon="-85.61998927571">
    <tag k="local_x" v="161.84270000000106" />
    <tag k="local_y" v="418.8408999999956" />
    <tag k="ele" v="0" />
  </node>
  <node id="1226" lat="42.28163153616" lon="-85.61968302199">
    <tag k="local_x" v="186.72789999999986" />
    <tag k="local_y" v="441.867499999993" />
    <tag k="ele" v="0" />
  </node>
  <node id="1227" lat="42.28206225125" lon="-85.62039954609">
    <tag k="local_x" v="126.8729000000003" />
    <tag k="local_y" v="488.7354999999952" />
    <tag k="ele" v="0" />
  </node>
  <node id="1228" lat="42.28202190226" lon="-85.62054233481">
    <tag k="local_x" v="115.17209999999977" />
    <tag k="local_y" v="484.06449999999313" />
    <tag k="ele" v="0" />
  </node>
  <node id="1229" lat="42.28202022648" lon="-85.62054849242">
    <tag k="local_x" v="114.66740000000027" />
    <tag k="local_y" v="483.8701999999903" />
    <tag k="ele" v="0" />
  </node>
  <node id="1230" lat="42.28193551318" lon="-85.62085624089">
    <tag k="local_x" v="89.44490000000042" />
    <tag k="local_y" v="474.0527999999904" />
    <tag k="ele" v="0" />
  </node>
  <node id="1231" lat="42.28177261014" lon="-85.62142262494">
    <tag k="local_x" v="43.037500000000364" />
    <tag k="local_y" v="455.20819999999367" />
    <tag k="ele" v="0" />
  </node>
  <node id="1234" lat="42.27874822827" lon="-85.618180122">
    <tag k="local_x" v="315.84320000000116" />
    <tag k="local_y" v="123.72239999999874" />
    <tag k="ele" v="0" />
  </node>
  <node id="1235" lat="42.27876382493" lon="-85.6182050172">
    <tag k="local_x" v="313.7623000000003" />
    <tag k="local_y" v="125.42089999999735" />
    <tag k="ele" v="0" />
  </node>
  <node id="1236" lat="42.27882195462" lon="-85.61828690502">
    <tag k="local_x" v="306.90530000000035" />
    <tag k="local_y" v="131.7658999999985" />
    <tag k="ele" v="0" />
  </node>
  <node id="1237" lat="42.27889912652" lon="-85.61844630573">
    <tag k="local_x" v="293.6225000000013" />
    <tag k="local_y" v="140.12159999999858" />
    <tag k="ele" v="0" />
  </node>
  <node id="1238" lat="42.27894800668" lon="-85.61859036995">
    <tag k="local_x" v="281.65530000000035" />
    <tag k="local_y" v="145.35639999998966" />
    <tag k="ele" v="0" />
  </node>
  <node id="1239" lat="42.27896852991" lon="-85.61870112107">
    <tag k="local_x" v="272.4861000000001" />
    <tag k="local_y" v="147.48709999999846" />
    <tag k="ele" v="0" />
    <tag k="highway" v="crossing" />
  </node>
  <node id="1240" lat="42.2790065957" lon="-85.61884820268">
    <tag k="local_x" v="260.28960000000006" />
    <tag k="local_y" v="151.5170999999973" />
    <tag k="ele" v="0" />
  </node>
  <node id="1241" lat="42.27897696736" lon="-85.61902888986">
    <tag k="local_x" v="245.44400000000132" />
    <tag k="local_y" v="147.98559999999998" />
    <tag k="ele" v="0" />
  </node>
  <node id="1242" lat="42.2789378211" lon="-85.61917853094">
    <tag k="local_x" v="233.1755000000012" />
    <tag k="local_y" v="143.438799999989" />
    <tag k="ele" v="0" />
  </node>
  <node id="1243" lat="42.2789196734" lon="-85.61925251684">
    <tag k="local_x" v="227.10750000000007" />
    <tag k="local_y" v="141.3247999999876" />
    <tag k="ele" v="0" />
  </node>
  <node id="1244" lat="42.27886689554" lon="-85.61945041581">
    <tag k="local_x" v="210.8842999999997" />
    <tag k="local_y" v="135.19989999999234" />
    <tag k="ele" v="0" />
  </node>
  <node id="1245" lat="42.27884976005" lon="-85.61961477888">
    <tag k="local_x" v="197.36219999999958" />
    <tag k="local_y" v="133.07749999999942" />
    <tag k="ele" v="0" />
  </node>
  <node id="1246" lat="42.27884543123" lon="-85.61986926175">
    <tag k="local_x" v="176.38600000000042" />
    <tag k="local_y" v="132.2566999999981" />
    <tag k="ele" v="0" />
  </node>
  <node id="1247" lat="42.27885080783" lon="-85.6199635459">
    <tag k="local_x" v="168.60189999999966" />
    <tag k="local_y" v="132.72769999998854" />
    <tag k="ele" v="0" />
  </node>
  <node id="1248" lat="42.27887131457" lon="-85.62000770687">
    <tag k="local_x" v="164.92360000000008" />
    <tag k="local_y" v="134.94569999999658" />
    <tag k="ele" v="0" />
  </node>
  <node id="1249" lat="42.27869254303" lon="-85.61830205788">
    <tag k="local_x" v="305.88900000000103" />
    <tag k="local_y" v="117.37609999999404" />
    <tag k="ele" v="0" />
  </node>
  <node id="1250" lat="42.27874873604" lon="-85.61836994199">
    <tag k="local_x" v="300.1902000000009" />
    <tag k="local_y" v="123.52479999999923" />
    <tag k="ele" v="0" />
  </node>
  <node id="1251" lat="42.27887339401" lon="-85.61861780843">
    <tag k="local_x" v="279.52720000000045" />
    <tag k="local_y" v="137.03489999999874" />
    <tag k="ele" v="0" />
  </node>
  <node id="1252" lat="42.27891251266" lon="-85.61873744774">
    <tag k="local_x" v="269.59159999999974" />
    <tag k="local_y" v="141.21849999998813" />
    <tag k="ele" v="0" />
    <tag k="highway" v="crossing" />
  </node>
  <node id="1253" lat="42.27894668262" lon="-85.61885740509">
    <tag k="local_x" v="259.63870000000134" />
    <tag k="local_y" v="144.8521999999939" />
    <tag k="ele" v="0" />
  </node>
  <node id="1254" lat="42.27892342318" lon="-85.61900764882">
    <tag k="local_x" v="247.29190000000017" />
    <tag k="local_y" v="142.0685999999987" />
    <tag k="ele" v="0" />
  </node>
  <node id="1255" lat="42.27888601737" lon="-85.61915613241">
    <tag k="local_x" v="235.1157000000003" />
    <tag k="local_y" v="137.71659999999974" />
    <tag k="ele" v="0" />
  </node>
  <node id="1256" lat="42.27886796862" lon="-85.61922973287">
    <tag k="local_x" v="229.07930000000124" />
    <tag k="local_y" v="135.6140999999916" />
    <tag k="ele" v="0" />
  </node>
  <node id="1257" lat="42.2788136997" lon="-85.61943423855">
    <tag k="local_x" v="212.3140000000003" />
    <tag k="local_y" v="129.31479999999283" />
    <tag k="ele" v="0" />
  </node>
  <node id="1258" lat="42.27879478183" lon="-85.61961332918">
    <tag k="local_x" v="197.58070000000043" />
    <tag k="local_y" v="126.97479999999632" />
    <tag k="ele" v="0" />
  </node>
  <node id="1259" lat="42.27878469432" lon="-85.61986995917">
    <tag k="local_x" v="176.4377999999997" />
    <tag k="local_y" v="125.5116999999882" />
    <tag k="ele" v="0" />
  </node>
  <node id="1260" lat="42.27879280138" lon="-85.61998780188">
    <tag k="local_x" v="166.70620000000054" />
    <tag k="local_y" v="126.25439999999071" />
    <tag k="ele" v="0" />
  </node>
  <node id="1261" lat="42.27881586534" lon="-85.62004225175">
    <tag k="local_x" v="162.17489999999998" />
    <tag k="local_y" v="128.74259999999776" />
    <tag k="ele" v="0" />
  </node>
  <node id="1262" lat="42.28202180288" lon="-85.61927693492">
    <tag k="local_x" v="219.50860000000102" />
    <tag k="local_y" v="485.7445999999909" />
    <tag k="ele" v="0" />
  </node>
  <node id="1263" lat="42.28206899119" lon="-85.61928917743">
    <tag k="local_x" v="218.41420000000107" />
    <tag k="local_y" v="490.96789999998873" />
    <tag k="ele" v="0" />
  </node>
  <node id="1264" lat="42.2819517492" lon="-85.61955011293">
    <tag k="local_x" v="197.11030000000028" />
    <tag k="local_y" v="477.60080000000016" />
    <tag k="ele" v="0" />
  </node>
  <node id="1265" lat="42.28212019726" lon="-85.61923973479">
    <tag k="local_x" v="222.39869999999974" />
    <tag k="local_y" v="496.71979999999166" />
    <tag k="ele" v="0" />
  </node>
  <node id="1266" lat="42.28209937799" lon="-85.6193052373">
    <tag k="local_x" v="217.03530000000137" />
    <tag k="local_y" v="494.32050000000163" />
    <tag k="ele" v="0" />
  </node>
  <node id="1267" lat="42.28238163478" lon="-85.61936348257">
    <tag k="local_x" v="211.72460000000137" />
    <tag k="local_y" v="525.5836999999883" />
    <tag k="ele" v="0" />
  </node>
  <node id="1268" lat="42.28236153365" lon="-85.61932557836">
    <tag k="local_x" v="214.88609999999971" />
    <tag k="local_y" v="523.4023999999918" />
    <tag k="ele" v="0" />
  </node>
  <node id="1269" lat="42.28243950564" lon="-85.61938519811">
    <tag k="local_x" v="209.82990000000063" />
    <tag k="local_y" v="531.9804999999906" />
    <tag k="ele" v="0" />
  </node>
  <node id="1270" lat="42.28236243157" lon="-85.61929341915">
    <tag k="local_x" v="217.53610000000117" />
    <tag k="local_y" v="523.5450999999885" />
    <tag k="ele" v="0" />
  </node>
  <node id="1271" lat="42.28235324835" lon="-85.61933943135">
    <tag k="local_x" v="213.7587999999996" />
    <tag k="local_y" v="522.4638999999879" />
    <tag k="ele" v="0" />
  </node>
  <node id="1272" lat="42.28237408843" lon="-85.61934925124">
    <tag k="local_x" v="212.91160000000127" />
    <tag k="local_y" v="524.7647999999899" />
    <tag k="ele" v="0" />
  </node>
  <node id="1273" lat="42.28230024536" lon="-85.61929940402">
    <tag k="local_x" v="217.15459999999985" />
    <tag k="local_y" v="516.632099999988" />
    <tag k="ele" v="0" />
  </node>
  <node id="1274" lat="42.28230136452" lon="-85.61925323444">
    <tag k="local_x" v="220.95939999999973" />
    <tag k="local_y" v="516.8180999999895" />
    <tag k="ele" v="0" />
  </node>
  <node id="1275" lat="42.28192797383" lon="-85.62064289554">
    <tag k="local_x" v="107.04950000000099" />
    <tag k="local_y" v="473.5005999999994" />
    <tag k="ele" v="0" />
  </node>
  <node id="1276" lat="42.28189644416" lon="-85.62068229495">
    <tag k="local_x" v="103.85760000000118" />
    <tag k="local_y" v="469.9470000000001" />
    <tag k="ele" v="0" />
  </node>
  <node id="1277" lat="42.28169636512" lon="-85.62139636863">
    <tag k="local_x" v="45.339500000000044" />
    <tag k="local_y" v="446.7771999999968" />
    <tag k="ele" v="0" />
  </node>
  <node id="1279" lat="42.2820353619" lon="-85.6200559995">
    <tag k="local_x" v="155.247800000001" />
    <tag k="local_y" v="486.20879999999306" />
    <tag k="ele" v="0" />
  </node>
  <node id="1280" lat="42.28205903806" lon="-85.62007024751">
    <tag k="local_x" v="154.03039999999964" />
    <tag k="local_y" v="488.8186999999889" />
    <tag k="ele" v="0" />
  </node>
  <node id="1281" lat="42.2822269851" lon="-85.61977379454">
    <tag k="local_x" v="178.17159999999967" />
    <tag k="local_y" v="507.86329999999725" />
    <tag k="ele" v="0" />
  </node>
  <node id="1282" lat="42.28209903582" lon="-85.61993551428">
    <tag k="local_x" v="165.0676000000003" />
    <tag k="local_y" v="493.4399999999878" />
    <tag k="ele" v="0" />
  </node>
  <node id="1283" lat="42.28213536654" lon="-85.61990481337">
    <tag k="local_x" v="167.53360000000066" />
    <tag k="local_y" v="497.5150999999896" />
    <tag k="ele" v="0" />
  </node>
  <node id="1284" lat="42.28227288974" lon="-85.6196870332">
    <tag k="local_x" v="185.2427000000007" />
    <tag k="local_y" v="513.0763999999908" />
    <tag k="ele" v="0" />
  </node>
  <node id="1285" lat="42.28263162191" lon="-85.61959831251">
    <tag k="local_x" v="191.91220000000067" />
    <tag k="local_y" v="553.0276999999915" />
    <tag k="ele" v="0" />
  </node>
  <node id="1286" lat="42.28220601685" lon="-85.61981100897">
    <tag k="local_x" v="175.14090000000033" />
    <tag k="local_y" v="505.4853000000003" />
    <tag k="ele" v="0" />
  </node>
  <node id="1287" lat="42.28208659162" lon="-85.61955860932">
    <tag k="local_x" v="196.16700000000128" />
    <tag k="local_y" v="492.5619999999908" />
    <tag k="ele" v="0" />
  </node>
  <node id="1288" lat="42.2821155944" lon="-85.61933981334">
    <tag k="local_x" v="214.15520000000106" />
    <tag k="local_y" v="496.07489999999234" />
    <tag k="ele" v="0" />
  </node>
  <node id="1289" lat="42.28228351277" lon="-85.61933340195">
    <tag k="local_x" v="214.38150000000132" />
    <tag k="local_y" v="514.7286999999924" />
    <tag k="ele" v="0" />
  </node>
  <node id="1290" lat="42.28213699818" lon="-85.61931896224">
    <tag k="local_x" v="215.83590000000004" />
    <tag k="local_y" v="498.47939999999653" />
    <tag k="ele" v="0" />
  </node>
  <node id="1291" lat="42.28226217198" lon="-85.61964740323">
    <tag k="local_x" v="188.52959999999985" />
    <tag k="local_y" v="511.9392999999982" />
    <tag k="ele" v="0" />
  </node>
  <node id="1292" lat="42.28231878674" lon="-85.61969846984">
    <tag k="local_x" v="184.21709999999985" />
    <tag k="local_y" v="518.1573999999964" />
    <tag k="ele" v="0" />
  </node>
  <node id="1293" lat="42.28228537593" lon="-85.61973179845">
    <tag k="local_x" v="181.52920000000086" />
    <tag k="local_y" v="514.4029999999912" />
    <tag k="ele" v="0" />
  </node>
  <node id="1294" lat="42.28230471003" lon="-85.61935530943">
    <tag k="local_x" v="212.53700000000026" />
    <tag k="local_y" v="517.0530999999901" />
    <tag k="ele" v="0" />
  </node>
  <node id="1295" lat="42.28237098069" lon="-85.61950814332">
    <tag k="local_x" v="199.8161" />
    <tag k="local_y" v="524.2072999999946" />
    <tag k="ele" v="0" />
  </node>
  <node id="1296" lat="42.28234144122" lon="-85.61949962548">
    <tag k="local_x" v="200.57160000000113" />
    <tag k="local_y" v="520.9386999999988" />
    <tag k="ele" v="0" />
  </node>
  <node id="1297" lat="42.28213950964" lon="-85.61973036197">
    <tag k="local_x" v="181.91020000000026" />
    <tag k="local_y" v="498.2082999999984" />
    <tag k="ele" v="0" />
  </node>
  <node id="1298" lat="42.28214933831" lon="-85.61969014889">
    <tag k="local_x" v="185.20820000000094" />
    <tag k="local_y" v="499.3533999999927" />
    <tag k="ele" v="0" />
  </node>
  <node id="1299" lat="42.28212625585" lon="-85.61972268071">
    <tag k="local_x" v="182.5673999999999" />
    <tag k="local_y" v="496.7468999999983" />
    <tag k="ele" v="0" />
  </node>
  <node id="1300" lat="42.28215328489" lon="-85.61965088651">
    <tag k="local_x" v="188.4384000000009" />
    <tag k="local_y" v="499.8441000000021" />
    <tag k="ele" v="0" />
  </node>
  <node id="1301" lat="42.28207919422" lon="-85.61988466249">
    <tag k="local_x" v="169.29620000000068" />
    <tag k="local_y" v="491.30479999999807" />
    <tag k="ele" v="0" />
  </node>
  <node id="1302" lat="42.28210427781" lon="-85.61989545111">
    <tag k="local_x" v="168.3615000000009" />
    <tag k="local_y" v="494.0755999999965" />
    <tag k="ele" v="0" />
  </node>
  <node id="1303" lat="42.28207291521" lon="-85.61971826018">
    <tag k="local_x" v="183.02790000000095" />
    <tag k="local_y" v="490.83000000000175" />
    <tag k="ele" v="0" />
  </node>
  <node id="1304" lat="42.28210063296" lon="-85.61971385171">
    <tag k="local_x" v="183.34150000000045" />
    <tag k="local_y" v="493.91359999999986" />
    <tag k="ele" v="0" />
  </node>
  <node id="1305" lat="42.28213159284" lon="-85.61972178679">
    <tag k="local_x" v="182.63150000000132" />
    <tag k="local_y" v="497.34070000000065" />
    <tag k="ele" v="0" />
  </node>
  <node id="1306" lat="42.28212860716" lon="-85.61968488671">
    <tag k="local_x" v="185.6794000000009" />
    <tag k="local_y" v="497.0584999999992" />
    <tag k="ele" v="0" />
  </node>
  <node id="1307" lat="42.2821220983" lon="-85.61965052799">
    <tag k="local_x" v="188.52410000000054" />
    <tag k="local_y" v="496.3816999999981" />
    <tag k="ele" v="0" />
  </node>
  <node id="1308" lat="42.28211696276" lon="-85.6196262614">
    <tag k="local_x" v="190.53420000000006" />
    <tag k="local_y" v="495.8438999999926" />
    <tag k="ele" v="0" />
  </node>
  <node id="1309" lat="42.28206473125" lon="-85.61966474898">
    <tag k="local_x" v="187.45480000000134" />
    <tag k="local_y" v="489.9927999999927" />
    <tag k="ele" v="0" />
  </node>
  <node id="1310" lat="42.28212389697" lon="-85.61962765028">
    <tag k="local_x" v="190.40719999999965" />
    <tag k="local_y" v="496.6119999999937" />
    <tag k="ele" v="0" />
  </node>
  <node id="1311" lat="42.28213979039" lon="-85.61964423171">
    <tag k="local_x" v="189.01140000000123" />
    <tag k="local_y" v="498.3545999999915" />
    <tag k="ele" v="0" />
  </node>
  <node id="1312" lat="42.28204508919" lon="-85.61942708761">
    <tag k="local_x" v="207.08610000000044" />
    <tag k="local_y" v="488.12949999999546" />
    <tag k="ele" v="0" />
  </node>
  <node id="1313" lat="42.28207474691" lon="-85.61943420686">
    <tag k="local_x" v="206.44570000000022" />
    <tag k="local_y" v="491.41309999999066" />
    <tag k="ele" v="0" />
  </node>
  <node id="1316" lat="42.28167268617" lon="-85.62138966511">
    <tag k="local_x" v="45.934800000000905" />
    <tag k="local_y" v="444.15690000000177" />
    <tag k="ele" v="0" />
  </node>
  <node id="1317" lat="42.28172208214" lon="-85.62120713215">
    <tag k="local_x" v="60.89650000000074" />
    <tag k="local_y" v="449.8853999999992" />
    <tag k="ele" v="0" />
  </node>
  <node id="1318" lat="42.28182488143" lon="-85.62083013492">
    <tag k="local_x" v="91.79640000000109" />
    <tag k="local_y" v="461.8033999999898" />
    <tag k="ele" v="0" />
  </node>
  <node id="1319" lat="42.28187227452" lon="-85.62065367">
    <tag k="local_x" v="106.26130000000012" />
    <tag k="local_y" v="467.3015000000014" />
    <tag k="ele" v="0" />
  </node>
  <node id="1320" lat="42.28036379039" lon="-85.618997805">
    <tag k="local_x" v="245.50970000000052" />
    <tag k="local_y" v="302.01639999999315" />
    <tag k="ele" v="0" />
  </node>
  <node id="1321" lat="42.28037689655" lon="-85.62003749567">
    <tag k="local_x" v="159.7579999999998" />
    <tag k="local_y" v="302.08179999999993" />
    <tag k="ele" v="0" />
  </node>
  <node id="1322" lat="42.28038501595" lon="-85.61899625841">
    <tag k="local_x" v="245.59900000000016" />
    <tag k="local_y" v="304.3752999999997" />
    <tag k="ele" v="0" />
  </node>
  <node id="1323" lat="42.28035441364" lon="-85.62004225168">
    <tag k="local_x" v="159.40630000000056" />
    <tag k="local_y" v="299.5789999999979" />
    <tag k="ele" v="0" />
  </node>
  <node id="1324" lat="42.28040577693" lon="-85.62011098549">
    <tag k="local_x" v="153.64639999999963" />
    <tag k="local_y" v="305.1903999999922" />
    <tag k="ele" v="0" />
  </node>
  <node id="1325" lat="42.280391394" lon="-85.62014882028">
    <tag k="local_x" v="150.5526000000009" />
    <tag k="local_y" v="303.5427999999956" />
    <tag k="ele" v="0" />
  </node>
  <node id="1326" lat="42.28218681934" lon="-85.61754302381">
    <tag k="local_x" v="362.1777000000002" />
    <tag k="local_y" v="506.38739999999234" />
    <tag k="ele" v="0" />
  </node>
  <node id="1327" lat="42.28223217205" lon="-85.61735177463">
    <tag k="local_x" v="377.8649999999998" />
    <tag k="local_y" v="511.67929999998887" />
    <tag k="ele" v="0" />
  </node>
  <node id="1328" lat="42.2822255471" lon="-85.61727722603">
    <tag k="local_x" v="384.02369999999974" />
    <tag k="local_y" v="511.04349999999977" />
    <tag k="ele" v="0" />
  </node>
  <node id="1329" lat="42.28220382426" lon="-85.61722946756">
    <tag k="local_x" v="388.0007000000005" />
    <tag k="local_y" v="508.6953999999969" />
    <tag k="ele" v="0" />
  </node>
  <node id="1330" lat="42.28217203866" lon="-85.61718847475">
    <tag k="local_x" v="391.4380000000001" />
    <tag k="local_y" v="505.22090000000026" />
    <tag k="ele" v="0" />
  </node>
  <node id="1331" lat="42.28212194775" lon="-85.61714936803">
    <tag k="local_x" v="394.7528000000002" />
    <tag k="local_y" v="499.7112999999954" />
    <tag k="ele" v="0" />
  </node>
  <node id="1332" lat="42.28189590923" lon="-85.61704890072">
    <tag k="local_x" v="403.444300000001" />
    <tag k="local_y" v="474.7470999999932" />
    <tag k="ele" v="0" />
  </node>
  <node id="1333" lat="42.28155332119" lon="-85.61686992484">
    <tag k="local_x" v="418.8194000000003" />
    <tag k="local_y" v="436.9467000000004" />
    <tag k="ele" v="0" />
  </node>
  <node id="1334" lat="42.28149280179" lon="-85.616872299">
    <tag k="local_x" v="418.73279999999977" />
    <tag k="local_y" v="430.22359999999753" />
    <tag k="ele" v="0" />
  </node>
  <node id="1335" lat="42.28145199224" lon="-85.6168943332">
    <tag k="local_x" v="416.9896000000008" />
    <tag k="local_y" v="425.66270000000077" />
    <tag k="ele" v="0" />
  </node>
  <node id="1336" lat="42.28140610446" lon="-85.61692116591">
    <tag k="local_x" v="414.8599000000013" />
    <tag k="local_y" v="420.5314999999973" />
    <tag k="ele" v="0" />
  </node>
  <node id="1337" lat="42.28137586405" lon="-85.61695602098">
    <tag k="local_x" v="412.040500000001" />
    <tag k="local_y" v="417.12699999999313" />
    <tag k="ele" v="0" />
  </node>
  <node id="1338" lat="42.28213278929" lon="-85.61750540737">
    <tag k="local_x" v="365.3767000000007" />
    <tag k="local_y" v="500.4383999999991" />
    <tag k="ele" v="0" />
  </node>
  <node id="1339" lat="42.2821761559" lon="-85.61732384846">
    <tag k="local_x" v="380.26860000000124" />
    <tag k="local_y" v="505.4967999999935" />
    <tag k="ele" v="0" />
  </node>
  <node id="1340" lat="42.28217270916" lon="-85.61731965353">
    <tag k="local_x" v="380.6207000000013" />
    <tag k="local_y" v="505.11969999999565" />
    <tag k="ele" v="0" />
  </node>
  <node id="1341" lat="42.28216687891" lon="-85.61730891667">
    <tag k="local_x" v="381.5164999999997" />
    <tag k="local_y" v="504.486699999994" />
    <tag k="ele" v="0" />
  </node>
  <node id="1342" lat="42.28215111457" lon="-85.61728813061">
    <tag k="local_x" v="383.2587999999996" />
    <tag k="local_y" v="502.7641000000003" />
    <tag k="ele" v="0" />
  </node>
  <node id="1343" lat="42.28212351781" lon="-85.61726529656">
    <tag k="local_x" v="385.1913000000004" />
    <tag k="local_y" v="499.7304000000004" />
    <tag k="ele" v="0" />
  </node>
  <node id="1344" lat="42.2818977693" lon="-85.61716497166">
    <tag k="local_x" v="393.8705000000009" />
    <tag k="local_y" v="474.7981999999902" />
    <tag k="ele" v="0" />
  </node>
  <node id="1345" lat="42.28154783516" lon="-85.61699233383">
    <tag k="local_x" v="408.7362000000012" />
    <tag k="local_y" v="436.1735999999946" />
    <tag k="ele" v="0" />
  </node>
  <node id="1346" lat="42.28151981874" lon="-85.61700183767">
    <tag k="local_x" v="408.0030999999999" />
    <tag k="local_y" v="433.04999999998836" />
    <tag k="ele" v="0" />
  </node>
  <node id="1347" lat="42.2814951886" lon="-85.6170153764">
    <tag k="local_x" v="406.9312000000009" />
    <tag k="local_y" v="430.2969999999914" />
    <tag k="ele" v="0" />
  </node>
  <node id="1348" lat="42.28156770211" lon="-85.61699246444">
    <tag k="local_x" v="408.6895999999997" />
    <tag k="local_y" v="438.3793999999907" />
    <tag k="ele" v="0" />
  </node>
  <node id="1349" lat="42.28073932917" lon="-85.61895126316">
    <tag k="local_x" v="248.67100000000028" />
    <tag k="local_y" v="343.7774999999965" />
    <tag k="ele" v="0" />
  </node>
  <node id="1350" lat="42.28147188144" lon="-85.61703399327">
    <tag k="local_x" v="405.4382000000005" />
    <tag k="local_y" v="427.6840999999986" />
    <tag k="ele" v="0" />
  </node>
  <node id="1351" lat="42.28148225908" lon="-85.61700144278">
    <tag k="local_x" v="408.10339999999997" />
    <tag k="local_y" v="428.8799999999901" />
    <tag k="ele" v="0" />
  </node>
  <node id="1352" lat="42.28150722361" lon="-85.61701756907">
    <tag k="local_x" v="406.72869999999966" />
    <tag k="local_y" v="431.63039999999455" />
    <tag k="ele" v="0" />
  </node>
  <node id="1353" lat="42.28160495218" lon="-85.6171160842">
    <tag k="local_x" v="398.4295000000002" />
    <tag k="local_y" v="442.34999999999127" />
    <tag k="ele" v="0" />
  </node>
  <node id="1354" lat="42.28167799887" lon="-85.61723991332">
    <tag k="local_x" v="388.08760000000075" />
    <tag k="local_y" v="450.29509999998845" />
    <tag k="ele" v="0" />
  </node>
  <node id="1355" lat="42.28171237463" lon="-85.61731048646">
    <tag k="local_x" v="382.20660000000134" />
    <tag k="local_y" v="454.01759999999194" />
    <tag k="ele" v="0" />
  </node>
  <node id="1356" lat="42.28172334122" lon="-85.61734170674">
    <tag k="local_x" v="379.6126000000004" />
    <tag k="local_y" v="455.19349999999395" />
    <tag k="ele" v="0" />
  </node>
  <node id="1357" lat="42.28175830122" lon="-85.61744729418">
    <tag k="local_x" v="370.84350000000086" />
    <tag k="local_y" v="458.93399999999383" />
    <tag k="ele" v="0" />
  </node>
  <node id="1358" lat="42.28177550331" lon="-85.6175768736">
    <tag k="local_x" v="360.128200000001" />
    <tag k="local_y" v="460.67059999999765" />
    <tag k="ele" v="0" />
  </node>
  <node id="1359" lat="42.28177554728" lon="-85.61768981014">
    <tag k="local_x" v="350.8161" />
    <tag k="local_y" v="460.52429999999003" />
    <tag k="ele" v="0" />
  </node>
  <node id="1360" lat="42.28176271349" lon="-85.617801551">
    <tag k="local_x" v="341.6257999999998" />
    <tag k="local_y" v="458.9496999999974" />
    <tag k="ele" v="0" />
  </node>
  <node id="1361" lat="42.28173716852" lon="-85.6179178448">
    <tag k="local_x" v="332.08300000000054" />
    <tag k="local_y" v="455.9575999999943" />
    <tag k="ele" v="0" />
  </node>
  <node id="1362" lat="42.28171836347" lon="-85.61795694911">
    <tag k="local_x" v="328.89260000000104" />
    <tag k="local_y" v="453.8171999999904" />
    <tag k="ele" v="0" />
  </node>
  <node id="1363" lat="42.28154217338" lon="-85.61863617185">
    <tag k="local_x" v="273.20560000000114" />
    <tag k="local_y" v="433.34470000000147" />
    <tag k="ele" v="0" />
  </node>
  <node id="1364" lat="42.28149436726" lon="-85.6187070662">
    <tag k="local_x" v="267.4462000000003" />
    <tag k="local_y" v="427.941599999991" />
    <tag k="ele" v="0" />
  </node>
  <node id="1365" lat="42.28145668244" lon="-85.61875526862">
    <tag k="local_x" v="263.53960000000006" />
    <tag k="local_y" v="423.6926999999996" />
    <tag k="ele" v="0" />
  </node>
  <node id="1366" lat="42.28138300088" lon="-85.61883353907">
    <tag k="local_x" v="257.21860000000015" />
    <tag k="local_y" v="415.4066000000021" />
    <tag k="ele" v="0" />
  </node>
  <node id="1367" lat="42.28128049704" lon="-85.61892545824">
    <tag k="local_x" v="249.82409999999982" />
    <tag k="local_y" v="403.9018999999971" />
    <tag k="ele" v="0" />
  </node>
  <node id="1368" lat="42.28120364268" lon="-85.61896373417">
    <tag k="local_x" v="246.8065000000006" />
    <tag k="local_y" v="395.31699999999546" />
    <tag k="ele" v="0" />
  </node>
  <node id="1369" lat="42.28109531797" lon="-85.61899364629">
    <tag k="local_x" v="244.53520000000026" />
    <tag k="local_y" v="383.2488999999914" />
    <tag k="ele" v="0" />
  </node>
  <node id="1370" lat="42.28095909734" lon="-85.61899380421">
    <tag k="local_x" v="244.76749999999993" />
    <tag k="local_y" v="368.12309999999707" />
    <tag k="ele" v="0" />
  </node>
  <node id="1371" lat="42.28089668564" lon="-85.61899370352">
    <tag k="local_x" v="244.88820000000123" />
    <tag k="local_y" v="361.19319999999425" />
    <tag k="ele" v="0" />
  </node>
  <node id="1372" lat="42.28074141234" lon="-85.61899299443">
    <tag k="local_x" v="245.22630000000026" />
    <tag k="local_y" v="343.95299999999406" />
    <tag k="ele" v="0" />
  </node>
  <node id="1373" lat="42.28041323383" lon="-85.61899195163">
    <tag k="local_x" v="245.90329999999994" />
    <tag k="local_y" v="307.5142999999953" />
    <tag k="ele" v="0" />
  </node>
  <node id="1374" lat="42.28039910381" lon="-85.62003617541">
    <tag k="local_x" v="159.82690000000002" />
    <tag k="local_y" v="304.54939999998896" />
    <tag k="ele" v="0" />
  </node>
  <node id="1375" lat="42.28032810449" lon="-85.62007083856">
    <tag k="local_x" v="157.09649999999965" />
    <tag k="local_y" v="296.6195000000007" />
    <tag k="ele" v="0" />
  </node>
  <node id="1376" lat="42.2804273229" lon="-85.6200714784">
    <tag k="local_x" v="156.8652000000002" />
    <tag k="local_y" v="307.63559999999416" />
    <tag k="ele" v="0" />
  </node>
  <node id="1377" lat="42.28041813904" lon="-85.62006605153">
    <tag k="local_x" v="157.32920000000013" />
    <tag k="local_y" v="306.62309999999707" />
    <tag k="ele" v="0" />
  </node>
  <node id="1378" lat="42.28040839364" lon="-85.62005744247">
    <tag k="local_x" v="158.0565999999999" />
    <tag k="local_y" v="305.5524999999907" />
    <tag k="ele" v="0" />
  </node>
  <node id="1379" lat="42.28040299288" lon="-85.62004937045">
    <tag k="local_x" v="158.73190000000068" />
    <tag k="local_y" v="304.9635999999882" />
    <tag k="ele" v="0" />
  </node>
  <node id="1380" lat="42.28037794825" lon="-85.62005386704">
    <tag k="local_x" v="158.40620000000126" />
    <tag k="local_y" v="302.17669999999634" />
    <tag k="ele" v="0" />
  </node>
  <node id="1381" lat="42.28038185314" lon="-85.62006747892">
    <tag k="local_x" v="157.27679999999964" />
    <tag k="local_y" v="302.5920999999944" />
    <tag k="ele" v="0" />
  </node>
  <node id="1382" lat="42.28038892139" lon="-85.62008067977">
    <tag k="local_x" v="156.1756000000005" />
    <tag k="local_y" v="303.35929999999644" />
    <tag k="ele" v="0" />
  </node>
  <node id="1383" lat="42.28039768117" lon="-85.62009187779">
    <tag k="local_x" v="155.2365000000009" />
    <tag k="local_y" v="304.31699999999546" />
    <tag k="ele" v="0" />
  </node>
  <node id="1384" lat="42.28040643832" lon="-85.62009866622">
    <tag k="local_x" v="154.66100000000006" />
    <tag k="local_y" v="305.28029999999853" />
    <tag k="ele" v="0" />
  </node>
  <node id="1385" lat="42.28041605944" lon="-85.62010480636">
    <tag k="local_x" v="154.13739999999962" />
    <tag k="local_y" v="306.34040000000095" />
    <tag k="ele" v="0" />
  </node>
  <node id="1386" lat="42.28043482378" lon="-85.62011052624">
    <tag k="local_x" v="153.6319999999996" />
    <tag k="local_y" v="308.41629999999714" />
    <tag k="ele" v="0" />
  </node>
  <node id="1387" lat="42.28043511056" lon="-85.62014827741">
    <tag k="local_x" v="150.51870000000054" />
    <tag k="local_y" v="308.39770000000135" />
    <tag k="ele" v="0" />
  </node>
  <node id="1388" lat="42.28035520247" lon="-85.62005212223">
    <tag k="local_x" v="158.59100000000035" />
    <tag k="local_y" v="299.6533999999956" />
    <tag k="ele" v="0" />
  </node>
  <node id="1389" lat="42.28035806004" lon="-85.62007067841">
    <tag k="local_x" v="157.0558000000001" />
    <tag k="local_y" v="299.9458999999915" />
    <tag k="ele" v="0" />
  </node>
  <node id="1390" lat="42.28036200414" lon="-85.62008956866">
    <tag k="local_x" v="155.4911000000011" />
    <tag k="local_y" v="300.3585999999923" />
    <tag k="ele" v="0" />
  </node>
  <node id="1391" lat="42.28037286373" lon="-85.6201085178">
    <tag k="local_x" v="153.90910000000076" />
    <tag k="local_y" v="301.5390999999945" />
    <tag k="ele" v="0" />
  </node>
  <node id="1392" lat="42.28038479868" lon="-85.62012365476">
    <tag k="local_x" v="152.63950000000114" />
    <tag k="local_y" v="302.8441000000021" />
    <tag k="ele" v="0" />
  </node>
  <node id="1393" lat="42.28039806918" lon="-85.62013414796">
    <tag k="local_x" v="151.7504000000008" />
    <tag k="local_y" v="304.3035999999993" />
    <tag k="ele" v="0" />
  </node>
  <node id="1394" lat="42.28041054915" lon="-85.62014136573">
    <tag k="local_x" v="151.13280000000123" />
    <tag k="local_y" v="305.6796999999933" />
    <tag k="ele" v="0" />
  </node>
  <node id="1395" lat="42.28042158343" lon="-85.62014512104">
    <tag k="local_x" v="150.80329999999958" />
    <tag k="local_y" v="306.89989999998943" />
    <tag k="ele" v="0" />
  </node>
  <node id="1396" lat="42.28039777749" lon="-85.6200580489">
    <tag k="local_x" v="158.02570000000014" />
    <tag k="local_y" v="304.37289999998757" />
    <tag k="ele" v="0" />
  </node>
  <node id="1397" lat="42.28039416388" lon="-85.62007417888">
    <tag k="local_x" v="156.70219999999972" />
    <tag k="local_y" v="303.95010000000184" />
    <tag k="ele" v="0" />
  </node>
  <node id="1398" lat="42.2803887802" lon="-85.62009177249">
    <tag k="local_x" v="155.26120000000083" />
    <tag k="local_y" v="303.3287999999884" />
    <tag k="ele" v="0" />
  </node>
  <node id="1399" lat="42.2803823872" lon="-85.62010489721">
    <tag k="local_x" v="154.1905000000006" />
    <tag k="local_y" v="302.60139999999956" />
    <tag k="ele" v="0" />
  </node>
  <node id="1400" lat="42.28037215117" lon="-85.62011905419">
    <tag k="local_x" v="153.04160000000047" />
    <tag k="local_y" v="301.4458999999915" />
    <tag k="ele" v="0" />
  </node>
  <node id="1401" lat="42.28036398609" lon="-85.62012808807">
    <tag k="local_x" v="152.3114000000005" />
    <tag k="local_y" v="300.5271999999968" />
    <tag k="ele" v="0" />
  </node>
  <node id="1402" lat="42.2803552753" lon="-85.62013592836">
    <tag k="local_x" v="151.68059999999969" />
    <tag k="local_y" v="299.5494999999937" />
    <tag k="ele" v="0" />
  </node>
  <node id="1403" lat="42.28034614247" lon="-85.6201422255">
    <tag k="local_x" v="151.1778000000013" />
    <tag k="local_y" v="298.52700000000186" />
    <tag k="ele" v="0" />
  </node>
  <node id="1404" lat="42.28036370509" lon="-85.62011117354">
    <tag k="local_x" v="153.70660000000134" />
    <tag k="local_y" v="300.5185999999958" />
    <tag k="ele" v="0" />
  </node>
  <node id="1405" lat="42.28036275647" lon="-85.62014939186">
    <tag k="local_x" v="150.5570000000007" />
    <tag k="local_y" v="300.36219999998866" />
    <tag k="ele" v="0" />
  </node>
  <node id="1406" lat="42.28033470757" lon="-85.62014933329">
    <tag k="local_x" v="150.6123000000007" />
    <tag k="local_y" v="297.24779999999737" />
    <tag k="ele" v="0" />
  </node>
  <node id="1407" lat="42.28037604657" lon="-85.62005292619">
    <tag k="local_x" v="158.48719999999958" />
    <tag k="local_y" v="301.9667999999947" />
    <tag k="ele" v="0" />
  </node>
  <node id="1408" lat="42.28037340131" lon="-85.62006413419">
    <tag k="local_x" v="157.56780000000072" />
    <tag k="local_y" v="301.65810000000056" />
    <tag k="ele" v="0" />
  </node>
  <node id="1409" lat="42.2803691768" lon="-85.62007814422">
    <tag k="local_x" v="156.42020000000048" />
    <tag k="local_y" v="301.17029999999795" />
    <tag k="ele" v="0" />
  </node>
  <node id="1410" lat="42.2803653345" lon="-85.62008604805">
    <tag k="local_x" v="155.77540000000045" />
    <tag k="local_y" v="300.73309999999765" />
    <tag k="ele" v="0" />
  </node>
  <node id="1411" lat="42.2803570762" lon="-85.62009736278">
    <tag k="local_x" v="154.85729999999967" />
    <tag k="local_y" v="299.8009999999922" />
    <tag k="ele" v="0" />
  </node>
  <node id="1412" lat="42.28035083402" lon="-85.62010423598">
    <tag k="local_x" v="154.3018000000011" />
    <tag k="local_y" v="299.09869999998773" />
    <tag k="ele" v="0" />
  </node>
  <node id="1413" lat="42.28034285654" lon="-85.62006390092">
    <tag k="local_x" v="157.64199999999983" />
    <tag k="local_y" v="298.2667999999976" />
    <tag k="ele" v="0" />
  </node>
  <node id="1414" lat="42.28034706967" lon="-85.62005627884">
    <tag k="local_x" v="158.26289999999972" />
    <tag k="local_y" v="298.7448000000004" />
    <tag k="ele" v="0" />
  </node>
  <node id="1415" lat="42.2803378779" lon="-85.62006912748">
    <tag k="local_x" v="157.22000000000116" />
    <tag k="local_y" v="297.7069999999949" />
    <tag k="ele" v="0" />
  </node>
  <node id="1416" lat="42.28035179188" lon="-85.62004867719">
    <tag k="local_x" v="158.8811999999998" />
    <tag k="local_y" v="299.2792999999947" />
    <tag k="ele" v="0" />
  </node>
  <node id="1417" lat="42.28072465417" lon="-85.620067734">
    <tag k="local_x" v="156.63889999999992" />
    <tag k="local_y" v="340.6554999999935" />
    <tag k="ele" v="0" />
  </node>
  <node id="1418" lat="42.28072605606" lon="-85.62010557257">
    <tag k="local_x" v="153.51640000000043" />
    <tag k="local_y" v="340.76059999999416" />
    <tag k="ele" v="0" />
  </node>
  <node id="1419" lat="42.28072601737" lon="-85.62014501436">
    <tag k="local_x" v="150.26430000000073" />
    <tag k="local_y" v="340.70359999999346" />
    <tag k="ele" v="0" />
  </node>
  <node id="1420" lat="42.28061014728" lon="-85.62014545213">
    <tag k="local_x" v="150.4367000000002" />
    <tag k="local_y" v="327.83709999998973" />
    <tag k="ele" v="0" />
  </node>
  <node id="1421" lat="42.28068368073" lon="-85.6200330973">
    <tag k="local_x" v="159.56860000000052" />
    <tag k="local_y" v="336.1521999999968" />
    <tag k="ele" v="0" />
  </node>
  <node id="1422" lat="42.28068756981" lon="-85.6200462924">
    <tag k="local_x" v="158.47360000000117" />
    <tag k="local_y" v="336.56639999999607" />
    <tag k="ele" v="0" />
  </node>
  <node id="1423" lat="42.28069297057" lon="-85.62005436445">
    <tag k="local_x" v="157.79830000000038" />
    <tag k="local_y" v="337.15529999999853" />
    <tag k="ele" v="0" />
  </node>
  <node id="1424" lat="42.28070271597" lon="-85.62006297355">
    <tag k="local_x" v="157.07090000000062" />
    <tag k="local_y" v="338.22589999999036" />
    <tag k="ele" v="0" />
  </node>
  <node id="1425" lat="42.28071189983" lon="-85.62006840044">
    <tag k="local_x" v="156.60690000000068" />
    <tag k="local_y" v="339.238400000002" />
    <tag k="ele" v="0" />
  </node>
  <node id="1426" lat="42.28066147348" lon="-85.62003441757">
    <tag k="local_x" v="159.4997000000003" />
    <tag k="local_y" v="333.6845999999932" />
    <tag k="ele" v="0" />
  </node>
  <node id="1427" lat="42.28066252518" lon="-85.62005078901">
    <tag k="local_x" v="158.14789999999994" />
    <tag k="local_y" v="333.77949999998964" />
    <tag k="ele" v="0" />
  </node>
  <node id="1428" lat="42.28066643007" lon="-85.62006440096">
    <tag k="local_x" v="157.01850000000013" />
    <tag k="local_y" v="334.1948999999877" />
    <tag k="ele" v="0" />
  </node>
  <node id="1429" lat="42.28067349832" lon="-85.62007760186">
    <tag k="local_x" v="155.91730000000098" />
    <tag k="local_y" v="334.96209999998973" />
    <tag k="ele" v="0" />
  </node>
  <node id="1430" lat="42.2806822581" lon="-85.62008879993">
    <tag k="local_x" v="154.97820000000138" />
    <tag k="local_y" v="335.91979999998875" />
    <tag k="ele" v="0" />
  </node>
  <node id="1431" lat="42.28069101525" lon="-85.62009558839">
    <tag k="local_x" v="154.40270000000055" />
    <tag k="local_y" v="336.8830999999918" />
    <tag k="ele" v="0" />
  </node>
  <node id="1432" lat="42.28070063638" lon="-85.62010172855">
    <tag k="local_x" v="153.8791000000001" />
    <tag k="local_y" v="337.94319999999425" />
    <tag k="ele" v="0" />
  </node>
  <node id="1433" lat="42.28071563188" lon="-85.62010589102">
    <tag k="local_x" v="153.50890000000072" />
    <tag k="local_y" v="339.60269999998854" />
    <tag k="ele" v="0" />
  </node>
  <node id="1434" lat="42.28071970524" lon="-85.62014457846">
    <tag k="local_x" v="150.3116000000009" />
    <tag k="local_y" v="340.00329999999667" />
    <tag k="ele" v="0" />
  </node>
  <node id="1435" lat="42.28070616037" lon="-85.62014204341">
    <tag k="local_x" v="150.54500000000007" />
    <tag k="local_y" v="338.5026999999973" />
    <tag k="ele" v="0" />
  </node>
  <node id="1436" lat="42.28069512609" lon="-85.62013828809">
    <tag k="local_x" v="150.8744999999999" />
    <tag k="local_y" v="337.28250000000116" />
    <tag k="ele" v="0" />
  </node>
  <node id="1437" lat="42.28068264611" lon="-85.62013107029">
    <tag k="local_x" v="151.4921000000013" />
    <tag k="local_y" v="335.9063999999926" />
    <tag k="ele" v="0" />
  </node>
  <node id="1438" lat="42.28066937562" lon="-85.62012057704">
    <tag k="local_x" v="152.3811999999998" />
    <tag k="local_y" v="334.44689999999537" />
    <tag k="ele" v="0" />
  </node>
  <node id="1439" lat="42.28065744066" lon="-85.62010544001">
    <tag k="local_x" v="153.65080000000125" />
    <tag k="local_y" v="333.1418999999878" />
    <tag k="ele" v="0" />
  </node>
  <node id="1440" lat="42.28064658107" lon="-85.62008649079">
    <tag k="local_x" v="155.23279999999977" />
    <tag k="local_y" v="331.96140000000014" />
    <tag k="ele" v="0" />
  </node>
  <node id="1441" lat="42.28064263697" lon="-85.62006760047">
    <tag k="local_x" v="156.79750000000058" />
    <tag k="local_y" v="331.54869999999937" />
    <tag k="ele" v="0" />
  </node>
  <node id="1442" lat="42.28063977941" lon="-85.6200490442">
    <tag k="local_x" v="158.33270000000084" />
    <tag k="local_y" v="331.2561999999889" />
    <tag k="ele" v="0" />
  </node>
  <node id="1443" lat="42.28063948575" lon="-85.62003250098">
    <tag k="local_x" v="159.6972999999998" />
    <tag k="local_y" v="331.2456999999995" />
    <tag k="ele" v="0" />
  </node>
  <node id="1444" lat="42.2806209832" lon="-85.6201081773">
    <tag k="local_x" v="153.4907000000003" />
    <tag k="local_y" v="329.09010000000126" />
    <tag k="ele" v="0" />
  </node>
  <node id="1445" lat="42.28063541096" lon="-85.62010115818">
    <tag k="local_x" v="154.04349999999977" />
    <tag k="local_y" v="330.7014999999956" />
    <tag k="ele" v="0" />
  </node>
  <node id="1446" lat="42.28064165315" lon="-85.62009428616">
    <tag k="local_x" v="154.59890000000087" />
    <tag k="local_y" v="331.40380000000005" />
    <tag k="ele" v="0" />
  </node>
  <node id="1447" lat="42.28064991145" lon="-85.62008297138">
    <tag k="local_x" v="155.51699999999983" />
    <tag k="local_y" v="332.33589999999094" />
    <tag k="ele" v="0" />
  </node>
  <node id="1448" lat="42.28065375373" lon="-85.6200750663">
    <tag k="local_x" v="156.16190000000097" />
    <tag k="local_y" v="332.77309999999125" />
    <tag k="ele" v="0" />
  </node>
  <node id="1449" lat="42.28065797824" lon="-85.62006105621">
    <tag k="local_x" v="157.3095000000012" />
    <tag k="local_y" v="333.26089999999385" />
    <tag k="ele" v="0" />
  </node>
  <node id="1450" lat="42.28066062351" lon="-85.62004984937">
    <tag k="local_x" v="158.22880000000077" />
    <tag k="local_y" v="333.569599999988" />
    <tag k="ele" v="0" />
  </node>
  <node id="1451" lat="42.28068235442" lon="-85.62005497089">
    <tag k="local_x" v="157.76740000000063" />
    <tag k="local_y" v="335.9756999999954" />
    <tag k="ele" v="0" />
  </node>
  <node id="1452" lat="42.28067874081" lon="-85.62007110094">
    <tag k="local_x" v="156.4439000000002" />
    <tag k="local_y" v="335.55289999999513" />
    <tag k="ele" v="0" />
  </node>
  <node id="1453" lat="42.28067335713" lon="-85.62008869463">
    <tag k="local_x" v="155.00290000000132" />
    <tag k="local_y" v="334.93159999999625" />
    <tag k="ele" v="0" />
  </node>
  <node id="1454" lat="42.28066696414" lon="-85.62010181941">
    <tag k="local_x" v="153.9322000000011" />
    <tag k="local_y" v="334.20419999999285" />
    <tag k="ele" v="0" />
  </node>
  <node id="1455" lat="42.2806567281" lon="-85.62011597645">
    <tag k="local_x" v="152.78330000000096" />
    <tag k="local_y" v="333.04869999999937" />
    <tag k="ele" v="0" />
  </node>
  <node id="1456" lat="42.28064856303" lon="-85.62012501038">
    <tag k="local_x" v="152.053100000001" />
    <tag k="local_y" v="332.1299999999901" />
    <tag k="ele" v="0" />
  </node>
  <node id="1457" lat="42.28063985224" lon="-85.6201328507">
    <tag k="local_x" v="151.42230000000018" />
    <tag k="local_y" v="331.15230000000156" />
    <tag k="ele" v="0" />
  </node>
  <node id="1458" lat="42.28063071941" lon="-85.62013914788">
    <tag k="local_x" v="150.91949999999997" />
    <tag k="local_y" v="330.12979999999516" />
    <tag k="ele" v="0" />
  </node>
  <node id="1459" lat="42.28061929299" lon="-85.62014576312">
    <tag k="local_x" v="150.39459999999963" />
    <tag k="local_y" v="328.8521999999939" />
    <tag k="ele" v="0" />
  </node>
  <node id="1460" lat="42.28062386935" lon="-85.62006991412">
    <tag k="local_x" v="156.64050000000134" />
    <tag k="local_y" v="329.46169999999984" />
    <tag k="ele" v="0" />
  </node>
  <node id="1461" lat="42.28063118248" lon="-85.62006275313">
    <tag k="local_x" v="157.21780000000035" />
    <tag k="local_y" v="330.2832999999955" />
    <tag k="ele" v="0" />
  </node>
  <node id="1462" lat="42.28063603924" lon="-85.62005375986">
    <tag k="local_x" v="157.95060000000012" />
    <tag k="local_y" v="330.83460000000196" />
    <tag k="ele" v="0" />
  </node>
  <node id="1463" lat="42.28063792659" lon="-85.62004400672">
    <tag k="local_x" v="158.751400000001" />
    <tag k="local_y" v="331.05719999999565" />
    <tag k="ele" v="0" />
  </node>
  <node id="1464" lat="42.28064828203" lon="-85.62010809577">
    <tag k="local_x" v="153.44830000000002" />
    <tag k="local_y" v="332.1213999999891" />
    <tag k="ele" v="0" />
  </node>
  <node id="1465" lat="42.28069035387" lon="-85.62010790772">
    <tag k="local_x" v="153.38810000000012" />
    <tag k="local_y" v="336.79320000000007" />
    <tag k="ele" v="0" />
  </node>
  <node id="1466" lat="42.2806483934" lon="-85.62014593821">
    <tag k="local_x" v="150.32780000000093" />
    <tag k="local_y" v="332.08319999999367" />
    <tag k="ele" v="0" />
  </node>
  <node id="1467" lat="42.28067597093" lon="-85.62014574268">
    <tag k="local_x" v="150.29429999999957" />
    <tag k="local_y" v="335.1455999999889" />
    <tag k="ele" v="0" />
  </node>
  <node id="1468" lat="42.28063399947" lon="-85.62014604009">
    <tag k="local_x" v="150.34530000000086" />
    <tag k="local_y" v="330.4847999999911" />
    <tag k="ele" v="0" />
  </node>
  <node id="1469" lat="42.28068273494" lon="-85.61998706251">
    <tag k="local_x" v="163.3661000000011" />
    <tag k="local_y" v="336.10869999999704" />
    <tag k="ele" v="0" />
  </node>
  <node id="1470" lat="42.28066052769" lon="-85.61998838279">
    <tag k="local_x" v="163.29720000000088" />
    <tag k="local_y" v="333.64109999999346" />
    <tag k="ele" v="0" />
  </node>
  <node id="1471" lat="42.28063853996" lon="-85.61998646622">
    <tag k="local_x" v="163.4948000000004" />
    <tag k="local_y" v="331.2021999999997" />
    <tag k="ele" v="0" />
  </node>
  <node id="1472" lat="42.28068307503" lon="-85.62002744318">
    <tag k="local_x" v="160.03590000000077" />
    <tag k="local_y" v="336.09249999999884" />
    <tag k="ele" v="0" />
  </node>
  <node id="1473" lat="42.28068271815" lon="-85.62002308253">
    <tag k="local_x" v="160.39609999999993" />
    <tag k="local_y" v="336.05869999999413" />
    <tag k="ele" v="0" />
  </node>
  <node id="1474" lat="42.2806822869" lon="-85.62001478802">
    <tag k="local_x" v="161.08079999999973" />
    <tag k="local_y" v="336.02189999999246" />
    <tag k="ele" v="0" />
  </node>
  <node id="1475" lat="42.28066097742" lon="-85.62003068939">
    <tag k="local_x" v="159.8080000000009" />
    <tag k="local_y" v="333.6345000000001" />
    <tag k="ele" v="0" />
  </node>
  <node id="1476" lat="42.28066056863" lon="-85.62002560826">
    <tag k="local_x" v="160.22770000000128" />
    <tag k="local_y" v="333.59590000000026" />
    <tag k="ele" v="0" />
  </node>
  <node id="1477" lat="42.28066033703" lon="-85.6200205075">
    <tag k="local_x" v="160.64869999999974" />
    <tag k="local_y" v="333.5769999999902" />
    <tag k="ele" v="0" />
  </node>
  <node id="1478" lat="42.28070757993" lon="-85.61895099852">
    <tag k="local_x" v="248.75" />
    <tag k="local_y" v="340.2524999999878" />
    <tag k="ele" v="0" />
  </node>
  <node id="1479" lat="42.28065919307" lon="-85.61894998757">
    <tag k="local_x" v="248.92050000000017" />
    <tag k="local_y" v="334.8810999999987" />
    <tag k="ele" v="0" />
  </node>
  <node id="1480" lat="42.28070649076" lon="-85.61899284393">
    <tag k="local_x" v="245.3016000000007" />
    <tag k="local_y" v="340.0755999999965" />
    <tag k="ele" v="0" />
  </node>
  <node id="1481" lat="42.28064416623" lon="-85.61899242843">
    <tag k="local_x" v="245.4480999999996" />
    <tag k="local_y" v="333.1557999999932" />
    <tag k="ele" v="0" />
  </node>
  <node id="1482" lat="42.28063861461" lon="-85.61898776405">
    <tag k="local_x" v="245.84270000000106" />
    <tag k="local_y" v="332.54559999999765" />
    <tag k="ele" v="0" />
  </node>
  <node id="1483" lat="42.28067103624" lon="-85.61898769991">
    <tag k="local_x" v="245.78960000000006" />
    <tag k="local_y" v="336.14569999999367" />
    <tag k="ele" v="0" />
  </node>
  <node id="1484" lat="42.28067702162" lon="-85.61897065208">
    <tag k="local_x" v="247.1845000000012" />
    <tag k="local_y" v="336.8330999999889" />
    <tag k="ele" v="0" />
  </node>
  <node id="1485" lat="42.28068556889" lon="-85.61896135497">
    <tag k="local_x" v="247.9357" />
    <tag k="local_y" v="337.7945999999938" />
    <tag k="ele" v="0" />
  </node>
  <node id="1486" lat="42.2806940525" lon="-85.61895439992">
    <tag k="local_x" v="248.4939000000013" />
    <tag k="local_y" v="338.74589999999444" />
    <tag k="ele" v="0" />
  </node>
  <node id="1487" lat="42.28066799686" lon="-85.61898830962">
    <tag k="local_x" v="245.7448000000004" />
    <tag k="local_y" v="335.8073999999906" />
    <tag k="ele" v="0" />
  </node>
  <node id="1488" lat="42.28066439198" lon="-85.61897494224">
    <tag k="local_x" v="246.85350000000108" />
    <tag k="local_y" v="335.42499999998836" />
    <tag k="ele" v="0" />
  </node>
  <node id="1489" lat="42.28065951456" lon="-85.61896336967">
    <tag k="local_x" v="247.81650000000081" />
    <tag k="local_y" v="334.89890000000014" />
    <tag k="ele" v="0" />
  </node>
  <node id="1490" lat="42.28065404129" lon="-85.61895676191">
    <tag k="local_x" v="248.3711999999996" />
    <tag k="local_y" v="334.29999999998836" />
    <tag k="ele" v="0" />
  </node>
  <node id="1491" lat="42.28064816683" lon="-85.61895243567">
    <tag k="local_x" v="248.7385000000013" />
    <tag k="local_y" v="333.65350000000035" />
    <tag k="ele" v="0" />
  </node>
  <node id="1492" lat="42.28064176904" lon="-85.61894974841">
    <tag k="local_x" v="248.97160000000076" />
    <tag k="local_y" v="332.9467000000004" />
    <tag k="ele" v="0" />
  </node>
  <node id="1493" lat="42.28064676864" lon="-85.61898073737">
    <tag k="local_x" v="246.40740000000005" />
    <tag k="local_y" v="333.4603999999963" />
    <tag k="ele" v="0" />
  </node>
  <node id="1494" lat="42.2806516233" lon="-85.61897060406">
    <tag k="local_x" v="247.23420000000078" />
    <tag k="local_y" v="334.01299999999173" />
    <tag k="ele" v="0" />
  </node>
  <node id="1495" lat="42.28065632879" lon="-85.61896476119">
    <tag k="local_x" v="247.70750000000044" />
    <tag k="local_y" v="334.54329999999027" />
    <tag k="ele" v="0" />
  </node>
  <node id="1496" lat="42.28066196381" lon="-85.61895982457">
    <tag k="local_x" v="248.10440000000017" />
    <tag k="local_y" v="335.17559999998775" />
    <tag k="ele" v="0" />
  </node>
  <node id="1497" lat="42.28067422357" lon="-85.61895458439">
    <tag k="local_x" v="248.51440000000002" />
    <tag k="local_y" v="336.54389999998966" />
    <tag k="ele" v="0" />
  </node>
  <node id="1498" lat="42.28068528171" lon="-85.61899232116">
    <tag k="local_x" v="245.38290000000052" />
    <tag k="local_y" v="337.72129999999015" />
    <tag k="ele" v="0" />
  </node>
  <node id="1499" lat="42.28069219981" lon="-85.61899184868">
    <tag k="local_x" v="245.40940000000046" />
    <tag k="local_y" v="338.49009999999544" />
    <tag k="ele" v="0" />
  </node>
  <node id="1500" lat="42.28067662554" lon="-85.61899646511">
    <tag k="local_x" v="245.0568000000003" />
    <tag k="local_y" v="336.7546000000002" />
    <tag k="ele" v="0" />
  </node>
  <node id="1501" lat="42.28064552362" lon="-85.61900515604">
    <tag k="local_x" v="244.39620000000104" />
    <tag k="local_y" v="333.28949999999895" />
    <tag k="ele" v="0" />
  </node>
  <node id="1502" lat="42.28068870616" lon="-85.6190144124">
    <tag k="local_x" v="243.5552000000007" />
    <tag k="local_y" v="338.0720000000001" />
    <tag k="ele" v="0" />
  </node>
  <node id="1503" lat="42.28066888355" lon="-85.61901414921">
    <tag k="local_x" v="243.61260000000038" />
    <tag k="local_y" v="335.8712999999989" />
    <tag k="ele" v="0" />
  </node>
  <node id="1504" lat="42.28068966622" lon="-85.61900716082">
    <tag k="local_x" v="244.15140000000065" />
    <tag k="local_y" v="338.18829999999434" />
    <tag k="ele" v="0" />
  </node>
  <node id="1505" lat="42.28069471171" lon="-85.61899739323">
    <tag k="local_x" v="244.94770000000062" />
    <tag k="local_y" v="338.761599999998" />
    <tag k="ele" v="0" />
  </node>
  <node id="1506" lat="42.28040867601" lon="-85.61894799218">
    <tag k="local_x" v="249.53620000000046" />
    <tag k="local_y" v="307.06699999999546" />
    <tag k="ele" v="0" />
  </node>
  <node id="1507" lat="42.28038922164" lon="-85.61895056249">
    <tag k="local_x" v="249.35930000000008" />
    <tag k="local_y" v="304.9033999999956" />
    <tag k="ele" v="0" />
  </node>
  <node id="1508" lat="42.28038086563" lon="-85.61895510129">
    <tag k="local_x" v="249.0001000000011" />
    <tag k="local_y" v="303.96949999999197" />
    <tag k="ele" v="0" />
  </node>
  <node id="1509" lat="42.28037144605" lon="-85.61896532578">
    <tag k="local_x" v="248.1740000000009" />
    <tag k="local_y" v="302.90989999999874" />
    <tag k="ele" v="0" />
  </node>
  <node id="1510" lat="42.28036594373" lon="-85.61897851363">
    <tag k="local_x" v="247.09649999999965" />
    <tag k="local_y" v="302.2812999999878" />
    <tag k="ele" v="0" />
  </node>
  <node id="1511" lat="42.2803873253" lon="-85.61898109677">
    <tag k="local_x" v="246.84500000000116" />
    <tag k="local_y" v="304.65200000000186" />
    <tag k="ele" v="0" />
  </node>
  <node id="1512" lat="42.2803909284" lon="-85.61897143471">
    <tag k="local_x" v="247.63520000000062" />
    <tag k="local_y" v="305.0649999999878" />
    <tag k="ele" v="0" />
  </node>
  <node id="1513" lat="42.28039520245" lon="-85.61896371784">
    <tag k="local_x" v="248.26380000000063" />
    <tag k="local_y" v="305.54989999999816" />
    <tag k="ele" v="0" />
  </node>
  <node id="1514" lat="42.28040008504" lon="-85.6189558288">
    <tag k="local_x" v="248.90550000000076" />
    <tag k="local_y" v="306.10259999999835" />
    <tag k="ele" v="0" />
  </node>
  <node id="1515" lat="42.28041055338" lon="-85.61899948088">
    <tag k="local_x" v="245.28729999999996" />
    <tag k="local_y" v="307.20659999999043" />
    <tag k="ele" v="0" />
  </node>
  <node id="1516" lat="42.28042175976" lon="-85.61898888385">
    <tag k="local_x" v="246.14090000000033" />
    <tag k="local_y" v="308.46510000000126" />
    <tag k="ele" v="0" />
  </node>
  <node id="1517" lat="42.2804165351" lon="-85.61898998032">
    <tag k="local_x" v="246.0599000000002" />
    <tag k="local_y" v="307.8834999999963" />
    <tag k="ele" v="0" />
  </node>
  <node id="1518" lat="42.28040930828" lon="-85.61901320033">
    <tag k="local_x" v="244.15830000000096" />
    <tag k="local_y" v="307.04999999998836" />
    <tag k="ele" v="0" />
  </node>
  <node id="1519" lat="42.28039197021" lon="-85.61899130999">
    <tag k="local_x" v="245.9945000000007" />
    <tag k="local_y" v="305.15409999999974" />
    <tag k="ele" v="0" />
  </node>
  <node id="1520" lat="42.28039949304" lon="-85.61898915309">
    <tag k="local_x" v="246.15880000000107" />
    <tag k="local_y" v="305.99229999999807" />
    <tag k="ele" v="0" />
  </node>
  <node id="1521" lat="42.27894913407" lon="-85.61888387559">
    <tag k="local_x" v="257.4516000000003" />
    <tag k="local_y" v="145.08899999999267" />
    <tag k="ele" v="0" />
  </node>
  <node id="1522" lat="42.27897752295" lon="-85.6188869617">
    <tag k="local_x" v="257.14600000000064" />
    <tag k="local_y" v="148.23709999999846" />
    <tag k="ele" v="0" />
  </node>
  <node id="1523" lat="42.27900179375" lon="-85.61891048893">
    <tag k="local_x" v="255.16229999999996" />
    <tag k="local_y" v="150.90059999999357" />
    <tag k="ele" v="0" />
  </node>
  <node id="1524" lat="42.27897733424" lon="-85.61885581634">
    <tag k="local_x" v="259.71450000000004" />
    <tag k="local_y" v="148.25779999999213" />
    <tag k="ele" v="0" />
  </node>
  <node id="1525" lat="42.27902605939" lon="-85.61888266962">
    <tag k="local_x" v="257.41250000000036" />
    <tag k="local_y" v="153.63219999999274" />
    <tag k="ele" v="0" />
    <tag k="direction" v="backward" />
    <tag k="highway" v="stop" />
  </node>
  <node id="1526" lat="42.27906516781" lon="-85.61887563889">
    <tag k="local_x" v="257.9218000000001" />
    <tag k="local_y" v="157.9841000000015" />
    <tag k="ele" v="0" />
  </node>
  <node id="1527" lat="42.27913572469" lon="-85.61885257386">
    <tag k="local_x" v="259.6966000000011" />
    <tag k="local_y" v="165.84939999999187" />
    <tag k="ele" v="0" />
  </node>
  <node id="1528" lat="42.27916530568" lon="-85.61882797223">
    <tag k="local_x" v="261.6719000000012" />
    <tag k="local_y" v="169.16689999999653" />
    <tag k="ele" v="0" />
  </node>
  <node id="1529" lat="42.27923720489" lon="-85.61878520691">
    <tag k="local_x" v="265.0686999999998" />
    <tag k="local_y" v="177.20759999999427" />
    <tag k="ele" v="0" />
  </node>
  <node id="1530" lat="42.27930195222" lon="-85.61873270404">
    <tag k="local_x" v="269.28130000000056" />
    <tag k="local_y" v="184.46719999999914" />
    <tag k="ele" v="0" />
  </node>
  <node id="1531" lat="42.27949176067" lon="-85.61858403687">
    <tag k="local_x" v="281.1980000000003" />
    <tag k="local_y" v="205.74189999999362" />
    <tag k="ele" v="0" />
  </node>
  <node id="1532" lat="42.27952602802" lon="-85.61857458668">
    <tag k="local_x" v="281.915500000001" />
    <tag k="local_y" v="209.55949999998847" />
    <tag k="ele" v="0" />
  </node>
  <node id="1533" lat="42.27956579703" lon="-85.61857013658">
    <tag k="local_x" v="282.21080000000075" />
    <tag k="local_y" v="213.98129999999946" />
    <tag k="ele" v="0" />
  </node>
  <node id="1534" lat="42.27914808999" lon="-85.6187482083">
    <tag k="local_x" v="268.28000000000065" />
    <tag k="local_y" v="167.3619999999937" />
    <tag k="ele" v="0" />
  </node>
  <node id="1535" lat="42.27921128226" lon="-85.61871755933">
    <tag k="local_x" v="270.6934000000001" />
    <tag k="local_y" v="174.41969999999856" />
    <tag k="ele" v="0" />
  </node>
  <node id="1536" lat="42.27927342406" lon="-85.61866699432">
    <tag k="local_x" v="274.7509000000009" />
    <tag k="local_y" v="181.38739999999234" />
    <tag k="ele" v="0" />
  </node>
  <node id="1537" lat="42.27946592277" lon="-85.61851633146">
    <tag k="local_x" v="286.82730000000083" />
    <tag k="local_y" v="202.96349999999802" />
    <tag k="ele" v="0" />
  </node>
  <node id="1538" lat="42.27951745716" lon="-85.61849924684">
    <tag k="local_x" v="288.14320000000043" />
    <tag k="local_y" v="208.7085999999981" />
    <tag k="ele" v="0" />
  </node>
  <node id="1539" lat="42.27956134455" lon="-85.61849412095">
    <tag k="local_x" v="288.4868000000006" />
    <tag k="local_y" v="213.58859999998822" />
    <tag k="ele" v="0" />
  </node>
  <node id="1540" lat="42.27900996549" lon="-85.61889730612">
    <tag k="local_x" v="256.2345999999998" />
    <tag k="local_y" v="151.82559999999648" />
    <tag k="ele" v="0" />
  </node>
  <node id="1541" lat="42.27901750039" lon="-85.61888994509">
    <tag k="local_x" v="256.82800000000134" />
    <tag k="local_y" v="152.67209999999614" />
    <tag k="ele" v="0" />
  </node>
  <node id="1542" lat="42.27913564914" lon="-85.61879149763">
    <tag k="local_x" v="264.7329000000009" />
    <tag k="local_y" v="165.92269999999553" />
    <tag k="ele" v="0" />
  </node>
  <node id="1543" lat="42.27904187283" lon="-85.61879555187">
    <tag k="local_x" v="264.567500000001" />
    <tag k="local_y" v="155.5046000000002" />
    <tag k="ele" v="0" />
  </node>
  <node id="1544" lat="42.27901767532" lon="-85.61879478277">
    <tag k="local_x" v="264.674500000001" />
    <tag k="local_y" v="152.81879999999364" />
    <tag k="ele" v="0" />
  </node>
  <node id="1545" lat="42.27900677771" lon="-85.61887587489">
    <tag k="local_x" v="258.0074999999997" />
    <tag k="local_y" v="151.5002999999997" />
    <tag k="ele" v="0" />
  </node>
  <node id="1546" lat="42.27908696129" lon="-85.618796602">
    <tag k="local_x" v="264.39969999999994" />
    <tag k="local_y" v="160.50969999999506" />
    <tag k="ele" v="0" />
  </node>
  <node id="1547" lat="42.27908964522" lon="-85.61883078302">
    <tag k="local_x" v="261.5763999999999" />
    <tag k="local_y" v="160.7619999999879" />
    <tag k="ele" v="0" />
  </node>
  <node id="1548" lat="42.27901958255" lon="-85.61883850201">
    <tag k="local_x" v="261.0661" />
    <tag k="local_y" v="152.97209999999905" />
    <tag k="ele" v="0" />
  </node>
  <node id="1549" lat="42.27910630735" lon="-85.61882227423">
    <tag k="local_x" v="262.2479999999996" />
    <tag k="local_y" v="162.6235000000015" />
    <tag k="ele" v="0" />
  </node>
  <node id="1550" lat="42.27913999325" lon="-85.61874967311">
    <tag k="local_x" v="268.1738000000005" />
    <tag k="local_y" v="166.4609999999957" />
    <tag k="ele" v="0" />
  </node>
  <node id="1551" lat="42.27908742731" lon="-85.618758207">
    <tag k="local_x" v="267.5648000000001" />
    <tag k="local_y" v="160.61279999998806" />
    <tag k="ele" v="0" />
  </node>
  <node id="1552" lat="42.27904365055" lon="-85.61875532367">
    <tag k="local_x" v="267.8814000000002" />
    <tag k="local_y" v="155.755799999999" />
    <tag k="ele" v="0" />
  </node>
  <node id="1553" lat="42.27901882259" lon="-85.61875268253">
    <tag k="local_x" v="268.14390000000094" />
    <tag k="local_y" v="153.00249999998778" />
    <tag k="ele" v="0" />
  </node>
  <node id="1554" lat="42.27900848742" lon="-85.61884210974">
    <tag k="local_x" v="260.78859999999986" />
    <tag k="local_y" v="151.73530000000028" />
    <tag k="ele" v="0" />
  </node>
  <node id="1555" lat="42.27899818735" lon="-85.61884944264">
    <tag k="local_x" v="260.20250000000124" />
    <tag k="local_y" v="150.58179999999993" />
    <tag k="ele" v="0" />
  </node>
  <node id="1556" lat="42.2789913826" lon="-85.61885685807">
    <tag k="local_x" v="259.6033000000007" />
    <tag k="local_y" v="149.81629999999132" />
    <tag k="ele" v="0" />
  </node>
  <node id="1557" lat="42.27898515795" lon="-85.61886495695">
    <tag k="local_x" v="258.9467000000004" />
    <tag k="local_y" v="149.1143000000011" />
    <tag k="ele" v="0" />
  </node>
  <node id="1558" lat="42.27898113305" lon="-85.61887332067">
    <tag k="local_x" v="258.26430000000073" />
    <tag k="local_y" v="148.65619999999763" />
    <tag k="ele" v="0" />
  </node>
  <node id="1559" lat="42.27911052153" lon="-85.61886484076">
    <tag k="local_x" v="258.73049999999967" />
    <tag k="local_y" v="163.0344999999943" />
    <tag k="ele" v="0" />
  </node>
  <node id="1560" lat="42.27900159473" lon="-85.61883766396">
    <tag k="local_x" v="261.1676000000007" />
    <tag k="local_y" v="150.97589999999036" />
    <tag k="ele" v="0" />
  </node>
  <node id="1561" lat="42.27899147229" lon="-85.61883454636">
    <tag k="local_x" v="261.4429" />
    <tag k="local_y" v="149.85609999998996" />
    <tag k="ele" v="0" />
  </node>
  <node id="1562" lat="42.27897845379" lon="-85.61882801142">
    <tag k="local_x" v="262.0051999999996" />
    <tag k="local_y" v="148.4192999999941" />
    <tag k="ele" v="0" />
  </node>
  <node id="1563" lat="42.27896887998" lon="-85.61881974947">
    <tag k="local_x" v="262.7037" />
    <tag k="local_y" v="147.36729999999807" />
    <tag k="ele" v="0" />
  </node>
  <node id="1564" lat="42.27895956226" lon="-85.61881151347">
    <tag k="local_x" v="263.39960000000065" />
    <tag k="local_y" v="146.34369999999763" />
    <tag k="ele" v="0" />
  </node>
  <node id="1565" lat="42.27894912092" lon="-85.61880038898">
    <tag k="local_x" v="264.33569999999963" />
    <tag k="local_y" v="145.1991999999882" />
    <tag k="ele" v="0" />
  </node>
  <node id="1566" lat="42.27893883458" lon="-85.61878650575">
    <tag k="local_x" v="265.4989999999998" />
    <tag k="local_y" v="144.07559999999648" />
    <tag k="ele" v="0" />
  </node>
  <node id="1567" lat="42.2789300068" lon="-85.61877415996">
    <tag k="local_x" v="266.53290000000015" />
    <tag k="local_y" v="143.11189999998896" />
    <tag k="ele" v="0" />
  </node>
  <node id="1568" lat="42.27892323993" lon="-85.61876221545">
    <tag k="local_x" v="267.53000000000065" />
    <tag k="local_y" v="142.3764999999985" />
    <tag k="ele" v="0" />
  </node>
  <node id="1569" lat="42.2790042781" lon="-85.61879247041">
    <tag k="local_x" v="264.88930000000073" />
    <tag k="local_y" v="151.3342999999877" />
    <tag k="ele" v="0" />
  </node>
  <node id="1570" lat="42.27899461916" lon="-85.61879022557">
    <tag k="local_x" v="265.09180000000015" />
    <tag k="local_y" v="150.26479999998992" />
    <tag k="ele" v="0" />
  </node>
  <node id="1571" lat="42.27898417595" lon="-85.61878544987">
    <tag k="local_x" v="265.5043999999998" />
    <tag k="local_y" v="149.11159999998927" />
    <tag k="ele" v="0" />
  </node>
  <node id="1572" lat="42.2789779276" lon="-85.61878081418">
    <tag k="local_x" v="265.89789999999994" />
    <tag k="local_y" v="148.42399999999907" />
    <tag k="ele" v="0" />
  </node>
  <node id="1573" lat="42.27896704078" lon="-85.61877218315">
    <tag k="local_x" v="266.6292000000012" />
    <tag k="local_y" v="147.22669999999925" />
    <tag k="ele" v="0" />
  </node>
  <node id="1574" lat="42.27895775276" lon="-85.61876200246">
    <tag k="local_x" v="267.4853999999996" />
    <tag k="local_y" v="146.208999999988" />
    <tag k="ele" v="0" />
  </node>
  <node id="1575" lat="42.27897512272" lon="-85.61883760184">
    <tag k="local_x" v="261.22040000000015" />
    <tag k="local_y" v="148.03659999999218" />
    <tag k="ele" v="0" />
  </node>
  <node id="1576" lat="42.27894789589" lon="-85.6187505778">
    <tag k="local_x" v="268.4452000000001" />
    <tag k="local_y" v="145.12979999999516" />
    <tag k="ele" v="0" />
  </node>
  <node id="1577" lat="42.27894271921" lon="-85.61883662873">
    <tag k="local_x" v="261.3590000000004" />
    <tag k="local_y" v="144.43989999999758" />
    <tag k="ele" v="0" />
  </node>
  <node id="1578" lat="42.2790891264" lon="-85.6188707036">
    <tag k="local_x" v="258.28560000000107" />
    <tag k="local_y" v="160.65099999999802" />
    <tag k="ele" v="0" />
  </node>
  <node id="1579" lat="42.27907000102" lon="-85.61879695791">
    <tag k="local_x" v="264.40090000000055" />
    <tag k="local_y" v="158.6259999999893" />
    <tag k="ele" v="0" />
  </node>
  <node id="1580" lat="42.27900870683" lon="-85.61875109164">
    <tag k="local_x" v="268.2933000000012" />
    <tag k="local_y" v="151.8813999999984" />
    <tag k="ele" v="0" />
  </node>
  <node id="1581" lat="42.27900018686" lon="-85.61874762616">
    <tag k="local_x" v="268.59439999999995" />
    <tag k="local_y" v="150.93999999998778" />
    <tag k="ele" v="0" />
  </node>
  <node id="1582" lat="42.27899174754" lon="-85.61874375385">
    <tag k="local_x" v="268.9289000000008" />
    <tag k="local_y" v="150.00809999999183" />
    <tag k="ele" v="0" />
  </node>
  <node id="1583" lat="42.27898447202" lon="-85.61873892837">
    <tag k="local_x" v="269.33990000000085" />
    <tag k="local_y" v="149.20669999999518" />
    <tag k="ele" v="0" />
  </node>
  <node id="1584" lat="42.27897632295" lon="-85.61872775018">
    <tag k="local_x" v="270.27630000000136" />
    <tag k="local_y" v="148.3168000000005" />
    <tag k="ele" v="0" />
  </node>
  <node id="1585" lat="42.27890627808" lon="-85.61871190033">
    <tag k="local_x" v="271.70939999999973" />
    <tag k="local_y" v="140.56039999998757" />
    <tag k="ele" v="0" />
  </node>
  <node id="1586" lat="42.27900541451" lon="-85.61880090695">
    <tag k="local_x" v="264.1916000000001" />
    <tag k="local_y" v="151.4491999999882" />
    <tag k="ele" v="0" />
  </node>
  <node id="1587" lat="42.27899326357" lon="-85.61881121879">
    <tag k="local_x" v="263.3631999999998" />
    <tag k="local_y" v="150.08619999999064" />
    <tag k="ele" v="0" />
  </node>
  <node id="1588" lat="42.27898576191" lon="-85.61883023606">
    <tag k="local_x" v="261.8086000000003" />
    <tag k="local_y" v="149.2277999999933" />
    <tag k="ele" v="0" />
  </node>
  <node id="1589" lat="42.2789820291" lon="-85.61884722212">
    <tag k="local_x" v="260.4147000000012" />
    <tag k="local_y" v="148.790599999993" />
    <tag k="ele" v="0" />
  </node>
  <node id="1590" lat="42.27899655462" lon="-85.61875755909">
    <tag k="local_x" v="267.78189999999995" />
    <tag k="local_y" v="150.52339999999094" />
    <tag k="ele" v="0" />
  </node>
  <node id="1591" lat="42.27898725527" lon="-85.61876363315">
    <tag k="local_x" v="267.2978000000003" />
    <tag k="local_y" v="149.4826999999932" />
    <tag k="ele" v="0" />
  </node>
  <node id="1592" lat="42.27897514996" lon="-85.61877541506">
    <tag k="local_x" v="266.34810000000107" />
    <tag k="local_y" v="148.12279999999737" />
    <tag k="ele" v="0" />
  </node>
  <node id="1593" lat="42.27896672474" lon="-85.61878901089">
    <tag k="local_x" v="265.2422000000006" />
    <tag k="local_y" v="147.16909999999916" />
    <tag k="ele" v="0" />
  </node>
  <node id="1594" lat="42.27895576228" lon="-85.61881529657">
    <tag k="local_x" v="263.09450000000106" />
    <tag k="local_y" v="145.91670000000158" />
    <tag k="ele" v="0" />
  </node>
  <node id="1595" lat="42.27895095967" lon="-85.61883124483">
    <tag k="local_x" v="261.78809999999976" />
    <tag k="local_y" v="145.36209999999846" />
    <tag k="ele" v="0" />
  </node>
  <node id="1596" lat="42.27894799455" lon="-85.61884990832">
    <tag k="local_x" v="260.2545000000009" />
    <tag k="local_y" v="145.00789999999688" />
    <tag k="ele" v="0" />
  </node>
  <node id="1597" lat="42.27912239313" lon="-85.61881197345">
    <tag k="local_x" v="263.0684000000001" />
    <tag k="local_y" v="164.42339999999967" />
    <tag k="ele" v="0" />
  </node>
  <node id="1598" lat="42.27913796436" lon="-85.61880030137">
    <tag k="local_x" v="264.0028000000002" />
    <tag k="local_y" v="166.16799999999057" />
    <tag k="ele" v="0" />
  </node>
  <node id="1599" lat="42.27907810544" lon="-85.61883224297">
    <tag k="local_x" v="261.47680000000037" />
    <tag k="local_y" v="159.4786999999924" />
    <tag k="ele" v="0" />
  </node>
  <node id="1600" lat="42.27908230998" lon="-85.61879669996">
    <tag k="local_x" v="264.39999999999964" />
    <tag k="local_y" v="159.9930999999924" />
    <tag k="ele" v="0" />
  </node>
  <node id="1601" lat="42.27908298384" lon="-85.61875791477">
    <tag k="local_x" v="267.59690000000046" />
    <tag k="local_y" v="160.1198000000004" />
    <tag k="ele" v="0" />
  </node>
  <node id="1602" lat="42.28038884019" lon="-85.61853446696">
    <tag k="local_x" v="283.66929999999957" />
    <tag k="local_y" v="305.4176000000007" />
    <tag k="ele" v="0" />
  </node>
  <node id="1603" lat="42.27957103731" lon="-85.61849416507">
    <tag k="local_x" v="288.46570000000065" />
    <tag k="local_y" v="214.66479999999865" />
    <tag k="ele" v="0" />
  </node>
  <node id="1604" lat="42.28038888863" lon="-85.61849565582">
    <tag k="local_x" v="286.8693999999996" />
    <tag k="local_y" v="305.47490000000107" />
    <tag k="ele" v="0" />
  </node>
  <node id="1605" lat="42.27957424795" lon="-85.61857003806">
    <tag k="local_x" v="282.2037" />
    <tag k="local_y" v="214.91979999998875" />
    <tag k="ele" v="0" />
  </node>
  <node id="1606" lat="42.28038917124" lon="-85.61857039189">
    <tag k="local_x" v="280.70650000000023" />
    <tag k="local_y" v="305.4062999999878" />
    <tag k="ele" v="0" />
  </node>
  <node id="1607" lat="42.28040247075" lon="-85.61849582235">
    <tag k="local_x" v="286.83120000000054" />
    <tag k="local_y" v="306.98279999999795" />
    <tag k="ele" v="0" />
  </node>
  <node id="1613" lat="42.28040310342" lon="-85.61857038706">
    <tag k="local_x" v="280.6818000000003" />
    <tag k="local_y" v="306.95329999999376" />
    <tag k="ele" v="0" />
  </node>
  <node id="1614" lat="42.28040279816" lon="-85.61853443488">
    <tag k="local_x" v="283.64680000000044" />
    <tag k="local_y" v="306.96749999999884" />
    <tag k="ele" v="0" />
  </node>
  <node id="1615" lat="42.27872992645" lon="-85.61821974091">
    <tag k="local_x" v="312.6093000000001" />
    <tag k="local_y" v="121.63719999999739" />
    <tag k="ele" v="0" />
  </node>
  <node id="1616" lat="42.27874486125" lon="-85.61824150472">
    <tag k="local_x" v="310.78780000000006" />
    <tag k="local_y" v="123.26639999999315" />
    <tag k="ele" v="0" />
  </node>
  <node id="1617" lat="42.27880176965" lon="-85.61831434425">
    <tag k="local_x" v="304.6791000000012" />
    <tag k="local_y" v="129.4878999999928" />
    <tag k="ele" v="0" />
  </node>
  <node id="1618" lat="42.27887581508" lon="-85.6184670546">
    <tag k="local_x" v="291.95360000000073" />
    <tag k="local_y" v="137.50539999999455" />
    <tag k="ele" v="0" />
  </node>
  <node id="1619" lat="42.27892695001" lon="-85.61860533807">
    <tag k="local_x" v="280.45900000000074" />
    <tag k="local_y" v="142.998299999992" />
    <tag k="ele" v="0" />
  </node>
  <node id="1620" lat="42.2789441793" lon="-85.61869003485">
    <tag k="local_x" v="273.4441000000006" />
    <tag k="local_y" v="144.79809999999998" />
    <tag k="ele" v="0" />
    <tag k="highway" v="crossing" />
  </node>
  <node id="1621" lat="42.2789301383" lon="-85.61869453889">
    <tag k="local_x" v="273.09799999999996" />
    <tag k="local_y" v="143.2329999999929" />
    <tag k="ele" v="0" />
  </node>
  <node id="1622" lat="42.27889880835" lon="-85.61859773041">
    <tag k="local_x" v="281.1370000000006" />
    <tag k="local_y" v="139.88369999999122" />
    <tag k="ele" v="0" />
  </node>
  <node id="1623" lat="42.27885890741" lon="-85.61849621948">
    <tag k="local_x" v="289.5792000000001" />
    <tag k="local_y" v="135.58899999999267" />
    <tag k="ele" v="0" />
  </node>
  <node id="1624" lat="42.27877331993" lon="-85.61834275839">
    <tag k="local_x" v="302.3873999999996" />
    <tag k="local_y" v="126.29089999999269" />
    <tag k="ele" v="0" />
  </node>
  <node id="1625" lat="42.27870995483" lon="-85.61826690196">
    <tag k="local_x" v="308.7565000000013" />
    <tag k="local_y" v="119.35649999999441" />
    <tag k="ele" v="0" />
  </node>
  <node id="1626" lat="42.27883815866" lon="-85.61838993889">
    <tag k="local_x" v="298.3801999999996" />
    <tag k="local_y" v="133.42729999999574" />
    <tag k="ele" v="0" />
  </node>
  <node id="1627" lat="42.27890736904" lon="-85.61854110934">
    <tag k="local_x" v="285.79039999999986" />
    <tag k="local_y" v="140.90999999998894" />
    <tag k="ele" v="0" />
  </node>
  <node id="1634" lat="42.27870337786" lon="-85.61747021532">
    <tag k="local_x" v="374.46119999999974" />
    <tag k="local_y" v="119.6924999999901" />
    <tag k="ele" v="0" />
  </node>
  <node id="1635" lat="42.27870746551" lon="-85.61783692428">
    <tag k="local_x" v="344.21590000000106" />
    <tag k="local_y" v="119.65549999999348" />
    <tag k="ele" v="0" />
    <tag k="crossing" v="marked" />
    <tag k="crossing:markings" v="yes" />
    <tag k="highway" v="crossing" />
  </node>
  <node id="1636" lat="42.27871520152" lon="-85.6180703408">
    <tag k="local_x" v="324.9549999999999" />
    <tag k="local_y" v="120.20209999999497" />
    <tag k="ele" v="0" />
    <tag k="direction" v="forward" />
    <tag k="highway" v="stop" />
  </node>
  <node id="1637" lat="42.2787182647" lon="-85.61809195774">
    <tag k="local_x" v="323.1670000000013" />
    <tag k="local_y" v="120.51329999999143" />
    <tag k="ele" v="0" />
  </node>
  <node id="1644" lat="42.27863238218" lon="-85.61747060694">
    <tag k="local_x" v="374.5568999999996" />
    <tag k="local_y" v="111.80879999999888" />
    <tag k="ele" v="0" />
  </node>
  <node id="1645" lat="42.27863460147" lon="-85.61783817008">
    <tag k="local_x" v="344.2445000000007" />
    <tag k="local_y" v="111.56319999998959" />
    <tag k="ele" v="0" />
    <tag k="crossing" v="marked" />
    <tag k="crossing:markings" v="yes" />
    <tag k="highway" v="crossing" />
  </node>
  <node id="1646" lat="42.27862691189" lon="-85.61806596887">
    <tag k="local_x" v="325.4746000000014" />
    <tag k="local_y" v="110.40449999998964" />
    <tag k="ele" v="0" />
    <tag k="direction" v="forward" />
    <tag k="highway" v="stop" />
  </node>
  <node id="1647" lat="42.27865852662" lon="-85.61822172072">
    <tag k="local_x" v="312.57470000000103" />
    <tag k="local_y" v="113.70650000000023" />
    <tag k="ele" v="0" />
  </node>
  <node id="1648" lat="42.27816719937" lon="-85.61812935627">
    <tag k="local_x" v="321.07620000000134" />
    <tag k="local_y" v="59.274399999994785" />
    <tag k="ele" v="0" />
  </node>
  <node id="1649" lat="42.27808323869" lon="-85.61810695699">
    <tag k="local_x" v="323.0745000000006" />
    <tag k="local_y" v="49.98159999999916" />
    <tag k="ele" v="0" />
  </node>
  <node id="1650" lat="42.2780021097" lon="-85.61806858364">
    <tag k="local_x" v="326.3849000000009" />
    <tag k="local_y" v="41.02459999998973" />
    <tag k="ele" v="0" />
  </node>
  <node id="1651" lat="42.27794180916" lon="-85.61802717572">
    <tag k="local_x" v="329.90800000000127" />
    <tag k="local_y" v="34.38439999999537" />
    <tag k="ele" v="0" />
  </node>
  <node id="1652" lat="42.27782045034" lon="-85.61791497045">
    <tag k="local_x" v="339.3790000000008" />
    <tag k="local_y" v="21.059199999988778" />
    <tag k="ele" v="0" />
  </node>
  <node id="1653" lat="42.27865302503" lon="-85.61826642626">
    <tag k="local_x" v="308.89830000000075" />
    <tag k="local_y" v="113.03579999999783" />
    <tag k="ele" v="0" />
  </node>
  <node id="1654" lat="42.27816226878" lon="-85.61817719967">
    <tag k="local_x" v="317.14000000000124" />
    <tag k="local_y" v="58.662899999995716" />
    <tag k="ele" v="0" />
  </node>
  <node id="1655" lat="42.27807420088" lon="-85.61815363733">
    <tag k="local_x" v="319.2416000000012" />
    <tag k="local_y" v="48.91559999999299" />
    <tag k="ele" v="0" />
  </node>
  <node id="1656" lat="42.27798877003" lon="-85.61811326961">
    <tag k="local_x" v="322.72420000000056" />
    <tag k="local_y" v="39.48359999999229" />
    <tag k="ele" v="0" />
  </node>
  <node id="1657" lat="42.27792337061" lon="-85.61806829851">
    <tag k="local_x" v="326.5503000000008" />
    <tag k="local_y" v="32.28199999999197" />
    <tag k="ele" v="0" />
  </node>
  <node id="1658" lat="42.27778438251" lon="-85.61792783872">
    <tag k="local_x" v="338.3829000000005" />
    <tag k="local_y" v="17.037100000001374" />
    <tag k="ele" v="0" />
  </node>
  <node id="1659" lat="42.27871867301" lon="-85.61820019603">
    <tag k="local_x" v="314.2412000000004" />
    <tag k="local_y" v="120.41379999999481" />
    <tag k="ele" v="0" />
  </node>
  <node id="1660" lat="42.27870537508" lon="-85.61817862204">
    <tag k="local_x" v="316.044100000001" />
    <tag k="local_y" v="118.96609999999055" />
    <tag k="ele" v="0" />
  </node>
  <node id="1661" lat="42.27867679927" lon="-85.61809022862">
    <tag k="local_x" v="323.3842999999997" />
    <tag k="local_y" v="115.91139999999723" />
    <tag k="ele" v="0" />
  </node>
  <node id="1662" lat="42.2787118582" lon="-85.61801987636">
    <tag k="local_x" v="329.1221999999998" />
    <tag k="local_y" v="119.89839999999094" />
    <tag k="ele" v="0" />
  </node>
  <node id="1663" lat="42.27867426461" lon="-85.61796540774">
    <tag k="local_x" v="333.6813000000002" />
    <tag k="local_y" v="115.79699999999139" />
    <tag k="ele" v="0" />
  </node>
  <node id="1664" lat="42.2786626843" lon="-85.61811796087">
    <tag k="local_x" v="321.1229999999996" />
    <tag k="local_y" v="114.3070000000007" />
    <tag k="ele" v="0" />
  </node>
  <node id="1665" lat="42.27817861861" lon="-85.61802545792">
    <tag k="local_x" v="329.6229000000003" />
    <tag k="local_y" v="60.681400000001304" />
    <tag k="ele" v="0" />
  </node>
  <node id="1666" lat="42.27810399832" lon="-85.61800569972">
    <tag k="local_x" v="331.3865999999998" />
    <tag k="local_y" v="52.422200000000885" />
    <tag k="ele" v="0" />
  </node>
  <node id="1667" lat="42.27803260682" lon="-85.6179718312">
    <tag k="local_x" v="334.3080000000009" />
    <tag k="local_y" v="44.540399999998044" />
    <tag k="ele" v="0" />
  </node>
  <node id="1668" lat="42.277984268" lon="-85.61793879293">
    <tag k="local_x" v="337.1193999999996" />
    <tag k="local_y" v="39.21719999999914" />
    <tag k="ele" v="0" />
  </node>
  <node id="1669" lat="42.27786548807" lon="-85.6178288756">
    <tag k="local_x" v="346.39710000000014" />
    <tag k="local_y" v="26.175299999988056" />
    <tag k="ele" v="0" />
  </node>
  <node id="1670" lat="42.27868997974" lon="-85.61812753688">
    <tag k="local_x" v="320.28420000000006" />
    <tag k="local_y" v="117.32499999999709" />
    <tag k="ele" v="0" />
  </node>
  <node id="1671" lat="42.27870326507" lon="-85.61813423924">
    <tag k="local_x" v="319.70759999999973" />
    <tag k="local_y" v="118.79119999999239" />
    <tag k="ele" v="0" />
  </node>
  <node id="1672" lat="42.27871600553" lon="-85.61814258465">
    <tag k="local_x" v="318.9965000000011" />
    <tag k="local_y" v="120.19469999999274" />
    <tag k="ele" v="0" />
  </node>
  <node id="1673" lat="42.27872803432" lon="-85.61815203466">
    <tag k="local_x" v="318.1956000000009" />
    <tag k="local_y" v="121.5176999999967" />
    <tag k="ele" v="0" />
  </node>
  <node id="1674" lat="42.27873972286" lon="-85.61816291951">
    <tag k="local_x" v="317.27700000000004" />
    <tag k="local_y" v="122.8009999999922" />
    <tag k="ele" v="0" />
  </node>
  <node id="1675" lat="42.27872199345" lon="-85.61820983149">
    <tag k="local_x" v="313.440700000001" />
    <tag k="local_y" v="120.76959999999963" />
    <tag k="ele" v="0" />
  </node>
  <node id="1676" lat="42.27871363456" lon="-85.61820060204">
    <tag k="local_x" v="314.21680000000015" />
    <tag k="local_y" v="119.85379999999714" />
    <tag k="ele" v="0" />
  </node>
  <node id="1677" lat="42.27870462064" lon="-85.61819254385">
    <tag k="local_x" v="314.89750000000095" />
    <tag k="local_y" v="118.8637000000017" />
    <tag k="ele" v="0" />
  </node>
  <node id="1678" lat="42.27869838064" lon="-85.6181874072">
    <tag k="local_x" v="315.33230000000003" />
    <tag k="local_y" v="118.17770000000019" />
    <tag k="ele" v="0" />
  </node>
  <node id="1679" lat="42.27867512747" lon="-85.61817509784">
    <tag k="local_x" v="316.3891999999996" />
    <tag k="local_y" v="115.61219999998866" />
    <tag k="ele" v="0" />
  </node>
  <node id="1680" lat="42.27871310557" lon="-85.61804752758">
    <tag k="local_x" v="326.83990000000085" />
    <tag k="local_y" v="119.99989999999525" />
    <tag k="ele" v="0" />
  </node>
  <node id="1681" lat="42.27872357854" lon="-85.6181139536">
    <tag k="local_x" v="321.34370000000126" />
    <tag k="local_y" v="121.0738999999885" />
    <tag k="ele" v="0" />
  </node>
  <node id="1682" lat="42.27873091563" lon="-85.61813771102">
    <tag k="local_x" v="319.3715000000011" />
    <tag k="local_y" v="121.85679999999411" />
    <tag k="ele" v="0" />
  </node>
  <node id="1683" lat="42.27869598093" lon="-85.61816120856">
    <tag k="local_x" v="317.4969000000001" />
    <tag k="local_y" v="117.94629999999597" />
    <tag k="ele" v="0" />
  </node>
  <node id="1684" lat="42.278688227" lon="-85.61814187101">
    <tag k="local_x" v="319.1054000000004" />
    <tag k="local_y" v="117.11119999999937" />
    <tag k="ele" v="0" />
  </node>
  <node id="1685" lat="42.27868558399" lon="-85.61817880833">
    <tag k="local_x" v="316.0644000000011" />
    <tag k="local_y" v="116.76829999999609" />
    <tag k="ele" v="0" />
  </node>
  <node id="1686" lat="42.27867666548" lon="-85.61812104981">
    <tag k="local_x" v="320.84310000000005" />
    <tag k="local_y" v="115.85529999999562" />
    <tag k="ele" v="0" />
  </node>
  <node id="1687" lat="42.27864069707" lon="-85.61815524813">
    <tag k="local_x" v="318.08799999999974" />
    <tag k="local_y" v="111.81569999999192" />
    <tag k="ele" v="0" />
  </node>
  <node id="1688" lat="42.27859591692" lon="-85.61820832977">
    <tag k="local_x" v="313.79169999999976" />
    <tag k="local_y" v="106.77240000000165" />
    <tag k="ele" v="0" />
  </node>
  <node id="1689" lat="42.27863240612" lon="-85.61821361068">
    <tag k="local_x" v="313.290500000001" />
    <tag k="local_y" v="110.81699999999546" />
    <tag k="ele" v="0" />
  </node>
  <node id="1690" lat="42.27868954362" lon="-85.61813282427">
    <tag k="local_x" v="319.84900000000016" />
    <tag k="local_y" v="117.26949999999488" />
    <tag k="ele" v="0" />
  </node>
  <node id="1691" lat="42.27868356355" lon="-85.61815217089">
    <tag k="local_x" v="318.26450000000114" />
    <tag k="local_y" v="116.5795999999973" />
    <tag k="ele" v="0" />
  </node>
  <node id="1692" lat="42.27867428109" lon="-85.6181735434">
    <tag k="local_x" v="316.51890000000094" />
    <tag k="local_y" v="115.52029999998922" />
    <tag k="ele" v="0" />
  </node>
  <node id="1693" lat="42.27866502458" lon="-85.61819221335">
    <tag k="local_x" v="314.9961000000003" />
    <tag k="local_y" v="114.46749999999884" />
    <tag k="ele" v="0" />
  </node>
  <node id="1694" lat="42.2786559515" lon="-85.6182060756">
    <tag k="local_x" v="313.8693999999996" />
    <tag k="local_y" v="113.44150000000081" />
    <tag k="ele" v="0" />
  </node>
  <node id="1695" lat="42.27864150744" lon="-85.61822428769">
    <tag k="local_x" v="312.39370000000054" />
    <tag k="local_y" v="111.81329999999434" />
    <tag k="ele" v="0" />
  </node>
  <node id="1696" lat="42.27862568322" lon="-85.6182390251">
    <tag k="local_x" v="311.20700000000033" />
    <tag k="local_y" v="110.03650000000198" />
    <tag k="ele" v="0" />
  </node>
  <node id="1697" lat="42.27861337859" lon="-85.61824905898">
    <tag k="local_x" v="310.40179999999964" />
    <tag k="local_y" v="108.65679999999702" />
    <tag k="ele" v="0" />
  </node>
  <node id="1698" lat="42.2786047736" lon="-85.61825453335">
    <tag k="local_x" v="309.96590000000106" />
    <tag k="local_y" v="107.69399999998859" />
    <tag k="ele" v="0" />
  </node>
  <node id="1699" lat="42.27859414096" lon="-85.6182575077">
    <tag k="local_x" v="309.7398000000012" />
    <tag k="local_y" v="106.50939999999537" />
    <tag k="ele" v="0" />
  </node>
  <node id="1700" lat="42.27869756131" lon="-85.61810148516">
    <tag k="local_x" v="322.4187000000002" />
    <tag k="local_y" v="118.20169999999052" />
    <tag k="ele" v="0" />
  </node>
  <node id="1701" lat="42.27870234951" lon="-85.61806237986">
    <tag k="local_x" v="325.6346000000012" />
    <tag k="local_y" v="118.78569999999308" />
    <tag k="ele" v="0" />
  </node>
  <node id="1702" lat="42.27870528606" lon="-85.61803575293">
    <tag k="local_x" v="327.8248999999996" />
    <tag k="local_y" v="119.14740000000165" />
    <tag k="ele" v="0" />
  </node>
  <node id="1703" lat="42.27870830331" lon="-85.61801365505">
    <tag k="local_x" v="329.64160000000084" />
    <tag k="local_y" v="119.51199999998789" />
    <tag k="ele" v="0" />
  </node>
  <node id="1704" lat="42.27871025702" lon="-85.61799552305">
    <tag k="local_x" v="331.1332000000002" />
    <tag k="local_y" v="119.75319999999192" />
    <tag k="ele" v="0" />
  </node>
  <node id="1705" lat="42.27870873479" lon="-85.6179659896">
    <tag k="local_x" v="333.5712000000003" />
    <tag k="local_y" v="119.62369999999646" />
    <tag k="ele" v="0" />
  </node>
  <node id="1706" lat="42.27869080821" lon="-85.61824321703">
    <tag k="local_x" v="310.7440000000006" />
    <tag k="local_y" v="117.26219999999739" />
    <tag k="ele" v="0" />
  </node>
  <node id="1707" lat="42.27867650939" lon="-85.61822991157">
    <tag k="local_x" v="311.8669000000009" />
    <tag k="local_y" v="115.69229999999516" />
    <tag k="ele" v="0" />
  </node>
  <node id="1708" lat="42.27868142853" lon="-85.61828828747">
    <tag k="local_x" v="307.04449999999997" />
    <tag k="local_y" v="116.16039999999339" />
    <tag k="ele" v="0" />
  </node>
  <node id="1709" lat="42.27867168466" lon="-85.61827727522">
    <tag k="local_x" v="307.97010000000046" />
    <tag k="local_y" v="115.09319999998843" />
    <tag k="ele" v="0" />
  </node>
  <node id="1710" lat="42.27867501422" lon="-85.61794630518">
    <tag k="local_x" v="335.2551000000003" />
    <tag k="local_y" v="115.90579999999318" />
    <tag k="ele" v="0" />
  </node>
  <node id="1711" lat="42.27868489769" lon="-85.61823694775">
    <tag k="local_x" v="311.27160000000003" />
    <tag k="local_y" v="116.6143000000011" />
    <tag k="ele" v="0" />
  </node>
  <node id="1712" lat="42.27867319702" lon="-85.61822281421">
    <tag k="local_x" v="312.45809999999983" />
    <tag k="local_y" v="115.33399999998801" />
    <tag k="ele" v="0" />
  </node>
  <node id="1713" lat="42.27866568962" lon="-85.61821347035">
    <tag k="local_x" v="313.2421000000013" />
    <tag k="local_y" v="114.51290000000154" />
    <tag k="ele" v="0" />
  </node>
  <node id="1714" lat="42.27865768156" lon="-85.61820106918">
    <tag k="local_x" v="314.27909999999974" />
    <tag k="local_y" v="113.64029999999912" />
    <tag k="ele" v="0" />
  </node>
  <node id="1715" lat="42.27865227398" lon="-85.61818930367">
    <tag k="local_x" v="315.259" />
    <tag k="local_y" v="113.05559999999241" />
    <tag k="ele" v="0" />
  </node>
  <node id="1716" lat="42.27864735186" lon="-85.61817731654">
    <tag k="local_x" v="316.2563000000009" />
    <tag k="local_y" v="112.52509999999893" />
    <tag k="ele" v="0" />
  </node>
  <node id="1717" lat="42.27864177968" lon="-85.61816489611">
    <tag k="local_x" v="317.290500000001" />
    <tag k="local_y" v="111.92299999999523" />
    <tag k="ele" v="0" />
  </node>
  <node id="1718" lat="42.27863667956" lon="-85.61814897509">
    <tag k="local_x" v="318.6125000000011" />
    <tag k="local_y" v="111.37799999999697" />
    <tag k="ele" v="0" />
  </node>
  <node id="1719" lat="42.27863303755" lon="-85.61813238552">
    <tag k="local_x" v="319.987000000001" />
    <tag k="local_y" v="110.99579999998969" />
    <tag k="ele" v="0" />
  </node>
  <node id="1720" lat="42.27869225146" lon="-85.61818160232">
    <tag k="local_x" v="315.8220000000001" />
    <tag k="local_y" v="117.5048999999999" />
    <tag k="ele" v="0" />
  </node>
  <node id="1721" lat="42.27870081883" lon="-85.61817188536">
    <tag k="local_x" v="316.60779999999977" />
    <tag k="local_y" v="118.46919999999227" />
    <tag k="ele" v="0" />
  </node>
  <node id="1722" lat="42.27868075985" lon="-85.61811763377">
    <tag k="local_x" v="321.117400000001" />
    <tag k="local_y" v="116.31449999999313" />
    <tag k="ele" v="0" />
  </node>
  <node id="1723" lat="42.27861219234" lon="-85.61815921578">
    <tag k="local_x" v="317.8122000000003" />
    <tag k="local_y" v="108.64529999998922" />
    <tag k="ele" v="0" />
  </node>
  <node id="1724" lat="42.27862881655" lon="-85.61815421497">
    <tag k="local_x" v="318.1946000000007" />
    <tag k="local_y" v="110.49789999998757" />
    <tag k="ele" v="0" />
  </node>
  <node id="1725" lat="42.27864233446" lon="-85.61814329957">
    <tag k="local_x" v="319.0703000000012" />
    <tag k="local_y" v="112.01350000000093" />
    <tag k="ele" v="0" />
  </node>
  <node id="1726" lat="42.27865444307" lon="-85.61812783686">
    <tag k="local_x" v="320.3235000000004" />
    <tag k="local_y" v="113.37870000000112" />
    <tag k="ele" v="0" />
  </node>
  <node id="1727" lat="42.27866488275" lon="-85.61810638569">
    <tag k="local_x" v="322.0735000000004" />
    <tag k="local_y" v="114.56659999999101" />
    <tag k="ele" v="0" />
  </node>
  <node id="1728" lat="42.27867062366" lon="-85.618077956">
    <tag k="local_x" v="324.40740000000005" />
    <tag k="local_y" v="115.24209999998857" />
    <tag k="ele" v="0" />
  </node>
  <node id="1729" lat="42.27867222382" lon="-85.61804842224">
    <tag k="local_x" v="326.83979999999974" />
    <tag k="local_y" v="115.4592999999877" />
    <tag k="ele" v="0" />
  </node>
  <node id="1730" lat="42.27860378917" lon="-85.61810670573">
    <tag k="local_x" v="322.15719999999965" />
    <tag k="local_y" v="107.78250000000116" />
    <tag k="ele" v="0" />
  </node>
  <node id="1731" lat="42.27862193622" lon="-85.61808525957">
    <tag k="local_x" v="323.89290000000074" />
    <tag k="local_y" v="109.82619999999588" />
    <tag k="ele" v="0" />
  </node>
  <node id="1732" lat="42.27861221592" lon="-85.61809989394">
    <tag k="local_x" v="322.7037" />
    <tag k="local_y" v="108.72729999999865" />
    <tag k="ele" v="0" />
  </node>
  <node id="1733" lat="42.27861808659" lon="-85.61809411305">
    <tag k="local_x" v="323.16979999999967" />
    <tag k="local_y" v="109.3868999999977" />
    <tag k="ele" v="0" />
  </node>
  <node id="1734" lat="42.27862998844" lon="-85.61797997028">
    <tag k="local_x" v="332.560300000001" />
    <tag k="local_y" v="110.86119999999937" />
    <tag k="ele" v="0" />
  </node>
  <node id="1735" lat="42.27862868573" lon="-85.61810592032">
    <tag k="local_x" v="322.1771000000008" />
    <tag k="local_y" v="110.54799999999523" />
    <tag k="ele" v="0" />
  </node>
  <node id="1736" lat="42.27870936398" lon="-85.61795012163">
    <tag k="local_x" v="334.8785000000007" />
    <tag k="local_y" v="119.71480000000156" />
    <tag k="ele" v="0" />
  </node>
  <node id="1737" lat="42.27896520312" lon="-85.6186722648">
    <tag k="local_x" v="274.8715000000011" />
    <tag k="local_y" v="147.15629999998782" />
    <tag k="ele" v="0" />
  </node>
  <node id="1738" lat="42.27887475563" lon="-85.61840461273">
    <tag k="local_x" v="297.1043000000009" />
    <tag k="local_y" v="137.47129999999015" />
    <tag k="ele" v="0" />
  </node>
  <node id="1739" lat="42.27883153577" lon="-85.61851716738">
    <tag k="local_x" v="287.90120000000024" />
    <tag k="local_y" v="132.5216999999975" />
    <tag k="ele" v="0" />
  </node>
  <node id="1740" lat="42.27867210643" lon="-85.61803247964">
    <tag k="local_x" v="328.15459999999985" />
    <tag k="local_y" v="115.46759999998903" />
    <tag k="ele" v="0" />
  </node>
  <node id="1741" lat="42.27862332613" lon="-85.6182591851">
    <tag k="local_x" v="309.5488999999998" />
    <tag k="local_y" v="109.74779999999737" />
    <tag k="ele" v="0" />
  </node>
  <node id="1742" lat="42.27866126595" lon="-85.61827012576">
    <tag k="local_x" v="308.57840000000033" />
    <tag k="local_y" v="113.94589999999152" />
    <tag k="ele" v="0" />
  </node>
  <node id="1743" lat="42.27870923761" lon="-85.61818488878">
    <tag k="local_x" v="315.52040000000125" />
    <tag k="local_y" v="119.386599999998" />
    <tag k="ele" v="0" />
  </node>
  <node id="1744" lat="42.27873808817" lon="-85.61815327025">
    <tag k="local_x" v="318.0756000000001" />
    <tag k="local_y" v="122.63239999998768" />
    <tag k="ele" v="0" />
  </node>
  <node id="1745" lat="42.27867422927" lon="-85.6180717965">
    <tag k="local_x" v="324.90880000000107" />
    <tag k="local_y" v="115.65069999999832" />
    <tag k="ele" v="0" />
  </node>
  <node id="1746" lat="42.27862325349" lon="-85.61808015303">
    <tag k="local_x" v="324.3116000000009" />
    <tag k="local_y" v="109.97929999999178" />
    <tag k="ele" v="0" />
  </node>
  <node id="1747" lat="42.27862866786" lon="-85.61817588024">
    <tag k="local_x" v="316.40840000000026" />
    <tag k="local_y" v="110.45239999999467" />
    <tag k="ele" v="0" />
  </node>
  <node id="1748" lat="42.27861601129" lon="-85.61819131004">
    <tag k="local_x" v="315.15890000000036" />
    <tag k="local_y" v="109.02639999998792" />
    <tag k="ele" v="0" />
  </node>
  <node id="1749" lat="42.27867981131" lon="-85.61816081001">
    <tag k="local_x" v="317.5589" />
    <tag k="local_y" v="116.15139999998792" />
    <tag k="ele" v="0" />
  </node>
  <node id="1750" lat="42.27867500898" lon="-85.61763492108">
    <tag k="local_x" v="360.9310999999998" />
    <tag k="local_y" v="116.32200000000012" />
    <tag k="ele" v="0" />
  </node>
  <node id="1751" lat="42.27863337394" lon="-85.61763548441">
    <tag k="local_x" v="360.95970000000125" />
    <tag k="local_y" v="111.6981999999989" />
    <tag k="ele" v="0" />
  </node>
  <node id="1752" lat="42.2787045419" lon="-85.61763765416">
    <tag k="local_x" v="360.65250000000015" />
    <tag k="local_y" v="119.59759999999369" />
    <tag k="ele" v="0" />
  </node>
  <node id="2197" lat="42.28031203558" lon="-85.6185703586">
    <tag k="local_x" v="280.84820000000036" />
    <tag k="local_y" v="296.84139999999024" />
    <tag k="ele" v="0" />
  </node>
  <node id="2198" lat="42.28031206143" lon="-85.61853430585">
    <tag k="local_x" v="283.8209000000006" />
    <tag k="local_y" v="296.89250000000175" />
    <tag k="ele" v="0" />
  </node>
  <node id="2199" lat="42.28031209752" lon="-85.61849551565">
    <tag k="local_x" v="287.01929999999993" />
    <tag k="local_y" v="296.94839999999385" />
    <tag k="ele" v="0" />
  </node>
  <node id="2208" lat="42.27775457483" lon="-85.61669830881">
    <tag k="local_x" v="439.8222000000005" />
    <tag k="local_y" v="15.373599999991711" />
    <tag k="ele" v="0" />
    <tag k="direction" v="both" />
    <tag k="highway" v="stop" />
  </node>
  <node id="2209" lat="42.27782907935" lon="-85.61664335536">
    <tag k="local_x" v="444.21920000000136" />
    <tag k="local_y" v="23.720000000001164" />
    <tag k="ele" v="0" />
  </node>
  <node id="2210" lat="42.27795196458" lon="-85.61656829986">
    <tag k="local_x" v="450.1864999999998" />
    <tag k="local_y" v="37.465400000000955" />
    <tag k="ele" v="0" />
  </node>
  <node id="2213" lat="42.27779089074" lon="-85.61654223558">
    <tag k="local_x" v="452.6262999999999" />
    <tag k="local_y" v="19.615099999995437" />
    <tag k="ele" v="0" />
  </node>
  <node id="2214" lat="42.27791322046" lon="-85.61647003594">
    <tag k="local_x" v="458.35909999999967" />
    <tag k="local_y" v="33.294999999998254" />
    <tag k="ele" v="0" />
  </node>
  <node id="2217" lat="42.27782450855" lon="-85.61772614646">
    <tag k="local_x" v="354.94187153185885" />
    <tag k="local_y" v="21.762543748613098" />
    <tag k="ele" v="0" />
  </node>
  <node id="2218" lat="42.27777559707" lon="-85.61760140238">
    <tag k="local_x" v="365.3162773480781" />
    <tag k="local_y" v="16.49852420622483" />
    <tag k="ele" v="0" />
  </node>
  <node id="2219" lat="42.27774898578" lon="-85.61747810727">
    <tag k="local_x" v="375.5310172674199" />
    <tag k="local_y" v="13.708733458814095" />
    <tag k="ele" v="0" />
  </node>
  <node id="2220" lat="42.27773747751" lon="-85.61732057369">
    <tag k="local_x" v="388.5418000000009" />
    <tag k="local_y" v="12.641799999997602" />
    <tag k="ele" v="0" />
  </node>
  <node id="2221" lat="42.2777355294" lon="-85.61689790358">
    <tag k="local_x" v="423.39819999999963" />
    <tag k="local_y" v="12.991499999989173" />
    <tag k="ele" v="0" />
  </node>
  <node id="2222" lat="42.27773525819" lon="-85.61676066771">
    <tag k="local_x" v="434.71500000000015" />
    <tag k="local_y" v="13.145199999999022" />
    <tag k="ele" v="0" />
    <tag k="direction" v="both" />
    <tag k="highway" v="stop" />
  </node>
  <node id="2226" lat="42.27780970963" lon="-85.61790031048">
    <tag k="local_x" v="340.6072000000004" />
    <tag k="local_y" v="19.88619999999355" />
    <tag k="ele" v="0" />
  </node>
  <node id="2228" lat="42.27770038844" lon="-85.61764267931">
    <tag k="local_x" v="362.0482000000011" />
    <tag k="local_y" v="8.092299999989336" />
    <tag k="ele" v="0" />
  </node>
  <node id="2229" lat="42.27766822169" lon="-85.61749595999">
    <tag k="local_x" v="374.2044999999998" />
    <tag k="local_y" v="4.716999999989639" />
    <tag k="ele" v="0" />
  </node>
  <node id="2230" lat="42.27765989156" lon="-85.61732061839">
    <tag k="local_x" v="388.6779999999999" />
    <tag k="local_y" v="4.026799999992363" />
    <tag k="ele" v="0" />
  </node>
  <node id="2231" lat="42.27765951107" lon="-85.61689254578">
    <tag k="local_x" v="423.97710000000006" />
    <tag k="local_y" v="4.557799999995041" />
    <tag k="ele" v="0" />
  </node>
  <node id="2235" lat="42.27772218968" lon="-85.61780558239">
    <tag k="local_x" v="348.5761000000002" />
    <tag k="local_y" v="10.294999999998254" />
    <tag k="ele" v="0" />
  </node>
  <node id="2236" lat="42.27766614065" lon="-85.61766114224">
    <tag k="local_x" v="360.58749999999964" />
    <tag k="local_y" v="4.264799999989918" />
    <tag k="ele" v="0" />
  </node>
  <node id="2237" lat="42.27763245395" lon="-85.61750398556">
    <tag k="local_x" v="373.6072000000004" />
    <tag k="local_y" v="0.7347000000008848" />
    <tag k="ele" v="0" />
  </node>
  <node id="2238" lat="42.27762363774" lon="-85.61732156752">
    <tag k="local_x" v="388.66510000000017" />
    <tag k="local_y" v="0.0" />
    <tag k="ele" v="0" />
  </node>
  <node id="2239" lat="42.27762327335" lon="-85.61689079771">
    <tag k="local_x" v="424.1866000000009" />
    <tag k="local_y" v="0.5363999999972293" />
    <tag k="ele" v="0" />
  </node>
  <node id="2240" lat="42.27762461929" lon="-85.61665977101">
    <tag k="local_x" v="443.2344000000012" />
    <tag k="local_y" v="0.9952999999950407" />
    <tag k="ele" v="0" />
    <tag k="direction" v="both" />
    <tag k="highway" v="stop" />
  </node>
  <node id="2243" lat="42.27765941565" lon="-85.61655496289">
    <tag k="local_x" v="451.8140000000003" />
    <tag k="local_y" v="4.999400000000605" />
    <tag k="ele" v="0" />
  </node>
  <node id="2244" lat="42.27766055596" lon="-85.61640420111">
    <tag k="local_x" v="464.2435999999998" />
    <tag k="local_y" v="5.327999999994063" />
    <tag k="ele" v="0" />
  </node>
  <node id="2245" lat="42.27765985037" lon="-85.61574684577">
    <tag k="local_x" v="518.449700000001" />
    <tag k="local_y" v="6.130599999989499" />
    <tag k="ele" v="0" />
  </node>
  <node id="2246" lat="42.27766055245" lon="-85.61566923057">
    <tag k="local_x" v="524.8485000000001" />
    <tag k="local_y" v="6.312599999990198" />
    <tag k="ele" v="0" />
  </node>
  <node id="2247" lat="42.27766166147" lon="-85.61552939974">
    <tag k="local_x" v="536.3768" />
    <tag k="local_y" v="6.623200000001816" />
    <tag k="ele" v="0" />
  </node>
  <node id="2248" lat="42.27766418591" lon="-85.6154581733">
    <tag k="local_x" v="542.2455000000009" />
    <tag k="local_y" v="6.998999999996158" />
    <tag k="ele" v="0" />
  </node>
  <node id="2249" lat="42.27767180645" lon="-85.6153623079">
    <tag k="local_x" v="550.1367000000009" />
    <tag k="local_y" v="7.97369999998773" />
    <tag k="ele" v="0" />
  </node>
  <node id="2250" lat="42.27768069487" lon="-85.61529194015">
    <tag k="local_x" v="555.9231" />
    <tag k="local_y" v="9.054999999993015" />
    <tag k="ele" v="0" />
  </node>
  <node id="2251" lat="42.27769633821" lon="-85.61520237255">
    <tag k="local_x" v="563.2805000000008" />
    <tag k="local_y" v="10.912100000001374" />
    <tag k="ele" v="0" />
  </node>
  <node id="2252" lat="42.27771229892" lon="-85.61512708386">
    <tag k="local_x" v="569.4598999999998" />
    <tag k="local_y" v="12.785299999988638" />
    <tag k="ele" v="0" />
  </node>
  <node id="2253" lat="42.27773588085" lon="-85.6150408677">
    <tag k="local_x" v="576.526600000001" />
    <tag k="local_y" v="15.519399999990128" />
    <tag k="ele" v="0" />
  </node>
  <node id="2254" lat="42.2777550184" lon="-85.61498113169">
    <tag k="local_x" v="581.4178000000011" />
    <tag k="local_y" v="17.724499999996624" />
    <tag k="ele" v="0" />
  </node>
  <node id="2255" lat="42.27779465067" lon="-85.61487277236">
    <tag k="local_x" v="590.2813999999998" />
    <tag k="local_y" v="22.27049999999872" />
    <tag k="ele" v="0" />
  </node>
  <node id="2256" lat="42.27785375177" lon="-85.61474934029">
    <tag k="local_x" v="600.3527000000013" />
    <tag k="local_y" v="28.998500000001513" />
    <tag k="ele" v="0" />
  </node>
  <node id="2260" lat="42.27762532053" lon="-85.61640496873">
    <tag k="local_x" v="464.2438732313385" />
    <tag k="local_y" v="1.414521716083982" />
    <tag k="ele" v="0" />
  </node>
  <node id="2261" lat="42.27762460957" lon="-85.61574680092">
    <tag k="local_x" v="518.5170089908988" />
    <tag k="local_y" v="2.217614338500425" />
    <tag k="ele" v="0" />
  </node>
  <node id="2262" lat="42.27762531389" lon="-85.61566866782">
    <tag k="local_x" v="524.9585139324045" />
    <tag k="local_y" v="2.4005562853999436" />
    <tag k="ele" v="0" />
  </node>
  <node id="2263" lat="42.27762642933" lon="-85.61552828356">
    <tag k="local_x" v="536.5324447641178" />
    <tag k="local_y" v="2.7126119221939007" />
    <tag k="ele" v="0" />
  </node>
  <node id="2264" lat="42.27762905898" lon="-85.61545436246">
    <tag k="local_x" v="542.6231557512547" />
    <tag k="local_y" v="3.1037076002394315" />
    <tag k="ele" v="0" />
  </node>
  <node id="2265" lat="42.27763686855" lon="-85.61535613757">
    <tag k="local_x" v="550.7085801000849" />
    <tag k="local_y" v="4.102559710096102" />
    <tag k="ele" v="0" />
  </node>
  <node id="2266" lat="42.27764616319" lon="-85.61528254891">
    <tag k="local_x" v="556.7598432679551" />
    <tag k="local_y" v="5.2332857691071695" />
    <tag k="ele" v="0" />
  </node>
  <node id="2267" lat="42.27766218588" lon="-85.61519077811">
    <tag k="local_x" v="564.2982356333014" />
    <tag k="local_y" v="7.135463341546711" />
    <tag k="ele" v="0" />
  </node>
  <node id="2268" lat="42.27767878289" lon="-85.61511257128">
    <tag k="local_x" v="570.7171164241427" />
    <tag k="local_y" v="9.08322966239939" />
    <tag k="ele" v="0" />
  </node>
  <node id="2269" lat="42.27770302996" lon="-85.61502387959">
    <tag k="local_x" v="577.986748272966" />
    <tag k="local_y" v="11.894506761149387" />
    <tag k="ele" v="0" />
  </node>
  <node id="2270" lat="42.27772304593" lon="-85.61496140582">
    <tag k="local_x" v="583.102116132286" />
    <tag k="local_y" v="14.200816881653736" />
    <tag k="ele" v="0" />
  </node>
  <node id="2271" lat="42.27776395799" lon="-85.61484973802">
    <tag k="local_x" v="592.2362201863853" />
    <tag k="local_y" v="18.893361707116128" />
    <tag k="ele" v="0" />
  </node>
  <node id="2272" lat="42.27782398496" lon="-85.61472425677">
    <tag k="local_x" v="602.4748248628221" />
    <tag k="local_y" v="25.726918913569534" />
    <tag k="ele" v="0" />
  </node>
  <node id="2276" lat="42.27773386347" lon="-85.61640261414">
    <tag k="local_x" v="464.2422000000006" />
    <tag k="local_y" v="13.470000000001164" />
    <tag k="ele" v="0" />
  </node>
  <node id="2277" lat="42.27773029081" lon="-85.61574680016">
    <tag k="local_x" v="518.3263136764435" />
    <tag k="local_y" v="13.95218316365208" />
    <tag k="ele" v="0" />
  </node>
  <node id="2278" lat="42.27773098848" lon="-85.61567026326">
    <tag k="local_x" v="524.6361989651759" />
    <tag k="local_y" v="14.132247692818055" />
    <tag k="ele" v="0" />
  </node>
  <node id="2279" lat="42.2777320829" lon="-85.61553153959">
    <tag k="local_x" v="536.0732179155239" />
    <tag k="local_y" v="14.439741802503704" />
    <tag k="ele" v="0" />
  </node>
  <node id="2280" lat="42.27773438787" lon="-85.61546597334">
    <tag k="local_x" v="541.4755744507456" />
    <tag k="local_y" v="14.783584599805181" />
    <tag k="ele" v="0" />
  </node>
  <node id="2281" lat="42.27774162117" lon="-85.61537496122">
    <tag k="local_x" v="548.9672688088085" />
    <tag k="local_y" v="15.708777870153426" />
    <tag k="ele" v="0" />
  </node>
  <node id="2282" lat="42.27774965315" lon="-85.61531137794">
    <tag k="local_x" v="554.1957703312037" />
    <tag k="local_y" v="16.685883443336934" />
    <tag k="ele" v="0" />
  </node>
  <node id="2283" lat="42.27776451862" lon="-85.61522631683">
    <tag k="local_x" v="561.1829669389299" />
    <tag k="local_y" v="18.450566866333247" />
    <tag k="ele" v="0" />
  </node>
  <node id="2284" lat="42.27777914547" lon="-85.61515714842">
    <tag k="local_x" v="566.860098959185" />
    <tag k="local_y" v="20.167447513202205" />
    <tag k="ele" v="0" />
  </node>
  <node id="2285" lat="42.2778013541" lon="-85.61507604774">
    <tag k="local_x" v="573.5074560764369" />
    <tag k="local_y" v="22.742198258813005" />
    <tag k="ele" v="0" />
  </node>
  <node id="2286" lat="42.27781867197" lon="-85.61502198966">
    <tag k="local_x" v="577.9337425187568" />
    <tag k="local_y" v="24.73762760858517" />
    <tag k="ele" v="0" />
  </node>
  <node id="2287" lat="42.27785561547" lon="-85.6149205767">
    <tag k="local_x" v="586.2294036590392" />
    <tag k="local_y" v="28.975753313367022" />
    <tag k="ele" v="0" />
  </node>
  <node id="2288" lat="42.27791278528" lon="-85.61480141276">
    <tag k="local_x" v="595.9522419800214" />
    <tag k="local_y" v="35.483576900238404" />
    <tag k="ele" v="0" />
  </node>
  <node id="2291" lat="42.27773705866" lon="-85.61673246276">
    <tag k="local_x" v="437.03750000000036" />
    <tag k="local_y" v="13.38289999999688" />
    <tag k="ele" v="0" />
  </node>
  <node id="2300" lat="42.27776206528" lon="-85.61655917739">
    <tag k="local_x" v="451.28130000000056" />
    <tag k="local_y" v="16.391699999992852" />
    <tag k="ele" v="0" />
  </node>
  <node id="2302" lat="42.27775039223" lon="-85.61655429201">
    <tag k="local_x" v="451.70520000000033" />
    <tag k="local_y" v="15.10209999998915" />
    <tag k="ele" v="0" />
  </node>
  <node id="2303" lat="42.27774236312" lon="-85.6165474763">
    <tag k="local_x" v="452.28170000000136" />
    <tag k="local_y" v="14.219700000001467" />
    <tag k="ele" v="0" />
  </node>
  <node id="2304" lat="42.27773817531" lon="-85.61654053168">
    <tag k="local_x" v="452.8618999999999" />
    <tag k="local_y" v="13.763999999995576" />
    <tag k="ele" v="0" />
  </node>
  <node id="2307" lat="42.27774323909" lon="-85.61670719867">
    <tag k="local_x" v="439.1095999999998" />
    <tag k="local_y" v="14.102999999988242" />
    <tag k="ele" v="0" />
  </node>
  <node id="2310" lat="42.27766181526" lon="-85.61665554836">
    <tag k="local_x" v="443.51550000000134" />
    <tag k="local_y" v="5.131099999998696" />
    <tag k="ele" v="0" />
  </node>
  <node id="2312" lat="42.27766635805" lon="-85.61663839322">
    <tag k="local_x" v="444.9219000000012" />
    <tag k="local_y" v="5.658499999990454" />
    <tag k="ele" v="0" />
  </node>
  <node id="2313" lat="42.27767161608" lon="-85.61662804522">
    <tag k="local_x" v="445.7656999999999" />
    <tag k="local_y" v="6.256199999988894" />
    <tag k="ele" v="0" />
  </node>
  <node id="2314" lat="42.27768004917" lon="-85.61661848152">
    <tag k="local_x" v="446.53909999999996" />
    <tag k="local_y" v="7.205399999991641" />
    <tag k="ele" v="0" />
  </node>
  <node id="2315" lat="42.27769007626" lon="-85.61660973428">
    <tag k="local_x" v="447.2422999999999" />
    <tag k="local_y" v="8.330499999996391" />
    <tag k="ele" v="0" />
  </node>
  <node id="2316" lat="42.27770011788" lon="-85.61660226615">
    <tag k="local_x" v="447.84000000000015" />
    <tag k="local_y" v="9.455499999996391" />
    <tag k="ele" v="0" />
  </node>
  <node id="2317" lat="42.27770952745" lon="-85.61659481184">
    <tag k="local_x" v="448.4377000000004" />
    <tag k="local_y" v="10.510299999994459" />
    <tag k="ele" v="0" />
  </node>
  <node id="2318" lat="42.27771800772" lon="-85.61658908416">
    <tag k="local_x" v="448.89470000000074" />
    <tag k="local_y" v="11.459600000001956" />
    <tag k="ele" v="0" />
  </node>
  <node id="2319" lat="42.2777344638" lon="-85.61657799153">
    <tag k="local_x" v="449.77970000000096" />
    <tag k="local_y" v="13.301699999996345" />
    <tag k="ele" v="0" />
  </node>
  <node id="2323" lat="42.27770020292" lon="-85.61676727864">
    <tag k="local_x" v="434.2331000000013" />
    <tag k="local_y" v="9.243900000001304" />
    <tag k="ele" v="0" />
  </node>
  <node id="2325" lat="42.27770012868" lon="-85.61673551777">
    <tag k="local_x" v="436.8522000000012" />
    <tag k="local_y" v="9.278200000000652" />
    <tag k="ele" v="0" />
  </node>
  <node id="2328" lat="42.27770061705" lon="-85.61669791259">
    <tag k="local_x" v="439.9521999999997" />
    <tag k="local_y" v="9.38279999999213" />
    <tag k="ele" v="0" />
  </node>
  <node id="2329" lat="42.27770462232" lon="-85.61668046966">
    <tag k="local_x" v="441.3833000000013" />
    <tag k="local_y" v="9.85089999999036" />
    <tag k="ele" v="0" />
  </node>
  <node id="2330" lat="42.27771160131" lon="-85.6166680248">
    <tag k="local_x" v="442.39689999999973" />
    <tag k="local_y" v="10.642500000001746" />
    <tag k="ele" v="0" />
  </node>
  <node id="2331" lat="42.27773734162" lon="-85.61664759727">
    <tag k="local_x" v="444.03490000000056" />
    <tag k="local_y" v="13.527999999991152" />
    <tag k="ele" v="0" />
  </node>
  <node id="2333" lat="42.27776972112" lon="-85.61662358639">
    <tag k="local_x" v="445.95640000000094" />
    <tag k="local_y" v="17.15549999999348" />
    <tag k="ele" v="0" />
  </node>
  <node id="2334" lat="42.27775581543" lon="-85.61662496628">
    <tag k="local_x" v="445.8677000000007" />
    <tag k="local_y" v="15.609599999996135" />
    <tag k="ele" v="0" />
  </node>
  <node id="2336" lat="42.27774305609" lon="-85.61662155993">
    <tag k="local_x" v="446.17159999999967" />
    <tag k="local_y" v="14.197399999990012" />
    <tag k="ele" v="0" />
  </node>
  <node id="2337" lat="42.27773172742" lon="-85.6166167034">
    <tag k="local_x" v="446.59250000000065" />
    <tag k="local_y" v="12.945999999996275" />
    <tag k="ele" v="0" />
  </node>
  <node id="2338" lat="42.27771991141" lon="-85.61660937386">
    <tag k="local_x" v="447.21820000000116" />
    <tag k="local_y" v="11.643799999990733" />
    <tag k="ele" v="0" />
  </node>
  <node id="2339" lat="42.27770903358" lon="-85.61659903808">
    <tag k="local_x" v="448.09010000000126" />
    <tag k="local_y" v="10.44979999998759" />
    <tag k="ele" v="0" />
  </node>
  <node id="2340" lat="42.2777009265" lon="-85.61658172793">
    <tag k="local_x" v="449.53210000000036" />
    <tag k="local_y" v="9.572799999994459" />
    <tag k="ele" v="0" />
  </node>
  <node id="2342" lat="42.27773887187" lon="-85.6166977743">
    <tag k="local_x" v="439.8945999999996" />
    <tag k="local_y" v="13.630699999994249" />
    <tag k="ele" v="0" />
  </node>
  <node id="2347" lat="42.27772906958" lon="-85.61669634063">
    <tag k="local_x" v="440.03050000000076" />
    <tag k="local_y" v="12.54419999998936" />
    <tag k="ele" v="0" />
  </node>
  <node id="2348" lat="42.27771541371" lon="-85.61669095652">
    <tag k="local_x" v="440.4991000000009" />
    <tag k="local_y" v="11.03509999999369" />
    <tag k="ele" v="0" />
  </node>
  <node id="2349" lat="42.27769494585" lon="-85.61667774533">
    <tag k="local_x" v="441.6254000000008" />
    <tag k="local_y" v="8.780099999989034" />
    <tag k="ele" v="0" />
  </node>
  <node id="2350" lat="42.27767699331" lon="-85.61665870655">
    <tag k="local_x" v="443.2277000000013" />
    <tag k="local_y" v="6.812200000000303" />
    <tag k="ele" v="0" />
  </node>
  <node id="2351" lat="42.27766306154" lon="-85.61664000913">
    <tag k="local_x" v="444.7946000000011" />
    <tag k="local_y" v="5.2902999999932945" />
    <tag k="ele" v="0" />
  </node>
  <node id="2352" lat="42.27764985826" lon="-85.6166153316">
    <tag k="local_x" v="446.8533000000007" />
    <tag k="local_y" v="3.8572999999887543" />
    <tag k="ele" v="0" />
  </node>
  <node id="2353" lat="42.27764063963" lon="-85.6165862096">
    <tag k="local_x" v="449.27130000000034" />
    <tag k="local_y" v="2.8726999999926193" />
    <tag k="ele" v="0" />
  </node>
  <node id="2354" lat="42.27763370429" lon="-85.61655778347">
    <tag k="local_x" v="451.6278000000002" />
    <tag k="local_y" v="2.1406999999890104" />
    <tag k="ele" v="0" />
  </node>
  <node id="2355" lat="42.27762880283" lon="-85.61652475666">
    <tag k="local_x" v="454.3600000000006" />
    <tag k="local_y" v="1.6406999999890104" />
    <tag k="ele" v="0" />
  </node>
  <node id="2357" lat="42.27762500269" lon="-85.61649821565">
    <tag k="local_x" v="456.5554000000011" />
    <tag k="local_y" v="1.2543000000005122" />
    <tag k="ele" v="0" />
  </node>
  <node id="2359" lat="42.27769234321" lon="-85.61656264428">
    <tag k="local_x" v="451.1211999999996" />
    <tag k="local_y" v="8.64529999998922" />
    <tag k="ele" v="0" />
  </node>
  <node id="2361" lat="42.27768675708" lon="-85.61654467748">
    <tag k="local_x" v="452.6128000000008" />
    <tag k="local_y" v="8.049099999989267" />
    <tag k="ele" v="0" />
  </node>
  <node id="2362" lat="42.27768084241" lon="-85.61652090407">
    <tag k="local_x" v="454.58380000000034" />
    <tag k="local_y" v="7.424199999994016" />
    <tag k="ele" v="0" />
  </node>
  <node id="2363" lat="42.27767628664" lon="-85.61650354171">
    <tag k="local_x" v="456.02369999999974" />
    <tag k="local_y" v="6.941599999991013" />
    <tag k="ele" v="0" />
  </node>
  <node id="2364" lat="42.27767075759" lon="-85.6164793342">
    <tag k="local_x" v="458.02980000000025" />
    <tag k="local_y" v="6.36009999999078" />
    <tag k="ele" v="0" />
  </node>
  <node id="2365" lat="42.27766644257" lon="-85.6164593095">
    <tag k="local_x" v="459.6887999999999" />
    <tag k="local_y" v="5.9078000000008615" />
    <tag k="ele" v="0" />
  </node>
  <node id="2367" lat="42.27770017448" lon="-85.61675543942">
    <tag k="local_x" v="435.20939999999973" />
    <tag k="local_y" v="9.256599999993341" />
    <tag k="ele" v="0" />
  </node>
  <node id="2371" lat="42.2776593364" lon="-85.61674450016">
    <tag k="local_x" v="436.1851000000006" />
    <tag k="local_y" v="4.736699999994016" />
    <tag k="ele" v="0" />
  </node>
  <node id="2383" lat="42.27767137905" lon="-85.61665117222">
    <tag k="local_x" v="443.85909999999967" />
    <tag k="local_y" v="6.198899999988498" />
    <tag k="ele" v="0" />
  </node>
  <node id="2391" lat="42.27762409295" lon="-85.61675014381">
    <tag k="local_x" v="435.78330000000096" />
    <tag k="local_y" v="0.8157999999966705" />
    <tag k="ele" v="0" />
  </node>
  <node id="2400" lat="42.27766063669" lon="-85.61668416534">
    <tag k="local_x" v="441.15790000000015" />
    <tag k="local_y" v="4.961899999994785" />
    <tag k="ele" v="0" />
  </node>
  <node id="2401" lat="42.27770085062" lon="-85.61669689364">
    <tag k="local_x" v="440.03579999999965" />
    <tag k="local_y" v="9.41009999999369" />
    <tag k="ele" v="0" />
  </node>
  <node id="2408" lat="42.27762485686" lon="-85.61655980218">
    <tag k="local_x" v="451.47730000000047" />
    <tag k="local_y" v="1.1555999999982305" />
    <tag k="ele" v="0" />
  </node>
  <node id="2410" lat="42.27762488033" lon="-85.61654995314">
    <tag k="local_x" v="452.28939999999966" />
    <tag k="local_y" v="1.1713999999919906" />
    <tag k="ele" v="0" />
  </node>
  <node id="2424" lat="42.27765766877" lon="-85.61650198927">
    <tag k="local_x" v="456.185300000001" />
    <tag k="local_y" v="4.876399999993737" />
    <tag k="ele" v="0" />
  </node>
  <node id="2439" lat="42.27866602757" lon="-85.61652686579">
    <tag k="local_x" v="452.3149000000012" />
    <tag k="local_y" v="116.80859999998938" />
    <tag k="ele" v="0" />
  </node>
  <node id="2440" lat="42.27862687371" lon="-85.61652728219">
    <tag k="local_x" v="452.351200000001" />
    <tag k="local_y" v="112.46050000000105" />
    <tag k="ele" v="0" />
  </node>
  <node id="2441" lat="42.27869824185" lon="-85.61652558979">
    <tag k="local_x" v="452.362000000001" />
    <tag k="local_y" v="120.38729999998759" />
    <tag k="ele" v="0" />
  </node>
  <node id="2450" lat="42.27940541254" lon="-85.61643370541">
    <tag k="local_x" v="458.66270000000077" />
    <tag k="local_y" v="199.03280000000086" />
    <tag k="ele" v="0" />
  </node>
  <node id="2451" lat="42.27935869066" lon="-85.61644767996">
    <tag k="local_x" v="457.59469999999965" />
    <tag k="local_y" v="193.82619999999588" />
    <tag k="ele" v="0" />
  </node>
  <node id="2452" lat="42.27867044779" lon="-85.6164665624">
    <tag k="local_x" v="457.27940000000126" />
    <tag k="local_y" v="117.3801999999996" />
    <tag k="ele" v="0" />
  </node>
  <node id="2453" lat="42.27848774042" lon="-85.61646210304">
    <tag k="local_x" v="457.9767360396527" />
    <tag k="local_y" v="97.09882436638873" />
    <tag k="ele" v="0" />
  </node>
  <node id="2454" lat="42.27831482014" lon="-85.61646110644">
    <tag k="local_x" v="458.37088321361625" />
    <tag k="local_y" v="77.8995427612681" />
    <tag k="ele" v="0" />
  </node>
  <node id="2455" lat="42.27826029032" lon="-85.61646023593">
    <tag k="local_x" v="458.5410421176002" />
    <tag k="local_y" v="71.84585993626388" />
    <tag k="ele" v="0" />
  </node>
  <node id="2456" lat="42.27815529147" lon="-85.61648986785">
    <tag k="local_x" v="456.287074311389" />
    <tag k="local_y" v="60.14736238127807" />
    <tag k="ele" v="0" />
  </node>
  <node id="2457" lat="42.27812372427" lon="-85.61650125628">
    <tag k="local_x" v="455.40495334855586" />
    <tag k="local_y" v="56.626965835050214" />
    <tag k="ele" v="0" />
  </node>
  <node id="2458" lat="42.27803437334" lon="-85.61655889126">
    <tag k="local_x" v="450.81365567897956" />
    <tag k="local_y" v="46.62845847994322" />
    <tag k="ele" v="0" />
  </node>
  <node id="2459" lat="42.27796613333" lon="-85.61656640485">
    <tag k="local_x" v="450.3172000000013" />
    <tag k="local_y" v="39.041199999992386" />
    <tag k="ele" v="0" />
  </node>
  <node id="2461" lat="42.27943134031" lon="-85.61608642251">
    <tag k="local_x" v="487.2517000000007" />
    <tag k="local_y" v="202.37709999999788" />
    <tag k="ele" v="0" />
  </node>
  <node id="2462" lat="42.27944526045" lon="-85.61611795399">
    <tag k="local_x" v="484.6265999999996" />
    <tag k="local_y" v="203.8804999999993" />
    <tag k="ele" v="0" />
  </node>
  <node id="2463" lat="42.27945634252" lon="-85.61617296961">
    <tag k="local_x" v="480.0702000000001" />
    <tag k="local_y" v="205.03729999999632" />
    <tag k="ele" v="0" />
  </node>
  <node id="2464" lat="42.27945506129" lon="-85.61631508694">
    <tag k="local_x" v="468.3540000000012" />
    <tag k="local_y" v="204.7045999999973" />
    <tag k="ele" v="0" />
  </node>
  <node id="2465" lat="42.27943413075" lon="-85.6163989961">
    <tag k="local_x" v="461.47290000000066" />
    <tag k="local_y" v="202.26810000000114" />
    <tag k="ele" v="0" />
  </node>
  <node id="2468" lat="42.27939933279" lon="-85.61605326767">
    <tag k="local_x" v="490.0433000000012" />
    <tag k="local_y" v="198.86749999999302" />
    <tag k="ele" v="0" />
  </node>
  <node id="2470" lat="42.2779392771" lon="-85.61641260942">
    <tag k="local_x" v="463.0474000000013" />
    <tag k="local_y" v="36.265199999994365" />
    <tag k="ele" v="0" />
  </node>
  <node id="2471" lat="42.27794892895" lon="-85.61638202056">
    <tag k="local_x" v="465.5523000000012" />
    <tag k="local_y" v="37.37789999999222" />
    <tag k="ele" v="0" />
  </node>
  <node id="2472" lat="42.27797751711" lon="-85.6163225776">
    <tag k="local_x" v="470.40229999999974" />
    <tag k="local_y" v="40.63189999999304" />
    <tag k="ele" v="0" />
  </node>
  <node id="2473" lat="42.27809782083" lon="-85.61616526959">
    <tag k="local_x" v="483.15660000000025" />
    <tag k="local_y" v="54.20089999999618" />
    <tag k="ele" v="0" />
  </node>
  <node id="2474" lat="42.27823530728" lon="-85.6160856014">
    <tag k="local_x" v="489.47780000000057" />
    <tag k="local_y" v="69.5737999999983" />
    <tag k="ele" v="0" />
  </node>
  <node id="2475" lat="42.27832023804" lon="-85.61606044721">
    <tag k="local_x" v="491.39869999999974" />
    <tag k="local_y" v="79.03800000000047" />
    <tag k="ele" v="0" />
  </node>
  <node id="2476" lat="42.27848919619" lon="-85.61604498101">
    <tag k="local_x" v="492.3690999999999" />
    <tag k="local_y" v="97.81939999999304" />
    <tag k="ele" v="0" />
  </node>
  <node id="2481" lat="42.27939025617" lon="-85.61638285987">
    <tag k="local_x" v="462.8826000000008" />
    <tag k="local_y" v="197.41799999999057" />
    <tag k="ele" v="0" />
  </node>
  <node id="2483" lat="42.27942452105" lon="-85.61641792651">
    <tag k="local_x" v="459.9292999999998" />
    <tag k="local_y" v="201.1756999999925" />
    <tag k="ele" v="0" />
  </node>
  <node id="2486" lat="42.27941854882" lon="-85.61606348906">
    <tag k="local_x" v="489.1658000000007" />
    <tag k="local_y" v="200.98749999998836" />
    <tag k="ele" v="0" />
  </node>
  <node id="2488" lat="42.27863313216" lon="-85.61641145682">
    <tag k="local_x" v="461.89060000000063" />
    <tag k="local_y" v="113.31059999999707" />
    <tag k="ele" v="0" />
  </node>
  <node id="2489" lat="42.27863239895" lon="-85.61646563399">
    <tag k="local_x" v="457.4246000000003" />
    <tag k="local_y" v="113.15660000000207" />
    <tag k="ele" v="0" />
  </node>
  <node id="2495" lat="42.27941552264" lon="-85.61623898807">
    <tag k="local_x" v="474.70020000000113" />
    <tag k="local_y" v="200.41629999999714" />
    <tag k="ele" v="0" />
  </node>
  <node id="2496" lat="42.27945574149" lon="-85.61623958265">
    <tag k="local_x" v="474.57860000000073" />
    <tag k="local_y" v="204.88129999999364" />
    <tag k="ele" v="0" />
  </node>
  <node id="2513" lat="42.27918039659" lon="-85.61611064319">
    <tag k="local_x" v="485.70740000000114" />
    <tag k="local_y" v="174.48049999999057" />
    <tag k="ele" v="0" />
  </node>
  <node id="2514" lat="42.27918108217" lon="-85.61604887719">
    <tag k="local_x" v="490.7992000000013" />
    <tag k="local_y" v="174.63940000000002" />
    <tag k="ele" v="0" />
  </node>
  <node id="2520" lat="42.278894806" lon="-85.61646040684">
    <tag k="local_x" v="457.3822" />
    <tag k="local_y" v="142.30059999998775" />
    <tag k="ele" v="0" />
  </node>
  <node id="2521" lat="42.27889398549" lon="-85.61640621373">
    <tag k="local_x" v="461.85230000000047" />
    <tag k="local_y" v="142.28209999999672" />
    <tag k="ele" v="0" />
  </node>
  <node id="2527" lat="42.27922052802" lon="-85.61645147066">
    <tag k="local_x" v="457.53139999999985" />
    <tag k="local_y" v="178.47989999999118" />
    <tag k="ele" v="0" />
  </node>
  <node id="2528" lat="42.2792197084" lon="-85.61639727724">
    <tag k="local_x" v="462.0015000000003" />
    <tag k="local_y" v="178.46149999999034" />
    <tag k="ele" v="0" />
  </node>
  <node id="2545" lat="42.27878854344" lon="-85.61604463751">
    <tag k="local_x" v="491.8572000000004" />
    <tag k="local_y" v="131.05859999998938" />
    <tag k="ele" v="0" />
  </node>
  <node id="2546" lat="42.27878907124" lon="-85.61610276987">
    <tag k="local_x" v="487.0627999999997" />
    <tag k="local_y" v="131.03929999998945" />
    <tag k="ele" v="0" />
  </node>
  <node id="2552" lat="42.27869832937" lon="-85.61679807705">
    <tag k="local_x" v="429.89320000000043" />
    <tag k="local_y" v="120.03199999999197" />
    <tag k="ele" v="0" />
  </node>
  <node id="2553" lat="42.27866761268" lon="-85.61679777755">
    <tag k="local_x" v="429.97329999999965" />
    <tag k="local_y" v="116.62169999998878" />
    <tag k="ele" v="0" />
  </node>
  <node id="2554" lat="42.2786284588" lon="-85.61679819257">
    <tag k="local_x" v="430.0097000000005" />
    <tag k="local_y" v="112.27360000000044" />
    <tag k="ele" v="0" />
  </node>
  <node id="2566" lat="42.27862368423" lon="-85.6163852791">
    <tag k="local_x" v="464.0662000000011" />
    <tag k="local_y" v="112.29660000000149" />
    <tag k="ele" v="0" />
  </node>
  <node id="2567" lat="42.27870035038" lon="-85.61638446507">
    <tag k="local_x" v="463.9950000000008" />
    <tag k="local_y" v="120.81049999999232" />
    <tag k="ele" v="0" />
  </node>
  <node id="2574" lat="42.27871996515" lon="-85.6164652037">
    <tag k="local_x" v="457.3021000000008" />
    <tag k="local_y" v="122.8802999999898" />
    <tag k="ele" v="0" />
  </node>
  <node id="2575" lat="42.27871914464" lon="-85.61641101073">
    <tag k="local_x" v="461.77220000000125" />
    <tag k="local_y" v="122.86179999999877" />
    <tag k="ele" v="0" />
  </node>
  <node id="2581" lat="42.27870300657" lon="-85.61641927336">
    <tag k="local_x" v="461.1200000000008" />
    <tag k="local_y" v="121.05879999999888" />
    <tag k="ele" v="0" />
  </node>
  <node id="2583" lat="42.2786886357" lon="-85.61643240651">
    <tag k="local_x" v="460.0630000000001" />
    <tag k="local_y" v="119.44550000000163" />
    <tag k="ele" v="0" />
  </node>
  <node id="2584" lat="42.27867942763" lon="-85.61644752837">
    <tag k="local_x" v="458.83270000000084" />
    <tag k="local_y" v="118.4027999999962" />
    <tag k="ele" v="0" />
  </node>
  <node id="2585" lat="42.27867384538" lon="-85.61646071055">
    <tag k="local_x" v="457.7558000000008" />
    <tag k="local_y" v="117.76529999999912" />
    <tag k="ele" v="0" />
  </node>
  <node id="2586" lat="42.27866955768" lon="-85.61647698601">
    <tag k="local_x" v="456.4215000000004" />
    <tag k="local_y" v="117.267399999997" />
    <tag k="ele" v="0" />
  </node>
  <node id="2587" lat="42.27866673317" lon="-85.61650040405">
    <tag k="local_x" v="454.4956000000002" />
    <tag k="local_y" v="116.92239999999583" />
    <tag k="ele" v="0" />
  </node>
  <node id="2588" lat="42.27870375094" lon="-85.61651194109">
    <tag k="local_x" v="453.4775000000009" />
    <tag k="local_y" v="121.01729999999225" />
    <tag k="ele" v="0" />
  </node>
  <node id="2590" lat="42.27870444932" lon="-85.61649928659">
    <tag k="local_x" v="454.51970000000074" />
    <tag k="local_y" v="121.11179999999877" />
    <tag k="ele" v="0" />
  </node>
  <node id="2591" lat="42.2787054646" lon="-85.61648856311">
    <tag k="local_x" v="455.40210000000116" />
    <tag k="local_y" v="121.23889999999665" />
    <tag k="ele" v="0" />
  </node>
  <node id="2592" lat="42.27871002189" lon="-85.61647701631">
    <tag k="local_x" v="456.34600000000137" />
    <tag k="local_y" v="121.76039999999921" />
    <tag k="ele" v="0" />
  </node>
  <node id="2593" lat="42.27860205429" lon="-85.61646489355">
    <tag k="local_x" v="457.54039999999986" />
    <tag k="local_y" v="109.78819999999541" />
    <tag k="ele" v="0" />
  </node>
  <node id="2594" lat="42.27860278564" lon="-85.6164107116">
    <tag k="local_x" v="462.006800000001" />
    <tag k="local_y" v="109.94199999999546" />
    <tag k="ele" v="0" />
  </node>
  <node id="2600" lat="42.27866331059" lon="-85.61650202033">
    <tag k="local_x" v="454.3685000000005" />
    <tag k="local_y" v="116.54019999998854" />
    <tag k="ele" v="0" />
  </node>
  <node id="2607" lat="42.27866054715" lon="-85.61647877306">
    <tag k="local_x" v="456.29039999999986" />
    <tag k="local_y" v="116.26449999999022" />
    <tag k="ele" v="0" />
  </node>
  <node id="2608" lat="42.27865463443" lon="-85.61646128247">
    <tag k="local_x" v="457.7433000000001" />
    <tag k="local_y" v="115.6313999999984" />
    <tag k="ele" v="0" />
  </node>
  <node id="2609" lat="42.2786470404" lon="-85.61644693572">
    <tag k="local_x" v="458.9400000000005" />
    <tag k="local_y" v="114.8073999999906" />
    <tag k="ele" v="0" />
  </node>
  <node id="2610" lat="42.27863933643" lon="-85.61643661405">
    <tag k="local_x" v="459.8050000000003" />
    <tag k="local_y" v="113.96579999999085" />
    <tag k="ele" v="0" />
  </node>
  <node id="2611" lat="42.27863175285" lon="-85.61642925369">
    <tag k="local_x" v="460.4256000000005" />
    <tag k="local_y" v="113.13360000000102" />
    <tag k="ele" v="0" />
  </node>
  <node id="2612" lat="42.27862137091" lon="-85.61642202612">
    <tag k="local_x" v="461.04030000000057" />
    <tag k="local_y" v="111.99049999999988" />
    <tag k="ele" v="0" />
  </node>
  <node id="2617" lat="42.27862581614" lon="-85.61650173221">
    <tag k="local_x" v="454.45989999999983" />
    <tag k="local_y" v="112.37729999999283" />
    <tag k="ele" v="0" />
  </node>
  <node id="2620" lat="42.27862296837" lon="-85.61648896127">
    <tag k="local_x" v="455.51810000000114" />
    <tag k="local_y" v="112.07819999998901" />
    <tag k="ele" v="0" />
  </node>
  <node id="2621" lat="42.2786182913" lon="-85.61647744431">
    <tag k="local_x" v="456.476200000001" />
    <tag k="local_y" v="111.57429999999295" />
    <tag k="ele" v="0" />
  </node>
  <node id="2622" lat="42.27861248584" lon="-85.61647070963">
    <tag k="local_x" v="457.0420000000013" />
    <tag k="local_y" v="110.93869999999879" />
    <tag k="ele" v="0" />
  </node>
  <node id="2625" lat="42.27869734348" lon="-85.61616193643">
    <tag k="local_x" v="482.3496000000014" />
    <tag k="local_y" v="120.77479999999923" />
    <tag k="ele" v="0" />
  </node>
  <node id="2628" lat="42.2786598237" lon="-85.61616163816">
    <tag k="local_x" v="482.4418999999998" />
    <tag k="local_y" v="116.60910000000149" />
    <tag k="ele" v="0" />
  </node>
  <node id="2631" lat="42.27869755542" lon="-85.61614740918">
    <tag k="local_x" v="483.5470999999998" />
    <tag k="local_y" v="120.8177999999898" />
    <tag k="ele" v="0" />
  </node>
  <node id="2632" lat="42.27869825376" lon="-85.61613475467">
    <tag k="local_x" v="484.58929999999964" />
    <tag k="local_y" v="120.91229999999632" />
    <tag k="ele" v="0" />
  </node>
  <node id="2633" lat="42.27870063011" lon="-85.61612577323">
    <tag k="local_x" v="485.3256000000001" />
    <tag k="local_y" v="121.18819999998959" />
    <tag k="ele" v="0" />
  </node>
  <node id="2634" lat="42.27870518318" lon="-85.61611522215">
    <tag k="local_x" v="486.1874000000007" />
    <tag k="local_y" v="121.70789999999397" />
    <tag k="ele" v="0" />
  </node>
  <node id="2635" lat="42.27871379374" lon="-85.6161026819">
    <tag k="local_x" v="487.20590000000084" />
    <tag k="local_y" v="122.68080000000191" />
    <tag k="ele" v="0" />
  </node>
  <node id="2636" lat="42.27871214281" lon="-85.61604401996">
    <tag k="local_x" v="492.0460000000003" />
    <tag k="local_y" v="122.57609999999113" />
    <tag k="ele" v="0" />
  </node>
  <node id="2637" lat="42.27869681075" lon="-85.61605474147">
    <tag k="local_x" v="491.1895999999997" />
    <tag k="local_y" v="120.85929999999644" />
    <tag k="ele" v="0" />
  </node>
  <node id="2638" lat="42.27868243992" lon="-85.61606787469">
    <tag k="local_x" v="490.1326000000008" />
    <tag k="local_y" v="119.24599999999919" />
    <tag k="ele" v="0" />
  </node>
  <node id="2639" lat="42.2786732319" lon="-85.61608299661">
    <tag k="local_x" v="488.90229999999974" />
    <tag k="local_y" v="118.20329999999376" />
    <tag k="ele" v="0" />
  </node>
  <node id="2640" lat="42.27866764969" lon="-85.61609617882">
    <tag k="local_x" v="487.8253999999997" />
    <tag k="local_y" v="117.56579999999667" />
    <tag k="ele" v="0" />
  </node>
  <node id="2641" lat="42.27866336205" lon="-85.6161124543">
    <tag k="local_x" v="486.4911000000011" />
    <tag k="local_y" v="117.06789999999455" />
    <tag k="ele" v="0" />
  </node>
  <node id="2642" lat="42.27866053762" lon="-85.61613587235">
    <tag k="local_x" v="484.5652000000009" />
    <tag k="local_y" v="116.72289999999339" />
    <tag k="ele" v="0" />
  </node>
  <node id="2643" lat="42.27865711504" lon="-85.61613748865">
    <tag k="local_x" v="484.4381000000012" />
    <tag k="local_y" v="116.34070000000065" />
    <tag k="ele" v="0" />
  </node>
  <node id="2644" lat="42.27865435152" lon="-85.6161142414">
    <tag k="local_x" v="486.3600000000006" />
    <tag k="local_y" v="116.06499999998778" />
    <tag k="ele" v="0" />
  </node>
  <node id="2645" lat="42.27864843875" lon="-85.61609675085">
    <tag k="local_x" v="487.8129000000008" />
    <tag k="local_y" v="115.43189999999595" />
    <tag k="ele" v="0" />
  </node>
  <node id="2646" lat="42.27864084467" lon="-85.61608240415">
    <tag k="local_x" v="489.0096000000012" />
    <tag k="local_y" v="114.60789999998815" />
    <tag k="ele" v="0" />
  </node>
  <node id="2647" lat="42.27863314067" lon="-85.61607208252">
    <tag k="local_x" v="489.874600000001" />
    <tag k="local_y" v="113.7662999999884" />
    <tag k="ele" v="0" />
  </node>
  <node id="2648" lat="42.27862555706" lon="-85.61606472221">
    <tag k="local_x" v="490.4952000000012" />
    <tag k="local_y" v="112.93409999999858" />
    <tag k="ele" v="0" />
  </node>
  <node id="2649" lat="42.2786151751" lon="-85.61605749469">
    <tag k="local_x" v="491.1099000000013" />
    <tag k="local_y" v="111.79099999999744" />
    <tag k="ele" v="0" />
  </node>
  <node id="2650" lat="42.27859661076" lon="-85.61604523025">
    <tag k="local_x" v="492.15470000000096" />
    <tag k="local_y" v="109.74609999998938" />
    <tag k="ele" v="0" />
  </node>
  <node id="2651" lat="42.27862066984" lon="-85.61616205479">
    <tag k="local_x" v="482.4782000000014" />
    <tag k="local_y" v="112.2609999999986" />
    <tag k="ele" v="0" />
  </node>
  <node id="2652" lat="42.27861962059" lon="-85.61613720075">
    <tag k="local_x" v="484.52950000000055" />
    <tag k="local_y" v="112.17779999999038" />
    <tag k="ele" v="0" />
  </node>
  <node id="2653" lat="42.27861677278" lon="-85.61612442983">
    <tag k="local_x" v="485.58770000000004" />
    <tag k="local_y" v="111.87870000000112" />
    <tag k="ele" v="0" />
  </node>
  <node id="2654" lat="42.27861209567" lon="-85.61611291289">
    <tag k="local_x" v="486.5457999999999" />
    <tag k="local_y" v="111.3747999999905" />
    <tag k="ele" v="0" />
  </node>
  <node id="2655" lat="42.27860629019" lon="-85.61610617825">
    <tag k="local_x" v="487.1116000000002" />
    <tag k="local_y" v="110.73919999999634" />
    <tag k="ele" v="0" />
  </node>
  <node id="2656" lat="42.27859585862" lon="-85.61610036223">
    <tag k="local_x" v="487.6100000000006" />
    <tag k="local_y" v="109.58869999999297" />
    <tag k="ele" v="0" />
  </node>
  <node id="2657" lat="42.27862629393" lon="-85.61604563448">
    <tag k="local_x" v="492.0678000000007" />
    <tag k="local_y" v="113.04149999999208" />
    <tag k="ele" v="0" />
  </node>
  <node id="2658" lat="42.27862620328" lon="-85.61610110249">
    <tag k="local_x" v="487.494200000001" />
    <tag k="local_y" v="112.95709999999963" />
    <tag k="ele" v="0" />
  </node>
  <node id="2659" lat="42.27866425212" lon="-85.61610203069">
    <tag k="local_x" v="487.34900000000016" />
    <tag k="local_y" v="117.18069999999716" />
    <tag k="ele" v="0" />
  </node>
  <node id="2660" lat="42.2786633387" lon="-85.61604500442">
    <tag k="local_x" v="492.0529000000006" />
    <tag k="local_y" v="117.15569999998843" />
    <tag k="ele" v="0" />
  </node>
  <node id="2683" lat="42.27869930532" lon="-85.61620606773">
    <tag k="local_x" v="478.7070999999996" />
    <tag k="local_y" v="120.93349999999919" />
    <tag k="ele" v="0" />
  </node>
  <node id="2684" lat="42.27866178555" lon="-85.61620577064">
    <tag k="local_x" v="478.7993000000006" />
    <tag k="local_y" v="116.76780000000144" />
    <tag k="ele" v="0" />
  </node>
  <node id="2685" lat="42.27862263168" lon="-85.61620618603">
    <tag k="local_x" v="478.83569999999963" />
    <tag k="local_y" v="112.41969999999856" />
    <tag k="ele" v="0" />
  </node>
  <node id="2694" lat="42.27857640065" lon="-85.61604442587">
    <tag k="local_x" v="492.2574999999997" />
    <tag k="local_y" v="107.50310000000172" />
    <tag k="ele" v="0" />
  </node>
  <node id="2695" lat="42.27857653054" lon="-85.61610070519">
    <tag k="local_x" v="487.6166000000012" />
    <tag k="local_y" v="107.44210000000021" />
    <tag k="ele" v="0" />
  </node>
  <node id="2701" lat="42.27873062034" lon="-85.61604625692">
    <tag k="local_x" v="491.8281999999999" />
    <tag k="local_y" v="124.6247999999905" />
    <tag k="ele" v="0" />
  </node>
  <node id="2702" lat="42.27872927872" lon="-85.6161020192">
    <tag k="local_x" v="487.2326000000012" />
    <tag k="local_y" v="124.40109999998822" />
    <tag k="ele" v="0" />
  </node>
  <node id="2724" lat="42.27867040283" lon="-85.61727478339">
    <tag k="local_x" v="390.6355000000003" />
    <tag k="local_y" v="116.29269999999087" />
    <tag k="ele" v="0" />
  </node>
  <node id="2725" lat="42.27863124805" lon="-85.61727519813">
    <tag k="local_x" v="390.6719000000012" />
    <tag k="local_y" v="111.94449999999779" />
    <tag k="ele" v="0" />
  </node>
  <node id="2731" lat="42.27866857283" lon="-85.61696182021">
    <tag k="local_x" v="416.4449999999997" />
    <tag k="local_y" v="116.50860000000102" />
    <tag k="ele" v="0" />
  </node>
  <node id="2732" lat="42.27862941805" lon="-85.61696223515">
    <tag k="local_x" v="416.4814000000006" />
    <tag k="local_y" v="112.16039999999339" />
    <tag k="ele" v="0" />
  </node>
  <node id="2740" lat="42.27866714446" lon="-85.61671775396">
    <tag k="local_x" v="436.5727000000006" />
    <tag k="local_y" v="116.67689999999129" />
    <tag k="ele" v="0" />
  </node>
  <node id="2741" lat="42.2786279906" lon="-85.61671817024">
    <tag k="local_x" v="436.6090000000004" />
    <tag k="local_y" v="112.3287999999884" />
    <tag k="ele" v="0" />
  </node>
  <node id="2747" lat="42.27866933802" lon="-85.61709261612">
    <tag k="local_x" v="405.65850000000137" />
    <tag k="local_y" v="116.41839999999502" />
    <tag k="ele" v="0" />
  </node>
  <node id="2748" lat="42.27863018324" lon="-85.61709303097">
    <tag k="local_x" v="405.6949000000004" />
    <tag k="local_y" v="112.07020000000193" />
    <tag k="ele" v="0" />
  </node>
  <node id="2756" lat="42.27867138781" lon="-85.6174446758">
    <tag k="local_x" v="376.6247999999996" />
    <tag k="local_y" v="116.17459999999846" />
    <tag k="ele" v="0" />
  </node>
  <node id="2757" lat="42.27863223302" lon="-85.61744509044">
    <tag k="local_x" v="376.66120000000046" />
    <tag k="local_y" v="111.82639999999083" />
    <tag k="ele" v="0" />
  </node>
  <node id="2763" lat="42.27863057297" lon="-85.61715962268">
    <tag k="local_x" v="400.2031999999999" />
    <tag k="local_y" v="112.02429999999003" />
    <tag k="ele" v="0" />
  </node>
  <node id="2764" lat="42.27866972775" lon="-85.61715920787">
    <tag k="local_x" v="400.1668000000009" />
    <tag k="local_y" v="116.37249999999767" />
    <tag k="ele" v="0" />
  </node>
  <node id="2770" lat="42.2786708992" lon="-85.61736105686">
    <tag k="local_x" v="383.52070000000094" />
    <tag k="local_y" v="116.23229999998875" />
    <tag k="ele" v="0" />
  </node>
  <node id="2771" lat="42.27863174442" lon="-85.61736147155">
    <tag k="local_x" v="383.5571" />
    <tag k="local_y" v="111.88409999999567" />
    <tag k="ele" v="0" />
  </node>
  <node id="2779" lat="42.27867075626" lon="-85.61733658074">
    <tag k="local_x" v="385.5392000000011" />
    <tag k="local_y" v="116.2491999999911" />
    <tag k="ele" v="0" />
  </node>
  <node id="2780" lat="42.27863160148" lon="-85.61733699545">
    <tag k="local_x" v="385.5756000000001" />
    <tag k="local_y" v="111.90099999999802" />
    <tag k="ele" v="0" />
  </node>
  <node id="2794" lat="42.27849258112" lon="-85.61640800756">
    <tag k="local_x" v="462.4286000000011" />
    <tag k="local_y" v="97.70879999999306" />
    <tag k="ele" v="0" />
  </node>
  <node id="2795" lat="42.27849184723" lon="-85.61646220281">
    <tag k="local_x" v="457.96110000000044" />
    <tag k="local_y" v="97.55469999999332" />
    <tag k="ele" v="0" />
  </node>
  <node id="2801" lat="42.27828033466" lon="-85.6164066691">
    <tag k="local_x" v="462.9219000000012" />
    <tag k="local_y" v="74.14329999999609" />
    <tag k="ele" v="0" />
  </node>
  <node id="2802" lat="42.27828010224" lon="-85.61646055244">
    <tag k="local_x" v="458.47919999999976" />
    <tag k="local_y" v="74.04529999999795" />
    <tag k="ele" v="0" />
  </node>
  <node id="2808" lat="42.27801750583" lon="-85.61650733785">
    <tag k="local_x" v="455.09510000000046" />
    <tag k="local_y" v="44.82459999999264" />
    <tag k="ele" v="0" />
  </node>
  <node id="2809" lat="42.27802068032" lon="-85.61656039939">
    <tag k="local_x" v="450.71399999999994" />
    <tag k="local_y" v="45.10599999999977" />
    <tag k="ele" v="0" />
  </node>
  <node id="2815" lat="42.27888447669" lon="-85.61610469003">
    <tag k="local_x" v="486.73229999999967" />
    <tag k="local_y" v="141.6302999999898" />
    <tag k="ele" v="0" />
  </node>
  <node id="2816" lat="42.27888465228" lon="-85.61604409728">
    <tag k="local_x" v="491.7283000000007" />
    <tag k="local_y" v="141.73099999999977" />
    <tag k="ele" v="0" />
  </node>
  <node id="2824" lat="42.27876233836" lon="-85.61610243445">
    <tag k="local_x" v="487.13870000000134" />
    <tag k="local_y" v="128.07140000000072" />
    <tag k="ele" v="0" />
  </node>
  <node id="2825" lat="42.27876099411" lon="-85.61604575224">
    <tag k="local_x" v="491.8150000000005" />
    <tag k="local_y" v="127.99809999999707" />
    <tag k="ele" v="0" />
  </node>
  <node id="2833" lat="42.27903637325" lon="-85.61604596481">
    <tag k="local_x" v="491.3005000000012" />
    <tag k="local_y" v="158.57519999999204" />
    <tag k="ele" v="0" />
  </node>
  <node id="2834" lat="42.27903568858" lon="-85.61610773187">
    <tag k="local_x" v="486.20859999999993" />
    <tag k="local_y" v="158.4164000000019" />
    <tag k="ele" v="0" />
  </node>
  <node id="2844" lat="42.27870167517" lon="-85.61709973476">
    <tag k="local_x" v="405.01320000000123" />
    <tag k="local_y" v="119.9994999999908" />
    <tag k="ele" v="0" />
  </node>
  <node id="2845" lat="42.27866935915" lon="-85.61709638486">
    <tag k="local_x" v="405.34770000000026" />
    <tag k="local_y" v="116.41569999999774" />
    <tag k="ele" v="0" />
  </node>
  <node id="2851" lat="42.27928974934" lon="-85.61644957164">
    <tag k="local_x" v="457.5631000000012" />
    <tag k="local_y" v="186.16859999998996" />
    <tag k="ele" v="0" />
  </node>
  <node id="2852" lat="42.27928892971" lon="-85.61639537817">
    <tag k="local_x" v="462.03319999999985" />
    <tag k="local_y" v="186.15019999998913" />
    <tag k="ele" v="0" />
  </node>
  <node id="2858" lat="42.2794556508" lon="-85.61624967964">
    <tag k="local_x" v="473.7461999999996" />
    <tag k="local_y" v="204.8576999999932" />
    <tag k="ele" v="0" />
  </node>
  <node id="2859" lat="42.27941544575" lon="-85.61624910901">
    <tag k="local_x" v="473.8657999999996" />
    <tag k="local_y" v="200.39419999999518" />
    <tag k="ele" v="0" />
  </node>
  <node id="2865" lat="42.27925058013" lon="-85.61605027522">
    <tag k="local_x" v="490.558500000001" />
    <tag k="local_y" v="182.35439999999653" />
    <tag k="ele" v="0" />
  </node>
  <node id="2866" lat="42.27924989545" lon="-85.61611204128">
    <tag k="local_x" v="485.46670000000086" />
    <tag k="local_y" v="182.19559999999183" />
    <tag k="ele" v="0" />
  </node>
  <node id="2874" lat="42.27916635472" lon="-85.61604858101">
    <tag k="local_x" v="490.85020000000077" />
    <tag k="local_y" v="173.00449999999546" />
    <tag k="ele" v="0" />
  </node>
  <node id="2875" lat="42.27916566915" lon="-85.61611034701">
    <tag k="local_x" v="485.7584000000006" />
    <tag k="local_y" v="172.84560000000056" />
    <tag k="ele" v="0" />
  </node>
  <node id="2888" lat="42.2789778301" lon="-85.61604478665">
    <tag k="local_x" v="491.5033000000003" />
    <tag k="local_y" v="152.07630000000063" />
    <tag k="ele" v="0" />
  </node>
  <node id="2889" lat="42.27897714454" lon="-85.61610655367">
    <tag k="local_x" v="486.41140000000087" />
    <tag k="local_y" v="151.91739999999118" />
    <tag k="ele" v="0" />
  </node>
  <node id="2895" lat="42.27887645042" lon="-85.61610452854">
    <tag k="local_x" v="486.76010000000133" />
    <tag k="local_y" v="140.7393000000011" />
    <tag k="ele" v="0" />
  </node>
  <node id="2896" lat="42.2788767933" lon="-85.61604414195">
    <tag k="local_x" v="491.738800000001" />
    <tag k="local_y" v="140.8582999999926" />
    <tag k="ele" v="0" />
  </node>
  <node id="2902" lat="42.27889844295" lon="-85.61610497134">
    <tag k="local_x" v="486.6839" />
    <tag k="local_y" v="143.18069999999716" />
    <tag k="ele" v="0" />
  </node>
  <node id="2903" lat="42.2788986331" lon="-85.61604401808">
    <tag k="local_x" v="491.70960000000014" />
    <tag k="local_y" v="143.28349999999045" />
    <tag k="ele" v="0" />
  </node>
  <node id="2909" lat="42.27894569529" lon="-85.61604414017">
    <tag k="local_x" v="491.6146000000008" />
    <tag k="local_y" v="148.50899999999092" />
    <tag k="ele" v="0" />
  </node>
  <node id="2910" lat="42.27894500972" lon="-85.61610590716">
    <tag k="local_x" v="486.52270000000135" />
    <tag k="local_y" v="148.35009999999602" />
    <tag k="ele" v="0" />
  </node>
  <node id="2924" lat="42.27848567062" lon="-85.6159612105">
    <tag k="local_x" v="499.28300000000127" />
    <tag k="local_y" v="97.54019999998854" />
    <tag k="ele" v="0" />
  </node>
  <node id="2926" lat="42.27868596152" lon="-85.61594567669">
    <tag k="local_x" v="500.2024000000001" />
    <tag k="local_y" v="119.80079999999725" />
    <tag k="ele" v="0" />
  </node>
  <node id="2930" lat="42.27867447603" lon="-85.61543436712">
    <tag k="local_x" v="542.3845000000001" />
    <tag k="local_y" v="119.21089999999094" />
    <tag k="ele" v="0" />
  </node>
  <node id="2932" lat="42.27861392138" lon="-85.61598548277">
    <tag k="local_x" v="497.0501000000004" />
    <tag k="local_y" v="111.74829999999201" />
    <tag k="ele" v="0" />
  </node>
  <node id="2933" lat="42.27861374907" lon="-85.61600000793">
    <tag k="local_x" v="495.8527000000013" />
    <tag k="local_y" v="111.70969999999215" />
    <tag k="ele" v="0" />
  </node>
  <node id="2934" lat="42.27861309129" lon="-85.61601266396">
    <tag k="local_x" v="494.810300000001" />
    <tag k="local_y" v="111.61969999999565" />
    <tag k="ele" v="0" />
  </node>
  <node id="2935" lat="42.2786107266" lon="-85.6160216415">
    <tag k="local_x" v="494.0743000000002" />
    <tag k="local_y" v="111.34509999999136" />
    <tag k="ele" v="0" />
  </node>
  <node id="2936" lat="42.27860644262" lon="-85.61603493597">
    <tag k="local_x" v="492.9858000000004" />
    <tag k="local_y" v="110.8515999999945" />
    <tag k="ele" v="0" />
  </node>
  <node id="2939" lat="42.27861046083" lon="-85.61609244604">
    <tag k="local_x" v="488.2363999999998" />
    <tag k="local_y" v="111.22069999999076" />
    <tag k="ele" v="0" />
  </node>
  <node id="2940" lat="42.27862479601" lon="-85.61607926874">
    <tag k="local_x" v="489.2970999999998" />
    <tag k="local_y" v="112.83009999999194" />
    <tag k="ele" v="0" />
  </node>
  <node id="2941" lat="42.27863397456" lon="-85.61606409291">
    <tag k="local_x" v="490.53189999999995" />
    <tag k="local_y" v="113.8695999999909" />
    <tag k="ele" v="0" />
  </node>
  <node id="2942" lat="42.27863953237" lon="-85.61605090396">
    <tag k="local_x" v="491.6094000000012" />
    <tag k="local_y" v="114.50439999999071" />
    <tag k="ele" v="0" />
  </node>
  <node id="2943" lat="42.27864378063" lon="-85.61603457477">
    <tag k="local_x" v="492.9482000000007" />
    <tag k="local_y" v="114.99799999999232" />
    <tag k="ele" v="0" />
  </node>
  <node id="2944" lat="42.27864656168" lon="-85.61601114555">
    <tag k="local_x" v="494.8751000000011" />
    <tag k="local_y" v="115.33819999999832" />
    <tag k="ele" v="0" />
  </node>
  <node id="2945" lat="42.27864718708" lon="-85.6159846892">
    <tag k="local_x" v="497.0555000000004" />
    <tag k="local_y" v="115.4430999999895" />
    <tag k="ele" v="0" />
  </node>
  <node id="2952" lat="42.27864997683" lon="-85.61600951121">
    <tag k="local_x" v="495.0037000000011" />
    <tag k="local_y" v="115.71959999999672" />
    <tag k="ele" v="0" />
  </node>
  <node id="2953" lat="42.27865280253" lon="-85.61603276073">
    <tag k="local_x" v="493.08150000000023" />
    <tag k="local_y" v="116.00219999998808" />
    <tag k="ele" v="0" />
  </node>
  <node id="2954" lat="42.27865874382" lon="-85.61605022518">
    <tag k="local_x" v="491.6306999999997" />
    <tag k="local_y" v="116.63850000000093" />
    <tag k="ele" v="0" />
  </node>
  <node id="2955" lat="42.27866636995" lon="-85.61606454087">
    <tag k="local_x" v="490.4364999999998" />
    <tag k="local_y" v="117.46609999999055" />
    <tag k="ele" v="0" />
  </node>
  <node id="2956" lat="42.27867411248" lon="-85.61607484589">
    <tag k="local_x" v="489.5727999999999" />
    <tag k="local_y" v="118.3119999999908" />
    <tag k="ele" v="0" />
  </node>
  <node id="2957" lat="42.27868105239" lon="-85.61608349368">
    <tag k="local_x" v="488.84720000000016" />
    <tag k="local_y" v="119.07099999999627" />
    <tag k="ele" v="0" />
  </node>
  <node id="2958" lat="42.2786913976" lon="-85.6160923774">
    <tag k="local_x" v="488.09600000000137" />
    <tag k="local_y" v="120.20779999998922" />
    <tag k="ele" v="0" />
  </node>
  <node id="2959" lat="42.27868634904" lon="-85.61598412433">
    <tag k="local_x" v="497.03139999999985" />
    <tag k="local_y" v="119.79230000000098" />
    <tag k="ele" v="0" />
  </node>
  <node id="2960" lat="42.27868746238" lon="-85.61600965855">
    <tag k="local_x" v="494.9238999999998" />
    <tag k="local_y" v="119.88169999999809" />
    <tag k="ele" v="0" />
  </node>
  <node id="2961" lat="42.2786903514" lon="-85.61602241039">
    <tag k="local_x" v="493.8672000000006" />
    <tag k="local_y" v="120.18539999998757" />
    <tag k="ele" v="0" />
  </node>
  <node id="2962" lat="42.27869504183" lon="-85.61603391127">
    <tag k="local_x" v="492.91040000000066" />
    <tag k="local_y" v="120.69079999999667" />
    <tag k="ele" v="0" />
  </node>
  <node id="2963" lat="42.27870086767" lon="-85.61604061637">
    <tag k="local_x" v="492.34699999999975" />
    <tag k="local_y" v="121.32869999999821" />
    <tag k="ele" v="0" />
  </node>
  <node id="2976" lat="42.27863403244" lon="-85.61538502932">
    <tag k="local_x" v="546.5258000000013" />
    <tag k="local_y" v="114.78629999999248" />
    <tag k="ele" v="0" />
  </node>
  <node id="2977" lat="42.27863549807" lon="-85.61543599538">
    <tag k="local_x" v="542.3206110527208" />
    <tag k="local_y" v="114.88070509811223" />
    <tag k="ele" v="0" />
  </node>
  <node id="2978" lat="42.27864698128" lon="-85.61594720309">
    <tag k="local_x" v="500.14688797408417" />
    <tag k="local_y" v="115.47048960687243" />
    <tag k="ele" v="0" />
  </node>
  <node id="2979" lat="42.27864735592" lon="-85.61598483699">
    <tag k="local_x" v="497.04300849271203" />
    <tag k="local_y" v="115.4616493642825" />
    <tag k="ele" v="0" />
  </node>
  <node id="2981" lat="42.27860064581" lon="-85.61538677058">
    <tag k="local_x" v="546.442500000001" />
    <tag k="local_y" v="111.07679999999527" />
    <tag k="ele" v="0" />
  </node>
  <node id="2982" lat="42.2786021018" lon="-85.61543739011">
    <tag k="local_x" v="542.2659000000003" />
    <tag k="local_y" v="111.17059999999765" />
    <tag k="ele" v="0" />
  </node>
  <node id="2983" lat="42.2786135832" lon="-85.61594851121">
    <tag k="local_x" v="500.09929999999986" />
    <tag k="local_y" v="111.76029999999446" />
    <tag k="ele" v="0" />
  </node>
  <node id="2984" lat="42.27861394698" lon="-85.61598543977">
    <tag k="local_x" v="497.0536000000011" />
    <tag k="local_y" v="111.75119999999879" />
    <tag k="ele" v="0" />
  </node>
  <node id="2989" lat="42.27848597569" lon="-85.61600028924">
    <tag k="local_x" v="496.0601000000006" />
    <tag k="local_y" v="97.52169999999751" />
    <tag k="ele" v="0" />
  </node>
  <node id="2990" lat="42.27848531791" lon="-85.61601294524">
    <tag k="local_x" v="495.01770000000033" />
    <tag k="local_y" v="97.431700000001" />
    <tag k="ele" v="0" />
  </node>
  <node id="2991" lat="42.27848295323" lon="-85.61602192277">
    <tag k="local_x" v="494.28170000000136" />
    <tag k="local_y" v="97.15709999999672" />
    <tag k="ele" v="0" />
  </node>
  <node id="2992" lat="42.27847866924" lon="-85.61603521721">
    <tag k="local_x" v="493.1931999999997" />
    <tag k="local_y" v="96.66359999999986" />
    <tag k="ele" v="0" />
  </node>
  <node id="2994" lat="42.27847995056" lon="-85.61609907148">
    <tag k="local_x" v="487.9256000000005" />
    <tag k="local_y" v="96.72030000000086" />
    <tag k="ele" v="0" />
  </node>
  <node id="2995" lat="42.27849151867" lon="-85.61609085788">
    <tag k="local_x" v="488.58200000000033" />
    <tag k="local_y" v="98.01579999999376" />
    <tag k="ele" v="0" />
  </node>
  <node id="2996" lat="42.27850228264" lon="-85.61607936929">
    <tag k="local_x" v="489.5099000000009" />
    <tag k="local_y" v="99.22639999999956" />
    <tag k="ele" v="0" />
  </node>
  <node id="2997" lat="42.27851146119" lon="-85.61606419349">
    <tag k="local_x" v="490.7447000000011" />
    <tag k="local_y" v="100.26589999999851" />
    <tag k="ele" v="0" />
  </node>
  <node id="2998" lat="42.278517019" lon="-85.61605100456">
    <tag k="local_x" v="491.8222000000005" />
    <tag k="local_y" v="100.90069999999832" />
    <tag k="ele" v="0" />
  </node>
  <node id="2999" lat="42.27852126727" lon="-85.61603467541">
    <tag k="local_x" v="493.16100000000006" />
    <tag k="local_y" v="101.39429999999993" />
    <tag k="ele" v="0" />
  </node>
  <node id="3002" lat="42.27848641384" lon="-85.61601039997">
    <tag k="local_x" v="495.22559999999976" />
    <tag k="local_y" v="97.5567999999912" />
    <tag k="ele" v="0" />
  </node>
  <node id="3003" lat="42.27848851223" lon="-85.6160341274">
    <tag k="local_x" v="493.26530000000093" />
    <tag k="local_y" v="97.75800000000163" />
    <tag k="ele" v="0" />
  </node>
  <node id="3004" lat="42.27849445352" lon="-85.61605159181">
    <tag k="local_x" v="491.8145000000004" />
    <tag k="local_y" v="98.39429999999993" />
    <tag k="ele" v="0" />
  </node>
  <node id="3005" lat="42.27850207964" lon="-85.61606590746">
    <tag k="local_x" v="490.6203000000005" />
    <tag k="local_y" v="99.22189999998955" />
    <tag k="ele" v="0" />
  </node>
  <node id="3006" lat="42.27850982217" lon="-85.61607621245">
    <tag k="local_x" v="489.7566000000006" />
    <tag k="local_y" v="100.0677999999898" />
    <tag k="ele" v="0" />
  </node>
  <node id="3007" lat="42.27851676208" lon="-85.61608486022">
    <tag k="local_x" v="489.03100000000086" />
    <tag k="local_y" v="100.82679999999527" />
    <tag k="ele" v="0" />
  </node>
  <node id="3008" lat="42.27852710729" lon="-85.61609374392">
    <tag k="local_x" v="488.27980000000025" />
    <tag k="local_y" v="101.96359999998822" />
    <tag k="ele" v="0" />
  </node>
  <node id="3010" lat="42.27852186295" lon="-85.61598605813">
    <tag k="local_x" v="497.1688000000013" />
    <tag k="local_y" v="101.52559999999357" />
    <tag k="ele" v="0" />
  </node>
  <node id="3011" lat="42.27852317207" lon="-85.61601102528">
    <tag k="local_x" v="495.1077000000005" />
    <tag k="local_y" v="101.63749999999709" />
    <tag k="ele" v="0" />
  </node>
  <node id="3012" lat="42.27852606109" lon="-85.61602377709">
    <tag k="local_x" v="494.0510000000013" />
    <tag k="local_y" v="101.94120000000112" />
    <tag k="ele" v="0" />
  </node>
  <node id="3013" lat="42.27853075153" lon="-85.61603527794">
    <tag k="local_x" v="493.09420000000136" />
    <tag k="local_y" v="102.44659999999567" />
    <tag k="ele" v="0" />
  </node>
  <node id="3014" lat="42.27853657736" lon="-85.61604198302">
    <tag k="local_x" v="492.53080000000045" />
    <tag k="local_y" v="103.0844999999972" />
    <tag k="ele" v="0" />
  </node>
  <node id="3025" lat="42.27852214625" lon="-85.61600960457">
    <tag k="local_x" v="495.2267000000011" />
    <tag k="local_y" v="101.52549999998882" />
    <tag k="ele" v="0" />
  </node>
  <node id="3026" lat="42.27854630044" lon="-85.61604461289">
    <tag k="local_x" v="492.2964000000011" />
    <tag k="local_y" v="104.16059999998834" />
    <tag k="ele" v="0" />
  </node>
  <node id="3027" lat="42.27854660201" lon="-85.61610198474">
    <tag k="local_x" v="487.5650999999998" />
    <tag k="local_y" v="104.11719999999332" />
    <tag k="ele" v="0" />
  </node>
  <node id="3033" lat="42.27846637331" lon="-85.61604707526">
    <tag k="local_x" v="492.2376000000004" />
    <tag k="local_y" v="95.28239999999641" />
    <tag k="ele" v="0" />
  </node>
  <node id="3034" lat="42.27846885877" lon="-85.61610623291">
    <tag k="local_x" v="487.3551000000007" />
    <tag k="local_y" v="95.47909999999683" />
    <tag k="ele" v="0" />
  </node>
  <node id="3053" lat="42.27849286825" lon="-85.61531208632">
    <tag k="local_x" v="552.7954000000009" />
    <tag k="local_y" v="99.20960000000196" />
    <tag k="ele" v="0" />
  </node>
  <node id="3056" lat="42.27852119896" lon="-85.61596185334">
    <tag k="local_x" v="499.1658723344517" />
    <tag k="local_y" v="101.48431239709316" />
    <tag k="ele" v="0" />
  </node>
  <node id="3057" lat="42.27852839583" lon="-85.61531280047">
    <tag k="local_x" v="552.672363079917" />
    <tag k="local_y" v="103.15353248006431" />
    <tag k="ele" v="0" />
  </node>
  <node id="3063" lat="42.27848934887" lon="-85.61562953881">
    <tag k="local_x" v="526.6252999999997" />
    <tag k="local_y" v="98.39319999999134" />
    <tag k="ele" v="0" />
  </node>
  <node id="3064" lat="42.27852487616" lon="-85.61563025392">
    <tag k="local_x" v="526.5022000000008" />
    <tag k="local_y" v="102.33709999998973" />
    <tag k="ele" v="0" />
  </node>
  <node id="3070" lat="42.27852182411" lon="-85.61598328786">
    <tag k="local_x" v="497.39730000000054" />
    <tag k="local_y" v="101.52499999999418" />
    <tag k="ele" v="0" />
  </node>
  <node id="3071" lat="42.27848612924" lon="-85.61598480646">
    <tag k="local_x" v="497.33650000000125" />
    <tag k="local_y" v="97.55949999998847" />
    <tag k="ele" v="0" />
  </node>
  <node id="3079" lat="42.27849282639" lon="-85.61529251118">
    <tag k="local_x" v="554.4096000000009" />
    <tag k="local_y" v="99.23119999999471" />
    <tag k="ele" v="0" />
  </node>
  <node id="3080" lat="42.27849389142" lon="-85.61521984469">
    <tag k="local_x" v="560.3996000000006" />
    <tag k="local_y" v="99.44689999999537" />
    <tag k="ele" v="0" />
  </node>
  <node id="3095" lat="42.27870206201" lon="-85.61460998931">
    <tag k="local_x" v="610.3109000000004" />
    <tag k="local_y" v="123.37960000000021" />
    <tag k="ele" v="0" />
  </node>
  <node id="3096" lat="42.27866738749" lon="-85.61472272163">
    <tag k="local_x" v="601.0779000000002" />
    <tag k="local_y" v="119.37819999999192" />
    <tag k="ele" v="0" />
  </node>
  <node id="3097" lat="42.2786244348" lon="-85.61480311789">
    <tag k="local_x" v="594.5262000000002" />
    <tag k="local_y" v="114.50099999998929" />
    <tag k="ele" v="0" />
  </node>
  <node id="3098" lat="42.27855361686" lon="-85.61486958849">
    <tag k="local_x" v="589.1731" />
    <tag k="local_y" v="106.54839999999967" />
    <tag k="ele" v="0" />
  </node>
  <node id="3099" lat="42.27853967078" lon="-85.61493024969">
    <tag k="local_x" v="584.1962999999996" />
    <tag k="local_y" v="104.91849999999977" />
    <tag k="ele" v="0" />
  </node>
  <node id="3100" lat="42.27853321834" lon="-85.61506016285">
    <tag k="local_x" v="573.4956000000002" />
    <tag k="local_y" v="104.0277999999962" />
    <tag k="ele" v="0" />
  </node>
  <node id="3101" lat="42.27853167163" lon="-85.61521083376">
    <tag k="local_x" v="561.0744000000013" />
    <tag k="local_y" v="103.653999999995" />
    <tag k="ele" v="0" />
  </node>
  <node id="3103" lat="42.27877319305" lon="-85.61424844787">
    <tag k="local_x" v="639.994200000001" />
    <tag k="local_y" v="131.76290000000154" />
    <tag k="ele" v="0" />
  </node>
  <node id="3104" lat="42.27873412666" lon="-85.61449913437">
    <tag k="local_x" v="619.3937999999998" />
    <tag k="local_y" v="127.08869999999297" />
    <tag k="ele" v="0" />
  </node>
  <node id="3108" lat="42.28045772476" lon="-85.61417882062">
    <tag k="local_x" v="642.6913000000004" />
    <tag k="local_y" v="318.90239999999176" />
    <tag k="ele" v="0" />
  </node>
  <node id="3109" lat="42.28055854483" lon="-85.61417882305">
    <tag k="local_x" v="642.5089000000007" />
    <tag k="local_y" v="330.09719999998924" />
    <tag k="ele" v="0" />
  </node>
  <node id="3110" lat="42.28065361381" lon="-85.61417682309">
    <tag k="local_x" v="642.5020000000004" />
    <tag k="local_y" v="340.6560999999929" />
    <tag k="ele" v="0" />
  </node>
  <node id="3111" lat="42.28070008466" lon="-85.61417712409">
    <tag k="local_x" v="642.3932000000004" />
    <tag k="local_y" v="345.8156999999919" />
    <tag k="ele" v="0" />
  </node>
  <node id="3112" lat="42.2811617802" lon="-85.61418032499">
    <tag k="local_x" v="641.2949000000008" />
    <tag k="local_y" v="397.0769" />
    <tag k="ele" v="0" />
  </node>
  <node id="3113" lat="42.2813735446" lon="-85.61418180096">
    <tag k="local_x" v="640.790500000001" />
    <tag k="local_y" v="420.58869999999297" />
    <tag k="ele" v="0" />
  </node>
  <node id="3114" lat="42.28151573438" lon="-85.61416726356">
    <tag k="local_x" v="641.7322000000004" />
    <tag k="local_y" v="436.39659999999276" />
    <tag k="ele" v="0" />
  </node>
  <node id="3115" lat="42.28156660707" lon="-85.61414675344">
    <tag k="local_x" v="643.3314000000009" />
    <tag k="local_y" v="442.0728999999992" />
    <tag k="ele" v="0" />
  </node>
  <node id="3116" lat="42.28160832123" lon="-85.61411853778">
    <tag k="local_x" v="645.5825000000004" />
    <tag k="local_y" v="446.74259999999776" />
    <tag k="ele" v="0" />
  </node>
  <node id="3117" lat="42.28165610635" lon="-85.61407400903">
    <tag k="local_x" v="649.1677" />
    <tag k="local_y" v="452.1082999999926" />
    <tag k="ele" v="0" />
  </node>
  <node id="3118" lat="42.28167088966" lon="-85.61405694711">
    <tag k="local_x" v="650.5478000000003" />
    <tag k="local_y" v="453.77270000000135" />
    <tag k="ele" v="0" />
  </node>
  <node id="3122" lat="42.28045449468" lon="-85.61407147685">
    <tag k="local_x" v="651.5482000000011" />
    <tag k="local_y" v="318.6877999999997" />
    <tag k="ele" v="0" />
  </node>
  <node id="3123" lat="42.28055565242" lon="-85.61407147414">
    <tag k="local_x" v="651.365600000001" />
    <tag k="local_y" v="329.92009999998845" />
    <tag k="ele" v="0" />
  </node>
  <node id="3124" lat="42.28065059261" lon="-85.61406947442">
    <tag k="local_x" v="651.3589000000011" />
    <tag k="local_y" v="340.4646999999968" />
    <tag k="ele" v="0" />
  </node>
  <node id="3125" lat="42.28069844224" lon="-85.61406977301">
    <tag k="local_x" v="651.247800000001" />
    <tag k="local_y" v="345.77739999999176" />
    <tag k="ele" v="0" />
  </node>
  <node id="3126" lat="42.28116014678" lon="-85.61407297293">
    <tag k="local_x" v="650.1495000000014" />
    <tag k="local_y" v="397.03959999998915" />
    <tag k="ele" v="0" />
  </node>
  <node id="3127" lat="42.28136876415" lon="-85.61407449447">
    <tag k="local_x" v="649.6470000000008" />
    <tag k="local_y" v="420.2019" />
    <tag k="ele" v="0" />
  </node>
  <node id="3128" lat="42.28150114335" lon="-85.61406097111">
    <tag k="local_x" v="650.5228000000006" />
    <tag k="local_y" v="434.91909999999916" />
    <tag k="ele" v="0" />
  </node>
  <node id="3129" lat="42.28152768408" lon="-85.61404898661">
    <tag k="local_x" v="651.4629999999997" />
    <tag k="local_y" v="437.88219999999274" />
    <tag k="ele" v="0" />
  </node>
  <node id="3130" lat="42.28155481783" lon="-85.61403062918">
    <tag k="local_x" v="652.9276000000009" />
    <tag k="local_y" v="440.91969999999856" />
    <tag k="ele" v="0" />
  </node>
  <node id="3131" lat="42.28159582587" lon="-85.61399220503">
    <tag k="local_x" v="656.0217000000011" />
    <tag k="local_y" v="445.5246999999945" />
    <tag k="ele" v="0" />
  </node>
  <node id="3132" lat="42.28160383575" lon="-85.61398244226">
    <tag k="local_x" v="656.8122000000003" />
    <tag k="local_y" v="446.427199999991" />
    <tag k="ele" v="0" />
  </node>
  <node id="3134" lat="42.27766176472" lon="-85.61736004677">
    <tag k="local_x" v="385.4233999999997" />
    <tag k="local_y" v="4.1820000000006985" />
    <tag k="ele" v="0" />
  </node>
  <node id="3135" lat="42.27770293729" lon="-85.61735653192">
    <tag k="local_x" v="385.63900000000103" />
    <tag k="local_y" v="8.758399999991525" />
    <tag k="ele" v="0" />
  </node>
  <node id="3157" lat="42.27856939977" lon="-85.61535039093">
    <tag k="local_x" v="549.4987000000001" />
    <tag k="local_y" v="107.65609999999288" />
    <tag k="ele" v="0" />
  </node>
  <node id="3158" lat="42.27851417482" lon="-85.61532940824">
    <tag k="local_x" v="551.3286000000007" />
    <tag k="local_y" v="101.55219999999099" />
    <tag k="ele" v="0" />
  </node>
  <node id="3159" lat="42.27850038856" lon="-85.61531330659">
    <tag k="local_x" v="552.6812000000009" />
    <tag k="local_y" v="100.04299999999057" />
    <tag k="ele" v="0" />
  </node>
  <node id="3165" lat="42.27856682982" lon="-85.6152937406">
    <tag k="local_x" v="554.1746000000003" />
    <tag k="local_y" v="107.44670000000042" />
    <tag k="ele" v="0" />
  </node>
  <node id="3174" lat="42.27862729231" lon="-85.61535347701">
    <tag k="local_x" v="549.1396999999997" />
    <tag k="local_y" v="114.0801999999967" />
    <tag k="ele" v="0" />
  </node>
  <node id="3175" lat="42.27859297851" lon="-85.61536994794">
    <tag k="local_x" v="547.8435000000009" />
    <tag k="local_y" v="110.24799999999232" />
    <tag k="ele" v="0" />
  </node>
  <node id="3176" lat="42.2786139613" lon="-85.61533151993">
    <tag k="local_x" v="550.9742999999999" />
    <tag k="local_y" v="112.62939999999071" />
    <tag k="ele" v="0" />
  </node>
  <node id="3177" lat="42.27861743482" lon="-85.61537081679">
    <tag k="local_x" v="547.7277000000013" />
    <tag k="local_y" v="112.96239999998943" />
    <tag k="ele" v="0" />
  </node>
  <node id="3178" lat="42.27866560957" lon="-85.61535522839">
    <tag k="local_x" v="548.9261000000006" />
    <tag k="local_y" v="118.33249999998952" />
    <tag k="ele" v="0" />
  </node>
  <node id="3180" lat="42.27852930543" lon="-85.61526942096">
    <tag k="local_x" v="556.2476999999999" />
    <tag k="local_y" v="103.31269999999495" />
    <tag k="ele" v="0" />
  </node>
  <node id="3194" lat="42.27852211164" lon="-85.6146377767">
    <tag k="local_x" v="608.3446999999996" />
    <tag k="local_y" v="103.36109999999462" />
    <tag k="ele" v="0" />
  </node>
  <node id="3195" lat="42.27866008621" lon="-85.61457444659">
    <tag k="local_x" v="613.317500000001" />
    <tag k="local_y" v="118.76639999999315" />
    <tag k="ele" v="0" />
  </node>
  <node id="3197" lat="42.27850436077" lon="-85.61464767982">
    <tag k="local_x" v="607.5601772203536" />
    <tag k="local_y" v="101.3768039278657" />
    <tag k="ele" v="0" />
  </node>
  <node id="3198" lat="42.2783454825" lon="-85.6147477135">
    <tag k="local_x" v="599.5986067605791" />
    <tag k="local_y" v="83.60118063047412" />
    <tag k="ele" v="0" />
  </node>
  <node id="3199" lat="42.27818182199" lon="-85.61486096447">
    <tag k="local_x" v="590.5557564541105" />
    <tag k="local_y" v="65.27683174081903" />
    <tag k="ele" v="0" />
  </node>
  <node id="3200" lat="42.27807824104" lon="-85.61496204371">
    <tag k="local_x" v="582.4080117184476" />
    <tag k="local_y" v="53.63989923354529" />
    <tag k="ele" v="0" />
  </node>
  <node id="3201" lat="42.27804421404" lon="-85.61500845314">
    <tag k="local_x" v="578.642617748168" />
    <tag k="local_y" v="49.799385545105906" />
    <tag k="ele" v="0" />
  </node>
  <node id="3202" lat="42.2780274832" lon="-85.61504320831">
    <tag k="local_x" v="575.8069758013062" />
    <tag k="local_y" v="47.89502459373034" />
    <tag k="ele" v="0" />
  </node>
  <node id="3203" lat="42.27800880826" lon="-85.61569549678">
    <tag k="local_x" v="522.0539785424262" />
    <tag k="local_y" v="44.9468039663916" />
    <tag k="ele" v="0" />
  </node>
  <node id="3204" lat="42.27800861951" lon="-85.61613353438">
    <tag k="local_x" v="485.93440046953765" />
    <tag k="local_y" v="44.33874555096554" />
    <tag k="ele" v="0" />
  </node>
  <node id="3206" lat="42.28049944689" lon="-85.61413941622">
    <tag k="local_x" v="645.8649999999998" />
    <tag k="local_y" v="323.5879999999888" />
    <tag k="ele" v="0" />
  </node>
  <node id="3207" lat="42.28048041702" lon="-85.61423075291">
    <tag k="local_x" v="638.3682000000008" />
    <tag k="local_y" v="321.35239999998885" />
    <tag k="ele" v="0" />
  </node>
  <node id="3208" lat="42.28045596898" lon="-85.61429592252">
    <tag k="local_x" v="633.0388000000003" />
    <tag k="local_y" v="318.55029999998806" />
    <tag k="ele" v="0" />
  </node>
  <node id="3209" lat="42.28041437777" lon="-85.61434802898">
    <tag k="local_x" v="628.817500000001" />
    <tag k="local_y" v="313.86219999998866" />
    <tag k="ele" v="0" />
  </node>
  <node id="3210" lat="42.28034713822" lon="-85.61436896511">
    <tag k="local_x" v="627.2127" />
    <tag k="local_y" v="306.36799999998766" />
    <tag k="ele" v="0" />
  </node>
  <node id="3211" lat="42.27992180904" lon="-85.6143719756">
    <tag k="local_x" v="627.7330000000002" />
    <tag k="local_y" v="259.13649999999325" />
    <tag k="ele" v="0" />
  </node>
  <node id="3212" lat="42.27986072977" lon="-85.61438085504">
    <tag k="local_x" v="627.1112000000012" />
    <tag k="local_y" v="252.34249999999884" />
    <tag k="ele" v="0" />
  </node>
  <node id="3213" lat="42.27978839328" lon="-85.61442135539">
    <tag k="local_x" v="623.9024000000009" />
    <tag k="local_y" v="244.2560999999987" />
    <tag k="ele" v="0" />
  </node>
  <node id="3214" lat="42.27972846624" lon="-85.6144729728">
    <tag k="local_x" v="619.7545000000009" />
    <tag k="local_y" v="237.5326999999961" />
    <tag k="ele" v="0" />
  </node>
  <node id="3215" lat="42.27962613212" lon="-85.61452587827">
    <tag k="local_x" v="615.5770000000011" />
    <tag k="local_y" v="226.09879999999248" />
    <tag k="ele" v="0" />
  </node>
  <node id="3216" lat="42.27957286692" lon="-85.61454225338">
    <tag k="local_x" v="614.3230000000003" />
    <tag k="local_y" v="220.16240000000107" />
    <tag k="ele" v="0" />
  </node>
  <node id="3217" lat="42.27950370147" lon="-85.614551978">
    <tag k="local_x" v="613.6460999999999" />
    <tag k="local_y" v="212.46940000000177" />
    <tag k="ele" v="0" />
  </node>
  <node id="3218" lat="42.27871696582" lon="-85.61456115177">
    <tag k="local_x" v="614.3109999999997" />
    <tag k="local_y" v="125.09999999999127" />
    <tag k="ele" v="0" />
  </node>
  <node id="3222" lat="42.27876819826" lon="-85.61449959816">
    <tag k="local_x" v="619.2939999999999" />
    <tag k="local_y" v="130.87129999999888" />
    <tag k="ele" v="0" />
  </node>
  <node id="3226" lat="42.2787188854" lon="-85.61453330875">
    <tag k="local_x" v="616.6034" />
    <tag k="local_y" v="125.35050000000047" />
    <tag k="ele" v="0" />
  </node>
  <node id="3227" lat="42.27870955073" lon="-85.61450707422">
    <tag k="local_x" v="618.7835000000014" />
    <tag k="local_y" v="124.34919999999693" />
    <tag k="ele" v="0" />
  </node>
  <node id="3228" lat="42.27867132566" lon="-85.61458570079">
    <tag k="local_x" v="612.369200000001" />
    <tag k="local_y" v="119.99929999999586" />
    <tag k="ele" v="0" />
  </node>
  <node id="3231" lat="42.27872547077" lon="-85.61453026964">
    <tag k="local_x" v="616.8420999999998" />
    <tag k="local_y" v="126.08580000000075" />
    <tag k="ele" v="0" />
  </node>
  <node id="3232" lat="42.27870115867" lon="-85.61455452967">
    <tag k="local_x" v="614.8855999999996" />
    <tag k="local_y" v="123.35369999999239" />
    <tag k="ele" v="0" />
  </node>
  <node id="3234" lat="42.27870262563" lon="-85.61455638335">
    <tag k="local_x" v="614.7301000000007" />
    <tag k="local_y" v="123.51410000000033" />
    <tag k="ele" v="0" />
  </node>
  <node id="3235" lat="42.27869093926" lon="-85.61453147009">
    <tag k="local_x" v="616.8055000000004" />
    <tag k="local_y" v="122.24989999999525" />
    <tag k="ele" v="0" />
  </node>
  <node id="3236" lat="42.27871288872" lon="-85.61454623702">
    <tag k="local_x" v="615.5482000000011" />
    <tag k="local_y" v="124.66730000000098" />
    <tag k="ele" v="0" />
  </node>
  <node id="3237" lat="42.27868625829" lon="-85.61453842951">
    <tag k="local_x" v="616.2401000000009" />
    <tag k="local_y" v="121.7207999999955" />
    <tag k="ele" v="0" />
  </node>
  <node id="3239" lat="42.27869375665" lon="-85.61452277605">
    <tag k="local_x" v="617.5173000000013" />
    <tag k="local_y" v="122.5743999999977" />
    <tag k="ele" v="0" />
  </node>
  <node id="3240" lat="42.2787034191" lon="-85.61451099476">
    <tag k="local_x" v="618.4713000000011" />
    <tag k="local_y" v="123.66309999999066" />
    <tag k="ele" v="0" />
  </node>
  <node id="3241" lat="42.27871661492" lon="-85.61450348859">
    <tag k="local_x" v="619.0663999999997" />
    <tag k="local_y" v="125.13839999999618" />
    <tag k="ele" v="0" />
  </node>
  <node id="3247" lat="42.2787301514" lon="-85.61456099749">
    <tag k="local_x" v="614.2999" />
    <tag k="local_y" v="126.56429999999818" />
    <tag k="ele" v="0" />
  </node>
  <node id="3252" lat="42.27867355228" lon="-85.61457961739">
    <tag k="local_x" v="612.8667999999998" />
    <tag k="local_y" v="120.25469999999041" />
    <tag k="ele" v="0" />
  </node>
  <node id="3259" lat="42.27869420108" lon="-85.61448390513">
    <tag k="local_x" v="620.7217" />
    <tag k="local_y" v="122.675900000002" />
    <tag k="ele" v="0" />
  </node>
  <node id="3264" lat="42.27851865063" lon="-85.61458209433">
    <tag k="local_x" v="612.9423999999999" />
    <tag k="local_y" v="103.0515000000014" />
    <tag k="ele" v="0" />
  </node>
  <node id="3267" lat="42.27874465729" lon="-85.61443622531">
    <tag k="local_x" v="624.562100000001" />
    <tag k="local_y" v="128.3423999999941" />
    <tag k="ele" v="0" />
  </node>
  <node id="3273" lat="42.27809278154" lon="-85.61487946328">
    <tag k="local_x" v="589.1912000000011" />
    <tag k="local_y" v="55.365200000000186" />
    <tag k="ele" v="0" />
  </node>
  <node id="3274" lat="42.2781169099" lon="-85.61492430919">
    <tag k="local_x" v="585.449700000001" />
    <tag k="local_y" v="57.98419999999169" />
    <tag k="ele" v="0" />
  </node>
  <node id="3280" lat="42.27797606637" lon="-85.61539902148">
    <tag k="local_x" v="546.5600000000013" />
    <tag k="local_y" v="41.70869999998831" />
    <tag k="ele" v="0" />
  </node>
  <node id="3281" lat="42.27801723509" lon="-85.61540116037">
    <tag k="local_x" v="546.3093000000008" />
    <tag k="local_y" v="46.27709999999206" />
    <tag k="ele" v="0" />
  </node>
  <node id="3287" lat="42.27796755332" lon="-85.61579655421">
    <tag k="local_x" v="513.7954000000009" />
    <tag k="local_y" v="40.23049999999057" />
    <tag k="ele" v="0" />
  </node>
  <node id="3288" lat="42.27800876508" lon="-85.61579658833">
    <tag k="local_x" v="513.7182000000012" />
    <tag k="local_y" v="44.8064999999915" />
    <tag k="ele" v="0" />
  </node>
  <node id="3294" lat="42.27796743504" lon="-85.61605677241">
    <tag k="local_x" v="492.33840000000055" />
    <tag k="local_y" v="39.86860000000161" />
    <tag k="ele" v="0" />
  </node>
  <node id="3295" lat="42.2780086531" lon="-85.61605680656">
    <tag k="local_x" v="492.2612000000008" />
    <tag k="local_y" v="44.44529999999213" />
    <tag k="ele" v="0" />
  </node>
  <node id="3301" lat="42.27805215173" lon="-85.61622498707">
    <tag k="local_x" v="478.3148000000001" />
    <tag k="local_y" v="49.04989999999816" />
    <tag k="ele" v="0" />
  </node>
  <node id="3302" lat="42.27808173476" lon="-85.61626590006">
    <tag k="local_x" v="474.8878000000004" />
    <tag k="local_y" v="52.279899999994086" />
    <tag k="ele" v="0" />
  </node>
  <node id="3317" lat="42.27773994203" lon="-85.61539609056">
    <tag k="local_x" v="547.228000000001" />
    <tag k="local_y" v="15.493999999991502" />
    <tag k="ele" v="0" />
  </node>
  <node id="3318" lat="42.27770692395" lon="-85.61540284682">
    <tag k="local_x" v="546.7304999999997" />
    <tag k="local_y" v="11.818699999988894" />
    <tag k="ele" v="0" />
  </node>
  <node id="3324" lat="42.27766766357" lon="-85.61541442936">
    <tag k="local_x" v="545.8463000000011" />
    <tag k="local_y" v="7.443799999993644" />
    <tag k="ele" v="0" />
  </node>
  <node id="3325" lat="42.27763084267" lon="-85.61542211413">
    <tag k="local_x" v="545.2790999999997" />
    <tag k="local_y" v="3.345000000001164" />
    <tag k="ele" v="0" />
  </node>
  <node id="3332" lat="42.2833071858" lon="-85.60767430116">
    <tag k="local_x" v="1173.8496855107896" />
    <tag k="local_y" v="644.0489016101492" />
    <tag k="ele" v="0" />
  </node>
  <node id="3333" lat="42.2832303463" lon="-85.60774813074">
    <tag k="local_x" v="1167.9018326527585" />
    <tag k="local_y" v="635.4172915648669" />
    <tag k="ele" v="0" />
  </node>
  <node id="3334" lat="42.28303891693" lon="-85.60795835038">
    <tag k="local_x" v="1150.9163826858094" />
    <tag k="local_y" v="613.8780471402715" />
    <tag k="ele" v="0" />
  </node>
  <node id="3335" lat="42.28281453767" lon="-85.60825124322">
    <tag k="local_x" v="1127.1740423175288" />
    <tag k="local_y" v="588.5687466539821" />
    <tag k="ele" v="0" />
  </node>
  <node id="3336" lat="42.28264339448" lon="-85.60851121955">
    <tag k="local_x" v="1106.048974969237" />
    <tag k="local_y" v="569.2150847602898" />
    <tag k="ele" v="0" />
  </node>
  <node id="3337" lat="42.28244425244" lon="-85.60884085509">
    <tag k="local_x" v="1079.2309967879264" />
    <tag k="local_y" v="546.658722705557" />
    <tag k="ele" v="0" />
  </node>
  <node id="3338" lat="42.28239120541" lon="-85.60889826748">
    <tag k="local_x" v="1074.5934231311167" />
    <tag k="local_y" v="540.691170417078" />
    <tag k="ele" v="0" />
  </node>
  <node id="3339" lat="42.28227947966" lon="-85.60901696057">
    <tag k="local_x" v="1065.009513753741" />
    <tag k="local_y" v="528.1255357880436" />
    <tag k="ele" v="0" />
  </node>
  <node id="3340" lat="42.28216821332" lon="-85.60910043165">
    <tag k="local_x" v="1058.3288990202636" />
    <tag k="local_y" v="515.6583682781784" />
    <tag k="ele" v="0" />
  </node>
  <node id="3341" lat="42.28213934207" lon="-85.60912211001">
    <tag k="local_x" v="1056.5938186104195" />
    <tag k="local_y" v="512.4233781077346" />
    <tag k="ele" v="0" />
  </node>
  <node id="3342" lat="42.28210946835" lon="-85.60914369612">
    <tag k="local_x" v="1054.8681616878785" />
    <tag k="local_y" v="509.0772010330984" />
    <tag k="ele" v="0" />
  </node>
  <node id="3343" lat="42.28171031834" lon="-85.60931484646">
    <tag k="local_x" v="1041.4801609034675" />
    <tag k="local_y" v="464.5260828866449" />
    <tag k="ele" v="0" />
  </node>
  <node id="3344" lat="42.28155459954" lon="-85.60941259095">
    <tag k="local_x" v="1033.7031529416308" />
    <tag k="local_y" v="447.1038302520028" />
    <tag k="ele" v="0" />
  </node>
  <node id="3345" lat="42.28141134241" lon="-85.60954264966">
    <tag k="local_x" v="1023.2390693957495" />
    <tag k="local_y" v="431.0217901116557" />
    <tag k="ele" v="0" />
  </node>
  <node id="3346" lat="42.28121239819" lon="-85.609763431">
    <tag k="local_x" v="1005.3954271213715" />
    <tag k="local_y" v="408.6342701526155" />
    <tag k="ele" v="0" />
  </node>
  <node id="3347" lat="42.28078703679" lon="-85.61023520836">
    <tag k="local_x" v="967.2662392071925" />
    <tag k="local_y" v="360.76818615049706" />
    <tag k="ele" v="0" />
  </node>
  <node id="3348" lat="42.28042096166" lon="-85.6106294598">
    <tag k="local_x" v="935.4215400313042" />
    <tag k="local_y" v="319.5896217164409" />
    <tag k="ele" v="0" />
  </node>
  <node id="3349" lat="42.28023142956" lon="-85.61085471661">
    <tag k="local_x" v="917.1912474766086" />
    <tag k="local_y" v="298.2414180330816" />
    <tag k="ele" v="0" />
  </node>
  <node id="3350" lat="42.2800772537" lon="-85.61106420647">
    <tag k="local_x" v="900.1968806075056" />
    <tag k="local_y" v="280.8403375882335" />
    <tag k="ele" v="0" />
  </node>
  <node id="3351" lat="42.27993388745" lon="-85.61129955367">
    <tag k="local_x" v="881.050761881912" />
    <tag k="local_y" v="264.60479872263386" />
    <tag k="ele" v="0" />
  </node>
  <node id="3352" lat="42.27983202226" lon="-85.61149741402">
    <tag k="local_x" v="864.9204319090732" />
    <tag k="local_y" v="253.02789084948017" />
    <tag k="ele" v="0" />
  </node>
  <node id="3353" lat="42.27979952568" lon="-85.61157040757">
    <tag k="local_x" v="858.9605038484224" />
    <tag k="local_y" v="249.32141016575042" />
    <tag k="ele" v="0" />
  </node>
  <node id="3354" lat="42.27966780354" lon="-85.61186534908">
    <tag k="local_x" v="834.8791962740088" />
    <tag k="local_y" v="234.2988102856034" />
    <tag k="ele" v="0" />
  </node>
  <node id="3355" lat="42.27950539259" lon="-85.61233692994">
    <tag k="local_x" v="796.2882553085692" />
    <tag k="local_y" v="215.63131226060796" />
    <tag k="ele" v="0" />
  </node>
  <node id="3356" lat="42.27943529418" lon="-85.61254062646">
    <tag k="local_x" v="779.6189703909349" />
    <tag k="local_y" v="207.57406464015367" />
    <tag k="ele" v="0" />
  </node>
  <node id="3357" lat="42.2794191445" lon="-85.61258743292">
    <tag k="local_x" v="775.7886856480036" />
    <tag k="local_y" v="205.71795813878998" />
    <tag k="ele" v="0" />
  </node>
  <node id="3358" lat="42.27922899956" lon="-85.61311182893">
    <tag k="local_x" v="732.8926236985662" />
    <tag k="local_y" v="183.90034837879648" />
    <tag k="ele" v="0" />
  </node>
  <node id="3359" lat="42.27911846435" lon="-85.61339820844">
    <tag k="local_x" v="709.4785192078398" />
    <tag k="local_y" v="171.24223084919504" />
    <tag k="ele" v="0" />
  </node>
  <node id="3360" lat="42.27901614387" lon="-85.6136361675">
    <tag k="local_x" v="690.0420948555729" />
    <tag k="local_y" v="159.56133920435968" />
    <tag k="ele" v="0" />
  </node>
  <node id="3361" lat="42.2788992766" lon="-85.61384659814">
    <tag k="local_x" v="672.9018210845898" />
    <tag k="local_y" v="146.3022165857983" />
    <tag k="ele" v="0" />
  </node>
  <node id="3363" lat="42.27860123531" lon="-85.61418664082">
    <tag k="local_x" v="645.4014000000006" />
    <tag k="local_y" v="112.75209999999788" />
    <tag k="ele" v="0" />
  </node>
  <node id="3364" lat="42.27853204112" lon="-85.61424018748">
    <tag k="local_x" v="641.1111000000001" />
    <tag k="local_y" v="104.99709999999322" />
    <tag k="ele" v="0" />
  </node>
  <node id="3365" lat="42.27844821854" lon="-85.61430854403">
    <tag k="local_x" v="635.6260300255199" />
    <tag k="local_y" v="95.59793171769707" />
    <tag k="ele" v="0" />
  </node>
  <node id="3366" lat="42.27828118263" lon="-85.61441256874">
    <tag k="local_x" v="627.3501678065022" />
    <tag k="local_y" v="76.91111780685605" />
    <tag k="ele" v="0" />
  </node>
  <node id="3367" lat="42.27815275104" lon="-85.61451059972">
    <tag k="local_x" v="619.4987482076322" />
    <tag k="local_y" v="62.51887952291872" />
    <tag k="ele" v="0" />
  </node>
  <node id="3368" lat="42.27806849553" lon="-85.6145939679">
    <tag k="local_x" v="612.7765613958054" />
    <tag k="local_y" v="53.05151928003761" />
    <tag k="ele" v="0" />
  </node>
  <node id="3369" lat="42.27799199149" lon="-85.61468298542">
    <tag k="local_x" v="605.5745167532586" />
    <tag k="local_y" v="44.437289239955135" />
    <tag k="ele" v="0" />
  </node>
  <node id="3370" lat="42.27792941683" lon="-85.61477770633">
    <tag k="local_x" v="597.8770000000004" />
    <tag k="local_y" v="37.36209999999846" />
    <tag k="ele" v="0" />
  </node>
  <node id="3403" lat="42.27857511126" lon="-85.61411060077">
    <tag k="local_x" v="651.7187000000013" />
    <tag k="local_y" v="109.95339999999851" />
    <tag k="ele" v="0" />
  </node>
  <node id="3404" lat="42.27849905031" lon="-85.61417065153">
    <tag k="local_x" v="646.9045000000006" />
    <tag k="local_y" v="101.42719999999099" />
    <tag k="ele" v="0" />
  </node>
  <node id="3405" lat="42.2784199536" lon="-85.61423064376">
    <tag k="local_x" v="642.1005999999998" />
    <tag k="local_y" v="92.56399999999849" />
    <tag k="ele" v="0" />
  </node>
  <node id="3406" lat="42.27824996152" lon="-85.61432986873">
    <tag k="local_x" v="634.2258700735347" />
    <tag k="local_y" v="73.55537248529436" />
    <tag k="ele" v="0" />
  </node>
  <node id="3407" lat="42.27811587745" lon="-85.61443223316">
    <tag k="local_x" v="626.0273440147339" />
    <tag k="local_y" v="58.52967595384689" />
    <tag k="ele" v="0" />
  </node>
  <node id="3408" lat="42.27802557912" lon="-85.61452139373">
    <tag k="local_x" v="618.838446396252" />
    <tag k="local_y" v="48.38355842229794" />
    <tag k="ele" v="0" />
  </node>
  <node id="3409" lat="42.27794358023" lon="-85.6146169776">
    <tag k="local_x" v="611.104879042221" />
    <tag k="local_y" v="39.150380759485415" />
    <tag k="ele" v="0" />
  </node>
  <node id="3410" lat="42.27786559069" lon="-85.61472940807">
    <tag k="local_x" v="601.9749000000011" />
    <tag k="local_y" v="30.33980000000156" />
    <tag k="ele" v="0" />
  </node>
  <node id="3443" lat="42.27855765214" lon="-85.61406647822">
    <tag k="local_x" v="655.3885000000009" />
    <tag k="local_y" v="108.07399999999325" />
    <tag k="ele" v="0" />
  </node>
  <node id="3444" lat="42.27848144849" lon="-85.6141266425">
    <tag k="local_x" v="650.5652000000009" />
    <tag k="local_y" v="99.53179999999702" />
    <tag k="ele" v="0" />
  </node>
  <node id="3445" lat="42.27840101585" lon="-85.61418615712">
    <tag k="local_x" v="645.803100000001" />
    <tag k="local_y" v="90.52089999998861" />
    <tag k="ele" v="0" />
  </node>
  <node id="3446" lat="42.27823407576" lon="-85.61429011737">
    <tag k="local_x" v="637.5324" />
    <tag k="local_y" v="71.84479999999166" />
    <tag k="ele" v="0" />
  </node>
  <node id="3447" lat="42.27809691764" lon="-85.61439483975">
    <tag k="local_x" v="629.1450000000004" />
    <tag k="local_y" v="56.474600000001374" />
    <tag k="ele" v="0" />
  </node>
  <node id="3448" lat="42.27800332812" lon="-85.61448715646">
    <tag k="local_x" v="621.7018000000007" />
    <tag k="local_y" v="45.95879999999306" />
    <tag k="ele" v="0" />
  </node>
  <node id="3449" lat="42.27791834786" lon="-85.61458629993">
    <tag k="local_x" v="613.6800999999996" />
    <tag k="local_y" v="36.38979999998992" />
    <tag k="ele" v="0" />
  </node>
  <node id="3450" lat="42.27784063922" lon="-85.61469858624">
    <tag k="local_x" v="604.5614999999998" />
    <tag k="local_y" v="27.610599999999977" />
    <tag k="ele" v="0" />
  </node>
  <node id="3454" lat="42.27850749143" lon="-85.61426020815">
    <tag k="local_x" v="639.5046000000002" />
    <tag k="local_y" v="102.2442999999912" />
    <tag k="ele" v="0" />
  </node>
  <node id="3455" lat="42.27849128661" lon="-85.61422858087">
    <tag k="local_x" v="642.1418000000012" />
    <tag k="local_y" v="100.48739999999816" />
    <tag k="ele" v="0" />
  </node>
  <node id="3461" lat="42.27845908476" lon="-85.61420338608">
    <tag k="local_x" v="644.2775000000001" />
    <tag k="local_y" v="96.94559999999183" />
    <tag k="ele" v="0" />
  </node>
  <node id="3462" lat="42.27844215188" lon="-85.61415891248">
    <tag k="local_x" v="647.9753000000001" />
    <tag k="local_y" v="95.1250999999902" />
    <tag k="ele" v="0" />
  </node>
  <node id="3468" lat="42.2788121958" lon="-85.61419640674">
    <tag k="local_x" v="644.2149000000009" />
    <tag k="local_y" v="136.1634999999951" />
    <tag k="ele" v="0" />
  </node>
  <node id="3470" lat="42.27882426378" lon="-85.61414714971">
    <tag k="local_x" v="648.2547000000013" />
    <tag k="local_y" v="137.569599999988" />
    <tag k="ele" v="0" />
  </node>
  <node id="3472" lat="42.2788079926" lon="-85.61409103355">
    <tag k="local_x" v="652.9112999999998" />
    <tag k="local_y" v="135.83819999999832" />
    <tag k="ele" v="0" />
  </node>
  <node id="3596" lat="42.27875626034" lon="-85.61392457199">
    <tag k="local_x" v="666.7308000000012" />
    <tag k="local_y" v="130.3173999999999" />
    <tag k="ele" v="0" />
  </node>
  <node id="3597" lat="42.27873255503" lon="-85.61389292596">
    <tag k="local_x" v="669.3831000000009" />
    <tag k="local_y" v="127.72769999998854" />
    <tag k="ele" v="0" />
  </node>
  <node id="3603" lat="42.27880591505" lon="-85.61398896704">
    <tag k="local_x" v="661.3312000000005" />
    <tag k="local_y" v="135.7445000000007" />
    <tag k="ele" v="0" />
  </node>
  <node id="3604" lat="42.27878261001" lon="-85.61396130212">
    <tag k="local_x" v="663.6545000000006" />
    <tag k="local_y" v="133.1938999999984" />
    <tag k="ele" v="0" />
  </node>
  <node id="3610" lat="42.27877642471" lon="-85.61423081285">
    <tag k="local_x" v="641.442500000001" />
    <tag k="local_y" v="132.14539999999397" />
    <tag k="ele" v="0" />
  </node>
  <node id="3612" lat="42.27878240534" lon="-85.61421894483">
    <tag k="local_x" v="642.4103000000014" />
    <tag k="local_y" v="132.82540000000154" />
    <tag k="ele" v="0" />
  </node>
  <node id="3613" lat="42.27879432989" lon="-85.61420521231">
    <tag k="local_x" v="643.5210999999999" />
    <tag k="local_y" v="134.16790000000037" />
    <tag k="ele" v="0" />
  </node>
  <node id="3615" lat="42.27874265716" lon="-85.61421206283">
    <tag k="local_x" v="643.0496000000003" />
    <tag k="local_y" v="128.4210999999923" />
    <tag k="ele" v="0" />
  </node>
  <node id="3616" lat="42.27875882626" lon="-85.61418037477">
    <tag k="local_x" v="645.6333000000013" />
    <tag k="local_y" v="130.25899999999092" />
    <tag k="ele" v="0" />
  </node>
  <node id="3617" lat="42.27878508123" lon="-85.61415800754">
    <tag k="local_x" v="647.4302000000007" />
    <tag k="local_y" v="133.2042999999976" />
    <tag k="ele" v="0" />
  </node>
  <node id="3618" lat="42.27880738247" lon="-85.61415060976">
    <tag k="local_x" v="647.9999000000007" />
    <tag k="local_y" v="135.69049999999697" />
    <tag k="ele" v="0" />
  </node>
  <node id="3633" lat="42.27874460062" lon="-85.61419447424">
    <tag k="local_x" v="644.4964" />
    <tag k="local_y" v="128.66049999999814" />
    <tag k="ele" v="0" />
  </node>
  <node id="3635" lat="42.27875171099" lon="-85.61416244503">
    <tag k="local_x" v="647.124600000001" />
    <tag k="local_y" v="129.49299999998766" />
    <tag k="ele" v="0" />
  </node>
  <node id="3636" lat="42.27876049527" lon="-85.61413143422">
    <tag k="local_x" v="649.6658000000007" />
    <tag k="local_y" v="130.50999999999476" />
    <tag k="ele" v="0" />
  </node>
  <node id="3637" lat="42.27877038235" lon="-85.61411275832">
    <tag k="local_x" v="651.1879000000008" />
    <tag k="local_y" v="131.63289999999688" />
    <tag k="ele" v="0" />
  </node>
  <node id="3638" lat="42.27878565428" lon="-85.61410080308">
    <tag k="local_x" v="652.1460999999999" />
    <tag k="local_y" v="133.34470000000147" />
    <tag k="ele" v="0" />
  </node>
  <node id="3639" lat="42.27877722501" lon="-85.61421998004">
    <tag k="local_x" v="642.3343000000004" />
    <tag k="local_y" v="132.2488000000012" />
    <tag k="ele" v="0" />
  </node>
  <node id="3641" lat="42.27878399276" lon="-85.61418448988">
    <tag k="local_x" v="645.2484999999997" />
    <tag k="local_y" v="133.04789999999048" />
    <tag k="ele" v="0" />
  </node>
  <node id="3642" lat="42.27879176562" lon="-85.6141669627">
    <tag k="local_x" v="646.6797000000006" />
    <tag k="local_y" v="133.93449999998847" />
    <tag k="ele" v="0" />
  </node>
  <node id="3643" lat="42.27880154102" lon="-85.6141584933">
    <tag k="local_x" v="647.3603999999996" />
    <tag k="local_y" v="135.03129999998782" />
    <tag k="ele" v="0" />
  </node>
  <node id="3661" lat="42.27877092966" lon="-85.61416735628">
    <tag k="local_x" v="646.6849000000002" />
    <tag k="local_y" v="131.6203999999998" />
    <tag k="ele" v="0" />
  </node>
  <node id="3662" lat="42.27873872882" lon="-85.61413941452">
    <tag k="local_x" v="649.0470999999998" />
    <tag k="local_y" v="128.08239999999932" />
    <tag k="ele" v="0" />
  </node>
  <node id="3664" lat="42.27872133236" lon="-85.61408348682">
    <tag k="local_x" v="653.6902000000009" />
    <tag k="local_y" v="126.22580000000016" />
    <tag k="ele" v="0" />
  </node>
  <node id="3668" lat="42.27863062684" lon="-85.61413579033">
    <tag k="local_x" v="649.5413000000008" />
    <tag k="local_y" v="116.08389999999781" />
    <tag k="ele" v="0" />
  </node>
  <node id="3669" lat="42.27866629997" lon="-85.61413433907">
    <tag k="local_x" v="649.5964999999997" />
    <tag k="local_y" v="120.04690000000119" />
    <tag k="ele" v="0" />
  </node>
  <node id="3670" lat="42.27863653055" lon="-85.61417963016">
    <tag k="local_x" v="645.9157000000014" />
    <tag k="local_y" v="116.68059999999241" />
    <tag k="ele" v="0" />
  </node>
  <node id="3671" lat="42.27869131353" lon="-85.61418332662">
    <tag k="local_x" v="645.5119000000013" />
    <tag k="local_y" v="122.75860000000102" />
    <tag k="ele" v="0" />
  </node>
  <node id="3672" lat="42.27877680763" lon="-85.614191332">
    <tag k="local_x" v="644.6972999999998" />
    <tag k="local_y" v="132.24089999998978" />
    <tag k="ele" v="0" />
  </node>
  <node id="3673" lat="42.27876756294" lon="-85.61414266822">
    <tag k="local_x" v="648.7267000000011" />
    <tag k="local_y" v="131.27969999999914" />
    <tag k="ele" v="0" />
  </node>
  <node id="3674" lat="42.2786149511" lon="-85.61408542425">
    <tag k="local_x" v="653.7227000000003" />
    <tag k="local_y" v="114.41089999998803" />
    <tag k="ele" v="0" />
  </node>
  <node id="3676" lat="42.27863868656" lon="-85.61407828973">
    <tag k="local_x" v="654.2681000000011" />
    <tag k="local_y" v="117.05599999999686" />
    <tag k="ele" v="0" />
  </node>
  <node id="3677" lat="42.2786735491" lon="-85.61407936659">
    <tag k="local_x" v="654.1162999999997" />
    <tag k="local_y" v="120.92559999998775" />
    <tag k="ele" v="0" />
  </node>
  <node id="3678" lat="42.27869825223" lon="-85.6140808359">
    <tag k="local_x" v="653.9505000000008" />
    <tag k="local_y" v="123.66659999999683" />
    <tag k="ele" v="0" />
  </node>
  <node id="3680" lat="42.27861207391" lon="-85.61414132805">
    <tag k="local_x" v="649.1182000000008" />
    <tag k="local_y" v="114.01639999999315" />
    <tag k="ele" v="0" />
  </node>
  <node id="3683" lat="42.27859749127" lon="-85.61409369944">
    <tag k="local_x" v="653.0719000000008" />
    <tag k="local_y" v="112.46110000000044" />
    <tag k="ele" v="0" />
  </node>
  <node id="3684" lat="42.27866502043" lon="-85.61418055568">
    <tag k="local_x" v="645.7879000000012" />
    <tag k="local_y" v="119.84279999999853" />
    <tag k="ele" v="0" />
  </node>
  <node id="3685" lat="42.27870669616" lon="-85.61417315293">
    <tag k="local_x" v="646.3230000000003" />
    <tag k="local_y" v="124.48029999999562" />
    <tag k="ele" v="0" />
  </node>
  <node id="3686" lat="42.2786938544" lon="-85.6141550334">
    <tag k="local_x" v="647.8402999999998" />
    <tag k="local_y" v="123.07869999999821" />
    <tag k="ele" v="0" />
  </node>
  <node id="3687" lat="42.27868492873" lon="-85.61412486796">
    <tag k="local_x" v="650.3438000000006" />
    <tag k="local_y" v="122.12810000000172" />
    <tag k="ele" v="0" />
  </node>
  <node id="3688" lat="42.27868278619" lon="-85.61408917413">
    <tag k="local_x" v="653.2909" />
    <tag k="local_y" v="121.9380999999994" />
    <tag k="ele" v="0" />
  </node>
  <node id="3689" lat="42.27868413882" lon="-85.61404885833">
    <tag k="local_x" v="656.6128000000008" />
    <tag k="local_y" v="122.142399999997" />
    <tag k="ele" v="0" />
  </node>
  <node id="3690" lat="42.27868878439" lon="-85.61401572621">
    <tag k="local_x" v="659.3364000000001" />
    <tag k="local_y" v="122.70269999999437" />
    <tag k="ele" v="0" />
  </node>
  <node id="3691" lat="42.27869505676" lon="-85.61398649499">
    <tag k="local_x" v="661.7353999999996" />
    <tag k="local_y" v="123.43839999999909" />
    <tag k="ele" v="0" />
  </node>
  <node id="3692" lat="42.2787069444" lon="-85.61394788137">
    <tag k="local_x" v="664.8978999999999" />
    <tag k="local_y" v="124.81019999999262" />
    <tag k="ele" v="0" />
  </node>
  <node id="3693" lat="42.27871343773" lon="-85.61393111959">
    <tag k="local_x" v="666.2682999999997" />
    <tag k="local_y" v="125.55369999998948" />
    <tag k="ele" v="0" />
  </node>
  <node id="3694" lat="42.27872789205" lon="-85.61412839653">
    <tag k="local_x" v="649.9752000000008" />
    <tag k="local_y" v="126.89389999999548" />
    <tag k="ele" v="0" />
  </node>
  <node id="3696" lat="42.27872241481" lon="-85.61411231794">
    <tag k="local_x" v="651.3109000000004" />
    <tag k="local_y" v="126.3073000000004" />
    <tag k="ele" v="0" />
  </node>
  <node id="3697" lat="42.27872047385" lon="-85.61409225923">
    <tag k="local_x" v="652.9683999999997" />
    <tag k="local_y" v="126.1186999999918" />
    <tag k="ele" v="0" />
  </node>
  <node id="3698" lat="42.27871973936" lon="-85.61406882084">
    <tag k="local_x" v="654.9024000000009" />
    <tag k="local_y" v="126.0685999999987" />
    <tag k="ele" v="0" />
  </node>
  <node id="3699" lat="42.27872136269" lon="-85.61404434481">
    <tag k="local_x" v="656.9177" />
    <tag k="local_y" v="126.28169999999227" />
    <tag k="ele" v="0" />
  </node>
  <node id="3700" lat="42.27872545596" lon="-85.6140122362">
    <tag k="local_x" v="659.5578999999998" />
    <tag k="local_y" v="126.77929999999469" />
    <tag k="ele" v="0" />
  </node>
  <node id="3701" lat="42.27873123598" lon="-85.6139842952">
    <tag k="local_x" v="661.8514000000014" />
    <tag k="local_y" v="127.45859999999811" />
    <tag k="ele" v="0" />
  </node>
  <node id="3702" lat="42.2787409624" lon="-85.61395598028">
    <tag k="local_x" v="664.1686000000009" />
    <tag k="local_y" v="128.57660000000033" />
    <tag k="ele" v="0" />
  </node>
  <node id="3703" lat="42.27873511645" lon="-85.61418776944">
    <tag k="local_x" v="645.0663999999997" />
    <tag k="local_y" v="127.61639999999898" />
    <tag k="ele" v="0" />
  </node>
  <node id="3705" lat="42.27859559726" lon="-85.6140387067">
    <tag k="local_x" v="657.6099000000013" />
    <tag k="local_y" v="112.32459999999264" />
    <tag k="ele" v="0" />
  </node>
  <node id="3707" lat="42.27862230896" lon="-85.61401143482">
    <tag k="local_x" v="659.8104000000003" />
    <tag k="local_y" v="115.32719999999972" />
    <tag k="ele" v="0" />
  </node>
  <node id="3708" lat="42.27865457842" lon="-85.61398022946">
    <tag k="local_x" v="662.3252000000011" />
    <tag k="local_y" v="118.95219999999972" />
    <tag k="ele" v="0" />
  </node>
  <node id="3709" lat="42.27868509012" lon="-85.61394703002">
    <tag k="local_x" v="665.0076000000008" />
    <tag k="local_y" v="122.38469999999506" />
    <tag k="ele" v="0" />
  </node>
  <node id="3711" lat="42.27861486363" lon="-85.61407707037">
    <tag k="local_x" v="654.4117000000006" />
    <tag k="local_y" v="114.41240000000107" />
    <tag k="ele" v="0" />
  </node>
  <node id="3712" lat="42.27864122235" lon="-85.61405241">
    <tag k="local_x" v="656.397500000001" />
    <tag k="local_y" v="117.37229999998817" />
    <tag k="ele" v="0" />
  </node>
  <node id="3713" lat="42.27867349182" lon="-85.61402120464">
    <tag k="local_x" v="658.9123" />
    <tag k="local_y" v="120.99729999998817" />
    <tag k="ele" v="0" />
  </node>
  <node id="3714" lat="42.27870400354" lon="-85.61398800522">
    <tag k="local_x" v="661.5946999999996" />
    <tag k="local_y" v="124.42979999999807" />
    <tag k="ele" v="0" />
  </node>
  <node id="3715" lat="42.27873491624" lon="-85.61395199432">
    <tag k="local_x" v="664.5082000000002" />
    <tag k="local_y" v="127.91059999998834" />
    <tag k="ele" v="0" />
  </node>
  <node id="3717" lat="42.27880046212" lon="-85.61407973451">
    <tag k="local_x" v="653.856600000001" />
    <tag k="local_y" v="135.01720000000205" />
    <tag k="ele" v="0" />
  </node>
  <node id="3719" lat="42.27879608925" lon="-85.61406531499">
    <tag k="local_x" v="655.0535" />
    <tag k="local_y" v="134.5509999999922" />
    <tag k="ele" v="0" />
  </node>
  <node id="3720" lat="42.27879431185" lon="-85.61404627138">
    <tag k="local_x" v="656.6270000000004" />
    <tag k="local_y" v="134.37919999999576" />
    <tag k="ele" v="0" />
  </node>
  <node id="3721" lat="42.27879534198" lon="-85.61402800424">
    <tag k="local_x" v="658.1314000000002" />
    <tag k="local_y" v="134.51810000000114" />
    <tag k="ele" v="0" />
  </node>
  <node id="3722" lat="42.27879877389" lon="-85.61401121738">
    <tag k="local_x" v="659.5094000000008" />
    <tag k="local_y" v="134.9216999999917" />
    <tag k="ele" v="0" />
  </node>
  <node id="3723" lat="42.27877368275" lon="-85.6139844284">
    <tag k="local_x" v="661.7637000000013" />
    <tag k="local_y" v="132.1716000000015" />
    <tag k="ele" v="0" />
  </node>
  <node id="3725" lat="42.27876676199" lon="-85.61401969758">
    <tag k="local_x" v="658.8680000000004" />
    <tag k="local_y" v="131.35579999999027" />
    <tag k="ele" v="0" />
  </node>
  <node id="3726" lat="42.27876460298" lon="-85.61405789788">
    <tag k="local_x" v="655.7219999999998" />
    <tag k="local_y" v="131.06479999999283" />
    <tag k="ele" v="0" />
  </node>
  <node id="3727" lat="42.27876815514" lon="-85.61409144462">
    <tag k="local_x" v="652.9494000000013" />
    <tag k="local_y" v="131.41419999999925" />
    <tag k="ele" v="0" />
  </node>
  <node id="3728" lat="42.27877481589" lon="-85.61411587978">
    <tag k="local_x" v="650.9225000000006" />
    <tag k="local_y" v="132.12099999999919" />
    <tag k="ele" v="0" />
  </node>
  <node id="3729" lat="42.27878254132" lon="-85.6141306418">
    <tag k="local_x" v="649.6913000000004" />
    <tag k="local_y" v="132.958999999988" />
    <tag k="ele" v="0" />
  </node>
  <node id="3730" lat="42.27879581793" lon="-85.614138988">
    <tag k="local_x" v="648.9791000000005" />
    <tag k="local_y" v="134.42199999999139" />
    <tag k="ele" v="0" />
  </node>
  <node id="3744" lat="42.27878169115" lon="-85.61402952953">
    <tag k="local_x" v="658.0303000000004" />
    <tag k="local_y" v="133.0002999999997" />
    <tag k="ele" v="0" />
  </node>
  <node id="3746" lat="42.27874772717" lon="-85.61408193085">
    <tag k="local_x" v="653.7708000000002" />
    <tag k="local_y" v="129.15869999999995" />
    <tag k="ele" v="0" />
  </node>
  <node id="3749" lat="42.27871262754" lon="-85.61411995323">
    <tag k="local_x" v="650.6990000000005" />
    <tag k="local_y" v="125.21029999999155" />
    <tag k="ele" v="0" />
  </node>
  <node id="3750" lat="42.27868135477" lon="-85.61414592312">
    <tag k="local_x" v="648.6141000000007" />
    <tag k="local_y" v="121.70299999999406" />
    <tag k="ele" v="0" />
  </node>
  <node id="3751" lat="42.27864649997" lon="-85.61416620126">
    <tag k="local_x" v="647.005000000001" />
    <tag k="local_y" v="117.80559999999241" />
    <tag k="ele" v="0" />
  </node>
  <node id="3753" lat="42.27875707531" lon="-85.61400159049">
    <tag k="local_x" v="660.3785722045341" />
    <tag k="local_y" v="130.30451859527966" />
    <tag k="ele" v="0" />
  </node>
  <node id="3754" lat="42.27872528513" lon="-85.61405084897">
    <tag k="local_x" v="656.3742937920124" />
    <tag k="local_y" v="126.70850821086788" />
    <tag k="ele" v="0" />
  </node>
  <node id="3755" lat="42.27869388617" lon="-85.61408470489">
    <tag k="local_x" v="653.6393626597946" />
    <tag k="local_y" v="123.17661193211097" />
    <tag k="ele" v="0" />
  </node>
  <node id="3756" lat="42.27866651657" lon="-85.6141074509">
    <tag k="local_x" v="651.8132433594747" />
    <tag k="local_y" v="120.10703587316675" />
    <tag k="ele" v="0" />
  </node>
  <node id="3757" lat="42.27863513266" lon="-85.61412564212">
    <tag k="local_x" v="650.3699549132562" />
    <tag k="local_y" v="116.59783422785404" />
    <tag k="ele" v="0" />
  </node>
  <node id="3779" lat="42.27827646719" lon="-85.61431302112">
    <tag k="local_x" v="635.5672000000013" />
    <tag k="local_y" v="76.52109999999811" />
    <tag k="ele" v="0" />
  </node>
  <node id="3780" lat="42.27826626404" lon="-85.61427007251">
    <tag k="local_x" v="639.1270999999997" />
    <tag k="local_y" v="75.44580000000133" />
    <tag k="ele" v="0" />
  </node>
  <node id="3793" lat="42.27832387553" lon="-85.61438598106">
    <tag k="local_x" v="629.465400000001" />
    <tag k="local_y" v="81.6872999999905" />
    <tag k="ele" v="0" />
  </node>
  <node id="3794" lat="42.27837864158" lon="-85.61430547884">
    <tag k="local_x" v="636.0045000000009" />
    <tag k="local_y" v="87.87639999999374" />
    <tag k="ele" v="0" />
  </node>
  <node id="3816" lat="42.2787659966" lon="-85.61385684259">
    <tag k="local_x" v="672.2980000000007" />
    <tag k="local_y" v="131.4893999999913" />
    <tag k="ele" v="0" />
  </node>
  <node id="3818" lat="42.27882340472" lon="-85.61378856412">
    <tag k="local_x" v="677.8243000000002" />
    <tag k="local_y" v="137.9554999999964" />
    <tag k="ele" v="0" />
  </node>
  <node id="3819" lat="42.27887384286" lon="-85.61372183299">
    <tag k="local_x" v="683.2356" />
    <tag k="local_y" v="143.64559999998892" />
    <tag k="ele" v="0" />
  </node>
  <node id="3820" lat="42.27891425694" lon="-85.61367138438">
    <tag k="local_x" v="687.3224000000009" />
    <tag k="local_y" v="148.20079999999143" />
    <tag k="ele" v="0" />
  </node>
  <node id="3821" lat="42.27896203502" lon="-85.61359038274">
    <tag k="local_x" v="693.9152000000013" />
    <tag k="local_y" v="153.614699999991" />
    <tag k="ele" v="0" />
  </node>
  <node id="3822" lat="42.27880795231" lon="-85.61386515188">
    <tag k="local_x" v="671.5370000000003" />
    <tag k="local_y" v="136.1368999999977" />
    <tag k="ele" v="0" />
  </node>
  <node id="3824" lat="42.27885577501" lon="-85.6138060069">
    <tag k="local_x" v="676.3275000000012" />
    <tag k="local_y" v="141.52639999998792" />
    <tag k="ele" v="0" />
  </node>
  <node id="3825" lat="42.27891254297" lon="-85.61373647864">
    <tag k="local_x" v="681.9580000000005" />
    <tag k="local_y" v="147.92309999999998" />
    <tag k="ele" v="0" />
  </node>
  <node id="3826" lat="42.27893406406" lon="-85.61370746115">
    <tag k="local_x" v="684.3118000000013" />
    <tag k="local_y" v="150.35169999999925" />
    <tag k="ele" v="0" />
  </node>
  <node id="3827" lat="42.27897131945" lon="-85.61371687879">
    <tag k="local_x" v="683.4678999999996" />
    <tag k="local_y" v="154.47580000000016" />
    <tag k="ele" v="0" />
  </node>
  <node id="3828" lat="42.2789462942" lon="-85.61369167105">
    <tag k="local_x" v="685.5917000000009" />
    <tag k="local_y" v="151.73089999999502" />
    <tag k="ele" v="0" />
  </node>
  <node id="3835" lat="42.27902721224" lon="-85.61361042669">
    <tag k="local_x" v="692.1445999999996" />
    <tag k="local_y" v="160.82489999999234" />
    <tag k="ele" v="0" />
  </node>
  <node id="3836" lat="42.27900016726" lon="-85.61358934416">
    <tag k="local_x" v="693.9318999999996" />
    <tag k="local_y" v="157.85020000000077" />
    <tag k="ele" v="0" />
  </node>
  <node id="3842" lat="42.28327077203" lon="-85.60760562071">
    <tag k="local_x" v="1179.5786211308168" />
    <tag k="local_y" v="640.0982113913778" />
    <tag k="ele" v="0" />
  </node>
  <node id="3843" lat="42.2831916098" lon="-85.60768179505">
    <tag k="local_x" v="1173.4416592081288" />
    <tag k="local_y" v="631.205524918958" />
    <tag k="ele" v="0" />
  </node>
  <node id="3844" lat="42.28299703468" lon="-85.60789557729">
    <tag k="local_x" v="1156.1681820480444" />
    <tag k="local_y" v="609.3121671591653" />
    <tag k="ele" v="0" />
  </node>
  <node id="3845" lat="42.28276941049" lon="-85.60819269075">
    <tag k="local_x" v="1132.0837338672009" />
    <tag k="local_y" v="583.6368519440293" />
    <tag k="ele" v="0" />
  </node>
  <node id="3846" lat="42.28259555153" lon="-85.60845671747">
    <tag k="local_x" v="1110.6296275092645" />
    <tag k="local_y" v="563.9761651340086" />
    <tag k="ele" v="0" />
  </node>
  <node id="3847" lat="42.28239709382" lon="-85.60878528205">
    <tag k="local_x" v="1083.898704563604" />
    <tag k="local_y" v="541.4972151095135" />
    <tag k="ele" v="0" />
  </node>
  <node id="3848" lat="42.28235235067" lon="-85.60883205816">
    <tag k="local_x" v="1080.123057153598" />
    <tag k="local_y" v="536.4660308784805" />
    <tag k="ele" v="0" />
  </node>
  <node id="3849" lat="42.28224448003" lon="-85.60894696053">
    <tag k="local_x" v="1070.8447135774895" />
    <tag k="local_y" v="524.3335574705852" />
    <tag k="ele" v="0" />
  </node>
  <node id="3850" lat="42.28213775154" lon="-85.60902668408">
    <tag k="local_x" v="1064.4648699118643" />
    <tag k="local_y" v="512.375302978704" />
    <tag k="ele" v="0" />
  </node>
  <node id="3851" lat="42.28210882294" lon="-85.60904840548">
    <tag k="local_x" v="1062.7263464112166" />
    <tag k="local_y" v="509.13388584971835" />
    <tag k="ele" v="0" />
  </node>
  <node id="3852" lat="42.28208970892" lon="-85.60906361216">
    <tag k="local_x" v="1061.5071785790042" />
    <tag k="local_y" v="506.9910295965965" />
    <tag k="ele" v="0" />
  </node>
  <node id="3853" lat="42.28168905675" lon="-85.60923546378">
    <tag k="local_x" v="1048.0641168278944" />
    <tag k="local_y" v="462.27215721609537" />
    <tag k="ele" v="0" />
  </node>
  <node id="3854" lat="42.28152376518" lon="-85.60933912542">
    <tag k="local_x" v="1039.8165903981371" />
    <tag k="local_y" v="443.77899356299895" />
    <tag k="ele" v="0" />
  </node>
  <node id="3855" lat="42.28137341366" lon="-85.60947547466">
    <tag k="local_x" v="1028.846699473026" />
    <tag k="local_y" v="426.90072939146194" />
    <tag k="ele" v="0" />
  </node>
  <node id="3856" lat="42.28117255617" lon="-85.60969829564">
    <tag k="local_x" v="1010.8383546864388" />
    <tag k="local_y" v="404.2980049318867" />
    <tag k="ele" v="0" />
  </node>
  <node id="3857" lat="42.28074751862" lon="-85.61016971663">
    <tag k="local_x" v="972.7379753199384" />
    <tag k="local_y" v="356.4683302859776" />
    <tag k="ele" v="0" />
  </node>
  <node id="3858" lat="42.28038099289" lon="-85.61056446621">
    <tag k="local_x" v="940.8530287848698" />
    <tag k="local_y" v="315.23903710480954" />
    <tag k="ele" v="0" />
  </node>
  <node id="3859" lat="42.28018852252" lon="-85.61079321414">
    <tag k="local_x" v="922.3402004494055" />
    <tag k="local_y" v="293.5598648904852" />
    <tag k="ele" v="0" />
  </node>
  <node id="3860" lat="42.28003069261" lon="-85.6110077291">
    <tag k="local_x" v="904.9381042396963" />
    <tag k="local_y" v="275.74627682961" />
    <tag k="ele" v="0" />
  </node>
  <node id="3861" lat="42.2798840555" lon="-85.61124838788">
    <tag k="local_x" v="885.3599322605842" />
    <tag k="local_y" v="259.1403950780659" />
    <tag k="ele" v="0" />
  </node>
  <node id="3862" lat="42.27977991805" lon="-85.61145053226">
    <tag k="local_x" v="868.8804657013625" />
    <tag k="local_y" v="247.30540983972605" />
    <tag k="ele" v="0" />
  </node>
  <node id="3863" lat="42.27974581256" lon="-85.61152694302">
    <tag k="local_x" v="862.6416770459491" />
    <tag k="local_y" v="243.4156824008678" />
    <tag k="ele" v="0" />
  </node>
  <node id="3864" lat="42.27961213347" lon="-85.61182660644">
    <tag k="local_x" v="838.174546421631" />
    <tag k="local_y" v="228.16942826556624" />
    <tag k="ele" v="0" />
  </node>
  <node id="3865" lat="42.27944854289" lon="-85.61230142935">
    <tag k="local_x" v="799.3183861641246" />
    <tag k="local_y" v="209.36657255800674" />
    <tag k="ele" v="0" />
  </node>
  <node id="3866" lat="42.27937844189" lon="-85.61250513343">
    <tag k="local_x" v="782.6484703652332" />
    <tag k="local_y" v="201.30901983194053" />
    <tag k="ele" v="0" />
  </node>
  <node id="3867" lat="42.27936279095" lon="-85.61255052574">
    <tag k="local_x" v="778.9338865155169" />
    <tag k="local_y" v="199.5101913868857" />
    <tag k="ele" v="0" />
  </node>
  <node id="3868" lat="42.27917293611" lon="-85.61307412919">
    <tag k="local_x" v="736.1026220587391" />
    <tag k="local_y" v="177.7258389188646" />
    <tag k="ele" v="0" />
  </node>
  <node id="3869" lat="42.27906345543" lon="-85.61335778987">
    <tag k="local_x" v="712.9107821583511" />
    <tag k="local_y" v="165.188454301795" />
    <tag k="ele" v="0" />
  </node>
  <node id="3870" lat="42.27897301828" lon="-85.61356818546">
    <tag k="local_x" v="695.725670417216" />
    <tag k="local_y" v="154.86405384159298" />
    <tag k="ele" v="0" />
  </node>
  <node id="3872" lat="42.27891763253" lon="-85.61366566139">
    <tag k="local_x" v="687.7882000000009" />
    <tag k="local_y" v="148.58329999999842" />
    <tag k="ele" v="0" />
  </node>
  <node id="3877" lat="42.28396886744" lon="-85.60752055754">
    <tag k="local_x" v="1185.3245000000006" />
    <tag k="local_y" v="717.7276999999885" />
    <tag k="ele" v="0" />
  </node>
  <node id="3878" lat="42.28393047301" lon="-85.60752246927">
    <tag k="local_x" v="1185.2366000000002" />
    <tag k="local_y" v="713.4618999999948" />
    <tag k="ele" v="0" />
    <tag k="direction" v="backward" />
    <tag k="highway" v="stop" />
  </node>
  <node id="3879" lat="42.28374312209" lon="-85.60750809376">
    <tag k="local_x" v="1186.7621" />
    <tag k="local_y" v="692.6782999999996" />
    <tag k="ele" v="0" />
  </node>
  <node id="3880" lat="42.2836582397" lon="-85.6075214165">
    <tag k="local_x" v="1185.817769846075" />
    <tag k="local_y" v="683.2352048315806" />
    <tag k="ele" v="0" />
  </node>
  <node id="3881" lat="42.28351992827" lon="-85.60755742156">
    <tag k="local_x" v="1183.1002740834556" />
    <tag k="local_y" v="667.8288949729904" />
    <tag k="ele" v="0" />
  </node>
  <node id="3882" lat="42.28336776659" lon="-85.6076246889">
    <tag k="local_x" v="1177.8302920507176" />
    <tag k="local_y" v="650.8425364495488" />
    <tag k="ele" v="0" />
  </node>
  <node id="3883" lat="42.28331035024" lon="-85.60767109249">
    <tag k="local_x" v="1174.1085000000003" />
    <tag k="local_y" v="644.4045999999944" />
    <tag k="ele" v="0" />
  </node>
  <node id="3885" lat="42.28397228919" lon="-85.60743783039">
    <tag k="local_x" v="1192.1391999999996" />
    <tag k="local_y" v="718.2191999999923" />
    <tag k="ele" v="0" />
  </node>
  <node id="3886" lat="42.28393244789" lon="-85.6074368086">
    <tag k="local_x" v="1192.2958034455787" />
    <tag k="local_y" v="713.7966981976933" />
    <tag k="ele" v="0" />
    <tag k="direction" v="backward" />
    <tag k="highway" v="stop" />
  </node>
  <node id="3887" lat="42.28378683925" lon="-85.60744383388">
    <tag k="local_x" v="1191.9809999999998" />
    <tag k="local_y" v="697.619200000001" />
    <tag k="ele" v="0" />
  </node>
  <node id="3888" lat="42.28364980181" lon="-85.60743898721">
    <tag k="local_x" v="1192.6294831835366" />
    <tag k="local_y" v="682.4094377388101" />
    <tag k="ele" v="0" />
  </node>
  <node id="3889" lat="42.28350414958" lon="-85.60747697187">
    <tag k="local_x" v="1189.762112663042" />
    <tag k="local_y" v="666.1853510512301" />
    <tag k="ele" v="0" />
  </node>
  <node id="3890" lat="42.28334434858" lon="-85.60754768849">
    <tag k="local_x" v="1184.2216189945393" />
    <tag k="local_y" v="648.34608501193" />
    <tag k="ele" v="0" />
  </node>
  <node id="3891" lat="42.28327675379" lon="-85.60759954756">
    <tag k="local_x" v="1180.0685000000012" />
    <tag k="local_y" v="640.7705999999889" />
    <tag k="ele" v="0" />
  </node>
  <node id="3893" lat="42.28412516861" lon="-85.60743584819">
    <tag k="local_x" v="1192.0249909471877" />
    <tag k="local_y" v="735.1972270110127" />
    <tag k="ele" v="0" />
  </node>
  <node id="3894" lat="42.28398446631" lon="-85.60743799152">
    <tag k="local_x" v="1192.1038000000008" />
    <tag k="local_y" v="719.571100000001" />
    <tag k="ele" v="0" />
  </node>
  <node id="3896" lat="42.2841200649" lon="-85.60751855061">
    <tag k="local_x" v="1185.215400000001" />
    <tag k="local_y" v="734.5190000000002" />
    <tag k="ele" v="0" />
  </node>
  <node id="3897" lat="42.28397463043" lon="-85.60752056402">
    <tag k="local_x" v="1185.3135000000002" />
    <tag k="local_y" v="718.3675999999978" />
    <tag k="ele" v="0" />
  </node>
  <node id="3900" lat="42.28537955834" lon="-85.60796161831">
    <tag k="local_x" v="1146.3977000000014" />
    <tag k="local_y" v="873.7727000000014" />
    <tag k="ele" v="0" />
  </node>
  <node id="3901" lat="42.28532174353" lon="-85.60793467874">
    <tag k="local_x" v="1148.7237999999998" />
    <tag k="local_y" v="867.3894" />
    <tag k="ele" v="0" />
  </node>
  <node id="3902" lat="42.28528049409" lon="-85.60790705668">
    <tag k="local_x" v="1151.0761000000002" />
    <tag k="local_y" v="862.8463999999949" />
    <tag k="ele" v="0" />
  </node>
  <node id="3903" lat="42.28522288583" lon="-85.60785143799">
    <tag k="local_x" v="1155.7664000000004" />
    <tag k="local_y" v="856.5246999999945" />
    <tag k="ele" v="0" />
  </node>
  <node id="3904" lat="42.28514020718" lon="-85.60772257334">
    <tag k="local_x" v="1166.5413000000008" />
    <tag k="local_y" v="847.5179999999964" />
    <tag k="ele" v="0" />
  </node>
  <node id="3905" lat="42.28511294027" lon="-85.60767855365">
    <tag k="local_x" v="1170.2201999999997" />
    <tag k="local_y" v="844.5496999999887" />
    <tag k="ele" v="0" />
  </node>
  <node id="3906" lat="42.28507473393" lon="-85.60761288876">
    <tag k="local_x" v="1175.7036000000007" />
    <tag k="local_y" v="840.3958999999886" />
    <tag k="ele" v="0" />
  </node>
  <node id="3907" lat="42.28505017764" lon="-85.60758925233">
    <tag k="local_x" v="1177.6970000000001" />
    <tag k="local_y" v="837.7010999999911" />
    <tag k="ele" v="0" />
  </node>
  <node id="3908" lat="42.28500816472" lon="-85.60756054371">
    <tag k="local_x" v="1180.140300000001" />
    <tag k="local_y" v="833.0747999999876" />
    <tag k="ele" v="0" />
  </node>
  <node id="3909" lat="42.28493902195" lon="-85.60752876984">
    <tag k="local_x" v="1182.8855999999996" />
    <tag k="local_y" v="825.4401999999973" />
    <tag k="ele" v="0" />
  </node>
  <node id="3910" lat="42.28490802099" lon="-85.60753427985">
    <tag k="local_x" v="1182.4876000000004" />
    <tag k="local_y" v="821.9904999999999" />
    <tag k="ele" v="0" />
  </node>
  <node id="3911" lat="42.28487063977" lon="-85.60753930819">
    <tag k="local_x" v="1182.1409000000003" />
    <tag k="local_y" v="817.8329999999987" />
    <tag k="ele" v="0" />
  </node>
  <node id="3912" lat="42.28482294055" lon="-85.60755154137">
    <tag k="local_x" v="1181.2188999999998" />
    <tag k="local_y" v="812.5200999999943" />
    <tag k="ele" v="0" />
  </node>
  <node id="3913" lat="42.28467896159" lon="-85.6075485221">
    <tag k="local_x" v="1181.7293000000009" />
    <tag k="local_y" v="796.5371000000014" />
    <tag k="ele" v="0" />
  </node>
  <node id="3914" lat="42.28463716519" lon="-85.6075106494">
    <tag k="local_x" v="1184.9278000000013" />
    <tag k="local_y" v="791.9471999999951" />
    <tag k="ele" v="0" />
  </node>
  <node id="3915" lat="42.28435750475" lon="-85.60751486973">
    <tag k="local_x" v="1185.0877" />
    <tag k="local_y" v="760.8886999999959" />
    <tag k="ele" v="0" />
  </node>
  <node id="3916" lat="42.28412578049" lon="-85.60751776857">
    <tag k="local_x" v="1185.2695000000003" />
    <tag k="local_y" v="735.1546999999991" />
    <tag k="ele" v="0" />
  </node>
  <node id="3919" lat="42.28539660291" lon="-85.60788238444">
    <tag k="local_x" v="1152.8995000000014" />
    <tag k="local_y" v="875.772100000002" />
    <tag k="ele" v="0" />
  </node>
  <node id="3920" lat="42.28534486336" lon="-85.60785817838">
    <tag k="local_x" v="1154.9892" />
    <tag k="local_y" v="870.059699999998" />
    <tag k="ele" v="0" />
  </node>
  <node id="3921" lat="42.2853152865" lon="-85.60783500404">
    <tag k="local_x" v="1156.9536000000007" />
    <tag k="local_y" v="866.8067999999912" />
    <tag k="ele" v="0" />
  </node>
  <node id="3922" lat="42.28526174925" lon="-85.6077926167">
    <tag k="local_x" v="1160.5456000000013" />
    <tag k="local_y" v="860.9192999999941" />
    <tag k="ele" v="0" />
  </node>
  <node id="3923" lat="42.28518706702" lon="-85.60766887738">
    <tag k="local_x" v="1170.8834000000006" />
    <tag k="local_y" v="852.79359999999" />
    <tag k="ele" v="0" />
  </node>
  <node id="3924" lat="42.28516095399" lon="-85.60762673162">
    <tag k="local_x" v="1174.4057000000012" />
    <tag k="local_y" v="849.9508999999962" />
    <tag k="ele" v="0" />
  </node>
  <node id="3925" lat="42.28511909742" lon="-85.60755549758">
    <tag k="local_x" v="1180.3549000000003" />
    <tag k="local_y" v="845.39929999999" />
    <tag k="ele" v="0" />
  </node>
  <node id="3926" lat="42.28508183018" lon="-85.60751829624">
    <tag k="local_x" v="1183.4898000000012" />
    <tag k="local_y" v="841.3113999999914" />
    <tag k="ele" v="0" />
  </node>
  <node id="3927" lat="42.28503129253" lon="-85.60748390395">
    <tag k="local_x" v="1186.4171999999999" />
    <tag k="local_y" v="835.7461999999941" />
    <tag k="ele" v="0" />
  </node>
  <node id="3928" lat="42.28495063191" lon="-85.6074475991">
    <tag k="local_x" v="1189.5570000000007" />
    <tag k="local_y" v="826.8387999999977" />
    <tag k="ele" v="0" />
  </node>
  <node id="3929" lat="42.28490232959" lon="-85.60745206999">
    <tag k="local_x" v="1189.276100000001" />
    <tag k="local_y" v="821.4694000000018" />
    <tag k="ele" v="0" />
  </node>
  <node id="3930" lat="42.28486165352" lon="-85.60745765245">
    <tag k="local_x" v="1188.8896999999997" />
    <tag k="local_y" v="816.9452999999921" />
    <tag k="ele" v="0" />
  </node>
  <node id="3931" lat="42.28482087366" lon="-85.60746900193">
    <tag k="local_x" v="1188.0280000000002" />
    <tag k="local_y" v="812.4018999999971" />
    <tag k="ele" v="0" />
  </node>
  <node id="3932" lat="42.28468927095" lon="-85.60746704196">
    <tag k="local_x" v="1188.428600000001" />
    <tag k="local_y" v="797.7917000000016" />
    <tag k="ele" v="0" />
  </node>
  <node id="3933" lat="42.28464217385" lon="-85.6074282988">
    <tag k="local_x" v="1191.7085000000006" />
    <tag k="local_y" v="792.6143999999913" />
    <tag k="ele" v="0" />
  </node>
  <node id="3934" lat="42.28435714019" lon="-85.6074322752">
    <tag k="local_x" v="1191.8983000000007" />
    <tag k="local_y" v="760.959600000002" />
    <tag k="ele" v="0" />
  </node>
  <node id="3935" lat="42.28413028782" lon="-85.60743558978">
    <tag k="local_x" v="1192.0370000000003" />
    <tag k="local_y" v="735.7659999999887" />
    <tag k="ele" v="0" />
  </node>
  <node id="3995" lat="42.28397562017" lon="-85.60739456901">
    <tag k="local_x" v="1195.7000836486113" />
    <tag k="local_y" v="718.6474043913477" />
    <tag k="ele" v="0" />
  </node>
  <node id="3996" lat="42.28393312672" lon="-85.60739336953">
    <tag k="local_x" v="1195.8761556152458" />
    <tag k="local_y" v="713.9306542430859" />
    <tag k="ele" v="0" />
    <tag k="direction" v="backward" />
    <tag k="highway" v="stop" />
  </node>
  <node id="4003" lat="42.28411941211" lon="-85.607393017">
    <tag k="local_x" v="1195.5668999999998" />
    <tag k="local_y" v="734.6157999999996" />
    <tag k="ele" v="0" />
  </node>
  <node id="4004" lat="42.28398306608" lon="-85.60739462796">
    <tag k="local_x" v="1195.681700000001" />
    <tag k="local_y" v="719.4740999999922" />
    <tag k="ele" v="0" />
  </node>
  <node id="4006" lat="42.28380246191" lon="-85.60738792341">
    <tag k="local_x" v="1196.5625" />
    <tag k="local_y" v="699.4292999999889" />
    <tag k="ele" v="0" />
  </node>
  <node id="4008" lat="42.28370852296" lon="-85.60741984667">
    <tag k="local_x" v="1194.1010000000006" />
    <tag k="local_y" v="688.9554999999964" />
    <tag k="ele" v="0" />
  </node>
  <node id="4012" lat="42.28380861015" lon="-85.60743781773">
    <tag k="local_x" v="1192.4375" />
    <tag k="local_y" v="700.0446999999986" />
    <tag k="ele" v="0" />
  </node>
  <node id="4014" lat="42.28369609799" lon="-85.60742389713">
    <tag k="local_x" v="1193.7896" />
    <tag k="local_y" v="687.5703999999969" />
    <tag k="ele" v="0" />
  </node>
  <node id="4020" lat="42.28372785087" lon="-85.60745931491">
    <tag k="local_x" v="1190.8117000000002" />
    <tag k="local_y" v="691.0483999999997" />
    <tag k="ele" v="0" />
  </node>
  <node id="4023" lat="42.28373269158" lon="-85.60741163339">
    <tag k="local_x" v="1194.7343" />
    <tag k="local_y" v="691.6501999999891" />
    <tag k="ele" v="0" />
  </node>
  <node id="4027" lat="42.28386940508" lon="-85.60747231453">
    <tag k="local_x" v="1189.4827999999998" />
    <tag k="local_y" v="706.7486999999965" />
    <tag k="ele" v="0" />
  </node>
  <node id="4028" lat="42.2837553975" lon="-85.60750648563">
    <tag k="local_x" v="1186.8724000000002" />
    <tag k="local_y" v="694.0434999999998" />
    <tag k="ele" v="0" />
  </node>
  <node id="4036" lat="42.28528183896" lon="-85.60775390822">
    <tag k="local_x" v="1163.7006000000001" />
    <tag k="local_y" v="863.2021999999997" />
    <tag k="ele" v="0" />
  </node>
  <node id="4037" lat="42.28521063717" lon="-85.60764146996">
    <tag k="local_x" v="1173.1003183766334" />
    <tag k="local_y" v="855.4477254867816" />
    <tag k="ele" v="0" />
  </node>
  <node id="4038" lat="42.28518508136" lon="-85.60760022631">
    <tag k="local_x" v="1176.5472284708412" />
    <tag k="local_y" v="852.6656827394036" />
    <tag k="ele" v="0" />
  </node>
  <node id="4039" lat="42.28514119341" lon="-85.60752592244">
    <tag k="local_x" v="1182.7532207965232" />
    <tag k="local_y" v="847.8926642957085" />
    <tag k="ele" v="0" />
  </node>
  <node id="4040" lat="42.28509780458" lon="-85.60748220033">
    <tag k="local_x" v="1186.43687155525" />
    <tag k="local_y" v="843.133833445303" />
    <tag k="ele" v="0" />
  </node>
  <node id="4041" lat="42.28504267882" lon="-85.60744472646">
    <tag k="local_x" v="1189.6266801225265" />
    <tag k="local_y" v="837.0633382099477" />
    <tag k="ele" v="0" />
  </node>
  <node id="4042" lat="42.28495602622" lon="-85.60740609271">
    <tag k="local_x" v="1192.9693824495753" />
    <tag k="local_y" v="827.493744473235" />
    <tag k="ele" v="0" />
  </node>
  <node id="4043" lat="42.28489945401" lon="-85.60741002044">
    <tag k="local_x" v="1192.7482877871607" />
    <tag k="local_y" v="821.2068081949255" />
    <tag k="ele" v="0" />
  </node>
  <node id="4044" lat="42.28485661778" lon="-85.60741594895">
    <tag k="local_x" v="1192.337282033397" />
    <tag k="local_y" v="816.4423823450488" />
    <tag k="ele" v="0" />
  </node>
  <node id="4045" lat="42.28481935167" lon="-85.60742683921">
    <tag k="local_x" v="1191.5070643242161" />
    <tag k="local_y" v="812.2897585148312" />
    <tag k="ele" v="0" />
  </node>
  <node id="4046" lat="42.28469424114" lon="-85.60742543492">
    <tag k="local_x" v="1191.8500654100826" />
    <tag k="local_y" v="798.399685598386" />
    <tag k="ele" v="0" />
  </node>
  <node id="4047" lat="42.28464434661" lon="-85.6073862283">
    <tag k="local_x" v="1195.1732608090933" />
    <tag k="local_y" v="792.9123926130851" />
    <tag k="ele" v="0" />
  </node>
  <node id="4048" lat="42.28435657511" lon="-85.60739007995">
    <tag k="local_x" v="1195.3783346923483" />
    <tag k="local_y" v="760.9537576448784" />
    <tag k="ele" v="0" />
  </node>
  <node id="4049" lat="42.2841296738" lon="-85.60739207781">
    <tag k="local_x" v="1195.6257000000005" />
    <tag k="local_y" v="735.7564999999886" />
    <tag k="ele" v="0" />
  </node>
  <node id="4052" lat="42.28539771822" lon="-85.60809398678">
    <tag k="local_x" v="1135.4511000000002" />
    <tag k="local_y" v="875.6106999999902" />
    <tag k="ele" v="0" />
  </node>
  <node id="4053" lat="42.28524631601" lon="-85.60866422409">
    <tag k="local_x" v="1088.7104" />
    <tag k="local_y" v="858.0308999999979" />
    <tag k="ele" v="0" />
  </node>
  <node id="4054" lat="42.28515507198" lon="-85.60897782773">
    <tag k="local_x" v="1063.0195999999996" />
    <tag k="local_y" v="847.4768999999942" />
    <tag k="ele" v="0" />
  </node>
  <node id="4055" lat="42.2850619866" lon="-85.60928707674">
    <tag k="local_x" v="1037.6911" />
    <tag k="local_y" v="836.7243999999919" />
    <tag k="ele" v="0" />
  </node>
  <node id="4056" lat="42.28502393022" lon="-85.60941911444">
    <tag k="local_x" v="1026.8737" />
    <tag k="local_y" v="832.3208999999915" />
    <tag k="ele" v="0" />
  </node>
  <node id="4057" lat="42.28487411944" lon="-85.6099484513">
    <tag k="local_x" v="983.5018" />
    <tag k="local_y" v="814.9735999999975" />
    <tag k="ele" v="0" />
  </node>
  <node id="4058" lat="42.28481862462" lon="-85.61014413447">
    <tag k="local_x" v="967.4683999999997" />
    <tag k="local_y" v="808.5481999999902" />
    <tag k="ele" v="0" />
  </node>
  <node id="4061" lat="42.2854463555" lon="-85.60811658879">
    <tag k="local_x" v="1133.4993000000013" />
    <tag k="local_y" v="880.9807999999903" />
    <tag k="ele" v="0" />
  </node>
  <node id="4062" lat="42.28529467955" lon="-85.60868884225">
    <tag k="local_x" v="1086.5928999999996" />
    <tag k="local_y" v="863.3678999999975" />
    <tag k="ele" v="0" />
  </node>
  <node id="4063" lat="42.28520290247" lon="-85.60900431593">
    <tag k="local_x" v="1060.7489000000005" />
    <tag k="local_y" v="852.7521999999881" />
    <tag k="ele" v="0" />
  </node>
  <node id="4064" lat="42.28510978589" lon="-85.60931367136">
    <tag k="local_x" v="1035.4117000000006" />
    <tag k="local_y" v="841.9960999999894" />
    <tag k="ele" v="0" />
  </node>
  <node id="4065" lat="42.28507205628" lon="-85.60944458611">
    <tag k="local_x" v="1024.6863000000012" />
    <tag k="local_y" v="837.6303999999946" />
    <tag k="ele" v="0" />
  </node>
  <node id="4066" lat="42.28492226698" lon="-85.60997384644">
    <tag k="local_x" v="981.3207000000002" />
    <tag k="local_y" v="820.2855999999883" />
    <tag k="ele" v="0" />
  </node>
  <node id="4067" lat="42.28486676086" lon="-85.61016956636">
    <tag k="local_x" v="965.2843000000012" />
    <tag k="local_y" v="813.858899999992" />
    <tag k="ele" v="0" />
  </node>
  <node id="4070" lat="42.28547091222" lon="-85.60812778612">
    <tag k="local_x" v="1132.5315176785043" />
    <tag k="local_y" v="883.6924251159944" />
    <tag k="ele" v="0" />
  </node>
  <node id="4071" lat="42.28531899986" lon="-85.60870093921">
    <tag k="local_x" v="1085.5513887907855" />
    <tag k="local_y" v="866.052069851663" />
    <tag k="ele" v="0" />
  </node>
  <node id="4072" lat="42.28522698654" lon="-85.60901724176">
    <tag k="local_x" v="1059.639486463262" />
    <tag k="local_y" v="855.4090242312814" />
    <tag k="ele" v="0" />
  </node>
  <node id="4073" lat="42.2851338556" lon="-85.60932664556">
    <tag k="local_x" v="1034.2983320625153" />
    <tag k="local_y" v="844.651269528913" />
    <tag k="ele" v="0" />
  </node>
  <node id="4074" lat="42.28509627115" lon="-85.60945706082">
    <tag k="local_x" v="1023.613855240781" />
    <tag k="local_y" v="840.3023610083037" />
    <tag k="ele" v="0" />
  </node>
  <node id="4075" lat="42.28494649128" lon="-85.60998628789">
    <tag k="local_x" v="980.2509949065516" />
    <tag k="local_y" v="822.9586589975661" />
    <tag k="ele" v="0" />
  </node>
  <node id="4076" lat="42.28489098029" lon="-85.61018202369">
    <tag k="local_x" v="964.2133000000013" />
    <tag k="local_y" v="816.5313999999926" />
    <tag k="ele" v="0" />
  </node>
  <node id="4079" lat="42.28710574899" lon="-85.61087986267">
    <tag k="local_x" v="902.6643751161682" />
    <tag k="local_y" v="1061.514933530285" />
    <tag k="ele" v="0" />
  </node>
  <node id="4080" lat="42.286987524" lon="-85.61080534343">
    <tag k="local_x" v="909.022436265137" />
    <tag k="local_y" v="1048.48776458489" />
    <tag k="ele" v="0" />
  </node>
  <node id="4081" lat="42.28661252942" lon="-85.61070744565">
    <tag k="local_x" v="917.7732553370115" />
    <tag k="local_y" v="1006.9809819193033" />
    <tag k="ele" v="0" />
  </node>
  <node id="4082" lat="42.28627540717" lon="-85.61061411354">
    <tag k="local_x" v="926.0791108792637" />
    <tag k="local_y" v="969.6733194006229" />
    <tag k="ele" v="0" />
  </node>
  <node id="4083" lat="42.28596851191" lon="-85.61055430558">
    <tag k="local_x" v="931.5662651171697" />
    <tag k="local_y" v="935.6768890370877" />
    <tag k="ele" v="0" />
  </node>
  <node id="4084" lat="42.28584049155" lon="-85.61053563559">
    <tag k="local_x" v="933.3375587844603" />
    <tag k="local_y" v="921.4869422331831" />
    <tag k="ele" v="0" />
  </node>
  <node id="4085" lat="42.28572854811" lon="-85.61051687866">
    <tag k="local_x" v="935.0868925439318" />
    <tag k="local_y" v="909.0822552205209" />
    <tag k="ele" v="0" />
  </node>
  <node id="4086" lat="42.2855849168" lon="-85.61046533008">
    <tag k="local_x" v="939.5972804537505" />
    <tag k="local_y" v="893.2031488872308" />
    <tag k="ele" v="0" />
  </node>
  <node id="4087" lat="42.2855141665" lon="-85.61042243183">
    <tag k="local_x" v="943.2623998742674" />
    <tag k="local_y" v="885.4049343417573" />
    <tag k="ele" v="0" />
  </node>
  <node id="4088" lat="42.28543910431" lon="-85.61037971405">
    <tag k="local_x" v="946.9204616757143" />
    <tag k="local_y" v="877.1276969253668" />
    <tag k="ele" v="0" />
  </node>
  <node id="4089" lat="42.28535609213" lon="-85.61035124169">
    <tag k="local_x" v="949.4184196965707" />
    <tag k="local_y" v="867.9485423915903" />
    <tag k="ele" v="0" />
  </node>
  <node id="4090" lat="42.28528422246" lon="-85.61034562227">
    <tag k="local_x" v="950.0119875920536" />
    <tag k="local_y" v="859.9758729083696" />
    <tag k="ele" v="0" />
  </node>
  <node id="4091" lat="42.28518625124" lon="-85.61034691971">
    <tag k="local_x" v="950.0825723415546" />
    <tag k="local_y" v="849.0956436001434" />
    <tag k="ele" v="0" />
  </node>
  <node id="4092" lat="42.28508254666" lon="-85.6103484546">
    <tag k="local_x" v="950.1439692882595" />
    <tag k="local_y" v="837.5784763842239" />
    <tag k="ele" v="0" />
  </node>
  <node id="4093" lat="42.28496825827" lon="-85.61033317917">
    <tag k="local_x" v="951.6105474038322" />
    <tag k="local_y" v="824.9087308775197" />
    <tag k="ele" v="0" />
  </node>
  <node id="4094" lat="42.28489709621" lon="-85.61030737208">
    <tag k="local_x" v="953.8672999999999" />
    <tag k="local_y" v="817.0417999999918" />
    <tag k="ele" v="0" />
  </node>
  <node id="4099" lat="42.28667231149" lon="-85.61079525864">
    <tag k="local_x" v="910.4250000000011" />
    <tag k="local_y" v="1013.5008999999991" />
    <tag k="ele" v="0" />
  </node>
  <node id="4100" lat="42.28626710438" lon="-85.61067743676">
    <tag k="local_x" v="920.8733000000011" />
    <tag k="local_y" v="968.6661999999924" />
    <tag k="ele" v="0" />
  </node>
  <node id="4101" lat="42.28596217318" lon="-85.6106180384">
    <tag k="local_x" v="926.3230999999996" />
    <tag k="local_y" v="934.8872999999876" />
    <tag k="ele" v="0" />
  </node>
  <node id="4102" lat="42.28583498169" lon="-85.61059950766">
    <tag k="local_x" v="928.0814000000009" />
    <tag k="local_y" v="920.7891999999993" />
    <tag k="ele" v="0" />
  </node>
  <node id="4103" lat="42.28571898026" lon="-85.61057987597">
    <tag k="local_x" v="929.9102000000003" />
    <tag k="local_y" v="907.9350999999879" />
    <tag k="ele" v="0" />
  </node>
  <node id="4104" lat="42.2855700821" lon="-85.61052644891">
    <tag k="local_x" v="934.585000000001" />
    <tag k="local_y" v="891.4736999999877" />
    <tag k="ele" v="0" />
  </node>
  <node id="4105" lat="42.28549508904" lon="-85.61048137843">
    <tag k="local_x" v="938.4369000000006" />
    <tag k="local_y" v="883.2072999999946" />
    <tag k="ele" v="0" />
  </node>
  <node id="4106" lat="42.28542390069" lon="-85.6104406684">
    <tag k="local_x" v="941.9224000000013" />
    <tag k="local_y" v="875.3574999999983" />
    <tag k="ele" v="0" />
  </node>
  <node id="4107" lat="42.28534841058" lon="-85.61041470572">
    <tag k="local_x" v="944.1998000000003" />
    <tag k="local_y" v="867.0101999999897" />
    <tag k="ele" v="0" />
  </node>
  <node id="4108" lat="42.285283388" lon="-85.61040991412">
    <tag k="local_x" v="944.7127" />
    <tag k="local_y" v="859.7966999999917" />
    <tag k="ele" v="0" />
  </node>
  <node id="4109" lat="42.2851867419" lon="-85.61041121732">
    <tag k="local_x" v="944.7803999999996" />
    <tag k="local_y" v="849.063599999994" />
    <tag k="ele" v="0" />
  </node>
  <node id="4110" lat="42.28508028487" lon="-85.610412684">
    <tag k="local_x" v="944.8523999999998" />
    <tag k="local_y" v="837.2408999999898" />
    <tag k="ele" v="0" />
  </node>
  <node id="4111" lat="42.28496024903" lon="-85.61039656909">
    <tag k="local_x" v="946.3986000000004" />
    <tag k="local_y" v="823.9340999999986" />
    <tag k="ele" v="0" />
  </node>
  <node id="4112" lat="42.28486215422" lon="-85.61036282693">
    <tag k="local_x" v="949.358400000001" />
    <tag k="local_y" v="813.0872999999992" />
    <tag k="ele" v="0" />
  </node>
  <node id="4122" lat="42.28542683531" lon="-85.60790110164">
    <tag k="local_x" v="1151.3014000000003" />
    <tag k="local_y" v="879.1037999999971" />
    <tag k="ele" v="0" />
  </node>
  <node id="4124" lat="42.28544781795" lon="-85.60792555202">
    <tag k="local_x" v="1149.2474000000002" />
    <tag k="local_y" v="881.4006999999983" />
    <tag k="ele" v="0" />
  </node>
  <node id="4125" lat="42.28546240887" lon="-85.60795154525">
    <tag k="local_x" v="1147.077800000001" />
    <tag k="local_y" v="882.9857999999949" />
    <tag k="ele" v="0" />
  </node>
  <node id="4126" lat="42.28547352695" lon="-85.60798976674">
    <tag k="local_x" v="1143.9063000000006" />
    <tag k="local_y" v="884.1687999999995" />
    <tag k="ele" v="0" />
  </node>
  <node id="4127" lat="42.28547922257" lon="-85.60802969893">
    <tag k="local_x" v="1140.6036000000004" />
    <tag k="local_y" v="884.7473999999929" />
    <tag k="ele" v="0" />
  </node>
  <node id="4128" lat="42.28547802609" lon="-85.60807639668">
    <tag k="local_x" v="1136.7556000000004" />
    <tag k="local_y" v="884.5515999999916" />
    <tag k="ele" v="0" />
  </node>
  <node id="4129" lat="42.28547537481" lon="-85.6080971758">
    <tag k="local_x" v="1135.0472000000009" />
    <tag k="local_y" v="884.2292000000016" />
    <tag k="ele" v="0" />
  </node>
  <node id="4130" lat="42.28544919119" lon="-85.60808941136">
    <tag k="local_x" v="1135.7349000000013" />
    <tag k="local_y" v="881.3322999999946" />
    <tag k="ele" v="0" />
  </node>
  <node id="4132" lat="42.28544987988" lon="-85.60805763709">
    <tag k="local_x" v="1138.3534" />
    <tag k="local_y" v="881.4516000000003" />
    <tag k="ele" v="0" />
  </node>
  <node id="4133" lat="42.28544956902" lon="-85.60802728207">
    <tag k="local_x" v="1140.8567000000003" />
    <tag k="local_y" v="881.4579999999987" />
    <tag k="ele" v="0" />
  </node>
  <node id="4134" lat="42.28544550226" lon="-85.60800357017">
    <tag k="local_x" v="1142.8191000000006" />
    <tag k="local_y" v="881.0383999999904" />
    <tag k="ele" v="0" />
  </node>
  <node id="4135" lat="42.28543906111" lon="-85.60798212406">
    <tag k="local_x" v="1144.5990000000002" />
    <tag k="local_y" v="880.3520999999892" />
    <tag k="ele" v="0" />
  </node>
  <node id="4136" lat="42.28542985435" lon="-85.60796113303">
    <tag k="local_x" v="1146.3464000000004" />
    <tag k="local_y" v="879.3580999999976" />
    <tag k="ele" v="0" />
  </node>
  <node id="4137" lat="42.28541419495" lon="-85.60794185962">
    <tag k="local_x" v="1147.9639000000006" />
    <tag k="local_y" v="877.6452999999892" />
    <tag k="ele" v="0" />
  </node>
  <node id="4140" lat="42.28540252778" lon="-85.60806916496">
    <tag k="local_x" v="1137.4889000000003" />
    <tag k="local_y" v="876.1781999999948" />
    <tag k="ele" v="0" />
  </node>
  <node id="4142" lat="42.28540516244" lon="-85.60805369376">
    <tag k="local_x" v="1138.7597000000005" />
    <tag k="local_y" v="876.4915999999939" />
    <tag k="ele" v="0" />
  </node>
  <node id="4143" lat="42.2854057025" lon="-85.60803608672">
    <tag k="local_x" v="1140.2104" />
    <tag k="local_y" v="876.5752999999968" />
    <tag k="ele" v="0" />
  </node>
  <node id="4144" lat="42.2854055274" lon="-85.60801906669">
    <tag k="local_x" v="1141.6139999999996" />
    <tag k="local_y" v="876.5787999999884" />
    <tag k="ele" v="0" />
  </node>
  <node id="4145" lat="42.28540278497" lon="-85.60800177208">
    <tag k="local_x" v="1143.0449000000008" />
    <tag k="local_y" v="876.2975999999908" />
    <tag k="ele" v="0" />
  </node>
  <node id="4146" lat="42.28539605541" lon="-85.6079848333">
    <tag k="local_x" v="1144.4537" />
    <tag k="local_y" v="875.5731999999989" />
    <tag k="ele" v="0" />
  </node>
  <node id="4147" lat="42.28538864706" lon="-85.60797251475">
    <tag k="local_x" v="1145.4827999999998" />
    <tag k="local_y" v="874.767200000002" />
    <tag k="ele" v="0" />
  </node>
  <node id="4148" lat="42.28542806481" lon="-85.60807804492">
    <tag k="local_x" v="1136.7104" />
    <tag k="local_y" v="879.0017999999982" />
    <tag k="ele" v="0" />
  </node>
  <node id="4150" lat="42.28543179302" lon="-85.60805532212">
    <tag k="local_x" v="1138.5771000000004" />
    <tag k="local_y" v="879.4464000000007" />
    <tag k="ele" v="0" />
  </node>
  <node id="4151" lat="42.28543157293" lon="-85.6080276965">
    <tag k="local_x" v="1140.8552" />
    <tag k="local_y" v="879.4591999999975" />
    <tag k="ele" v="0" />
  </node>
  <node id="4152" lat="42.28542908655" lon="-85.60800085456">
    <tag k="local_x" v="1143.0728" />
    <tag k="local_y" v="879.219299999997" />
    <tag k="ele" v="0" />
  </node>
  <node id="4153" lat="42.28542477278" lon="-85.60798201902">
    <tag k="local_x" v="1144.633600000001" />
    <tag k="local_y" v="878.765699999989" />
    <tag k="ele" v="0" />
  </node>
  <node id="4154" lat="42.28541762355" lon="-85.60796218829">
    <tag k="local_x" v="1146.2816000000003" />
    <tag k="local_y" v="877.9985999999917" />
    <tag k="ele" v="0" />
  </node>
  <node id="4155" lat="42.28540738759" lon="-85.60794366023">
    <tag k="local_x" v="1147.827800000001" />
    <tag k="local_y" v="876.8869999999879" />
    <tag k="ele" v="0" />
  </node>
  <node id="4165" lat="42.28524982965" lon="-85.60777286926">
    <tag k="local_x" v="1162.1954000000005" />
    <tag k="local_y" v="859.6223999999929" />
    <tag k="ele" v="0" />
  </node>
  <node id="4169" lat="42.28527736908" lon="-85.60783481294">
    <tag k="local_x" v="1157.0382000000009" />
    <tag k="local_y" v="862.5967999999993" />
    <tag k="ele" v="0" />
  </node>
  <node id="4170" lat="42.28529761758" lon="-85.60780673299">
    <tag k="local_x" v="1159.3166" />
    <tag k="local_y" v="864.8830000000016" />
    <tag k="ele" v="0" />
  </node>
  <node id="4172" lat="42.28528886019" lon="-85.60791265785">
    <tag k="local_x" v="1150.5991000000013" />
    <tag k="local_y" v="863.7678000000014" />
    <tag k="ele" v="0" />
  </node>
  <node id="4180" lat="42.28526108942" lon="-85.60772114102">
    <tag k="local_x" v="1166.4399000000012" />
    <tag k="local_y" v="860.9423999999999" />
    <tag k="ele" v="0" />
  </node>
  <node id="4189" lat="42.2837729194" lon="-85.60745612457">
    <tag k="local_x" v="1190.992900000001" />
    <tag k="local_y" v="696.0570000000007" />
    <tag k="ele" v="0" />
  </node>
  <node id="4190" lat="42.28510545316" lon="-85.60766568508">
    <tag k="local_x" v="1171.2947999999997" />
    <tag k="local_y" v="843.7356999999902" />
    <tag k="ele" v="0" />
  </node>
  <node id="4191" lat="42.28512911943" lon="-85.60764065059">
    <tag k="local_x" v="1173.3158999999996" />
    <tag k="local_y" v="846.3972999999969" />
    <tag k="ele" v="0" />
  </node>
  <node id="4197" lat="42.2851422723" lon="-85.60759493779">
    <tag k="local_x" v="1177.0609999999997" />
    <tag k="local_y" v="847.9193999999989" />
    <tag k="ele" v="0" />
  </node>
  <node id="4198" lat="42.28516660415" lon="-85.60756894378">
    <tag k="local_x" v="1179.1599999999999" />
    <tag k="local_y" v="850.6561999999976" />
    <tag k="ele" v="0" />
  </node>
  <node id="4206" lat="42.28488288298" lon="-85.61021129465">
    <tag k="local_x" v="961.8145999999997" />
    <tag k="local_y" v="815.5928999999887" />
    <tag k="ele" v="0" />
  </node>
  <node id="4210" lat="42.28487127078" lon="-85.61025603288">
    <tag k="local_x" v="958.1470000000008" />
    <tag k="local_y" v="814.2433000000019" />
    <tag k="ele" v="0" />
  </node>
  <node id="4211" lat="42.2848709076" lon="-85.61027971594">
    <tag k="local_x" v="956.1949999999997" />
    <tag k="local_y" v="814.1710999999923" />
    <tag k="ele" v="0" />
  </node>
  <node id="4212" lat="42.28487784046" lon="-85.610297258">
    <tag k="local_x" v="954.7361000000001" />
    <tag k="local_y" v="814.917300000001" />
    <tag k="ele" v="0" />
  </node>
  <node id="4213" lat="42.28485389606" lon="-85.61031321438">
    <tag k="local_x" v="953.4639000000006" />
    <tag k="local_y" v="812.2370999999985" />
    <tag k="ele" v="0" />
  </node>
  <node id="4215" lat="42.28484618125" lon="-85.61029721287">
    <tag k="local_x" v="954.7972000000009" />
    <tag k="local_y" v="811.4020000000019" />
    <tag k="ele" v="0" />
  </node>
  <node id="4216" lat="42.28484537688" lon="-85.61027193752">
    <tag k="local_x" v="956.8826000000008" />
    <tag k="local_y" v="811.3466999999946" />
    <tag k="ele" v="0" />
  </node>
  <node id="4217" lat="42.28484573077" lon="-85.61024949421">
    <tag k="local_x" v="958.7324000000008" />
    <tag k="local_y" v="811.4161999999924" />
    <tag k="ele" v="0" />
  </node>
  <node id="4218" lat="42.28485038032" lon="-85.61022584671">
    <tag k="local_x" v="960.6737000000012" />
    <tag k="local_y" v="811.9642999999924" />
    <tag k="ele" v="0" />
  </node>
  <node id="4219" lat="42.28485129996" lon="-85.61031859106">
    <tag k="local_x" v="953.0253000000012" />
    <tag k="local_y" v="811.941599999991" />
    <tag k="ele" v="0" />
  </node>
  <node id="4221" lat="42.28483781076" lon="-85.61030186626">
    <tag k="local_x" v="954.4287000000004" />
    <tag k="local_y" v="810.4663" />
    <tag k="ele" v="0" />
  </node>
  <node id="4222" lat="42.28482575227" lon="-85.61027314999">
    <tag k="local_x" v="956.8181999999997" />
    <tag k="local_y" v="809.1659999999974" />
    <tag k="ele" v="0" />
  </node>
  <node id="4223" lat="42.28482296287" lon="-85.61024355563">
    <tag k="local_x" v="959.2633000000005" />
    <tag k="local_y" v="808.8960999999981" />
    <tag k="ele" v="0" />
  </node>
  <node id="4224" lat="42.28482775256" lon="-85.61020880857">
    <tag k="local_x" v="962.1195000000007" />
    <tag k="local_y" v="809.4746999999916" />
    <tag k="ele" v="0" />
  </node>
  <node id="4225" lat="42.28484377328" lon="-85.61035378033">
    <tag k="local_x" v="950.1376" />
    <tag k="local_y" v="811.0584999999992" />
    <tag k="ele" v="0" />
  </node>
  <node id="4227" lat="42.28482662366" lon="-85.61033865692">
    <tag k="local_x" v="951.4156000000003" />
    <tag k="local_y" v="809.1745999999985" />
    <tag k="ele" v="0" />
  </node>
  <node id="4228" lat="42.28481215528" lon="-85.61031737995">
    <tag k="local_x" v="953.196100000001" />
    <tag k="local_y" v="807.5966999999946" />
    <tag k="ele" v="0" />
  </node>
  <node id="4229" lat="42.28480239979" lon="-85.61029811583">
    <tag k="local_x" v="954.8021000000008" />
    <tag k="local_y" v="806.5393999999942" />
    <tag k="ele" v="0" />
  </node>
  <node id="4230" lat="42.284796572" lon="-85.61026831658">
    <tag k="local_x" v="957.2695999999996" />
    <tag k="local_y" v="805.9323999999906" />
    <tag k="ele" v="0" />
  </node>
  <node id="4231" lat="42.28479707817" lon="-85.61023592206">
    <tag k="local_x" v="959.9395999999997" />
    <tag k="local_y" v="806.0322000000015" />
    <tag k="ele" v="0" />
  </node>
  <node id="4232" lat="42.2848020662" lon="-85.610204164">
    <tag k="local_x" v="962.5490000000009" />
    <tag k="local_y" v="806.6287999999913" />
    <tag k="ele" v="0" />
  </node>
  <node id="4237" lat="42.28658331577" lon="-85.61073477568">
    <tag k="local_x" v="915.572900000001" />
    <tag k="local_y" v="1003.7004000000015" />
    <tag k="ele" v="0" />
  </node>
  <node id="4239" lat="42.28644745334" lon="-85.61066436198">
    <tag k="local_x" v="921.6244999999999" />
    <tag k="local_y" v="988.7092999999877" />
    <tag k="ele" v="0" />
  </node>
  <node id="4241" lat="42.28649363409" lon="-85.61077778724">
    <tag k="local_x" v="912.1892000000007" />
    <tag k="local_y" v="993.6844999999885" />
    <tag k="ele" v="0" />
  </node>
  <node id="4245" lat="42.2864192088" lon="-85.61072448965">
    <tag k="local_x" v="916.7183000000005" />
    <tag k="local_y" v="985.4921999999933" />
    <tag k="ele" v="0" />
  </node>
  <node id="4246" lat="42.28644036241" lon="-85.61069598147">
    <tag k="local_x" v="919.0303999999996" />
    <tag k="local_y" v="987.8793999999907" />
    <tag k="ele" v="0" />
  </node>
  <node id="4248" lat="42.28656632167" lon="-85.61076422347">
    <tag k="local_x" v="913.1758000000009" />
    <tag k="local_y" v="1001.7737999999954" />
    <tag k="ele" v="0" />
  </node>
  <node id="4249" lat="42.28650510909" lon="-85.61074631275">
    <tag k="local_x" v="914.7633999999998" />
    <tag k="local_y" v="995.0009999999893" />
    <tag k="ele" v="0" />
  </node>
  <node id="4251" lat="42.28656133081" lon="-85.61079657796">
    <tag k="local_x" v="910.5173000000013" />
    <tag k="local_y" v="1001.176099999997" />
    <tag k="ele" v="0" />
  </node>
  <node id="4255" lat="42.28640155896" lon="-85.61071966209">
    <tag k="local_x" v="917.1483000000007" />
    <tag k="local_y" v="983.5388999999996" />
    <tag k="ele" v="0" />
  </node>
  <node id="4258" lat="42.28652681503" lon="-85.61075350366">
    <tag k="local_x" v="914.1311999999998" />
    <tag k="local_y" v="997.4014999999927" />
    <tag k="ele" v="0" />
  </node>
  <node id="4262" lat="42.28661600121" lon="-85.611057446">
    <tag k="local_x" v="888.9103889855796" />
    <tag k="local_y" v="1006.8956573861797" />
    <tag k="ele" v="0" />
  </node>
  <node id="4263" lat="42.28662510219" lon="-85.61084654517">
    <tag k="local_x" v="906.2821000000004" />
    <tag k="local_y" v="1008.1898999999976" />
    <tag k="ele" v="0" />
  </node>
  <node id="4265" lat="42.28657099527" lon="-85.61105392344">
    <tag k="local_x" v="889.2823410257424" />
    <tag k="local_y" v="1001.9030447636324" />
    <tag k="ele" v="0" />
  </node>
  <node id="4266" lat="42.28658009547" lon="-85.6108430234">
    <tag k="local_x" v="906.6540000000005" />
    <tag k="local_y" v="1003.1971999999951" />
    <tag k="ele" v="0" />
  </node>
  <node id="4269" lat="42.2865797402" lon="-85.61082247142">
    <tag k="local_x" v="908.3491000000013" />
    <tag k="local_y" v="1003.1853999999876" />
    <tag k="ele" v="0" />
  </node>
  <node id="4270" lat="42.28657590553" lon="-85.61081236736">
    <tag k="local_x" v="909.1890999999996" />
    <tag k="local_y" v="1002.773199999996" />
    <tag k="ele" v="0" />
  </node>
  <node id="4271" lat="42.28657009177" lon="-85.61080252148">
    <tag k="local_x" v="910.0114000000012" />
    <tag k="local_y" v="1002.1408999999985" />
    <tag k="ele" v="0" />
  </node>
  <node id="4272" lat="42.28660273659" lon="-85.61082341063">
    <tag k="local_x" v="908.2300000000014" />
    <tag k="local_y" v="1005.7375999999931" />
    <tag k="ele" v="0" />
  </node>
  <node id="4274" lat="42.28659880418" lon="-85.61080144781">
    <tag k="local_x" v="910.0478999999996" />
    <tag k="local_y" v="1005.3304999999964" />
    <tag k="ele" v="0" />
  </node>
  <node id="4276" lat="42.28659342665" lon="-85.61078486562">
    <tag k="local_x" v="911.4248000000007" />
    <tag k="local_y" v="1004.7556999999942" />
    <tag k="ele" v="0" />
  </node>
  <node id="4277" lat="42.28658680264" lon="-85.61077496962">
    <tag k="local_x" v="912.2527000000009" />
    <tag k="local_y" v="1004.0334999999905" />
    <tag k="ele" v="0" />
  </node>
  <node id="4278" lat="42.28657821363" lon="-85.61076798045">
    <tag k="local_x" v="912.8445000000011" />
    <tag k="local_y" v="1003.0891999999876" />
    <tag k="ele" v="0" />
  </node>
  <node id="4279" lat="42.28662569875" lon="-85.61082323353">
    <tag k="local_x" v="908.2030000000013" />
    <tag k="local_y" v="1008.2874999999913" />
    <tag k="ele" v="0" />
  </node>
  <node id="4281" lat="42.28662492777" lon="-85.6108010763">
    <tag k="local_x" v="910.0312000000013" />
    <tag k="local_y" v="1008.2316999999894" />
    <tag k="ele" v="0" />
  </node>
  <node id="4282" lat="42.28662114829" lon="-85.61078006708">
    <tag k="local_x" v="911.7702000000008" />
    <tag k="local_y" v="1007.8402999999962" />
    <tag k="ele" v="0" />
  </node>
  <node id="4283" lat="42.28661283152" lon="-85.61076105698">
    <tag k="local_x" v="913.3526000000002" />
    <tag k="local_y" v="1006.9423999999999" />
    <tag k="ele" v="0" />
  </node>
  <node id="4284" lat="42.28660375731" lon="-85.61074776777">
    <tag k="local_x" v="914.4647000000004" />
    <tag k="local_y" v="1005.9526999999944" />
    <tag k="ele" v="0" />
  </node>
  <node id="4288" lat="42.28666746073" lon="-85.61082512852">
    <tag k="local_x" v="907.9711000000007" />
    <tag k="local_y" v="1012.9220999999961" />
    <tag k="ele" v="0" />
  </node>
  <node id="4291" lat="42.2866429909" lon="-85.61082500157">
    <tag k="local_x" v="908.0259000000005" />
    <tag k="local_y" v="1010.2051999999967" />
    <tag k="ele" v="0" />
  </node>
  <node id="4294" lat="42.28663259029" lon="-85.61083335775">
    <tag k="local_x" v="907.3558000000012" />
    <tag k="local_y" v="1009.0390999999945" />
    <tag k="ele" v="0" />
  </node>
  <node id="4295" lat="42.28660614815" lon="-85.61082802715">
    <tag k="local_x" v="907.8432000000012" />
    <tag k="local_y" v="1006.1101999999955" />
    <tag k="ele" v="0" />
  </node>
  <node id="4297" lat="42.28661233736" lon="-85.61081288883">
    <tag k="local_x" v="909.080100000001" />
    <tag k="local_y" v="1006.8177999999898" />
    <tag k="ele" v="0" />
  </node>
  <node id="4298" lat="42.28662189583" lon="-85.6108014037">
    <tag k="local_x" v="910.0097000000005" />
    <tag k="local_y" v="1007.8945999999996" />
    <tag k="ele" v="0" />
  </node>
  <node id="4299" lat="42.2866339104" lon="-85.61079521103">
    <tag k="local_x" v="910.4984999999997" />
    <tag k="local_y" v="1009.2369999999937" />
    <tag k="ele" v="0" />
  </node>
  <node id="4300" lat="42.28664667244" lon="-85.6107928068">
    <tag k="local_x" v="910.6736000000001" />
    <tag k="local_y" v="1010.6572999999917" />
    <tag k="ele" v="0" />
  </node>
  <node id="4303" lat="42.28667481517" lon="-85.61075824299">
    <tag k="local_x" v="913.4723000000013" />
    <tag k="local_y" v="1013.8286999999982" />
    <tag k="ele" v="0" />
  </node>
  <node id="4305" lat="42.28667775173" lon="-85.61072447325">
    <tag k="local_x" v="916.2512000000006" />
    <tag k="local_y" v="1014.200199999992" />
    <tag k="ele" v="0" />
  </node>
  <node id="4307" lat="42.28660555528" lon="-85.61081848983">
    <tag k="local_x" v="908.6306000000004" />
    <tag k="local_y" v="1006.0571999999956" />
    <tag k="ele" v="0" />
  </node>
  <node id="4309" lat="42.28661163388" lon="-85.61079786437">
    <tag k="local_x" v="910.3201000000008" />
    <tag k="local_y" v="1006.75989999999" />
    <tag k="ele" v="0" />
  </node>
  <node id="4310" lat="42.28661848094" lon="-85.61078447029">
    <tag k="local_x" v="911.4120000000003" />
    <tag k="local_y" v="1007.5381999999954" />
    <tag k="ele" v="0" />
  </node>
  <node id="4311" lat="42.28662909965" lon="-85.61077449132">
    <tag k="local_x" v="912.2155000000002" />
    <tag k="local_y" v="1008.7307000000001" />
    <tag k="ele" v="0" />
  </node>
  <node id="4313" lat="42.28663815645" lon="-85.61076857833">
    <tag k="local_x" v="912.6866000000009" />
    <tag k="local_y" v="1009.7442999999912" />
    <tag k="ele" v="0" />
  </node>
  <node id="4314" lat="42.28664917909" lon="-85.61076354395">
    <tag k="local_x" v="913.0817000000006" />
    <tag k="local_y" v="1010.9749999999913" />
    <tag k="ele" v="0" />
  </node>
  <node id="4315" lat="42.28666058079" lon="-85.61076043458">
    <tag k="local_x" v="913.3173999999999" />
    <tag k="local_y" v="1012.2451999999903" />
    <tag k="ele" v="0" />
  </node>
  <node id="4316" lat="42.28658155299" lon="-85.61081696142">
    <tag k="local_x" v="908.8001000000004" />
    <tag k="local_y" v="1003.3940999999904" />
    <tag k="ele" v="0" />
  </node>
  <node id="4318" lat="42.28658609728" lon="-85.6107986657">
    <tag k="local_x" v="910.3003000000008" />
    <tag k="local_y" v="1003.9232999999949" />
    <tag k="ele" v="0" />
  </node>
  <node id="4319" lat="42.28659172583" lon="-85.61078118305">
    <tag k="local_x" v="911.7314999999999" />
    <tag k="local_y" v="1004.5717999999906" />
    <tag k="ele" v="0" />
  </node>
  <node id="4322" lat="42.28659777306" lon="-85.61076659122">
    <tag k="local_x" v="912.9236000000001" />
    <tag k="local_y" v="1005.2629000000015" />
    <tag k="ele" v="0" />
  </node>
  <node id="4323" lat="42.28660455786" lon="-85.61075400508">
    <tag k="local_x" v="913.9490000000005" />
    <tag k="local_y" v="1006.0331999999908" />
    <tag k="ele" v="0" />
  </node>
  <node id="4324" lat="42.28661384859" lon="-85.6107443573">
    <tag k="local_x" v="914.7276000000002" />
    <tag k="local_y" v="1007.0777999999991" />
    <tag k="ele" v="0" />
  </node>
  <node id="4325" lat="42.28662624902" lon="-85.61073619126">
    <tag k="local_x" v="915.3783999999996" />
    <tag k="local_y" v="1008.4657000000007" />
    <tag k="ele" v="0" />
  </node>
  <node id="4326" lat="42.28663926864" lon="-85.61073126095">
    <tag k="local_x" v="915.7613000000001" />
    <tag k="local_y" v="1009.9179999999906" />
    <tag k="ele" v="0" />
  </node>
  <node id="4327" lat="42.28665197116" lon="-85.61072721454">
    <tag k="local_x" v="916.0719000000008" />
    <tag k="local_y" v="1011.3338999999978" />
    <tag k="ele" v="0" />
  </node>
  <node id="4328" lat="42.28665955189" lon="-85.61079273482">
    <tag k="local_x" v="910.6562000000013" />
    <tag k="local_y" v="1012.0874999999942" />
    <tag k="ele" v="0" />
  </node>
  <node id="4329" lat="42.286655213" lon="-85.61082322658">
    <tag k="local_x" v="908.1501000000007" />
    <tag k="local_y" v="1011.5646999999881" />
    <tag k="ele" v="0" />
  </node>
  <node id="4333" lat="42.28658685164" lon="-85.61070074418">
    <tag k="local_x" v="918.3723000000009" />
    <tag k="local_y" v="1004.1388000000006" />
    <tag k="ele" v="0" />
  </node>
  <node id="4343" lat="42.28651169271" lon="-85.61071533872">
    <tag k="local_x" v="917.3052000000007" />
    <tag k="local_y" v="995.7736999999906" />
    <tag k="ele" v="0" />
  </node>
  <node id="4344" lat="42.28651651692" lon="-85.61068238752">
    <tag k="local_x" v="920.0132000000012" />
    <tag k="local_y" v="996.3536999999924" />
    <tag k="ele" v="0" />
  </node>
  <node id="4365" lat="42.27836879109" lon="-85.61426153041">
    <tag k="local_x" v="639.646200000001" />
    <tag k="local_y" v="86.84159999999974" />
    <tag k="ele" v="0" />
  </node>
  <node id="4366" lat="42.2783532975" lon="-85.61421587322">
    <tag k="local_x" v="643.4390000000003" />
    <tag k="local_y" v="85.18249999999534" />
    <tag k="ele" v="0" />
  </node>
  <node id="4378" lat="42.27774248437" lon="-85.61775483006">
    <tag k="local_x" v="352.72450000000026" />
    <tag k="local_y" v="12.616399999998976" />
    <tag k="ele" v="0" />
  </node>
  <node id="4381" lat="42.27770575757" lon="-85.61776323664">
    <tag k="local_x" v="352.09749999999985" />
    <tag k="local_y" v="8.52709999999206" />
    <tag k="ele" v="0" />
  </node>
  <node id="4382" lat="42.27773743557" lon="-85.6177413785">
    <tag k="local_x" v="353.84280000000035" />
    <tag k="local_y" v="12.0737999999983" />
    <tag k="ele" v="0" />
  </node>
  <node id="4388" lat="42.27775179615" lon="-85.61778004891">
    <tag k="local_x" v="350.628200000001" />
    <tag k="local_y" v="13.616599999993923" />
    <tag k="ele" v="0" />
  </node>
  <node id="4389" lat="42.27772898013" lon="-85.61782014676">
    <tag k="local_x" v="347.3629000000001" />
    <tag k="local_y" v="11.029499999989639" />
    <tag k="ele" v="0" />
  </node>
  <node id="4395" lat="42.27779994545" lon="-85.61795351886">
    <tag k="local_x" v="336.2373000000007" />
    <tag k="local_y" v="18.730799999990268" />
    <tag k="ele" v="0" />
  </node>
  <node id="4399" lat="42.27776771725" lon="-85.61789805092">
    <tag k="local_x" v="340.869200000001" />
    <tag k="local_y" v="15.226499999989755" />
    <tag k="ele" v="0" />
  </node>
  <node id="4414" lat="42.27770554521" lon="-85.61741253193">
    <tag k="local_x" v="381.01660000000084" />
    <tag k="local_y" v="8.972999999998137" />
    <tag k="ele" v="0" />
  </node>
  <node id="4415" lat="42.27766442464" lon="-85.61741602742">
    <tag k="local_x" v="380.8024999999998" />
    <tag k="local_y" v="4.402399999991758" />
    <tag k="ele" v="0" />
  </node>
  <node id="4421" lat="42.27770083299" lon="-85.61691119476">
    <tag k="local_x" v="422.3648000000012" />
    <tag k="local_y" v="9.121099999989383" />
    <tag k="ele" v="0" />
  </node>
  <node id="4422" lat="42.27765952792" lon="-85.61691126503">
    <tag k="local_x" v="422.433500000001" />
    <tag k="local_y" v="4.534599999999045" />
    <tag k="ele" v="0" />
  </node>
  <node id="4428" lat="42.2778640542" lon="-85.61656117978">
    <tag k="local_x" v="450.9322000000011" />
    <tag k="local_y" v="27.71359999998822" />
    <tag k="ele" v="0" />
  </node>
  <node id="4429" lat="42.27784756803" lon="-85.61651066043">
    <tag k="local_x" v="455.1277000000009" />
    <tag k="local_y" v="25.950700000001234" />
    <tag k="ele" v="0" />
  </node>
  <node id="4439" lat="42.27773838004" lon="-85.6167155333">
    <tag k="local_x" v="438.4310999999998" />
    <tag k="local_y" v="13.55229999999574" />
    <tag k="ele" v="0" />
  </node>
  <node id="4447" lat="42.27880883237" lon="-85.61840510107">
    <tag k="local_x" v="297.1828000000005" />
    <tag k="local_y" v="130.15069999999832" />
    <tag k="ele" v="0" />
  </node>
  <node id="4448" lat="42.27877615646" lon="-85.6184176223">
    <tag k="local_x" v="296.20920000000115" />
    <tag k="local_y" v="126.50569999999425" />
    <tag k="ele" v="0" />
  </node>
  <node id="4457" lat="42.28021758414" lon="-85.62011282575">
    <tag k="local_x" v="153.83330000000024" />
    <tag k="local_y" v="284.2914999999921" />
    <tag k="ele" v="0" />
  </node>
  <node id="4458" lat="42.28021784688" lon="-85.62015104908">
    <tag k="local_x" v="150.6810999999998" />
    <tag k="local_y" v="284.2695999999996" />
    <tag k="ele" v="0" />
  </node>
  <node id="4464" lat="42.27889682498" lon="-85.61911578475">
    <tag k="local_x" v="238.4232000000011" />
    <tag k="local_y" v="138.97060000000056" />
    <tag k="ele" v="0" />
  </node>
  <node id="4465" lat="42.27892045841" lon="-85.61912565221">
    <tag k="local_x" v="237.56700000000092" />
    <tag k="local_y" v="141.58159999999043" />
    <tag k="ele" v="0" />
  </node>
  <node id="4471" lat="42.27879431445" lon="-85.61964056312">
    <tag k="local_x" v="195.33590000000004" />
    <tag k="local_y" v="126.88649999999325" />
    <tag k="ele" v="0" />
  </node>
  <node id="4472" lat="42.27881996946" lon="-85.61963724531">
    <tag k="local_x" v="195.5632999999998" />
    <tag k="local_y" v="129.7396000000008" />
    <tag k="ele" v="0" />
  </node>
  <node id="4478" lat="42.28113427262" lon="-85.62009982069">
    <tag k="local_x" v="153.25610000000052" />
    <tag k="local_y" v="386.09560000000056" />
    <tag k="ele" v="0" />
  </node>
  <node id="4479" lat="42.28113402089" lon="-85.62006154199">
    <tag k="local_x" v="156.41280000000006" />
    <tag k="local_y" v="386.11879999999655" />
    <tag k="ele" v="0" />
  </node>
  <node id="4485" lat="42.28112753154" lon="-85.62013970007">
    <tag k="local_x" v="149.98000000000138" />
    <tag k="local_y" v="385.29379999999946" />
    <tag k="ele" v="0" />
  </node>
  <node id="4486" lat="42.28112726788" lon="-85.62009990443">
    <tag k="local_x" v="153.26180000000022" />
    <tag k="local_y" v="385.3176999999996" />
    <tag k="ele" v="0" />
  </node>
  <node id="4492" lat="42.28091593321" lon="-85.62014244404">
    <tag k="local_x" v="150.13450000000012" />
    <tag k="local_y" v="361.79479999998875" />
    <tag k="ele" v="0" />
  </node>
  <node id="4493" lat="42.28091562979" lon="-85.62010278645">
    <tag k="local_x" v="153.40500000000065" />
    <tag k="local_y" v="361.8140999999887" />
    <tag k="ele" v="0" />
  </node>
  <node id="4509" lat="42.27798093499" lon="-85.61631810909">
    <tag k="local_x" v="470.7646000000004" />
    <tag k="local_y" v="41.017399999997" />
    <tag k="ele" v="0" />
  </node>
  <node id="4510" lat="42.27801081281" lon="-85.61635934792">
    <tag k="local_x" v="467.3101999999999" />
    <tag k="local_y" v="44.27969999999914" />
    <tag k="ele" v="0" />
  </node>
  <node id="4516" lat="42.27785832064" lon="-85.6165647336">
    <tag k="local_x" v="450.64950000000135" />
    <tag k="local_y" v="27.072199999995064" />
    <tag k="ele" v="0" />
  </node>
  <node id="4517" lat="42.27784186059" lon="-85.61651384016">
    <tag k="local_x" v="454.8757999999998" />
    <tag k="local_y" v="25.312699999994948" />
    <tag k="ele" v="0" />
  </node>
  <node id="4529" lat="42.2793614796" lon="-85.61605250622">
    <tag k="local_x" v="490.1743999999999" />
    <tag k="local_y" v="194.66539999999804" />
    <tag k="ele" v="0" />
  </node>
  <node id="4530" lat="42.27936079402" lon="-85.61611427241">
    <tag k="local_x" v="485.08259999999973" />
    <tag k="local_y" v="194.5064999999886" />
    <tag k="ele" v="0" />
  </node>
  <node id="4536" lat="42.27930274729" lon="-85.61605132492">
    <tag k="local_x" v="490.3778000000002" />
    <tag k="local_y" v="188.14549999999872" />
    <tag k="ele" v="0" />
  </node>
  <node id="4537" lat="42.27930206171" lon="-85.61611309104">
    <tag k="local_x" v="485.28600000000006" />
    <tag k="local_y" v="187.98659999998927" />
    <tag k="ele" v="0" />
  </node>
  <node id="4545" lat="42.2777151217" lon="-85.61768193091">
    <tag k="local_x" v="358.78499999999985" />
    <tag k="local_y" v="9.675699999992503" />
    <tag k="ele" v="0" />
  </node>
  <node id="4546" lat="42.27775153509" lon="-85.61765664149">
    <tag k="local_x" v="360.8047000000006" />
    <tag k="local_y" v="13.752800000002026" />
    <tag k="ele" v="0" />
  </node>
  <node id="4568" lat="42.28696099565" lon="-85.61086371196">
    <tag k="local_x" v="904.2582000000002" />
    <tag k="local_y" v="1045.4635999999882" />
    <tag k="ele" v="0" />
  </node>
  <node id="4569" lat="42.28696192982" lon="-85.61083578254">
    <tag k="local_x" v="906.5591999999997" />
    <tag k="local_y" v="1045.6048999999912" />
    <tag k="ele" v="0" />
  </node>
  <node id="4576" lat="42.28698954892" lon="-85.61084199576">
    <tag k="local_x" v="905.9969000000001" />
    <tag k="local_y" v="1048.6633000000002" />
    <tag k="ele" v="0" />
  </node>
  <node id="4587" lat="42.28717144403" lon="-85.61103698573">
    <tag k="local_x" v="889.5910999999996" />
    <tag k="local_y" v="1068.598199999993" />
    <tag k="ele" v="0" />
  </node>
  <node id="4588" lat="42.28707899796" lon="-85.61093580104">
    <tag k="local_x" v="898.1009077006656" />
    <tag k="local_y" v="1058.469317040188" />
    <tag k="ele" v="0" />
  </node>
  <node id="4589" lat="42.28698020704" lon="-85.6108700202">
    <tag k="local_x" v="903.703300000001" />
    <tag k="local_y" v="1047.5882999999885" />
    <tag k="ele" v="0" />
  </node>
  <node id="4595" lat="42.28719880154" lon="-85.61099186729">
    <tag k="local_x" v="893.2614000000012" />
    <tag k="local_y" v="1071.6965999999957" />
    <tag k="ele" v="0" />
  </node>
  <node id="4598" lat="42.28741301561" lon="-85.61452821741">
    <tag k="local_x" v="601.3145999999997" />
    <tag k="local_y" v="1090.7316999999894" />
    <tag k="ele" v="0" />
  </node>
  <node id="4599" lat="42.28733287743" lon="-85.61443367598">
    <tag k="local_x" v="609.2540000000008" />
    <tag k="local_y" v="1081.9602000000014" />
    <tag k="ele" v="0" />
  </node>
  <node id="4600" lat="42.28732393322" lon="-85.6143992871">
    <tag k="local_x" v="612.1054000000004" />
    <tag k="local_y" v="1081.0132000000012" />
    <tag k="ele" v="0" />
  </node>
  <node id="4601" lat="42.28730504657" lon="-85.6143022365">
    <tag k="local_x" v="620.1409999999996" />
    <tag k="local_y" v="1079.0463000000018" />
    <tag k="ele" v="0" />
  </node>
  <node id="4602" lat="42.28729839118" lon="-85.61416311368">
    <tag k="local_x" v="631.6232" />
    <tag k="local_y" v="1078.4939999999915" />
    <tag k="ele" v="0" />
  </node>
  <node id="4603" lat="42.2873089754" lon="-85.6140190451">
    <tag k="local_x" v="643.482" />
    <tag k="local_y" v="1079.862599999993" />
    <tag k="ele" v="0" />
  </node>
  <node id="4604" lat="42.28733050627" lon="-85.61373240264">
    <tag k="local_x" v="667.0757000000012" />
    <tag k="local_y" v="1082.6380999999965" />
    <tag k="ele" v="0" />
  </node>
  <node id="4605" lat="42.28734098351" lon="-85.61351830889">
    <tag k="local_x" v="684.7080000000005" />
    <tag k="local_y" v="1084.088899999988" />
    <tag k="ele" v="0" />
  </node>
  <node id="4606" lat="42.28733797568" lon="-85.61339499034">
    <tag k="local_x" v="694.8806000000004" />
    <tag k="local_y" v="1083.920499999993" />
    <tag k="ele" v="0" />
  </node>
  <node id="4607" lat="42.28733467417" lon="-85.613302132">
    <tag k="local_x" v="702.5424000000003" />
    <tag k="local_y" v="1083.6785999999993" />
    <tag k="ele" v="0" />
  </node>
  <node id="4608" lat="42.28732208048" lon="-85.61318256305">
    <tag k="local_x" v="712.4232000000011" />
    <tag k="local_y" v="1082.4407999999967" />
    <tag k="ele" v="0" />
  </node>
  <node id="4609" lat="42.28731099038" lon="-85.61306594855">
    <tag k="local_x" v="722.0577000000012" />
    <tag k="local_y" v="1081.3659999999945" />
    <tag k="ele" v="0" />
  </node>
  <node id="4610" lat="42.2873007824" lon="-85.61287820912">
    <tag k="local_x" v="737.5546000000013" />
    <tag k="local_y" v="1080.4847000000009" />
    <tag k="ele" v="0" />
  </node>
  <node id="4611" lat="42.28730106299" lon="-85.61265679602">
    <tag k="local_x" v="755.8088000000007" />
    <tag k="local_y" v="1080.8132999999943" />
    <tag k="ele" v="0" />
  </node>
  <node id="4612" lat="42.28732243598" lon="-85.61231288786">
    <tag k="local_x" v="784.1241000000009" />
    <tag k="local_y" v="1083.6486000000004" />
    <tag k="ele" v="0" />
  </node>
  <node id="4613" lat="42.28735265654" lon="-85.6116632676">
    <tag k="local_x" v="837.628200000001" />
    <tag k="local_y" v="1087.8773999999976" />
    <tag k="ele" v="0" />
  </node>
  <node id="4614" lat="42.28735806865" lon="-85.61146026154">
    <tag k="local_x" v="854.3554999999997" />
    <tag k="local_y" v="1088.751299999989" />
    <tag k="ele" v="0" />
  </node>
  <node id="4615" lat="42.28732005861" lon="-85.61124338761">
    <tag k="local_x" v="872.3047999999999" />
    <tag k="local_y" v="1084.82239999999" />
    <tag k="ele" v="0" />
  </node>
  <node id="4616" lat="42.28725782915" lon="-85.61108895053">
    <tag k="local_x" v="885.1503000000012" />
    <tag k="local_y" v="1078.120299999995" />
    <tag k="ele" v="0" />
  </node>
  <node id="4617" lat="42.28721037727" lon="-85.61100847599">
    <tag k="local_x" v="891.8711000000003" />
    <tag k="local_y" v="1072.959600000002" />
    <tag k="ele" v="0" />
  </node>
  <node id="4619" lat="42.28739160719" lon="-85.61457320774">
    <tag k="local_x" v="597.6440000000002" />
    <tag k="local_y" v="1088.2941999999894" />
    <tag k="ele" v="0" />
  </node>
  <node id="4620" lat="42.28730138076" lon="-85.61447346447">
    <tag k="local_x" v="606.0305000000008" />
    <tag k="local_y" v="1078.4094999999943" />
    <tag k="ele" v="0" />
  </node>
  <node id="4621" lat="42.28728115542" lon="-85.61441326594">
    <tag k="local_x" v="611.0302000000011" />
    <tag k="local_y" v="1076.2445000000007" />
    <tag k="ele" v="0" />
  </node>
  <node id="4622" lat="42.28726061786" lon="-85.61430636759">
    <tag k="local_x" v="619.8806999999997" />
    <tag k="local_y" v="1074.1074999999983" />
    <tag k="ele" v="0" />
  </node>
  <node id="4623" lat="42.28725346616" lon="-85.61415673134">
    <tag k="local_x" v="632.2306000000008" />
    <tag k="local_y" v="1073.5141999999905" />
    <tag k="ele" v="0" />
  </node>
  <node id="4624" lat="42.28726428299" lon="-85.61400732096">
    <tag k="local_x" v="644.5294000000013" />
    <tag k="local_y" v="1074.915799999988" />
    <tag k="ele" v="0" />
  </node>
  <node id="4625" lat="42.28728575176" lon="-85.61372157762">
    <tag k="local_x" v="668.0491000000002" />
    <tag k="local_y" v="1077.6831999999995" />
    <tag k="ele" v="0" />
  </node>
  <node id="4626" lat="42.28729607219" lon="-85.61351112618">
    <tag k="local_x" v="685.3814000000002" />
    <tag k="local_y" v="1079.111699999994" />
    <tag k="ele" v="0" />
  </node>
  <node id="4627" lat="42.2872930801" lon="-85.61339231212">
    <tag k="local_x" v="695.1826000000001" />
    <tag k="local_y" v="1078.9389999999985" />
    <tag k="ele" v="0" />
  </node>
  <node id="4628" lat="42.28728998608" lon="-85.61330343007">
    <tag k="local_x" v="702.5162" />
    <tag k="local_y" v="1078.7148000000016" />
    <tag k="ele" v="0" />
  </node>
  <node id="4629" lat="42.28727758165" lon="-85.61318603179">
    <tag k="local_x" v="712.2177000000011" />
    <tag k="local_y" v="1077.4951" />
    <tag k="ele" v="0" />
  </node>
  <node id="4630" lat="42.28726626996" lon="-85.6130668072">
    <tag k="local_x" v="722.0678000000007" />
    <tag k="local_y" v="1076.3991999999998" />
    <tag k="ele" v="0" />
  </node>
  <node id="4631" lat="42.28725587512" lon="-85.61287508639">
    <tag k="local_x" v="737.8932999999997" />
    <tag k="local_y" v="1075.5024999999878" />
    <tag k="ele" v="0" />
  </node>
  <node id="4632" lat="42.28725619326" lon="-85.61264821696">
    <tag k="local_x" v="756.5973000000013" />
    <tag k="local_y" v="1075.842599999989" />
    <tag k="ele" v="0" />
  </node>
  <node id="4633" lat="42.28727762105" lon="-85.61230310949">
    <tag k="local_x" v="785.0114000000012" />
    <tag k="local_y" v="1078.685599999997" />
    <tag k="ele" v="0" />
  </node>
  <node id="4634" lat="42.28730780146" lon="-85.61165434203">
    <tag k="local_x" v="838.4453000000012" />
    <tag k="local_y" v="1082.9087999999902" />
    <tag k="ele" v="0" />
  </node>
  <node id="4635" lat="42.28731339134" lon="-85.6114617038">
    <tag k="local_x" v="854.317500000001" />
    <tag k="local_y" v="1083.788499999995" />
    <tag k="ele" v="0" />
  </node>
  <node id="4636" lat="42.28727804125" lon="-85.61126041083">
    <tag k="local_x" v="870.9773999999998" />
    <tag k="local_y" v="1080.133999999991" />
    <tag k="ele" v="0" />
  </node>
  <node id="4637" lat="42.28722054271" lon="-85.61111884194">
    <tag k="local_x" v="882.7533999999996" />
    <tag k="local_y" v="1073.9398999999976" />
    <tag k="ele" v="0" />
  </node>
  <node id="4638" lat="42.28718016803" lon="-85.61105155149">
    <tag k="local_x" v="888.3744000000006" />
    <tag k="local_y" v="1069.547299999991" />
    <tag k="ele" v="0" />
  </node>
  <node id="4643" lat="42.2877359161" lon="-85.61472416832">
    <tag k="local_x" v="584.5758000000005" />
    <tag k="local_y" v="1126.3228999999992" />
    <tag k="ele" v="0" />
  </node>
  <node id="4644" lat="42.28768077472" lon="-85.61471040443">
    <tag k="local_x" v="585.8101999999999" />
    <tag k="local_y" v="1120.2185999999929" />
    <tag k="ele" v="0" />
  </node>
  <node id="4645" lat="42.28761035625" lon="-85.61468655399">
    <tag k="local_x" v="587.9038" />
    <tag k="local_y" v="1112.4314999999915" />
    <tag k="ele" v="0" />
  </node>
  <node id="4646" lat="42.28754800847" lon="-85.61465789582">
    <tag k="local_x" v="590.3792000000012" />
    <tag k="local_y" v="1105.5469999999914" />
    <tag k="ele" v="0" />
  </node>
  <node id="4647" lat="42.28751224206" lon="-85.6146399947">
    <tag k="local_x" v="591.9197000000004" />
    <tag k="local_y" v="1101.5996000000014" />
    <tag k="ele" v="0" />
  </node>
  <node id="4648" lat="42.28742640153" lon="-85.614542707">
    <tag k="local_x" v="600.095800000001" />
    <tag k="local_y" v="1092.1985999999888" />
    <tag k="ele" v="0" />
  </node>
  <node id="4650" lat="42.28772239444" lon="-85.61478424328">
    <tag k="local_x" v="579.6473000000005" />
    <tag k="local_y" v="1124.7408999999898" />
    <tag k="ele" v="0" />
  </node>
  <node id="4651" lat="42.28768050719" lon="-85.61477562642">
    <tag k="local_x" v="580.4333999999999" />
    <tag k="local_y" v="1120.1013999999996" />
    <tag k="ele" v="0" />
  </node>
  <node id="4652" lat="42.28760730061" lon="-85.61475029538">
    <tag k="local_x" v="582.6540999999997" />
    <tag k="local_y" v="1112.006699999998" />
    <tag k="ele" v="0" />
  </node>
  <node id="4653" lat="42.28754200612" lon="-85.61472022318">
    <tag k="local_x" v="585.251400000001" />
    <tag k="local_y" v="1104.7969000000012" />
    <tag k="ele" v="0" />
  </node>
  <node id="4654" lat="42.28749437737" lon="-85.61469198597">
    <tag k="local_x" v="587.665500000001" />
    <tag k="local_y" v="1099.546199999997" />
    <tag k="ele" v="0" />
  </node>
  <node id="4655" lat="42.28740365313" lon="-85.61458725852">
    <tag k="local_x" v="596.4638000000014" />
    <tag k="local_y" v="1089.6128999999928" />
    <tag k="ele" v="0" />
  </node>
  <node id="4659" lat="42.28261927547" lon="-85.61947494598">
    <tag k="local_x" v="202.10630000000128" />
    <tag k="local_y" v="551.8217000000004" />
    <tag k="ele" v="0" />
  </node>
  <node id="4660" lat="42.2826406541" lon="-85.61943644513">
    <tag k="local_x" v="205.2422999999999" />
    <tag k="local_y" v="554.2469999999885" />
    <tag k="ele" v="0" />
  </node>
  <node id="4681" lat="42.28356922979" lon="-85.6201802205">
    <tag k="local_x" v="142.2453000000005" />
    <tag k="local_y" v="656.3595999999961" />
    <tag k="ele" v="0" />
  </node>
  <node id="4688" lat="42.28354485389" lon="-85.62020765808">
    <tag k="local_x" v="140.02690000000075" />
    <tag k="local_y" v="653.6162999999942" />
    <tag k="ele" v="0" />
  </node>
  <node id="4689" lat="42.2843430868" lon="-85.62146411502">
    <tag k="local_x" v="34.99539999999979" />
    <tag k="local_y" v="740.5720000000001" />
    <tag k="ele" v="0" />
  </node>
  <node id="4692" lat="42.28359765217" lon="-85.62014747096">
    <tag k="local_x" v="144.8943932149923" />
    <tag k="local_y" v="659.559308692842" />
    <tag k="ele" v="0" />
  </node>
  <node id="4693" lat="42.28439340845" lon="-85.62139968617">
    <tag k="local_x" v="40.217099999999846" />
    <tag k="local_y" v="746.2455999999947" />
    <tag k="ele" v="0" />
  </node>
  <node id="4696" lat="42.28361995524" lon="-85.62012276371">
    <tag k="local_x" v="146.89140000000043" />
    <tag k="local_y" v="662.0687999999936" />
    <tag k="ele" v="0" />
  </node>
  <node id="4697" lat="42.28441383177" lon="-85.62137208622">
    <tag k="local_x" v="42.45600000000013" />
    <tag k="local_y" v="748.5501999999979" />
    <tag k="ele" v="0" />
  </node>
  <node id="4713" lat="42.28429725446" lon="-85.62041869693">
    <tag k="local_x" v="121.27280000000064" />
    <tag k="local_y" v="736.8790000000008" />
    <tag k="ele" v="0" />
  </node>
  <node id="4733" lat="42.28409229212" lon="-85.62087881595">
    <tag k="local_x" v="83.70449999999983" />
    <tag k="local_y" v="713.5058999999892" />
    <tag k="ele" v="0" />
  </node>
  <node id="4734" lat="42.28421259694" lon="-85.62072333728">
    <tag k="local_x" v="96.30739999999969" />
    <tag k="local_y" v="727.0718999999954" />
    <tag k="ele" v="0" />
  </node>
  <node id="4735" lat="42.28422544559" lon="-85.62070108739">
    <tag k="local_x" v="98.11880000000019" />
    <tag k="local_y" v="728.5282999999908" />
    <tag k="ele" v="0" />
  </node>
  <node id="4736" lat="42.28423612211" lon="-85.62067997038">
    <tag k="local_x" v="99.84070000000065" />
    <tag k="local_y" v="729.7419999999984" />
    <tag k="ele" v="0" />
  </node>
  <node id="4737" lat="42.28424894067" lon="-85.62063597955">
    <tag k="local_x" v="103.44470000000001" />
    <tag k="local_y" v="731.2240999999922" />
    <tag k="ele" v="0" />
  </node>
  <node id="4738" lat="42.28426033729" lon="-85.62058488695">
    <tag k="local_x" v="107.63680000000022" />
    <tag k="local_y" v="732.557799999995" />
    <tag k="ele" v="0" />
  </node>
  <node id="4739" lat="42.2842640206" lon="-85.6205297795">
    <tag k="local_x" v="112.17380000000048" />
    <tag k="local_y" v="733.040399999998" />
    <tag k="ele" v="0" />
  </node>
  <node id="4740" lat="42.28426495343" lon="-85.62041553399">
    <tag k="local_x" v="121.59170000000086" />
    <tag k="local_y" v="733.2966000000015" />
    <tag k="ele" v="0" />
  </node>
  <node id="4742" lat="42.28413743814" lon="-85.62094201391">
    <tag k="local_x" v="78.41259999999966" />
    <tag k="local_y" v="718.4343999999983" />
    <tag k="ele" v="0" />
  </node>
  <node id="4743" lat="42.28425853206" lon="-85.62078549439">
    <tag k="local_x" v="91.09990000000107" />
    <tag k="local_y" v="732.0893999999971" />
    <tag k="ele" v="0" />
  </node>
  <node id="4744" lat="42.28427766962" lon="-85.62075336445">
    <tag k="local_x" v="93.71460000000116" />
    <tag k="local_y" v="734.2572999999975" />
    <tag k="ele" v="0" />
  </node>
  <node id="4745" lat="42.28429378113" lon="-85.62072010829">
    <tag k="local_x" v="96.4276000000009" />
    <tag k="local_y" v="736.0907000000007" />
    <tag k="ele" v="0" />
  </node>
  <node id="4746" lat="42.28430955527" lon="-85.62066651871">
    <tag k="local_x" v="100.8176999999996" />
    <tag k="local_y" v="737.9137999999948" />
    <tag k="ele" v="0" />
  </node>
  <node id="4747" lat="42.28432315433" lon="-85.62060423553">
    <tag k="local_x" v="105.92849999999999" />
    <tag k="local_y" v="739.5069999999978" />
    <tag k="ele" v="0" />
  </node>
  <node id="4748" lat="42.28432787024" lon="-85.62053696848">
    <tag k="local_x" v="111.46620000000075" />
    <tag k="local_y" v="740.12049999999" />
    <tag k="ele" v="0" />
  </node>
  <node id="4749" lat="42.28432884553" lon="-85.62042041266">
    <tag k="local_x" v="121.07450000000063" />
    <tag k="local_y" v="740.3845000000001" />
    <tag k="ele" v="0" />
  </node>
  <node id="4751" lat="42.28415813319" lon="-85.62097144443">
    <tag k="local_x" v="75.94882079505987" />
    <tag k="local_y" v="720.6930237267516" />
    <tag k="ele" v="0" />
  </node>
  <node id="4752" lat="42.28427967878" lon="-85.62081433052">
    <tag k="local_x" v="88.68431591877561" />
    <tag k="local_y" v="734.3989653360477" />
    <tag k="ele" v="0" />
  </node>
  <node id="4753" lat="42.28430205346" lon="-85.62077709538">
    <tag k="local_x" v="91.71411920692117" />
    <tag k="local_y" v="736.9331248073722" />
    <tag k="ele" v="0" />
  </node>
  <node id="4754" lat="42.28432091899" lon="-85.62073770344">
    <tag k="local_x" v="94.92806023488447" />
    <tag k="local_y" v="739.080518345887" />
    <tag k="ele" v="0" />
  </node>
  <node id="4755" lat="42.28433827144" lon="-85.62067900152">
    <tag k="local_x" v="99.73683376806002" />
    <tag k="local_y" v="741.0856986196741" />
    <tag k="ele" v="0" />
  </node>
  <node id="4756" lat="42.28435300659" lon="-85.62061093185">
    <tag k="local_x" v="105.32268526984444" />
    <tag k="local_y" v="742.8127750174317" />
    <tag k="ele" v="0" />
  </node>
  <node id="4757" lat="42.28435825267" lon="-85.62053748127">
    <tag k="local_x" v="111.36926239848981" />
    <tag k="local_y" v="743.4934027490526" />
    <tag k="ele" v="0" />
  </node>
  <node id="4758" lat="42.2843592537" lon="-85.62041963237">
    <tag k="local_x" v="121.08412569540451" />
    <tag k="local_y" v="743.7619893680967" />
    <tag k="ele" v="0" />
  </node>
  <node id="4762" lat="42.28452955456" lon="-85.62151476231">
    <tag k="local_x" v="30.484300000000076" />
    <tag k="local_y" v="761.2092999999877" />
    <tag k="ele" v="0" />
  </node>
  <node id="4763" lat="42.28464422877" lon="-85.62160086493">
    <tag k="local_x" v="23.179000000000087" />
    <tag k="local_y" v="773.8274999999994" />
    <tag k="ele" v="0" />
  </node>
  <node id="4764" lat="42.28479313316" lon="-85.62168295293">
    <tag k="local_x" v="16.143200000000434" />
    <tag k="local_y" v="790.2518999999884" />
    <tag k="ele" v="0" />
  </node>
  <node id="4765" lat="42.28493585881" lon="-85.62173861912">
    <tag k="local_x" v="11.29700000000048" />
    <tag k="local_y" v="806.0254999999888" />
    <tag k="ele" v="0" />
  </node>
  <node id="4766" lat="42.28525611712" lon="-85.62177067099">
    <tag k="local_x" v="8.078700000000026" />
    <tag k="local_y" v="841.543399999995" />
    <tag k="ele" v="0" />
  </node>
  <node id="4767" lat="42.28565021345" lon="-85.62174097894">
    <tag k="local_x" v="9.81840000000011" />
    <tag k="local_y" v="885.3424999999988" />
    <tag k="ele" v="0" />
  </node>
  <node id="4768" lat="42.28581282804" lon="-85.62171057323">
    <tag k="local_x" v="12.033000000001266" />
    <tag k="local_y" v="903.4393999999884" />
    <tag k="ele" v="0" />
  </node>
  <node id="4769" lat="42.28600153166" lon="-85.62164470264">
    <tag k="local_x" v="17.124700000000303" />
    <tag k="local_y" v="924.4804999999906" />
    <tag k="ele" v="0" />
  </node>
  <node id="4770" lat="42.28618326788" lon="-85.621560675">
    <tag k="local_x" v="23.725900000001275" />
    <tag k="local_y" v="944.7721999999922" />
    <tag k="ele" v="0" />
  </node>
  <node id="4771" lat="42.28635194939" lon="-85.62145293448">
    <tag k="local_x" v="32.305599999999686" />
    <tag k="local_y" v="963.6459999999934" />
    <tag k="ele" v="0" />
  </node>
  <node id="4772" lat="42.28644568511" lon="-85.62138190954">
    <tag k="local_x" v="37.9929000000011" />
    <tag k="local_y" v="974.1489999999903" />
    <tag k="ele" v="0" />
  </node>
  <node id="4773" lat="42.28654745865" lon="-85.62128984122">
    <tag k="local_x" v="45.40070000000014" />
    <tag k="local_y" v="985.5725999999995" />
    <tag k="ele" v="0" />
  </node>
  <node id="4775" lat="42.28448431001" lon="-85.62157286464">
    <tag k="local_x" v="25.775100000000748" />
    <tag k="local_y" v="756.1078999999881" />
    <tag k="ele" v="0" />
  </node>
  <node id="4778" lat="42.28450147664" lon="-85.62153715985">
    <tag k="local_x" v="28.688100000001214" />
    <tag k="local_y" v="758.0616999999911" />
    <tag k="ele" v="0" />
  </node>
  <node id="4779" lat="42.28452300811" lon="-85.62155685649">
    <tag k="local_x" v="27.025405044991203" />
    <tag k="local_y" v="760.4262078389584" />
    <tag k="ele" v="0" />
  </node>
  <node id="4780" lat="42.28464209213" lon="-85.62164629905">
    <tag k="local_x" v="19.436806258650904" />
    <tag k="local_y" v="773.5296084639122" />
    <tag k="ele" v="0" />
  </node>
  <node id="4781" lat="42.28479432652" lon="-85.62173022318">
    <tag k="local_x" v="12.243641011194995" />
    <tag k="local_y" v="790.3213157763239" />
    <tag k="ele" v="0" />
  </node>
  <node id="4782" lat="42.28494328325" lon="-85.62178792327">
    <tag k="local_x" v="7.218555595183716" />
    <tag k="local_y" v="806.7840868585772" />
    <tag k="ele" v="0" />
  </node>
  <node id="4783" lat="42.28526811424" lon="-85.621820421">
    <tag k="local_x" v="3.955296941485358" />
    <tag k="local_y" v="842.8091324175184" />
    <tag k="ele" v="0" />
  </node>
  <node id="4784" lat="42.28566498194" lon="-85.62179058439">
    <tag k="local_x" v="5.701959078398431" />
    <tag k="local_y" v="886.9161501560156" />
    <tag k="ele" v="0" />
  </node>
  <node id="4785" lat="42.28583153268" lon="-85.62175943045">
    <tag k="local_x" v="7.971184759322568" />
    <tag k="local_y" v="905.4511081531673" />
    <tag k="ele" v="0" />
  </node>
  <node id="4786" lat="42.28602319186" lon="-85.6216925599">
    <tag k="local_x" v="13.140027084000394" />
    <tag k="local_y" v="926.8217176773323" />
    <tag k="ele" v="0" />
  </node>
  <node id="4787" lat="42.28620786759" lon="-85.62160713763">
    <tag k="local_x" v="19.850936046765128" />
    <tag k="local_y" v="947.4416704693576" />
    <tag k="ele" v="0" />
  </node>
  <node id="4788" lat="42.28637904589" lon="-85.62149786677">
    <tag k="local_x" v="28.552326295666717" />
    <tag k="local_y" v="966.5947453881381" />
    <tag k="ele" v="0" />
  </node>
  <node id="4789" lat="42.2864752526" lon="-85.62142497608">
    <tag k="local_x" v="34.38901260690545" />
    <tag k="local_y" v="977.3746056153323" />
    <tag k="ele" v="0" />
  </node>
  <node id="4790" lat="42.28657494656" lon="-85.62133005447">
    <tag k="local_x" v="42.035799999999654" />
    <tag k="local_y" v="988.571100000001" />
    <tag k="ele" v="0" />
  </node>
  <node id="4791" lat="42.28440313934" lon="-85.62141338905">
    <tag k="local_x" v="39.06980000000112" />
    <tag k="local_y" v="747.307799999995" />
    <tag k="ele" v="0" />
  </node>
  <node id="4792" lat="42.28446112412" lon="-85.62149317197">
    <tag k="local_x" v="32.38744522019806" />
    <tag k="local_y" v="753.6397775969672" />
    <tag k="ele" v="0" />
  </node>
  <node id="4796" lat="42.28659601476" lon="-85.62130980174">
    <tag k="local_x" v="43.66769999999997" />
    <tag k="local_y" v="990.9375" />
    <tag k="ele" v="0" />
  </node>
  <node id="4797" lat="42.28674405073" lon="-85.62114533402">
    <tag k="local_x" v="56.96140133634253" />
    <tag k="local_y" v="1007.5946424320136" />
    <tag k="ele" v="0" />
  </node>
  <node id="4798" lat="42.28698416213" lon="-85.62084376732">
    <tag k="local_x" v="81.39280534048339" />
    <tag k="local_y" v="1034.65873553876" />
    <tag k="ele" v="0" />
  </node>
  <node id="4799" lat="42.28736273918" lon="-85.62029036063">
    <tag k="local_x" v="126.33817245227692" />
    <tag k="local_y" v="1077.4342546446424" />
    <tag k="ele" v="0" />
  </node>
  <node id="4800" lat="42.28748260063" lon="-85.6201326854">
    <tag k="local_x" v="139.1221987372901" />
    <tag k="local_y" v="1090.9540571238758" />
    <tag k="ele" v="0" />
  </node>
  <node id="4801" lat="42.2875579321" lon="-85.62006554466">
    <tag k="local_x" v="144.52211502866885" />
    <tag k="local_y" v="1099.4083977357077" />
    <tag k="ele" v="0" />
  </node>
  <node id="4802" lat="42.28763918985" lon="-85.62000763242">
    <tag k="local_x" v="149.15049917542456" />
    <tag k="local_y" v="1108.5084489640867" />
    <tag k="ele" v="0" />
  </node>
  <node id="4803" lat="42.28794061016" lon="-85.61984339159">
    <tag k="local_x" v="162.14891631146202" />
    <tag k="local_y" v="1142.1969218234008" />
    <tag k="ele" v="0" />
  </node>
  <node id="4804" lat="42.28798558867" lon="-85.61981403444">
    <tag k="local_x" v="164.4883171947895" />
    <tag k="local_y" v="1147.2304632056766" />
    <tag k="ele" v="0" />
  </node>
  <node id="4805" lat="42.28803689918" lon="-85.61977023386">
    <tag k="local_x" v="168.00711005223457" />
    <tag k="local_y" v="1152.9863994954067" />
    <tag k="ele" v="0" />
  </node>
  <node id="4806" lat="42.28809937734" lon="-85.61970194481">
    <tag k="local_x" v="173.52475205467817" />
    <tag k="local_y" v="1160.0150993840361" />
    <tag k="ele" v="0" />
  </node>
  <node id="4807" lat="42.28811753665" lon="-85.61967566509">
    <tag k="local_x" v="175.6587003732293" />
    <tag k="local_y" v="1162.06659205725" />
    <tag k="ele" v="0" />
  </node>
  <node id="4822" lat="42.2865773335" lon="-85.62126117662">
    <tag k="local_x" v="47.71030000000064" />
    <tag k="local_y" v="988.9280999999901" />
    <tag k="ele" v="0" />
  </node>
  <node id="4823" lat="42.28672108046" lon="-85.62111064754">
    <tag k="local_x" v="59.86250849222961" />
    <tag k="local_y" v="1005.0903971014777" />
    <tag k="ele" v="0" />
  </node>
  <node id="4824" lat="42.28695944751" lon="-85.62081132833">
    <tag k="local_x" v="84.11175072898186" />
    <tag k="local_y" v="1031.957809145868" />
    <tag k="ele" v="0" />
  </node>
  <node id="4825" lat="42.28733764455" lon="-85.62025845501">
    <tag k="local_x" v="129.01382906661456" />
    <tag k="local_y" v="1074.6904381260683" />
    <tag k="ele" v="0" />
  </node>
  <node id="4826" lat="42.28746017108" lon="-85.62009736253">
    <tag k="local_x" v="142.07479852548386" />
    <tag k="local_y" v="1088.510735226082" />
    <tag k="ele" v="0" />
  </node>
  <node id="4827" lat="42.28754033036" lon="-85.62002556643">
    <tag k="local_x" v="147.84983986425323" />
    <tag k="local_y" v="1097.5073677979963" />
    <tag k="ele" v="0" />
  </node>
  <node id="4828" lat="42.28762552951" lon="-85.61996495036">
    <tag k="local_x" v="152.69404785853658" />
    <tag k="local_y" v="1107.0486783876258" />
    <tag k="ele" v="0" />
  </node>
  <node id="4829" lat="42.28792738285" lon="-85.61980046263">
    <tag k="local_x" v="165.71202684533637" />
    <tag k="local_y" v="1140.785571148037" />
    <tag k="ele" v="0" />
  </node>
  <node id="4830" lat="42.28796863234" lon="-85.61977355313">
    <tag k="local_x" v="167.85634111511536" />
    <tag k="local_y" v="1145.4017799970316" />
    <tag k="ele" v="0" />
  </node>
  <node id="4831" lat="42.2880165258" lon="-85.61973271898">
    <tag k="local_x" v="171.13671500575765" />
    <tag k="local_y" v="1150.774332534318" />
    <tag k="ele" v="0" />
  </node>
  <node id="4832" lat="42.28807671441" lon="-85.61966689284">
    <tag k="local_x" v="176.4554222726092" />
    <tag k="local_y" v="1157.5455165287422" />
    <tag k="ele" v="0" />
  </node>
  <node id="4833" lat="42.28809330944" lon="-85.61964436575">
    <tag k="local_x" v="178.28280000000086" />
    <tag k="local_y" v="1159.4182999999903" />
    <tag k="ele" v="0" />
  </node>
  <node id="4836" lat="42.28813686315" lon="-85.6196471813">
    <tag k="local_x" v="177.97226094602047" />
    <tag k="local_y" v="1164.2506347401795" />
    <tag k="ele" v="0" />
  </node>
  <node id="4837" lat="42.28822569309" lon="-85.61946879246">
    <tag k="local_x" v="192.51963392578" />
    <tag k="local_y" v="1174.3525665490597" />
    <tag k="ele" v="0" />
  </node>
  <node id="4838" lat="42.2882522344" lon="-85.6193730077">
    <tag k="local_x" v="200.3688305762298" />
    <tag k="local_y" v="1177.4277075883583" />
    <tag k="ele" v="0" />
  </node>
  <node id="4839" lat="42.28826814644" lon="-85.61926302662">
    <tag k="local_x" v="209.4075781802585" />
    <tag k="local_y" v="1179.341591098142" />
    <tag k="ele" v="0" />
  </node>
  <node id="4840" lat="42.2882768092" lon="-85.61912954707">
    <tag k="local_x" v="220.39671100022497" />
    <tag k="local_y" v="1180.4819671376608" />
    <tag k="ele" v="0" />
  </node>
  <node id="4841" lat="42.28827489718" lon="-85.61893226031">
    <tag k="local_x" v="236.66547769274075" />
    <tag k="local_y" v="1180.533497160708" />
    <tag k="ele" v="0" />
  </node>
  <node id="4842" lat="42.28827399805" lon="-85.61883787767">
    <tag k="local_x" v="244.44848284462023" />
    <tag k="local_y" v="1180.5598926632374" />
    <tag k="ele" v="0" />
  </node>
  <node id="4843" lat="42.28827269745" lon="-85.61870718247">
    <tag k="local_x" v="255.22600280788356" />
    <tag k="local_y" v="1180.5902915173501" />
    <tag k="ele" v="0" />
  </node>
  <node id="4844" lat="42.28827029761" lon="-85.61846186258">
    <tag k="local_x" v="275.4557469198826" />
    <tag k="local_y" v="1180.6519967195636" />
    <tag k="ele" v="0" />
  </node>
  <node id="4845" lat="42.28826809744" lon="-85.61822576107">
    <tag k="local_x" v="294.925122817609" />
    <tag k="local_y" v="1180.7235969751055" />
    <tag k="ele" v="0" />
  </node>
  <node id="4846" lat="42.28826559732" lon="-85.61796937346">
    <tag k="local_x" v="316.06753095005297" />
    <tag k="local_y" v="1180.7890937427146" />
    <tag k="ele" v="0" />
  </node>
  <node id="4847" lat="42.28826339716" lon="-85.61774217187">
    <tag k="local_x" v="334.8031554201825" />
    <tag k="local_y" v="1180.848894135619" />
    <tag k="ele" v="0" />
  </node>
  <node id="4848" lat="42.28826281237" lon="-85.61767840038">
    <tag k="local_x" v="340.0618563197677" />
    <tag k="local_y" v="1180.8693250182114" />
    <tag k="ele" v="0" />
  </node>
  <node id="4849" lat="42.28826793808" lon="-85.61754653699">
    <tag k="local_x" v="350.9241057262334" />
    <tag k="local_y" v="1181.6149969195249" />
    <tag k="ele" v="0" />
  </node>
  <node id="4850" lat="42.28827535023" lon="-85.61749423011">
    <tag k="local_x" v="355.22318627563436" />
    <tag k="local_y" v="1182.508051039098" />
    <tag k="ele" v="0" />
  </node>
  <node id="4851" lat="42.28833158045" lon="-85.6172427122">
    <tag k="local_x" v="375.85819514283867" />
    <tag k="local_y" v="1189.0884844514658" />
    <tag k="ele" v="0" />
  </node>
  <node id="4852" lat="42.28842460717" lon="-85.61699408584">
    <tag k="local_x" v="396.1884000000009" />
    <tag k="local_y" v="1199.750899999999" />
    <tag k="ele" v="0" />
  </node>
  <node id="4853" lat="42.28856236956" lon="-85.61669836655">
    <tag k="local_x" v="420.3204000000005" />
    <tag k="local_y" v="1215.4437999999936" />
    <tag k="ele" v="0" />
  </node>
  <node id="4856" lat="42.28810972213" lon="-85.6196172296">
    <tag k="local_x" v="180.49049999999988" />
    <tag k="local_y" v="1161.2770000000019" />
    <tag k="ele" v="0" />
  </node>
  <node id="4857" lat="42.28819669085" lon="-85.6194427831">
    <tag k="local_x" v="194.71620000000075" />
    <tag k="local_y" v="1171.1670000000013" />
    <tag k="ele" v="0" />
  </node>
  <node id="4858" lat="42.28822004483" lon="-85.61935734266">
    <tag k="local_x" v="201.71830000000045" />
    <tag k="local_y" v="1173.8744000000006" />
    <tag k="ele" v="0" />
  </node>
  <node id="4859" lat="42.28823502278" lon="-85.61925346909">
    <tag k="local_x" v="210.2551999999996" />
    <tag k="local_y" v="1175.6763999999966" />
    <tag k="ele" v="0" />
  </node>
  <node id="4860" lat="42.2882433875" lon="-85.61912491251">
    <tag k="local_x" v="220.83899999999994" />
    <tag k="local_y" v="1176.777099999992" />
    <tag k="ele" v="0" />
  </node>
  <node id="4861" lat="42.28824146606" lon="-85.61892948386">
    <tag k="local_x" v="236.95460000000094" />
    <tag k="local_y" v="1176.8251000000018" />
    <tag k="ele" v="0" />
  </node>
  <node id="4862" lat="42.28824056705" lon="-85.6188351086">
    <tag k="local_x" v="244.737000000001" />
    <tag k="local_y" v="1176.8514999999898" />
    <tag k="ele" v="0" />
  </node>
  <node id="4863" lat="42.28823926652" lon="-85.61870441857">
    <tag k="local_x" v="255.51410000000033" />
    <tag k="local_y" v="1176.881899999993" />
    <tag k="ele" v="0" />
  </node>
  <node id="4864" lat="42.2882368664" lon="-85.61845907994">
    <tag k="local_x" v="275.7453999999998" />
    <tag k="local_y" v="1176.9435999999987" />
    <tag k="ele" v="0" />
  </node>
  <node id="4865" lat="42.28823466623" lon="-85.61822297827">
    <tag k="local_x" v="295.21479999999974" />
    <tag k="local_y" v="1177.0151999999944" />
    <tag k="ele" v="0" />
  </node>
  <node id="4866" lat="42.28823216626" lon="-85.6179666018">
    <tag k="local_x" v="316.3563000000013" />
    <tag k="local_y" v="1177.0806999999913" />
    <tag k="ele" v="0" />
  </node>
  <node id="4867" lat="42.28822996598" lon="-85.61773939093">
    <tag k="local_x" v="335.09270000000106" />
    <tag k="local_y" v="1177.140499999994" />
    <tag k="ele" v="0" />
  </node>
  <node id="4868" lat="42.2882293952" lon="-85.61767359238">
    <tag k="local_x" v="340.51850000000013" />
    <tag k="local_y" v="1177.1651999999885" />
    <tag k="ele" v="0" />
  </node>
  <node id="4869" lat="42.28823464643" lon="-85.61753897235">
    <tag k="local_x" v="351.60779999999977" />
    <tag k="local_y" v="1177.9284999999945" />
    <tag k="ele" v="0" />
  </node>
  <node id="4870" lat="42.28824319664" lon="-85.61747839125">
    <tag k="local_x" v="356.58700000000135" />
    <tag k="local_y" v="1178.958999999988" />
    <tag k="ele" v="0" />
  </node>
  <node id="4871" lat="42.28830063542" lon="-85.61722211791">
    <tag k="local_x" v="377.6118999999999" />
    <tag k="local_y" v="1185.679999999993" />
    <tag k="ele" v="0" />
  </node>
  <node id="4872" lat="42.28840747941" lon="-85.61694605735">
    <tag k="local_x" v="400.1790000000001" />
    <tag k="local_y" v="1197.9133999999904" />
    <tag k="ele" v="0" />
  </node>
  <node id="4873" lat="42.28849512443" lon="-85.6166821402">
    <tag k="local_x" v="421.77950000000055" />
    <tag k="local_y" v="1207.9988000000012" />
    <tag k="ele" v="0" />
  </node>
  <node id="4876" lat="42.28830544624" lon="-85.61475424429">
    <tag k="local_x" v="581.0672000000013" />
    <tag k="local_y" v="1189.5217999999877" />
    <tag k="ele" v="0" />
  </node>
  <node id="4878" lat="42.28830199932" lon="-85.61472238584">
    <tag k="local_x" v="583.7000000000007" />
    <tag k="local_y" v="1189.1817999999912" />
    <tag k="ele" v="0" />
  </node>
  <node id="4879" lat="42.28775834337" lon="-85.61472645685">
    <tag k="local_x" v="584.3466000000008" />
    <tag k="local_y" v="1128.8100999999879" />
    <tag k="ele" v="0" />
  </node>
  <node id="4881" lat="42.28830859709" lon="-85.61478612258">
    <tag k="local_x" v="578.4333000000006" />
    <tag k="local_y" v="1189.8288999999932" />
    <tag k="ele" v="0" />
  </node>
  <node id="4882" lat="42.28773924919" lon="-85.61478946913">
    <tag k="local_x" v="579.1859999999997" />
    <tag k="local_y" v="1126.6054000000004" />
    <tag k="ele" v="0" />
  </node>
  <node id="4888" lat="42.28846763004" lon="-85.61676880305">
    <tag k="local_x" v="414.6841999999997" />
    <tag k="local_y" v="1204.8297999999922" />
    <tag k="ele" v="0" />
  </node>
  <node id="4891" lat="42.28848822018" lon="-85.61685755398">
    <tag k="local_x" v="407.3299999999999" />
    <tag k="local_y" v="1206.997199999998" />
    <tag k="ele" v="0" />
  </node>
  <node id="4899" lat="42.2884340934" lon="-85.61687180887">
    <tag k="local_x" v="406.2524000000012" />
    <tag k="local_y" v="1200.9679999999935" />
    <tag k="ele" v="0" />
  </node>
  <node id="4900" lat="42.28841770624" lon="-85.61692004667">
    <tag k="local_x" v="402.3050000000003" />
    <tag k="local_y" v="1199.083799999993" />
    <tag k="ele" v="0" />
  </node>
  <node id="4907" lat="42.28850050332" lon="-85.6167712434">
    <tag k="local_x" v="414.4237000000012" />
    <tag k="local_y" v="1208.4766999999993" />
    <tag k="ele" v="0" />
  </node>
  <node id="4909" lat="42.28852960036" lon="-85.61668275514">
    <tag k="local_x" v="421.66660000000047" />
    <tag k="local_y" v="1211.8260999999911" />
    <tag k="ele" v="0" />
  </node>
  <node id="4910" lat="42.2885301023" lon="-85.61678124648">
    <tag k="local_x" v="413.5456000000013" />
    <tag k="local_y" v="1211.7498999999953" />
    <tag k="ele" v="0" />
  </node>
  <node id="4918" lat="42.28864129175" lon="-85.616150491">
    <tag k="local_x" v="465.34740000000056" />
    <tag k="local_y" v="1224.9412000000011" />
    <tag k="ele" v="0" />
  </node>
  <node id="4919" lat="42.28864304818" lon="-85.6162416277">
    <tag k="local_x" v="457.83050000000003" />
    <tag k="local_y" v="1225.0141000000003" />
    <tag k="ele" v="0" />
  </node>
  <node id="4920" lat="42.28864014646" lon="-85.6163473755">
    <tag k="local_x" v="449.117400000001" />
    <tag k="local_y" v="1224.5501999999979" />
    <tag k="ele" v="0" />
  </node>
  <node id="4921" lat="42.28863459914" lon="-85.6163976324">
    <tag k="local_x" v="444.9840000000004" />
    <tag k="local_y" v="1223.8668999999936" />
    <tag k="ele" v="0" />
  </node>
  <node id="4922" lat="42.28856891116" lon="-85.61667624261">
    <tag k="local_x" v="422.1326000000008" />
    <tag k="local_y" v="1216.1997999999876" />
    <tag k="ele" v="0" />
  </node>
  <node id="4924" lat="42.28861359471" lon="-85.61615272025">
    <tag k="local_x" v="465.21360000000095" />
    <tag k="local_y" v="1221.862799999988" />
    <tag k="ele" v="0" />
  </node>
  <node id="4925" lat="42.28861009884" lon="-85.61623810856">
    <tag k="local_x" v="458.1800999999996" />
    <tag k="local_y" v="1221.3601999999955" />
    <tag k="ele" v="0" />
  </node>
  <node id="4926" lat="42.28860145492" lon="-85.61634445383">
    <tag k="local_x" v="449.428100000001" />
    <tag k="local_y" v="1220.2578999999969" />
    <tag k="ele" v="0" />
  </node>
  <node id="4927" lat="42.28859707073" lon="-85.61638601639">
    <tag k="local_x" v="446.0094000000008" />
    <tag k="local_y" v="1219.715400000001" />
    <tag k="ele" v="0" />
  </node>
  <node id="4928" lat="42.28853159741" lon="-85.61666368052">
    <tag k="local_x" v="423.2356" />
    <tag k="local_y" v="1212.0733999999939" />
    <tag k="ele" v="0" />
  </node>
  <node id="4930" lat="42.28858497166" lon="-85.61614060621">
    <tag k="local_x" v="466.26400000000103" />
    <tag k="local_y" v="1218.7007999999914" />
    <tag k="ele" v="0" />
  </node>
  <node id="4931" lat="42.28858072487" lon="-85.61623682908">
    <tag k="local_x" v="458.33860000000095" />
    <tag k="local_y" v="1218.100299999991" />
    <tag k="ele" v="0" />
  </node>
  <node id="4932" lat="42.28856959362" lon="-85.61634109398">
    <tag k="local_x" v="449.7626" />
    <tag k="local_y" v="1216.7246000000014" />
    <tag k="ele" v="0" />
  </node>
  <node id="4933" lat="42.28856651036" lon="-85.61637284452">
    <tag k="local_x" v="447.15049999999974" />
    <tag k="local_y" v="1216.3396999999968" />
    <tag k="ele" v="0" />
  </node>
  <node id="4934" lat="42.28850124317" lon="-85.61664960159">
    <tag k="local_x" v="424.4511000000002" />
    <tag k="local_y" v="1208.7217999999993" />
    <tag k="ele" v="0" />
  </node>
  <node id="4936" lat="42.28836010416" lon="-85.61483265597">
    <tag k="local_x" v="574.5038000000004" />
    <tag k="local_y" v="1195.4856999999902" />
    <tag k="ele" v="0" />
  </node>
  <node id="4937" lat="42.28836697632" lon="-85.6148910802">
    <tag k="local_x" v="569.6746000000003" />
    <tag k="local_y" v="1196.1703999999881" />
    <tag k="ele" v="0" />
  </node>
  <node id="4938" lat="42.28841445807" lon="-85.61514112137">
    <tag k="local_x" v="548.9742000000006" />
    <tag k="local_y" v="1201.1072999999888" />
    <tag k="ele" v="0" />
  </node>
  <node id="4939" lat="42.28853925666" lon="-85.61571206844">
    <tag k="local_x" v="501.6772000000001" />
    <tag k="local_y" v="1214.199099999998" />
    <tag k="ele" v="0" />
  </node>
  <node id="4940" lat="42.28861802694" lon="-85.61607253798">
    <tag k="local_x" v="471.8162000000011" />
    <tag k="local_y" v="1222.4623999999894" />
    <tag k="ele" v="0" />
  </node>
  <node id="4943" lat="42.28833456744" lon="-85.61484574996">
    <tag k="local_x" v="573.4704000000002" />
    <tag k="local_y" v="1192.6325999999972" />
    <tag k="ele" v="0" />
  </node>
  <node id="4944" lat="42.28834340146" lon="-85.61491031834">
    <tag k="local_x" v="568.1311000000005" />
    <tag k="local_y" v="1193.526899999997" />
    <tag k="ele" v="0" />
  </node>
  <node id="4945" lat="42.28838961935" lon="-85.61516376635">
    <tag k="local_x" v="547.1521000000012" />
    <tag k="local_y" v="1198.3188999999984" />
    <tag k="ele" v="0" />
  </node>
  <node id="4946" lat="42.28851451799" lon="-85.61573517681">
    <tag k="local_x" v="499.8167000000012" />
    <tag k="local_y" v="1211.421199999997" />
    <tag k="ele" v="0" />
  </node>
  <node id="4947" lat="42.28859085962" lon="-85.61607910889">
    <tag k="local_x" v="471.3235000000004" />
    <tag k="local_y" v="1219.4369999999908" />
    <tag k="ele" v="0" />
  </node>
  <node id="4950" lat="42.28869676989" lon="-85.61611464228">
    <tag k="local_x" v="468.20280000000093" />
    <tag k="local_y" v="1231.1493999999948" />
    <tag k="ele" v="0" />
  </node>
  <node id="4952" lat="42.28864493889" lon="-85.61605764342">
    <tag k="local_x" v="472.9956000000002" />
    <tag k="local_y" v="1225.4706000000006" />
    <tag k="ele" v="0" />
  </node>
  <node id="4957" lat="42.28867310008" lon="-85.61614416299">
    <tag k="local_x" v="465.8117000000002" />
    <tag k="local_y" v="1228.4815999999992" />
    <tag k="ele" v="0" />
  </node>
  <node id="4959" lat="42.28854959402" lon="-85.61681141743">
    <tag k="local_x" v="411.02300000000105" />
    <tag k="local_y" v="1213.8738000000012" />
    <tag k="ele" v="0" />
  </node>
  <node id="4963" lat="42.28832967243" lon="-85.61481956091">
    <tag k="local_x" v="575.6383999999998" />
    <tag k="local_y" v="1192.124199999991" />
    <tag k="ele" v="0" />
  </node>
  <node id="4965" lat="42.28832653367" lon="-85.61480597817">
    <tag k="local_x" v="576.7638999999999" />
    <tag k="local_y" v="1191.7938999999897" />
    <tag k="ele" v="0" />
  </node>
  <node id="4966" lat="42.28832219865" lon="-85.61479729277">
    <tag k="local_x" v="577.4878000000008" />
    <tag k="local_y" v="1191.3241999999882" />
    <tag k="ele" v="0" />
  </node>
  <node id="4967" lat="42.28831742023" lon="-85.61479245965">
    <tag k="local_x" v="577.8949000000011" />
    <tag k="local_y" v="1190.800099999993" />
    <tag k="ele" v="0" />
  </node>
  <node id="4968" lat="42.28835590244" lon="-85.61480839119">
    <tag k="local_x" v="576.5119000000013" />
    <tag k="local_y" v="1195.0516999999963" />
    <tag k="ele" v="0" />
  </node>
  <node id="4972" lat="42.28835120038" lon="-85.61478945245">
    <tag k="local_x" v="578.0817999999999" />
    <tag k="local_y" v="1194.554999999993" />
    <tag k="ele" v="0" />
  </node>
  <node id="4973" lat="42.28834546772" lon="-85.61477697209">
    <tag k="local_x" v="579.1211000000003" />
    <tag k="local_y" v="1193.9351999999926" />
    <tag k="ele" v="0" />
  </node>
  <node id="4974" lat="42.28833962814" lon="-85.61476816683">
    <tag k="local_x" v="579.8576000000012" />
    <tag k="local_y" v="1193.2985999999946" />
    <tag k="ele" v="0" />
  </node>
  <node id="4975" lat="42.28832871694" lon="-85.61476022472">
    <tag k="local_x" v="580.5321000000004" />
    <tag k="local_y" v="1192.0976999999984" />
    <tag k="ele" v="0" />
  </node>
  <node id="4976" lat="42.28831728246" lon="-85.6147557097">
    <tag k="local_x" v="580.9250000000011" />
    <tag k="local_y" v="1190.8340999999928" />
    <tag k="ele" v="0" />
  </node>
  <node id="4977" lat="42.28838105363" lon="-85.61479573865">
    <tag k="local_x" v="577.5096000000012" />
    <tag k="local_y" v="1197.8613999999943" />
    <tag k="ele" v="0" />
  </node>
  <node id="4979" lat="42.28837702551" lon="-85.61477548243">
    <tag k="local_x" v="579.1869000000006" />
    <tag k="local_y" v="1197.4412999999913" />
    <tag k="ele" v="0" />
  </node>
  <node id="4980" lat="42.28836846319" lon="-85.61475599634">
    <tag k="local_x" v="580.8089" />
    <tag k="local_y" v="1196.5166999999929" />
    <tag k="ele" v="0" />
  </node>
  <node id="4981" lat="42.28835766928" lon="-85.6147395745">
    <tag k="local_x" v="582.1823000000004" />
    <tag k="local_y" v="1195.3401999999915" />
    <tag k="ele" v="0" />
  </node>
  <node id="4982" lat="42.28834456422" lon="-85.61472835219">
    <tag k="local_x" v="583.1311999999998" />
    <tag k="local_y" v="1193.900099999999" />
    <tag k="ele" v="0" />
  </node>
  <node id="4983" lat="42.28832494356" lon="-85.61472378247">
    <tag k="local_x" v="583.5434000000005" />
    <tag k="local_y" v="1191.7275999999983" />
    <tag k="ele" v="0" />
  </node>
  <node id="4988" lat="42.28867066275" lon="-85.61613667431">
    <tag k="local_x" v="466.433500000001" />
    <tag k="local_y" v="1228.2209999999905" />
    <tag k="ele" v="0" />
  </node>
  <node id="4995" lat="42.28857263487" lon="-85.61675415764">
    <tag k="local_x" v="415.7021999999997" />
    <tag k="local_y" v="1216.5089000000007" />
    <tag k="ele" v="0" />
  </node>
  <node id="4997" lat="42.28845980795" lon="-85.61699468995">
    <tag k="local_x" v="396.0751" />
    <tag k="local_y" v="1203.6587" />
    <tag k="ele" v="0" />
  </node>
  <node id="5007" lat="42.28451679683" lon="-85.62150338614">
    <tag k="local_x" v="31.445200000000114" />
    <tag k="local_y" v="759.8078999999998" />
    <tag k="ele" v="0" />
  </node>
  <node id="5017" lat="42.28175618852" lon="-85.62146718483">
    <tag k="local_x" v="39.392900000000736" />
    <tag k="local_y" v="453.3252999999968" />
    <tag k="ele" v="0" />
  </node>
  <node id="5019" lat="42.28174967743" lon="-85.6214368648">
    <tag k="local_x" v="41.904599999999846" />
    <tag k="local_y" v="452.64280000000144" />
    <tag k="ele" v="0" />
  </node>
  <node id="5022" lat="42.28173445416" lon="-85.62150049898">
    <tag k="local_x" v="36.6851000000006" />
    <tag k="local_y" v="450.867499999993" />
    <tag k="ele" v="0" />
  </node>
  <node id="5023" lat="42.28173924548" lon="-85.62145878566">
    <tag k="local_x" v="40.11590000000069" />
    <tag k="local_y" v="451.4551999999967" />
    <tag k="ele" v="0" />
  </node>
  <node id="5024" lat="42.28172195456" lon="-85.62150542624">
    <tag k="local_x" v="36.30130000000099" />
    <tag k="local_y" v="449.47299999999814" />
    <tag k="ele" v="0" />
  </node>
  <node id="5025" lat="42.28172349705" lon="-85.62147694025">
    <tag k="local_x" v="38.64730000000054" />
    <tag k="local_y" v="449.6823000000004" />
    <tag k="ele" v="0" />
  </node>
  <node id="5026" lat="42.28169394254" lon="-85.621499221">
    <tag k="local_x" v="36.86330000000089" />
    <tag k="local_y" v="446.37089999999444" />
    <tag k="ele" v="0" />
  </node>
  <node id="5027" lat="42.28170441099" lon="-85.62147344387">
    <tag k="local_x" v="38.96990000000005" />
    <tag k="local_y" v="447.5676999999996" />
    <tag k="ele" v="0" />
  </node>
  <node id="5028" lat="42.28166985578" lon="-85.62141844476">
    <tag k="local_x" v="43.566899999999805" />
    <tag k="local_y" v="443.8041999999987" />
    <tag k="ele" v="0" />
  </node>
  <node id="5029" lat="42.28169376257" lon="-85.62141578412">
    <tag k="local_x" v="43.74330000000009" />
    <tag k="local_y" v="446.46229999999923" />
    <tag k="ele" v="0" />
  </node>
  <node id="5030" lat="42.28169524894" lon="-85.62145918823">
    <tag k="local_x" v="40.16179999999986" />
    <tag k="local_y" v="446.56939999999304" />
    <tag k="ele" v="0" />
  </node>
  <node id="5031" lat="42.28169428873" lon="-85.6214437423">
    <tag k="local_x" v="41.43710000000101" />
    <tag k="local_y" v="446.48339999999735" />
    <tag k="ele" v="0" />
  </node>
  <node id="5032" lat="42.28167899713" lon="-85.62148041853">
    <tag k="local_x" v="38.44050000000061" />
    <tag k="local_y" v="444.73649999999907" />
    <tag k="ele" v="0" />
  </node>
  <node id="5033" lat="42.28167156134" lon="-85.62144794415">
    <tag k="local_x" v="41.131500000001324" />
    <tag k="local_y" v="443.95419999999285" />
    <tag k="ele" v="0" />
  </node>
  <node id="5034" lat="42.28171159186" lon="-85.62150658845">
    <tag k="local_x" v="36.22410000000127" />
    <tag k="local_y" v="448.3208000000013" />
    <tag k="ele" v="0" />
  </node>
  <node id="5035" lat="42.2816731653" lon="-85.62146659603">
    <tag k="local_x" v="39.59070000000065" />
    <tag k="local_y" v="444.1073999999935" />
    <tag k="ele" v="0" />
  </node>
  <node id="5039" lat="42.28171788003" lon="-85.62152668212">
    <tag k="local_x" v="34.556000000000495" />
    <tag k="local_y" v="448.9921999999933" />
    <tag k="ele" v="0" />
  </node>
  <node id="5040" lat="42.28170452755" lon="-85.62153048429">
    <tag k="local_x" v="34.26649999999972" />
    <tag k="local_y" v="447.50449999999546" />
    <tag k="ele" v="0" />
  </node>
  <node id="5041" lat="42.28168463155" lon="-85.62152411544">
    <tag k="local_x" v="34.827400000000125" />
    <tag k="local_y" v="445.3037999999942" />
    <tag k="ele" v="0" />
  </node>
  <node id="5042" lat="42.2816678616" lon="-85.62150853999">
    <tag k="local_x" v="36.14180000000124" />
    <tag k="local_y" v="443.4624999999942" />
    <tag k="ele" v="0" />
  </node>
  <node id="5043" lat="42.28165496524" lon="-85.62148713141">
    <tag k="local_x" v="37.930200000000696" />
    <tag k="local_y" v="442.0590999999986" />
    <tag k="ele" v="0" />
  </node>
  <node id="5044" lat="42.2816473788" lon="-85.62146167759">
    <tag k="local_x" v="40.042600000000675" />
    <tag k="local_y" v="441.2506999999896" />
    <tag k="ele" v="0" />
  </node>
  <node id="5045" lat="42.28164560613" lon="-85.62143416139">
    <tag k="local_x" v="42.3145999999997" />
    <tag k="local_y" v="441.0905999999959" />
    <tag k="ele" v="0" />
  </node>
  <node id="5050" lat="42.28175191605" lon="-85.62149205192">
    <tag k="local_x" v="37.35020000000077" />
    <tag k="local_y" v="452.8176999999996" />
    <tag k="ele" v="0" />
  </node>
  <node id="5052" lat="42.28176144315" lon="-85.621463484">
    <tag k="local_x" v="39.688600000001315" />
    <tag k="local_y" v="453.91369999999006" />
    <tag k="ele" v="0" />
  </node>
  <node id="5053" lat="42.28171101829" lon="-85.62147708255">
    <tag k="local_x" v="38.658000000001266" />
    <tag k="local_y" v="448.29649999999674" />
    <tag k="ele" v="0" />
  </node>
  <node id="5054" lat="42.28170288984" lon="-85.62150437925">
    <tag k="local_x" v="36.42190000000119" />
    <tag k="local_y" v="447.35749999999825" />
    <tag k="ele" v="0" />
  </node>
  <node id="5060" lat="42.28171309995" lon="-85.6215021349">
    <tag k="local_x" v="36.58860000000095" />
    <tag k="local_y" v="448.494200000001" />
    <tag k="ele" v="0" />
  </node>
  <node id="5062" lat="42.28172192332" lon="-85.62149488645">
    <tag k="local_x" v="37.17040000000088" />
    <tag k="local_y" v="449.4835999999923" />
    <tag k="ele" v="0" />
  </node>
  <node id="5063" lat="42.28172897847" lon="-85.62148468819">
    <tag k="local_x" v="37.998600000000806" />
    <tag k="local_y" v="450.28059999999823" />
    <tag k="ele" v="0" />
  </node>
  <node id="5064" lat="42.28173470137" lon="-85.62147304422">
    <tag k="local_x" v="38.94840000000113" />
    <tag k="local_y" v="450.93159999999625" />
    <tag k="ele" v="0" />
  </node>
  <node id="5065" lat="42.28174004656" lon="-85.6214610701">
    <tag k="local_x" v="39.92610000000059" />
    <tag k="local_y" v="451.54109999998764" />
    <tag k="ele" v="0" />
  </node>
  <node id="5066" lat="42.28174522988" lon="-85.62144896731">
    <tag k="local_x" v="40.914700000001176" />
    <tag k="local_y" v="452.13279999999213" />
    <tag k="ele" v="0" />
  </node>
  <node id="5067" lat="42.28174988815" lon="-85.62143648909">
    <tag k="local_x" v="41.935199999999895" />
    <tag k="local_y" v="452.6667000000016" />
    <tag k="ele" v="0" />
  </node>
  <node id="5068" lat="42.28175365284" lon="-85.62142347125">
    <tag k="local_x" v="43.0018" />
    <tag k="local_y" v="453.10209999998915" />
    <tag k="ele" v="0" />
  </node>
  <node id="5069" lat="42.28164516711" lon="-85.62140655911">
    <tag k="local_x" v="44.59130000000005" />
    <tag k="local_y" v="441.0786999999982" />
    <tag k="ele" v="0" />
  </node>
  <node id="5070" lat="42.281737823" lon="-85.62151448313">
    <tag k="local_x" v="35.52599999999984" />
    <tag k="local_y" v="451.2228999999934" />
    <tag k="ele" v="0" />
  </node>
  <node id="5073" lat="42.28174854023" lon="-85.6214846789">
    <tag k="local_x" v="37.964200000000346" />
    <tag k="local_y" v="452.45269999999437" />
    <tag k="ele" v="0" />
  </node>
  <node id="5074" lat="42.28809200465" lon="-85.61976737271">
    <tag k="local_x" v="168.14379999999983" />
    <tag k="local_y" v="1159.1089999999967" />
    <tag k="ele" v="0" />
  </node>
  <node id="5075" lat="42.28764608468" lon="-85.61476489804">
    <tag k="local_x" v="581.3801000000003" />
    <tag k="local_y" v="1116.29359999999" />
    <tag k="ele" v="0" />
  </node>
  <node id="5082" lat="42.27769670483" lon="-85.61653375876">
    <tag k="local_x" v="453.4952000000012" />
    <tag k="local_y" v="9.168299999990268" />
    <tag k="ele" v="0" />
  </node>
  <node id="5083" lat="42.27769562978" lon="-85.61655669673">
    <tag k="local_x" v="451.60570000000007" />
    <tag k="local_y" v="9.018199999991339" />
    <tag k="ele" v="0" />
  </node>
  <node id="5084" lat="42.2776967337" lon="-85.61654607942">
    <tag k="local_x" v="452.47919999999976" />
    <tag k="local_y" v="9.154999999998836" />
    <tag k="ele" v="0" />
  </node>
  <node id="5094" lat="42.27773385381" lon="-85.61652108799">
    <tag k="local_x" v="454.47299999999996" />
    <tag k="local_y" v="13.31019999999262" />
    <tag k="ele" v="0" />
  </node>
  <node id="5095" lat="42.27773510054" lon="-85.61653111543">
    <tag k="local_x" v="453.64390000000094" />
    <tag k="local_y" v="13.43519999999262" />
    <tag k="ele" v="0" />
  </node>
  <node id="5096" lat="42.27773336087" lon="-85.61651173168">
    <tag k="local_x" v="455.2453999999998" />
    <tag k="local_y" v="13.267999999996391" />
    <tag k="ele" v="0" />
  </node>
  <node id="5101" lat="42.27769717017" lon="-85.61656986476">
    <tag k="local_x" v="450.51710000000094" />
    <tag k="local_y" v="9.17160000000149" />
    <tag k="ele" v="0" />
  </node>
  <node id="5112" lat="42.28041250703" lon="-85.61849776788">
    <tag k="local_x" v="286.65270000000055" />
    <tag k="local_y" v="308.0945999999967" />
    <tag k="ele" v="0" />
  </node>
  <node id="5115" lat="42.28042431039" lon="-85.61850121745">
    <tag k="local_x" v="286.34699999999975" />
    <tag k="local_y" v="309.4005999999936" />
    <tag k="ele" v="0" />
  </node>
  <node id="5116" lat="42.28043420465" lon="-85.61850998796">
    <tag k="local_x" v="285.60599999999977" />
    <tag k="local_y" v="310.48749999998836" />
    <tag k="ele" v="0" />
  </node>
  <node id="5117" lat="42.28043979182" lon="-85.6185253749">
    <tag k="local_x" v="284.3271999999997" />
    <tag k="local_y" v="311.08729999999923" />
    <tag k="ele" v="0" />
  </node>
  <node id="5118" lat="42.28044052847" lon="-85.61854249051">
    <tag k="local_x" v="282.91460000000006" />
    <tag k="local_y" v="311.1461999999883" />
    <tag k="ele" v="0" />
  </node>
  <node id="5119" lat="42.28043839369" lon="-85.6185565884">
    <tag k="local_x" v="281.7560000000012" />
    <tag k="local_y" v="310.8902999999991" />
    <tag k="ele" v="0" />
  </node>
  <node id="5120" lat="42.28043257741" lon="-85.61856374594">
    <tag k="local_x" v="281.176300000001" />
    <tag k="local_y" v="310.23489999999583" />
    <tag k="ele" v="0" />
  </node>
  <node id="5121" lat="42.28042166534" lon="-85.61856976445">
    <tag k="local_x" v="280.69970000000103" />
    <tag k="local_y" v="309.01519999999437" />
    <tag k="ele" v="0" />
  </node>
  <node id="5122" lat="42.28041142345" lon="-85.61857003914">
    <tag k="local_x" v="280.6954999999998" />
    <tag k="local_y" v="307.8775999999925" />
    <tag k="ele" v="0" />
  </node>
  <node id="5123" lat="42.28041411434" lon="-85.61853474795">
    <tag k="local_x" v="283.60059999999976" />
    <tag k="local_y" v="308.22359999999753" />
    <tag k="ele" v="0" />
  </node>
  <node id="5125" lat="42.28044020938" lon="-85.61853506679">
    <tag k="local_x" v="283.52729999999974" />
    <tag k="local_y" v="311.1206999999995" />
    <tag k="ele" v="0" />
  </node>
  <node id="5129" lat="42.287376693" lon="-85.61457437393">
    <tag k="local_x" v="597.5748000000003" />
    <tag k="local_y" v="1086.636599999998" />
    <tag k="ele" v="0" />
  </node>
  <node id="5131" lat="42.28736471754" lon="-85.61455318606">
    <tag k="local_x" v="599.3433000000005" />
    <tag k="local_y" v="1085.3352999999915" />
    <tag k="ele" v="0" />
  </node>
  <node id="5132" lat="42.28689750585" lon="-85.61489635256">
    <tag k="local_x" v="571.8945000000003" />
    <tag k="local_y" v="1032.9968999999983" />
    <tag k="ele" v="0" />
  </node>
  <node id="5133" lat="42.28679274906" lon="-85.61496752478">
    <tag k="local_x" v="566.2158" />
    <tag k="local_y" v="1021.2694999999949" />
    <tag k="ele" v="0" />
  </node>
  <node id="5134" lat="42.28667248265" lon="-85.61505200971">
    <tag k="local_x" v="559.4675000000007" />
    <tag k="local_y" v="1007.8021000000008" />
    <tag k="ele" v="0" />
  </node>
  <node id="5135" lat="42.28656891623" lon="-85.6151254089">
    <tag k="local_x" v="553.603000000001" />
    <tag k="local_y" v="996.2038999999932" />
    <tag k="ele" v="0" />
  </node>
  <node id="5136" lat="42.28648578643" lon="-85.61517959791">
    <tag k="local_x" v="549.2854000000007" />
    <tag k="local_y" v="986.9006999999983" />
    <tag k="ele" v="0" />
  </node>
  <node id="5137" lat="42.28639620119" lon="-85.61523684883">
    <tag k="local_x" v="544.7270000000008" />
    <tag k="local_y" v="976.8765999999887" />
    <tag k="ele" v="0" />
  </node>
  <node id="5138" lat="42.28616675245" lon="-85.61537449685">
    <tag k="local_x" v="533.7926000000007" />
    <tag k="local_y" v="951.2145999999921" />
    <tag k="ele" v="0" />
  </node>
  <node id="5139" lat="42.28612628025" lon="-85.61539856157">
    <tag k="local_x" v="531.8816000000006" />
    <tag k="local_y" v="946.6883999999991" />
    <tag k="ele" v="0" />
  </node>
  <node id="5140" lat="42.28607944088" lon="-85.61542792532">
    <tag k="local_x" v="529.5452000000005" />
    <tag k="local_y" v="941.4480999999942" />
    <tag k="ele" v="0" />
  </node>
  <node id="5141" lat="42.28591650973" lon="-85.61552632302">
    <tag k="local_x" v="521.7267000000011" />
    <tag k="local_y" v="923.2246999999916" />
    <tag k="ele" v="0" />
  </node>
  <node id="5142" lat="42.28574390051" lon="-85.6156296284">
    <tag k="local_x" v="513.5210000000006" />
    <tag k="local_y" v="903.9200999999885" />
    <tag k="ele" v="0" />
  </node>
  <node id="5143" lat="42.28559932136" lon="-85.61571712089">
    <tag k="local_x" v="506.5684000000001" />
    <tag k="local_y" v="887.7491000000009" />
    <tag k="ele" v="0" />
  </node>
  <node id="5144" lat="42.28550344685" lon="-85.615768543">
    <tag k="local_x" v="502.5018" />
    <tag k="local_y" v="877.0344999999943" />
    <tag k="ele" v="0" />
  </node>
  <node id="5145" lat="42.28542949104" lon="-85.61580004752">
    <tag k="local_x" v="500.03780000000006" />
    <tag k="local_y" v="868.7803999999887" />
    <tag k="ele" v="0" />
  </node>
  <node id="5146" lat="42.28534305496" lon="-85.61582477965">
    <tag k="local_x" v="498.15470000000096" />
    <tag k="local_y" v="859.1495999999897" />
    <tag k="ele" v="0" />
  </node>
  <node id="5147" lat="42.2852655507" lon="-85.61583352214">
    <tag k="local_x" v="497.5738000000001" />
    <tag k="local_y" v="850.531999999992" />
    <tag k="ele" v="0" />
  </node>
  <node id="5148" lat="42.28515559789" lon="-85.61583002525">
    <tag k="local_x" v="498.0606000000007" />
    <tag k="local_y" v="838.3277999999991" />
    <tag k="ele" v="0" />
  </node>
  <node id="5149" lat="42.28508061409" lon="-85.61582747774">
    <tag k="local_x" v="498.40600000000086" />
    <tag k="local_y" v="830.0051999999996" />
    <tag k="ele" v="0" />
  </node>
  <node id="5150" lat="42.28503022813" lon="-85.61582141045">
    <tag k="local_x" v="498.9971999999998" />
    <tag k="local_y" v="824.41859999999" />
    <tag k="ele" v="0" />
  </node>
  <node id="5152" lat="42.2873847661" lon="-85.61459779055">
    <tag k="local_x" v="595.6296000000002" />
    <tag k="local_y" v="1087.5015999999887" />
    <tag k="ele" v="0" />
  </node>
  <node id="5153" lat="42.28691300702" lon="-85.61494683473">
    <tag k="local_x" v="567.7044000000005" />
    <tag k="local_y" v="1034.6503999999986" />
    <tag k="ele" v="0" />
  </node>
  <node id="5154" lat="42.28680666793" lon="-85.61501913196">
    <tag k="local_x" v="561.9358000000011" />
    <tag k="local_y" v="1022.7457999999897" />
    <tag k="ele" v="0" />
  </node>
  <node id="5155" lat="42.28668696768" lon="-85.61510322113">
    <tag k="local_x" v="555.2191000000003" />
    <tag k="local_y" v="1009.3417999999947" />
    <tag k="ele" v="0" />
  </node>
  <node id="5156" lat="42.28658247865" lon="-85.61517726146">
    <tag k="local_x" v="549.3034000000007" />
    <tag k="local_y" v="997.6402999999991" />
    <tag k="ele" v="0" />
  </node>
  <node id="5157" lat="42.2864977076" lon="-85.61523254038">
    <tag k="local_x" v="544.8989000000001" />
    <tag k="local_y" v="988.1533999999956" />
    <tag k="ele" v="0" />
  </node>
  <node id="5158" lat="42.28640659746" lon="-85.61529074764">
    <tag k="local_x" v="540.2644" />
    <tag k="local_y" v="977.9586999999883" />
    <tag k="ele" v="0" />
  </node>
  <node id="5159" lat="42.28617661311" lon="-85.61542872015">
    <tag k="local_x" v="529.3042000000005" />
    <tag k="local_y" v="952.2367999999988" />
    <tag k="ele" v="0" />
  </node>
  <node id="5160" lat="42.28613672205" lon="-85.61545243371">
    <tag k="local_x" v="527.4210999999996" />
    <tag k="local_y" v="947.7755999999936" />
    <tag k="ele" v="0" />
  </node>
  <node id="5161" lat="42.28608975302" lon="-85.61548187547">
    <tag k="local_x" v="525.0784999999996" />
    <tag k="local_y" v="942.5207999999984" />
    <tag k="ele" v="0" />
  </node>
  <node id="5162" lat="42.28592646242" lon="-85.61558049074">
    <tag k="local_x" v="517.2427000000007" />
    <tag k="local_y" v="924.2571999999927" />
    <tag k="ele" v="0" />
  </node>
  <node id="5163" lat="42.28575387102" lon="-85.61568378469">
    <tag k="local_x" v="509.0379000000012" />
    <tag k="local_y" v="904.9545999999973" />
    <tag k="ele" v="0" />
  </node>
  <node id="5164" lat="42.285608183" lon="-85.61577193205">
    <tag k="local_x" v="502.03330000000096" />
    <tag k="local_y" v="888.659599999999" />
    <tag k="ele" v="0" />
  </node>
  <node id="5165" lat="42.2855079908" lon="-85.61582564998">
    <tag k="local_x" v="497.78520000000026" />
    <tag k="local_y" v="877.4624999999942" />
    <tag k="ele" v="0" />
  </node>
  <node id="5166" lat="42.28542690668" lon="-85.61586013287">
    <tag k="local_x" v="495.08849999999984" />
    <tag k="local_y" v="868.4128999999957" />
    <tag k="ele" v="0" />
  </node>
  <node id="5167" lat="42.28533223685" lon="-85.61588713738">
    <tag k="local_x" v="493.03290000000015" />
    <tag k="local_y" v="857.8647999999957" />
    <tag k="ele" v="0" />
  </node>
  <node id="5168" lat="42.28524451074" lon="-85.61589706782">
    <tag k="local_x" v="492.3725000000013" />
    <tag k="local_y" v="848.1106" />
    <tag k="ele" v="0" />
  </node>
  <node id="5169" lat="42.28513083299" lon="-85.61589356505">
    <tag k="local_x" v="492.8665000000001" />
    <tag k="local_y" v="835.4927999999927" />
    <tag k="ele" v="0" />
  </node>
  <node id="5170" lat="42.28505368283" lon="-85.61589090722">
    <tag k="local_x" v="493.22490000000107" />
    <tag k="local_y" v="826.9297999999981" />
    <tag k="ele" v="0" />
  </node>
  <node id="5171" lat="42.28500028365" lon="-85.61588455654">
    <tag k="local_x" v="493.84490000000005" />
    <tag k="local_y" v="821.0089999999909" />
    <tag k="ele" v="0" />
  </node>
  <node id="5193" lat="42.28738486084" lon="-85.61454190359">
    <tag k="local_x" v="600.2371000000003" />
    <tag k="local_y" v="1087.5870999999897" />
    <tag k="ele" v="0" />
  </node>
  <node id="5194" lat="42.28739861812" lon="-85.61454233225">
    <tag k="local_x" v="600.1769000000004" />
    <tag k="local_y" v="1089.1140999999916" />
    <tag k="ele" v="0" />
  </node>
  <node id="5195" lat="42.28740951994" lon="-85.61454532209">
    <tag k="local_x" v="599.9107000000004" />
    <tag k="local_y" v="1090.3205999999918" />
    <tag k="ele" v="0" />
  </node>
  <node id="5196" lat="42.2874198267" lon="-85.61454937535">
    <tag k="local_x" v="599.5578999999998" />
    <tag k="local_y" v="1091.459600000002" />
    <tag k="ele" v="0" />
  </node>
  <node id="5197" lat="42.28743281208" lon="-85.61455479023">
    <tag k="local_x" v="599.0879999999997" />
    <tag k="local_y" v="1092.8941999999952" />
    <tag k="ele" v="0" />
  </node>
  <node id="5198" lat="42.28744472661" lon="-85.61456340642">
    <tag k="local_x" v="598.3561000000009" />
    <tag k="local_y" v="1094.2056000000011" />
    <tag k="ele" v="0" />
  </node>
  <node id="5202" lat="42.28738653146" lon="-85.61457045165">
    <tag k="local_x" v="597.8804" />
    <tag k="local_y" v="1087.7342999999964" />
    <tag k="ele" v="0" />
  </node>
  <node id="5203" lat="42.2873937194" lon="-85.61457062404">
    <tag k="local_x" v="597.8532000000014" />
    <tag k="local_y" v="1088.5322000000015" />
    <tag k="ele" v="0" />
  </node>
  <node id="5204" lat="42.28740077653" lon="-85.61457197095">
    <tag k="local_x" v="597.7294000000002" />
    <tag k="local_y" v="1089.3139999999985" />
    <tag k="ele" v="0" />
  </node>
  <node id="5205" lat="42.28741323185" lon="-85.6145748843">
    <tag k="local_x" v="597.4667000000009" />
    <tag k="local_y" v="1090.6930999999895" />
    <tag k="ele" v="0" />
  </node>
  <node id="5206" lat="42.28742459232" lon="-85.61457998184">
    <tag k="local_x" v="597.0259000000005" />
    <tag k="local_y" v="1091.9476999999897" />
    <tag k="ele" v="0" />
  </node>
  <node id="5208" lat="42.2874379092" lon="-85.61458868252">
    <tag k="local_x" v="596.2844999999998" />
    <tag k="local_y" v="1093.414699999994" />
    <tag k="ele" v="0" />
  </node>
  <node id="5210" lat="42.28739366854" lon="-85.61459704964">
    <tag k="local_x" v="595.6746000000003" />
    <tag k="local_y" v="1088.4910999999993" />
    <tag k="ele" v="0" />
  </node>
  <node id="5211" lat="42.28740400538" lon="-85.6145985236">
    <tag k="local_x" v="595.5344000000005" />
    <tag k="local_y" v="1089.6368999999977" />
    <tag k="ele" v="0" />
  </node>
  <node id="5212" lat="42.28741671077" lon="-85.61460402104">
    <tag k="local_x" v="595.0582000000013" />
    <tag k="local_y" v="1091.0402999999933" />
    <tag k="ele" v="0" />
  </node>
  <node id="5256" lat="42.28744247209" lon="-85.61459304482">
    <tag k="local_x" v="595.9166000000005" />
    <tag k="local_y" v="1093.9154999999882" />
    <tag k="ele" v="0" />
  </node>
  <node id="5257" lat="42.2874289585" lon="-85.61461524497">
    <tag k="local_x" v="594.1107000000011" />
    <tag k="local_y" v="1092.3851999999897" />
    <tag k="ele" v="0" />
  </node>
  <node id="5264" lat="42.28745547516" lon="-85.61457443274">
    <tag k="local_x" v="597.4276000000009" />
    <tag k="local_y" v="1095.3842999999906" />
    <tag k="ele" v="0" />
  </node>
  <node id="5271" lat="42.28738400151" lon="-85.6145632078">
    <tag k="local_x" v="598.4822000000004" />
    <tag k="local_y" v="1087.4630999999936" />
    <tag k="ele" v="0" />
  </node>
  <node id="5275" lat="42.28738735981" lon="-85.61455299426">
    <tag k="local_x" v="599.3181999999997" />
    <tag k="local_y" v="1087.8496999999916" />
    <tag k="ele" v="0" />
  </node>
  <node id="5276" lat="42.28738854433" lon="-85.61454287688">
    <tag k="local_x" v="600.1502" />
    <tag k="local_y" v="1087.9948000000004" />
    <tag k="ele" v="0" />
  </node>
  <node id="5277" lat="42.28738751752" lon="-85.61453444418">
    <tag k="local_x" v="600.8473000000013" />
    <tag k="local_y" v="1087.8920999999973" />
    <tag k="ele" v="0" />
  </node>
  <node id="5278" lat="42.2873827431" lon="-85.6145241287">
    <tag k="local_x" v="601.7064000000009" />
    <tag k="local_y" v="1087.3757999999943" />
    <tag k="ele" v="0" />
  </node>
  <node id="5279" lat="42.28736439605" lon="-85.61454312594">
    <tag k="local_x" v="600.1733000000004" />
    <tag k="local_y" v="1085.3130999999994" />
    <tag k="ele" v="0" />
  </node>
  <node id="5287" lat="42.28736651249" lon="-85.61454789967">
    <tag k="local_x" v="599.7759000000005" />
    <tag k="local_y" v="1085.5417000000016" />
    <tag k="ele" v="0" />
  </node>
  <node id="5292" lat="42.28737452953" lon="-85.61454461406">
    <tag k="local_x" v="600.0323000000008" />
    <tag k="local_y" v="1086.4363000000012" />
    <tag k="ele" v="0" />
  </node>
  <node id="5293" lat="42.28739187921" lon="-85.61459050274">
    <tag k="local_x" v="596.2176" />
    <tag k="local_y" v="1088.3012000000017" />
    <tag k="ele" v="0" />
  </node>
  <node id="5296" lat="42.28739717509" lon="-85.61458240936">
    <tag k="local_x" v="596.8752999999997" />
    <tag k="local_y" v="1088.900099999999" />
    <tag k="ele" v="0" />
  </node>
  <node id="5302" lat="42.28740136018" lon="-85.61457115643">
    <tag k="local_x" v="597.7955000000002" />
    <tag k="local_y" v="1089.3799" />
    <tag k="ele" v="0" />
  </node>
  <node id="5303" lat="42.28740471813" lon="-85.61455726171">
    <tag k="local_x" v="598.9350000000013" />
    <tag k="local_y" v="1089.7713999999978" />
    <tag k="ele" v="0" />
  </node>
  <node id="5304" lat="42.28740552763" lon="-85.61454174781">
    <tag k="local_x" v="600.2126000000007" />
    <tag k="local_y" v="1089.882099999988" />
    <tag k="ele" v="0" />
  </node>
  <node id="5305" lat="42.28740454157" lon="-85.61453064944">
    <tag k="local_x" v="601.1293999999998" />
    <tag k="local_y" v="1089.7874999999913" />
    <tag k="ele" v="0" />
  </node>
  <node id="5306" lat="42.2873981325" lon="-85.61451056461">
    <tag k="local_x" v="602.7969000000012" />
    <tag k="local_y" v="1089.1027999999933" />
    <tag k="ele" v="0" />
  </node>
  <node id="5315" lat="42.28738098182" lon="-85.61449038893">
    <tag k="local_x" v="604.4912999999997" />
    <tag k="local_y" v="1087.2255000000005" />
    <tag k="ele" v="0" />
  </node>
  <node id="5320" lat="42.2874104669" lon="-85.61460111104">
    <tag k="local_x" v="595.3094000000001" />
    <tag k="local_y" v="1090.3508999999904" />
    <tag k="ele" v="0" />
  </node>
  <way id="1755">
    <nd ref="589" />
    <nd ref="855" />
    <nd ref="33" />
    <nd ref="873" />
    <nd ref="34" />
    <nd ref="35" />
    <nd ref="36" />
    <nd ref="37" />
    <nd ref="1030" />
    <nd ref="38" />
    <nd ref="39" />
    <nd ref="1035" />
    <nd ref="40" />
    <nd ref="41" />
    <nd ref="1041" />
    <nd ref="42" />
    <nd ref="43" />
    <nd ref="44" />
    <nd ref="1036" />
    <nd ref="45" />
    <nd ref="46" />
    <nd ref="47" />
    <nd ref="48" />
    <tag k="access" v="private" />
    <tag k="highway" v="unclassified" />
    <tag k="maxspeed" v="25 mph" />
    <tag k="name" v="Valley 1 Drive" />
    <tag k="tiger:cfcc" v="A74" />
    <tag k="tiger:county" v="Kalamazoo, MI" />
    <tag k="tiger:name_base" v="Gilkison" />
    <tag k="tiger:name_type" v="Ave" />
    <tag k="tiger:reviewed" v="no" />
  </way>
  <way id="1757">
    <nd ref="1" />
    <nd ref="598" />
    <nd ref="68" />
    <nd ref="69" />
    <nd ref="597" />
    <nd ref="70" />
    <nd ref="71" />
    <tag k="highway" v="service" />
    <tag k="maxspeed" v="25 mph" />
    <tag k="maxspeed:type" v="sign" />
    <tag k="name" v="Business Court" />
    <tag k="oneway" v="no" />
    <tag k="service" v="driveway" />
    <tag k="surface" v="paved" />
    <tag k="tiger:cfcc" v="A41" />
    <tag k="tiger:county" v="Kalamazoo, MI" />
    <tag k="tiger:name_base" v="Marion" />
    <tag k="tiger:name_type" v="Ave" />
    <tag k="tiger:reviewed" v="no" />
    <tag k="tiger:zip_left" v="49006" />
    <tag k="tiger:zip_right" v="49006" />
  </way>
  <way id="1758">
    <nd ref="15" />
    <nd ref="75" />
    <nd ref="76" />
    <nd ref="77" />
    <nd ref="78" />
    <nd ref="79" />
    <nd ref="80" />
    <nd ref="81" />
    <nd ref="82" />
    <nd ref="83" />
    <nd ref="84" />
    <nd ref="85" />
    <nd ref="3222" />
    <nd ref="3104" />
    <tag k="highway" v="unclassified" />
    <tag k="maxspeed" v="25 mph" />
    <tag k="maxspeed:type" v="sign" />
    <tag k="name" v="West Shaw Lane" />
    <tag k="oneway" v="yes" />
    <tag k="surface" v="paved" />
    <tag k="tiger:cfcc" v="A74" />
    <tag k="tiger:county" v="Kalamazoo, MI" />
    <tag k="tiger:name_base" v="Shaw" />
    <tag k="tiger:name_direction_suffix" v="W" />
    <tag k="tiger:name_type" v="Ln" />
    <tag k="tiger:reviewed" v="no" />
  </way>
  <way id="1760">
    <nd ref="145" />
    <nd ref="906" />
    <nd ref="907" />
    <nd ref="908" />
    <nd ref="691" />
    <nd ref="578" />
    <nd ref="851" />
    <nd ref="146" />
    <nd ref="147" />
    <nd ref="911" />
    <nd ref="590" />
    <nd ref="148" />
    <nd ref="591" />
    <nd ref="149" />
    <nd ref="150" />
    <nd ref="672" />
    <nd ref="151" />
    <nd ref="152" />
    <nd ref="153" />
    <nd ref="154" />
    <nd ref="155" />
    <nd ref="156" />
    <nd ref="157" />
    <nd ref="671" />
    <nd ref="127" />
    <tag k="access" v="private" />
    <tag k="highway" v="unclassified" />
    <tag k="name" v="Valley 3 Drive" />
    <tag k="oneway" v="no" />
    <tag k="tiger:cfcc" v="A74" />
    <tag k="tiger:county" v="Kalamazoo, MI" />
    <tag k="tiger:name_base" v="Pond" />
    <tag k="tiger:name_direction_suffix" v="W" />
    <tag k="tiger:name_type" v="Dr" />
    <tag k="tiger:reviewed" v="no" />
  </way>
  <way id="1762">
    <nd ref="827" />
    <nd ref="826" />
    <nd ref="162" />
    <nd ref="163" />
    <nd ref="4952" />
    <tag k="access" v="private" />
    <tag k="highway" v="unclassified" />
    <tag k="maxspeed" v="25 mph" />
    <tag k="name" v="Ring Road North" />
    <tag k="tiger:cfcc" v="A74" />
    <tag k="tiger:county" v="Kalamazoo, MI" />
    <tag k="tiger:name_base" v="Goldsworth" />
    <tag k="tiger:name_type" v="Dr" />
    <tag k="tiger:reviewed" v="no" />
  </way>
  <way id="1764">
    <nd ref="605" />
    <nd ref="129" />
    <nd ref="604" />
    <nd ref="603" />
    <nd ref="602" />
    <nd ref="128" />
    <nd ref="601" />
    <nd ref="4713" />
    <tag k="highway" v="service" />
    <tag k="lanes" v="1" />
    <tag k="maxspeed" v="25 mph" />
    <tag k="maxspeed:type" v="sign" />
    <tag k="name" v="Business Court" />
    <tag k="surface" v="paved" />
    <tag k="tiger:cfcc" v="A41" />
    <tag k="tiger:county" v="Kalamazoo, MI" />
    <tag k="tiger:name_base" v="Wilbur;Rankin" />
    <tag k="tiger:name_type" v="Ave" />
    <tag k="tiger:reviewed" v="no" />
    <tag k="tiger:zip_left" v="49006;49007" />
    <tag k="tiger:zip_right" v="49006;49007" />
  </way>
  <way id="1765">
    <nd ref="1" />
    <nd ref="596" />
    <nd ref="187" />
    <nd ref="396" />
    <nd ref="188" />
    <nd ref="884" />
    <nd ref="666" />
    <nd ref="897" />
    <nd ref="665" />
    <nd ref="1012" />
    <nd ref="57" />
    <tag k="access" v="private" />
    <tag k="highway" v="service" />
    <tag k="name" v="Wilbur Avenue" />
    <tag k="oneway" v="no" />
    <tag k="surface" v="paved" />
    <tag k="tiger:cfcc" v="A74" />
    <tag k="tiger:county" v="Kalamazoo, MI" />
    <tag k="tiger:name_base" v="Wilbur" />
    <tag k="tiger:name_type" v="Ave" />
    <tag k="tiger:reviewed" v="no" />
    <tag k="tiger:zip_left" v="49006" />
    <tag k="tiger:zip_right" v="49006" />
  </way>
  <way id="1768">
    <nd ref="770" />
    <nd ref="221" />
    <nd ref="825" />
    <tag k="highway" v="unclassified" />
    <tag k="maxspeed" v="25 mph" />
    <tag k="name" v="Ring Road South" />
    <tag k="surface" v="asphalt" />
    <tag k="tiger:cfcc" v="A74;A41" />
    <tag k="tiger:county" v="Kalamazoo, MI" />
    <tag k="tiger:name_base" v="Western;Van de Giessen" />
    <tag k="tiger:name_type" v="Ave;Rd" />
    <tag k="tiger:reviewed" v="no" />
    <tag k="tiger:zip_left" v="49008" />
    <tag k="tiger:zip_right" v="49008" />
  </way>
  <way id="1769">
    <nd ref="282" />
    <nd ref="3259" />
    <tag k="highway" v="service" />
    <tag k="tiger:cfcc" v="A74" />
    <tag k="tiger:county" v="Kalamazoo, MI" />
    <tag k="tiger:name_base" v="Western" />
    <tag k="tiger:name_type" v="Ave" />
    <tag k="tiger:reviewed" v="no" />
  </way>
  <way id="1771">
    <nd ref="533" />
    <nd ref="422" />
    <nd ref="418" />
    <nd ref="256" />
    <nd ref="787" />
    <nd ref="257" />
    <nd ref="258" />
    <nd ref="259" />
    <nd ref="2" />
    <tag k="highway" v="unclassified" />
    <tag k="maxspeed" v="25 mph" />
    <tag k="name" v="Arcadia Loop" />
    <tag k="surface" v="asphalt" />
    <tag k="tiger:cfcc" v="A74" />
    <tag k="tiger:county" v="Kalamazoo, MI" />
    <tag k="tiger:name_base" v="Arcadia" />
    <tag k="tiger:name_type" v="Rd" />
    <tag k="tiger:reviewed" v="no" />
  </way>
  <way id="1772">
    <nd ref="491" />
    <nd ref="492" />
    <nd ref="841" />
    <nd ref="160" />
    <tag k="highway" v="unclassified" />
    <tag k="maxspeed" v="25 mph" />
    <tag k="name" v="West Michigan Avenue" />
    <tag k="oneway" v="yes" />
    <tag k="surface" v="asphalt" />
    <tag k="tiger:cfcc" v="A41" />
    <tag k="tiger:county" v="Kalamazoo, MI" />
    <tag k="tiger:name_base" v="Michigan" />
    <tag k="tiger:name_direction_prefix" v="W" />
    <tag k="tiger:name_type" v="Ave" />
    <tag k="tiger:reviewed" v="no" />
    <tag k="tiger:zip_left" v="49006" />
    <tag k="tiger:zip_right" v="49006" />
  </way>
  <way id="1773">
    <nd ref="89" />
    <nd ref="297" />
    <nd ref="457" />
    <nd ref="678" />
    <tag k="highway" v="unclassified" />
    <tag k="maxspeed" v="25 mph" />
    <tag k="name" v="Ring Road North" />
    <tag k="oneway" v="yes" />
    <tag k="surface" v="asphalt" />
    <tag k="tiger:cfcc" v="A41" />
    <tag k="tiger:county" v="Kalamazoo, MI" />
    <tag k="tiger:name_base" v="Rankin" />
    <tag k="tiger:name_type" v="Ave" />
    <tag k="tiger:reviewed" v="no" />
  </way>
  <way id="1776">
    <nd ref="270" />
    <nd ref="506" />
    <nd ref="293" />
    <nd ref="294" />
    <nd ref="475" />
    <nd ref="474" />
    <nd ref="295" />
    <nd ref="473" />
    <nd ref="472" />
    <tag k="highway" v="unclassified" />
    <tag k="maxspeed" v="25 mph" />
    <tag k="name" v="Ring Road South" />
    <tag k="oneway" v="yes" />
    <tag k="surface" v="asphalt" />
  </way>
  <way id="1778">
    <nd ref="95" />
    <nd ref="577" />
    <nd ref="4775" />
    <tag k="highway" v="unclassified" />
    <tag k="maxspeed" v="25 mph" />
    <tag k="name" v="Ring Road North" />
    <tag k="surface" v="paved" />
    <tag k="tiger:cfcc" v="A41" />
    <tag k="tiger:county" v="Kalamazoo, MI" />
    <tag k="tiger:name_base" v="Rankin" />
    <tag k="tiger:name_type" v="Ave" />
    <tag k="tiger:reviewed" v="no" />
  </way>
  <way id="1779">
    <nd ref="338" />
    <nd ref="316" />
    <nd ref="509" />
    <nd ref="510" />
    <nd ref="317" />
    <nd ref="511" />
    <nd ref="512" />
    <nd ref="318" />
    <nd ref="513" />
    <nd ref="514" />
    <nd ref="319" />
    <nd ref="320" />
    <nd ref="493" />
    <nd ref="321" />
    <nd ref="349" />
    <nd ref="322" />
    <nd ref="323" />
    <nd ref="324" />
    <nd ref="351" />
    <nd ref="592" />
    <nd ref="1350" />
    <tag k="access" v="private" />
    <tag k="bicycle" v="yes" />
    <tag k="foot" v="yes" />
    <tag k="highway" v="service" />
    <tag k="horse" v="no" />
    <tag k="oneway" v="no" />
    <tag k="surface" v="paved" />
  </way>
  <way id="1780">
    <nd ref="320" />
    <nd ref="508" />
    <nd ref="353" />
    <nd ref="339" />
    <nd ref="340" />
    <nd ref="341" />
    <nd ref="342" />
    <nd ref="343" />
    <nd ref="348" />
    <nd ref="344" />
    <nd ref="345" />
    <nd ref="346" />
    <nd ref="347" />
    <nd ref="350" />
    <nd ref="324" />
    <tag k="bicycle" v="yes" />
    <tag k="foot" v="yes" />
    <tag k="highway" v="service" />
    <tag k="horse" v="no" />
    <tag k="surface" v="paved" />
  </way>
  <way id="1783">
    <nd ref="373" />
    <nd ref="374" />
    <nd ref="377" />
    <nd ref="370" />
    <nd ref="371" />
    <nd ref="376" />
    <nd ref="375" />
    <nd ref="372" />
    <nd ref="373" />
    <nd ref="369" />
    <tag k="highway" v="service" />
    <tag k="service" v="parking_aisle" />
    <tag k="surface" v="asphalt" />
  </way>
  <way id="1785">
    <nd ref="71" />
    <nd ref="397" />
    <nd ref="403" />
    <nd ref="398" />
    <nd ref="399" />
    <nd ref="762" />
    <nd ref="763" />
    <nd ref="400" />
    <nd ref="401" />
    <nd ref="761" />
    <nd ref="404" />
    <nd ref="402" />
    <nd ref="71" />
    <tag k="highway" v="service" />
    <tag k="maxspeed" v="25 mph" />
    <tag k="maxspeed:type" v="sign" />
    <tag k="name" v="Business Court" />
    <tag k="oneway" v="yes" />
    <tag k="service" v="driveway" />
    <tag k="surface" v="paved" />
  </way>
  <way id="1786">
    <nd ref="403" />
    <nd ref="943" />
    <nd ref="404" />
    <nd ref="405" />
    <tag k="highway" v="service" />
    <tag k="oneway" v="no" />
    <tag k="service" v="driveway" />
  </way>
  <way id="1787">
    <nd ref="405" />
    <nd ref="406" />
    <tag k="highway" v="service" />
    <tag k="oneway" v="no" />
    <tag k="service" v="driveway" />
  </way>
  <way id="1788">
    <nd ref="407" />
    <nd ref="406" />
    <tag k="highway" v="service" />
    <tag k="service" v="parking_aisle" />
  </way>
  <way id="1789">
    <nd ref="407" />
    <nd ref="915" />
    <nd ref="410" />
    <nd ref="409" />
    <nd ref="408" />
    <nd ref="411" />
    <nd ref="184" />
    <tag k="highway" v="service" />
    <tag k="service" v="driveway" />
  </way>
  <way id="1793">
    <nd ref="55" />
    <nd ref="443" />
    <nd ref="444" />
    <nd ref="429" />
    <nd ref="430" />
    <nd ref="431" />
    <nd ref="432" />
    <nd ref="433" />
    <nd ref="434" />
    <nd ref="435" />
    <nd ref="436" />
    <nd ref="437" />
    <nd ref="438" />
    <nd ref="439" />
    <nd ref="440" />
    <nd ref="441" />
    <nd ref="442" />
    <nd ref="443" />
    <tag k="highway" v="service" />
    <tag k="service" v="parking_aisle" />
  </way>
  <way id="1794">
    <nd ref="444" />
    <nd ref="445" />
    <tag k="highway" v="service" />
    <tag k="service" v="parking_aisle" />
  </way>
  <way id="1805">
    <nd ref="536" />
    <nd ref="537" />
    <nd ref="538" />
    <nd ref="883" />
    <nd ref="540" />
    <nd ref="539" />
    <tag k="highway" v="service" />
    <tag k="service" v="parking_aisle" />
  </way>
  <way id="1806">
    <nd ref="540" />
    <nd ref="541" />
    <nd ref="536" />
    <tag k="highway" v="service" />
    <tag k="service" v="parking_aisle" />
  </way>
  <way id="1807">
    <nd ref="541" />
    <nd ref="542" />
    <tag k="highway" v="service" />
    <tag k="service" v="parking_aisle" />
  </way>
  <way id="1808">
    <nd ref="551" />
    <nd ref="550" />
    <nd ref="549" />
    <nd ref="548" />
    <nd ref="547" />
    <nd ref="546" />
    <nd ref="545" />
    <nd ref="544" />
    <nd ref="543" />
    <nd ref="539" />
    <tag k="highway" v="service" />
    <tag k="oneway" v="yes" />
    <tag k="service" v="drive-through" />
  </way>
  <way id="1809">
    <nd ref="552" />
    <nd ref="836" />
    <nd ref="553" />
    <nd ref="554" />
    <nd ref="555" />
    <nd ref="835" />
    <tag k="highway" v="service" />
    <tag k="service" v="driveway" />
  </way>
  <way id="1810">
    <nd ref="539" />
    <nd ref="559" />
    <nd ref="558" />
    <nd ref="560" />
    <nd ref="552" />
    <nd ref="561" />
    <nd ref="562" />
    <nd ref="563" />
    <nd ref="564" />
    <nd ref="565" />
    <nd ref="566" />
    <nd ref="567" />
    <nd ref="568" />
    <nd ref="569" />
    <nd ref="570" />
    <nd ref="571" />
    <nd ref="572" />
    <nd ref="573" />
    <nd ref="574" />
    <nd ref="575" />
    <nd ref="576" />
    <tag k="highway" v="service" />
  </way>
  <way id="1811">
    <nd ref="368" />
    <nd ref="580" />
    <nd ref="898" />
    <nd ref="581" />
    <nd ref="582" />
    <nd ref="583" />
    <nd ref="584" />
    <nd ref="585" />
    <nd ref="586" />
    <nd ref="587" />
    <nd ref="588" />
    <nd ref="589" />
    <tag k="highway" v="service" />
    <tag k="motor_vehicle" v="no" />
    <tag k="oneway" v="yes" />
    <tag k="service" v="emergency_access" />
  </way>
  <way id="1812">
    <nd ref="160" />
    <nd ref="842" />
    <nd ref="685" />
    <nd ref="7" />
    <nd ref="838" />
    <tag k="cycleway:right" v="lane" />
    <tag k="highway" v="unclassified" />
    <tag k="maxspeed" v="25 mph" />
    <tag k="name" v="West Michigan Avenue" />
    <tag k="oneway" v="yes" />
    <tag k="surface" v="asphalt" />
    <tag k="tiger:cfcc" v="A41" />
    <tag k="tiger:county" v="Kalamazoo, MI" />
    <tag k="tiger:name_base" v="Michigan" />
    <tag k="tiger:name_direction_prefix" v="W" />
    <tag k="tiger:name_type" v="Ave" />
    <tag k="tiger:reviewed" v="no" />
    <tag k="tiger:zip_left" v="49006" />
    <tag k="tiger:zip_right" v="49006" />
  </way>
  <way id="1813">
    <nd ref="606" />
    <nd ref="607" />
    <nd ref="608" />
    <nd ref="609" />
    <nd ref="610" />
    <nd ref="611" />
    <nd ref="593" />
    <nd ref="612" />
    <nd ref="613" />
    <nd ref="614" />
    <nd ref="615" />
    <nd ref="351" />
    <tag k="highway" v="service" />
  </way>
  <way id="1814">
    <nd ref="839" />
    <nd ref="852" />
    <nd ref="854" />
    <nd ref="274" />
    <tag k="cycleway:right" v="lane" />
    <tag k="highway" v="unclassified" />
    <tag k="maxspeed" v="25 mph" />
    <tag k="name" v="West Michigan Avenue" />
    <tag k="oneway" v="yes" />
    <tag k="surface" v="asphalt" />
    <tag k="tiger:cfcc" v="A41" />
    <tag k="tiger:county" v="Kalamazoo, MI" />
    <tag k="tiger:name_base" v="Michigan" />
    <tag k="tiger:name_direction_prefix" v="W" />
    <tag k="tiger:name_type" v="Ave" />
    <tag k="tiger:reviewed" v="no" />
    <tag k="tiger:zip_left" v="49006" />
    <tag k="tiger:zip_right" v="49006" />
  </way>
  <way id="1817">
    <nd ref="359" />
    <nd ref="118" />
    <nd ref="119" />
    <nd ref="120" />
    <nd ref="121" />
    <nd ref="122" />
    <nd ref="360" />
    <nd ref="1029" />
    <nd ref="361" />
    <nd ref="363" />
    <nd ref="365" />
    <nd ref="364" />
    <nd ref="366" />
    <nd ref="123" />
    <nd ref="124" />
    <nd ref="362" />
    <nd ref="125" />
    <nd ref="126" />
    <nd ref="4997" />
    <tag k="highway" v="unclassified" />
    <tag k="maxspeed" v="25 mph" />
    <tag k="name" v="Ring Road North" />
    <tag k="old_name" v="Goldsworth Drive" />
    <tag k="tiger:cfcc" v="A41" />
    <tag k="tiger:county" v="Kalamazoo, MI" />
    <tag k="tiger:name_base" v="Rankin" />
    <tag k="tiger:name_type" v="Ave" />
    <tag k="tiger:reviewed" v="no" />
  </way>
  <way id="1821">
    <nd ref="672" />
    <nd ref="910" />
    <nd ref="677" />
    <tag k="highway" v="service" />
  </way>
  <way id="1822">
    <nd ref="677" />
    <nd ref="676" />
    <nd ref="673" />
    <nd ref="674" />
    <nd ref="909" />
    <nd ref="675" />
    <nd ref="676" />
    <tag k="highway" v="service" />
    <tag k="service" v="parking_aisle" />
  </way>
  <way id="1823">
    <nd ref="678" />
    <nd ref="1171" />
    <nd ref="679" />
    <nd ref="307" />
    <tag k="highway" v="unclassified" />
    <tag k="junction" v="roundabout" />
    <tag k="lanes" v="2" />
    <tag k="maxspeed" v="20 mph" />
    <tag k="name" v="West Michigan Avenue" />
    <tag k="surface" v="asphalt" />
  </way>
  <way id="1828">
    <nd ref="696" />
    <nd ref="697" />
    <nd ref="698" />
    <nd ref="699" />
    <nd ref="700" />
    <nd ref="701" />
    <nd ref="709" />
    <nd ref="702" />
    <nd ref="703" />
    <nd ref="704" />
    <nd ref="705" />
    <nd ref="706" />
    <nd ref="707" />
    <nd ref="708" />
    <nd ref="722" />
    <nd ref="696" />
    <tag k="highway" v="service" />
    <tag k="service" v="parking_aisle" />
  </way>
  <way id="1829">
    <nd ref="710" />
    <nd ref="714" />
    <nd ref="711" />
    <nd ref="712" />
    <nd ref="715" />
    <nd ref="713" />
    <nd ref="710" />
    <tag k="highway" v="service" />
    <tag k="service" v="parking_aisle" />
  </way>
  <way id="1830">
    <nd ref="702" />
    <nd ref="727" />
    <nd ref="711" />
    <tag k="highway" v="service" />
    <tag k="service" v="parking_aisle" />
  </way>
  <way id="1831">
    <nd ref="716" />
    <nd ref="717" />
    <nd ref="718" />
    <nd ref="719" />
    <nd ref="716" />
    <tag k="highway" v="service" />
    <tag k="service" v="parking_aisle" />
  </way>
  <way id="1832">
    <nd ref="712" />
    <nd ref="717" />
    <tag k="highway" v="service" />
    <tag k="service" v="parking_aisle" />
  </way>
  <way id="1833">
    <nd ref="717" />
    <nd ref="725" />
    <tag k="highway" v="service" />
    <tag k="service" v="parking_aisle" />
  </way>
  <way id="1836">
    <nd ref="729" />
    <nd ref="748" />
    <nd ref="749" />
    <nd ref="751" />
    <nd ref="753" />
    <nd ref="756" />
    <nd ref="730" />
    <nd ref="731" />
    <nd ref="758" />
    <nd ref="732" />
    <nd ref="759" />
    <nd ref="733" />
    <nd ref="734" />
    <nd ref="735" />
    <nd ref="736" />
    <nd ref="737" />
    <nd ref="738" />
    <nd ref="739" />
    <nd ref="757" />
    <nd ref="740" />
    <nd ref="760" />
    <nd ref="741" />
    <nd ref="755" />
    <nd ref="742" />
    <nd ref="754" />
    <nd ref="743" />
    <nd ref="752" />
    <nd ref="744" />
    <nd ref="750" />
    <nd ref="745" />
    <nd ref="746" />
    <nd ref="747" />
    <nd ref="729" />
    <tag k="highway" v="service" />
    <tag k="service" v="parking_aisle" />
  </way>
  <way id="1839">
    <nd ref="684" />
    <nd ref="755" />
    <tag k="highway" v="unclassified" />
    <tag k="name" v="Central Campus Drive" />
    <tag k="oneway" v="no" />
  </way>
  <way id="1840">
    <nd ref="734" />
    <nd ref="811" />
    <nd ref="812" />
    <nd ref="813" />
    <nd ref="814" />
    <nd ref="815" />
    <nd ref="816" />
    <tag k="highway" v="service" />
  </way>
  <way id="1841">
    <nd ref="814" />
    <nd ref="818" />
    <nd ref="819" />
    <tag k="highway" v="service" />
  </way>
  <way id="1842">
    <nd ref="855" />
    <nd ref="856" />
    <nd ref="857" />
    <nd ref="858" />
    <nd ref="859" />
    <nd ref="860" />
    <nd ref="861" />
    <nd ref="862" />
    <nd ref="863" />
    <nd ref="864" />
    <nd ref="865" />
    <nd ref="866" />
    <nd ref="867" />
    <nd ref="868" />
    <nd ref="869" />
    <nd ref="870" />
    <nd ref="871" />
    <nd ref="872" />
    <nd ref="873" />
    <tag k="highway" v="service" />
  </way>
  <way id="1843">
    <nd ref="539" />
    <nd ref="874" />
    <nd ref="875" />
    <nd ref="876" />
    <nd ref="877" />
    <nd ref="878" />
    <nd ref="879" />
    <nd ref="880" />
    <nd ref="881" />
    <nd ref="882" />
    <nd ref="916" />
    <nd ref="883" />
    <tag k="highway" v="service" />
    <tag k="service" v="parking_aisle" />
  </way>
  <way id="1844">
    <nd ref="884" />
    <nd ref="885" />
    <nd ref="886" />
    <nd ref="887" />
    <nd ref="888" />
    <nd ref="889" />
    <nd ref="890" />
    <nd ref="891" />
    <nd ref="892" />
    <nd ref="893" />
    <nd ref="894" />
    <nd ref="895" />
    <nd ref="896" />
    <nd ref="897" />
    <tag k="highway" v="service" />
  </way>
  <way id="1845">
    <nd ref="898" />
    <nd ref="899" />
    <tag k="highway" v="service" />
  </way>
  <way id="1846">
    <nd ref="900" />
    <nd ref="901" />
    <nd ref="902" />
    <nd ref="145" />
    <nd ref="903" />
    <nd ref="904" />
    <nd ref="905" />
    <nd ref="900" />
    <tag k="highway" v="service" />
    <tag k="service" v="parking_aisle" />
  </way>
  <way id="1847">
    <nd ref="89" />
    <nd ref="412" />
    <nd ref="90" />
    <nd ref="843" />
    <nd ref="91" />
    <nd ref="92" />
    <nd ref="93" />
    <nd ref="94" />
    <tag k="highway" v="unclassified" />
    <tag k="maxspeed" v="25 mph" />
    <tag k="name" v="Ring Road North" />
    <tag k="surface" v="paved" />
    <tag k="tiger:cfcc" v="A41" />
    <tag k="tiger:county" v="Kalamazoo, MI" />
    <tag k="tiger:name_base" v="Rankin" />
    <tag k="tiger:name_type" v="Ave" />
    <tag k="tiger:reviewed" v="no" />
  </way>
  <way id="1848">
    <nd ref="451" />
    <nd ref="535" />
    <nd ref="4027" />
    <nd ref="4189" />
    <nd ref="228" />
    <tag k="highway" v="unclassified" />
    <tag k="maxspeed" v="25 mph" />
    <tag k="name" v="Ring Road South" />
    <tag k="surface" v="asphalt" />
    <tag k="tiger:cfcc" v="A74;A41" />
    <tag k="tiger:county" v="Kalamazoo, MI" />
    <tag k="tiger:name_base" v="Western;Van de Giessen" />
    <tag k="tiger:name_type" v="Ave;Rd" />
    <tag k="tiger:reviewed" v="no" />
    <tag k="tiger:zip_left" v="49008" />
    <tag k="tiger:zip_right" v="49008" />
  </way>
  <way id="1849">
    <nd ref="774" />
    <nd ref="773" />
    <nd ref="693" />
    <nd ref="6" />
    <nd ref="534" />
    <nd ref="728" />
    <nd ref="768" />
    <tag k="highway" v="tertiary" />
    <tag k="lanes" v="2" />
    <tag k="maxspeed" v="25 mph" />
    <tag k="maxspeed:type" v="sign" />
    <tag k="name" v="West Michigan Avenue" />
    <tag k="surface" v="asphalt" />
    <tag k="tiger:cfcc" v="A41" />
    <tag k="tiger:county" v="Kalamazoo, MI" />
    <tag k="tiger:name_base" v="Michigan" />
    <tag k="tiger:name_direction_prefix" v="W" />
    <tag k="tiger:name_type" v="Ave" />
    <tag k="tiger:zip_left" v="49006" />
    <tag k="tiger:zip_right" v="49006" />
  </way>
  <way id="1850">
    <nd ref="209" />
    <nd ref="451" />
    <tag k="highway" v="unclassified" />
    <tag k="maxspeed" v="25 mph" />
    <tag k="name" v="Ring Road South" />
    <tag k="surface" v="asphalt" />
    <tag k="tiger:cfcc" v="A74;A41" />
    <tag k="tiger:county" v="Kalamazoo, MI" />
    <tag k="tiger:name_base" v="Western;Van de Giessen" />
    <tag k="tiger:name_type" v="Ave;Rd" />
    <tag k="tiger:reviewed" v="no" />
    <tag k="tiger:zip_left" v="49008" />
    <tag k="tiger:zip_right" v="49008" />
  </way>
  <way id="1851">
    <nd ref="107" />
    <nd ref="108" />
    <nd ref="109" />
    <nd ref="110" />
    <nd ref="111" />
    <nd ref="112" />
    <nd ref="113" />
    <nd ref="114" />
    <nd ref="115" />
    <nd ref="116" />
    <nd ref="5074" />
    <nd ref="117" />
    <nd ref="359" />
    <tag k="highway" v="unclassified" />
    <tag k="maxspeed" v="25 mph" />
    <tag k="name" v="Ring Road North" />
    <tag k="surface" v="paved" />
    <tag k="tiger:cfcc" v="A41" />
    <tag k="tiger:county" v="Kalamazoo, MI" />
    <tag k="tiger:name_base" v="Rankin" />
    <tag k="tiger:name_type" v="Ave" />
    <tag k="tiger:reviewed" v="no" />
  </way>
  <way id="1852">
    <nd ref="875" />
    <nd ref="916" />
    <tag k="highway" v="service" />
    <tag k="service" v="parking_aisle" />
  </way>
  <way id="1853">
    <nd ref="951" />
    <nd ref="956" />
    <nd ref="917" />
    <nd ref="918" />
    <nd ref="955" />
    <nd ref="919" />
    <nd ref="954" />
    <nd ref="1006" />
    <nd ref="920" />
    <nd ref="921" />
    <nd ref="922" />
    <nd ref="983" />
    <nd ref="1009" />
    <tag k="highway" v="service" />
  </way>
  <way id="1854">
    <nd ref="940" />
    <nd ref="941" />
    <nd ref="942" />
    <nd ref="57" />
    <nd ref="934" />
    <nd ref="932" />
    <nd ref="933" />
    <nd ref="926" />
    <nd ref="925" />
    <nd ref="936" />
    <nd ref="937" />
    <nd ref="938" />
    <nd ref="939" />
    <nd ref="931" />
    <nd ref="930" />
    <nd ref="929" />
    <nd ref="928" />
    <nd ref="927" />
    <nd ref="935" />
    <nd ref="940" />
    <tag k="access" v="private" />
    <tag k="highway" v="service" />
    <tag k="name" v="Wilbur Avenue" />
    <tag k="surface" v="paved" />
    <tag k="tiger:cfcc" v="A74" />
    <tag k="tiger:county" v="Kalamazoo, MI" />
    <tag k="tiger:name_base" v="Wilbur" />
    <tag k="tiger:name_type" v="Ave" />
    <tag k="tiger:reviewed" v="no" />
    <tag k="tiger:zip_left" v="49006" />
    <tag k="tiger:zip_right" v="49006" />
  </way>
  <way id="1855">
    <nd ref="925" />
    <nd ref="944" />
    <nd ref="945" />
    <nd ref="946" />
    <nd ref="949" />
    <nd ref="947" />
    <nd ref="950" />
    <nd ref="948" />
    <tag k="highway" v="service" />
    <tag k="service" v="driveway" />
  </way>
  <way id="1856">
    <nd ref="834" />
    <nd ref="551" />
    <nd ref="557" />
    <nd ref="837" />
    <nd ref="558" />
    <tag k="highway" v="service" />
    <tag k="service" v="driveway" />
  </way>
  <way id="1857">
    <nd ref="835" />
    <nd ref="556" />
    <nd ref="834" />
    <tag k="highway" v="service" />
    <tag k="service" v="driveway" />
    <tag k="tunnel" v="building_passage" />
  </way>
  <way id="1858">
    <nd ref="957" />
    <nd ref="1007" />
    <nd ref="958" />
    <nd ref="962" />
    <nd ref="959" />
    <nd ref="960" />
    <nd ref="961" />
    <tag k="highway" v="service" />
  </way>
  <way id="1860">
    <nd ref="995" />
    <nd ref="996" />
    <nd ref="994" />
    <nd ref="966" />
    <nd ref="967" />
    <nd ref="968" />
    <nd ref="1011" />
    <nd ref="1043" />
    <nd ref="969" />
    <nd ref="970" />
    <nd ref="971" />
    <nd ref="997" />
    <nd ref="972" />
    <nd ref="957" />
    <nd ref="973" />
    <nd ref="1024" />
    <nd ref="974" />
    <nd ref="992" />
    <nd ref="975" />
    <nd ref="976" />
    <nd ref="533" />
    <nd ref="1010" />
    <nd ref="977" />
    <nd ref="978" />
    <nd ref="984" />
    <nd ref="993" />
    <nd ref="982" />
    <nd ref="981" />
    <nd ref="980" />
    <nd ref="979" />
    <nd ref="1016" />
    <tag k="highway" v="unclassified" />
    <tag k="name" v="Student Center Loop Road" />
  </way>
  <way id="1861">
    <nd ref="984" />
    <nd ref="985" />
    <nd ref="990" />
    <nd ref="986" />
    <nd ref="989" />
    <nd ref="991" />
    <nd ref="987" />
    <nd ref="988" />
    <tag k="highway" v="service" />
  </way>
  <way id="1862">
    <nd ref="965" />
    <nd ref="995" />
    <tag k="highway" v="unclassified" />
    <tag k="name" v="Student Center Loop Road" />
  </way>
  <way id="1864">
    <nd ref="1012" />
    <nd ref="1013" />
    <nd ref="1014" />
    <nd ref="1015" />
    <tag k="highway" v="service" />
  </way>
  <way id="1865">
    <nd ref="973" />
    <nd ref="1026" />
    <nd ref="1021" />
    <nd ref="1025" />
    <nd ref="1022" />
    <nd ref="1028" />
    <nd ref="1023" />
    <nd ref="1027" />
    <nd ref="1024" />
    <tag k="highway" v="service" />
    <tag k="oneway" v="yes" />
  </way>
  <way id="1866">
    <nd ref="1030" />
    <nd ref="1031" />
    <nd ref="1032" />
    <nd ref="1033" />
    <nd ref="1034" />
    <nd ref="1035" />
    <tag k="highway" v="service" />
  </way>
  <way id="1867">
    <nd ref="1036" />
    <nd ref="1042" />
    <nd ref="1037" />
    <nd ref="1038" />
    <nd ref="1039" />
    <nd ref="1040" />
    <nd ref="1041" />
    <tag k="highway" v="service" />
  </way>
  <way id="1868">
    <nd ref="1086" />
    <nd ref="1087" />
    <nd ref="1088" />
    <nd ref="1089" />
    <nd ref="1090" />
    <nd ref="1295" />
    <nd ref="1091" />
    <nd ref="1092" />
    <nd ref="1093" />
    <nd ref="1094" />
    <nd ref="1061" />
    <nd ref="1062" />
    <tag k="highway" v="unclassified" />
    <tag k="junction" v="roundabout" />
    <tag k="lanes" v="2" />
    <tag k="maxspeed" v="20 mph" />
    <tag k="name" v="West Michigan Avenue" />
    <tag k="surface" v="asphalt" />
  </way>
  <way id="1869">
    <nd ref="1095" />
    <nd ref="1096" />
    <nd ref="1291" />
    <tag k="highway" v="unclassified" />
    <tag k="junction" v="roundabout" />
    <tag k="lanes" v="2" />
    <tag k="maxspeed" v="20 mph" />
    <tag k="name" v="West Michigan Avenue" />
    <tag k="surface" v="asphalt" />
  </way>
  <way id="1870">
    <nd ref="276" />
    <nd ref="1126" />
    <nd ref="1127" />
    <nd ref="1128" />
    <nd ref="1129" />
    <nd ref="1130" />
    <nd ref="1131" />
    <nd ref="1132" />
    <nd ref="1133" />
    <tag k="highway" v="unclassified" />
    <tag k="maxspeed" v="25 mph" />
    <tag k="name" v="Ring Road South" />
    <tag k="old_name" v="Knollwood Avenue" />
    <tag k="oneway" v="yes" />
    <tag k="surface" v="asphalt" />
  </way>
  <way id="1872">
    <nd ref="1147" />
    <nd ref="1285" />
    <nd ref="1148" />
    <nd ref="1149" />
    <nd ref="1150" />
    <tag k="highway" v="unclassified" />
    <tag k="maxspeed" v="25 mph" />
    <tag k="name" v="Ring Road North" />
    <tag k="oneway" v="yes" />
    <tag k="surface" v="asphalt" />
    <tag k="tiger:cfcc" v="A41" />
    <tag k="tiger:county" v="Kalamazoo, MI" />
    <tag k="tiger:name_base" v="Rankin" />
    <tag k="tiger:name_type" v="Ave" />
    <tag k="tiger:reviewed" v="no" />
  </way>
  <way id="1873">
    <nd ref="1140" />
    <nd ref="1270" />
    <nd ref="845" />
    <tag k="type" v="line_thin" />
    <tag k="subtype" v="solid" />
  </way>
  <way id="1874">
    <nd ref="1157" />
    <nd ref="1158" />
    <nd ref="1159" />
    <nd ref="1160" />
    <nd ref="1161" />
    <nd ref="1162" />
    <nd ref="1163" />
    <nd ref="1164" />
    <nd ref="1165" />
    <nd ref="1134" />
    <tag k="highway" v="unclassified" />
    <tag k="maxspeed" v="25 mph" />
    <tag k="name" v="Ring Road South" />
    <tag k="oneway" v="yes" />
    <tag k="surface" v="asphalt" />
  </way>
  <way id="1877">
    <nd ref="1181" />
    <nd ref="1182" />
    <nd ref="1183" />
    <nd ref="1184" />
    <nd ref="1185" />
    <nd ref="1186" />
    <nd ref="1187" />
    <nd ref="1188" />
    <tag k="highway" v="unclassified" />
    <tag k="maxspeed" v="25 mph" />
    <tag k="name" v="Ring Road North" />
    <tag k="surface" v="paved" />
    <tag k="tiger:cfcc" v="A41" />
    <tag k="tiger:county" v="Kalamazoo, MI" />
    <tag k="tiger:name_base" v="Rankin" />
    <tag k="tiger:name_type" v="Ave" />
    <tag k="tiger:reviewed" v="no" />
  </way>
  <way id="1878">
    <nd ref="1189" />
    <nd ref="1190" />
    <nd ref="1191" />
    <nd ref="1192" />
    <nd ref="1193" />
    <nd ref="1194" />
    <nd ref="1195" />
    <nd ref="1196" />
    <tag k="highway" v="unclassified" />
    <tag k="maxspeed" v="25 mph" />
    <tag k="name" v="Ring Road North" />
    <tag k="surface" v="paved" />
    <tag k="tiger:cfcc" v="A41" />
    <tag k="tiger:county" v="Kalamazoo, MI" />
    <tag k="tiger:name_base" v="Rankin" />
    <tag k="tiger:name_type" v="Ave" />
    <tag k="tiger:reviewed" v="no" />
  </way>
  <way id="1879">
    <nd ref="1156" />
    <nd ref="1227" />
    <nd ref="1228" />
    <nd ref="1229" />
    <nd ref="1230" />
    <nd ref="1231" />
    <tag k="cycleway:right" v="lane" />
    <tag k="highway" v="unclassified" />
    <tag k="maxspeed" v="25 mph" />
    <tag k="name" v="West Michigan Avenue" />
    <tag k="oneway" v="yes" />
    <tag k="surface" v="asphalt" />
    <tag k="tiger:cfcc" v="A41" />
    <tag k="tiger:county" v="Kalamazoo, MI" />
    <tag k="tiger:name_base" v="Michigan" />
    <tag k="tiger:name_direction_prefix" v="W" />
    <tag k="tiger:name_type" v="Ave" />
    <tag k="tiger:reviewed" v="no" />
    <tag k="tiger:zip_left" v="49006" />
    <tag k="tiger:zip_right" v="49006" />
  </way>
  <way id="1881">
    <nd ref="1248" />
    <nd ref="1198" />
    <tag k="type" v="line_thin" />
    <tag k="subtype" v="solid" />
  </way>
  <way id="1883">
    <nd ref="1134" />
    <nd ref="1135" />
    <nd ref="1136" />
    <nd ref="1137" />
    <nd ref="1138" />
    <nd ref="1262" />
    <nd ref="1139" />
    <nd ref="305" />
    <tag k="type" v="line_thin" />
    <tag k="subtype" v="solid" />
  </way>
  <way id="1884">
    <nd ref="472" />
    <nd ref="296" />
    <nd ref="469" />
    <nd ref="471" />
    <nd ref="470" />
    <nd ref="267" />
    <nd ref="1266" />
    <tag k="type" v="line_thin" />
    <tag k="subtype" v="solid" />
  </way>
  <way id="1885">
    <nd ref="466" />
    <nd ref="465" />
    <nd ref="273" />
    <nd ref="275" />
    <nd ref="464" />
    <nd ref="468" />
    <nd ref="1264" />
    <nd ref="463" />
    <nd ref="1070" />
    <tag k="type" v="line_thin" />
    <tag k="subtype" v="solid" />
  </way>
  <way id="1886">
    <nd ref="476" />
    <nd ref="1265" />
    <tag k="highway" v="unclassified" />
    <tag k="junction" v="roundabout" />
    <tag k="lanes" v="2" />
    <tag k="maxspeed" v="20 mph" />
    <tag k="name" v="West Michigan Avenue" />
    <tag k="surface" v="asphalt" />
  </way>
  <way id="1887">
    <nd ref="305" />
    <nd ref="476" />
    <tag k="type" v="line_thin" />
    <tag k="subtype" v="solid" />
  </way>
  <way id="1889">
    <nd ref="1079" />
    <nd ref="1080" />
    <nd ref="1081" />
    <nd ref="1082" />
    <nd ref="1083" />
    <nd ref="1084" />
    <nd ref="1273" />
    <tag k="highway" v="unclassified" />
    <tag k="junction" v="roundabout" />
    <tag k="lanes" v="2" />
    <tag k="maxspeed" v="20 mph" />
    <tag k="name" v="West Michigan Avenue" />
    <tag k="surface" v="asphalt" />
  </way>
  <way id="1890">
    <nd ref="1266" />
    <nd ref="1079" />
    <tag k="type" v="line_thin" />
    <tag k="subtype" v="solid" />
  </way>
  <way id="1891">
    <nd ref="1086" />
    <nd ref="1271" />
    <nd ref="480" />
    <tag k="type" v="line_thin" />
    <tag k="subtype" v="solid" />
  </way>
  <way id="1892">
    <nd ref="845" />
    <nd ref="1268" />
    <nd ref="1272" />
    <nd ref="1267" />
    <nd ref="312" />
    <nd ref="485" />
    <nd ref="266" />
    <nd ref="310" />
    <nd ref="844" />
    <nd ref="486" />
    <nd ref="680" />
    <nd ref="678" />
    <tag k="highway" v="unclassified" />
    <tag k="junction" v="roundabout" />
    <tag k="lanes" v="2" />
    <tag k="maxspeed" v="20 mph" />
    <tag k="name" v="West Michigan Avenue" />
    <tag k="surface" v="asphalt" />
  </way>
  <way id="1893">
    <nd ref="845" />
    <nd ref="1274" />
    <tag k="type" v="line_thin" />
    <tag k="subtype" v="solid" />
  </way>
  <way id="1894">
    <nd ref="1086" />
    <nd ref="1085" />
    <nd ref="1273" />
    <tag k="type" v="line_thin" />
    <tag k="subtype" v="solid" />
  </way>
  <way id="1895">
    <nd ref="1274" />
    <nd ref="479" />
    <nd ref="308" />
    <nd ref="478" />
    <nd ref="268" />
    <nd ref="477" />
    <nd ref="1265" />
    <nd ref="476" />
    <tag k="type" v="line_thin" />
    <tag k="subtype" v="solid" />
  </way>
  <way id="1896">
    <nd ref="4659" />
    <nd ref="484" />
    <nd ref="89" />
    <tag k="highway" v="unclassified" />
    <tag k="maxspeed" v="25 mph" />
    <tag k="name" v="Ring Road North" />
    <tag k="oneway" v="yes" />
    <tag k="surface" v="asphalt" />
  </way>
  <way id="1897">
    <nd ref="276" />
    <nd ref="846" />
    <nd ref="488" />
    <nd ref="265" />
    <nd ref="489" />
    <nd ref="306" />
    <nd ref="490" />
    <nd ref="267" />
    <nd ref="1263" />
    <nd ref="305" />
    <tag k="highway" v="unclassified" />
    <tag k="junction" v="roundabout" />
    <tag k="lanes" v="2" />
    <tag k="maxspeed" v="20 mph" />
    <tag k="name" v="West Michigan Avenue" />
    <tag k="surface" v="asphalt" />
  </way>
  <way id="1898">
    <nd ref="276" />
    <nd ref="309" />
    <tag k="type" v="line_thin" />
    <tag k="subtype" v="solid" />
  </way>
  <way id="1899">
    <nd ref="1070" />
    <nd ref="1071" />
    <nd ref="1072" />
    <nd ref="1073" />
    <nd ref="1074" />
    <nd ref="1312" />
    <nd ref="1075" />
    <nd ref="1076" />
    <nd ref="1077" />
    <nd ref="1266" />
    <tag k="highway" v="unclassified" />
    <tag k="junction" v="roundabout" />
    <tag k="lanes" v="2" />
    <tag k="maxspeed" v="20 mph" />
    <tag k="name" v="West Michigan Avenue" />
    <tag k="surface" v="asphalt" />
  </way>
  <way id="1900">
    <nd ref="1069" />
    <nd ref="1070" />
    <tag k="type" v="line_thin" />
    <tag k="subtype" v="solid" />
  </way>
  <way id="1901">
    <nd ref="1047" />
    <nd ref="1275" />
    <nd ref="1276" />
    <nd ref="1045" />
    <tag k="type" v="line_thin" />
    <tag k="subtype" v="solid" />
  </way>
  <way id="1902">
    <nd ref="1047" />
    <nd ref="1046" />
    <nd ref="1045" />
    <tag k="type" v="line_thin" />
    <tag k="subtype" v="solid" />
  </way>
  <way id="1903">
    <nd ref="1045" />
    <nd ref="1276" />
    <nd ref="1277" />
    <tag k="type" v="line_thin" />
    <tag k="subtype" v="solid" />
  </way>
  <way id="1904">
    <nd ref="274" />
    <nd ref="840" />
    <nd ref="277" />
    <nd ref="1279" />
    <tag k="highway" v="unclassified" />
    <tag k="maxspeed" v="25 mph" />
    <tag k="name" v="West Michigan Avenue" />
    <tag k="oneway" v="yes" />
    <tag k="surface" v="asphalt" />
    <tag k="tiger:cfcc" v="A41" />
    <tag k="tiger:county" v="Kalamazoo, MI" />
    <tag k="tiger:name_base" v="Michigan" />
    <tag k="tiger:name_direction_prefix" v="W" />
    <tag k="tiger:name_type" v="Ave" />
    <tag k="tiger:reviewed" v="no" />
    <tag k="tiger:zip_left" v="49006" />
    <tag k="tiger:zip_right" v="49006" />
  </way>
  <way id="1905">
    <nd ref="1052" />
    <nd ref="1053" />
    <nd ref="1054" />
    <nd ref="1280" />
    <tag k="highway" v="unclassified" />
    <tag k="maxspeed" v="25 mph" />
    <tag k="name" v="West Michigan Avenue" />
    <tag k="oneway" v="yes" />
    <tag k="surface" v="asphalt" />
    <tag k="tiger:cfcc" v="A41" />
    <tag k="tiger:county" v="Kalamazoo, MI" />
    <tag k="tiger:name_base" v="Michigan" />
    <tag k="tiger:name_direction_prefix" v="W" />
    <tag k="tiger:name_type" v="Ave" />
    <tag k="tiger:reviewed" v="no" />
    <tag k="tiger:zip_left" v="49006" />
    <tag k="tiger:zip_right" v="49006" />
  </way>
  <way id="1906">
    <nd ref="1280" />
    <nd ref="1055" />
    <nd ref="1282" />
    <nd ref="1302" />
    <tag k="highway" v="unclassified" />
    <tag k="maxspeed" v="25 mph" />
    <tag k="name" v="West Michigan Avenue" />
    <tag k="oneway" v="yes" />
    <tag k="surface" v="asphalt" />
    <tag k="tiger:cfcc" v="A41" />
    <tag k="tiger:county" v="Kalamazoo, MI" />
    <tag k="tiger:name_base" v="Michigan" />
    <tag k="tiger:name_direction_prefix" v="W" />
    <tag k="tiger:name_type" v="Ave" />
    <tag k="tiger:reviewed" v="no" />
    <tag k="tiger:zip_left" v="49006" />
    <tag k="tiger:zip_right" v="49006" />
  </way>
  <way id="1907">
    <nd ref="1047" />
    <nd ref="1048" />
    <nd ref="1283" />
    <tag k="highway" v="unclassified" />
    <tag k="maxspeed" v="25 mph" />
    <tag k="name" v="West Michigan Avenue" />
    <tag k="oneway" v="yes" />
    <tag k="surface" v="asphalt" />
    <tag k="tiger:cfcc" v="A41" />
    <tag k="tiger:county" v="Kalamazoo, MI" />
    <tag k="tiger:name_base" v="Michigan" />
    <tag k="tiger:name_direction_prefix" v="W" />
    <tag k="tiger:name_type" v="Ave" />
    <tag k="tiger:reviewed" v="no" />
    <tag k="tiger:zip_left" v="49006" />
    <tag k="tiger:zip_right" v="49006" />
  </way>
  <way id="1908">
    <nd ref="1284" />
    <nd ref="1063" />
    <nd ref="1064" />
    <nd ref="1065" />
    <nd ref="1066" />
    <nd ref="1298" />
    <tag k="highway" v="unclassified" />
    <tag k="junction" v="roundabout" />
    <tag k="lanes" v="2" />
    <tag k="maxspeed" v="20 mph" />
    <tag k="name" v="West Michigan Avenue" />
    <tag k="surface" v="asphalt" />
  </way>
  <way id="1909">
    <nd ref="1147" />
    <nd ref="1173" />
    <nd ref="1174" />
    <nd ref="1175" />
    <nd ref="1176" />
    <nd ref="1177" />
    <nd ref="1178" />
    <nd ref="1179" />
    <nd ref="1180" />
    <tag k="type" v="line_thin" />
    <tag k="subtype" v="solid" />
  </way>
  <way id="1910">
    <nd ref="491" />
    <nd ref="1286" />
    <nd ref="1281" />
    <nd ref="307" />
    <tag k="type" v="line_thin" />
    <tag k="subtype" v="solid" />
  </way>
  <way id="1911">
    <nd ref="1153" />
    <nd ref="1154" />
    <nd ref="1155" />
    <nd ref="1156" />
    <tag k="highway" v="unclassified" />
    <tag k="maxspeed" v="25 mph" />
    <tag k="name" v="West Michigan Avenue" />
    <tag k="oneway" v="yes" />
    <tag k="surface" v="asphalt" />
    <tag k="tiger:cfcc" v="A41" />
    <tag k="tiger:county" v="Kalamazoo, MI" />
    <tag k="tiger:name_base" v="Michigan" />
    <tag k="tiger:name_direction_prefix" v="W" />
    <tag k="tiger:name_type" v="Ave" />
    <tag k="tiger:reviewed" v="no" />
    <tag k="tiger:zip_left" v="49006" />
    <tag k="tiger:zip_right" v="49006" />
  </way>
  <way id="1912">
    <nd ref="1153" />
    <nd ref="1152" />
    <nd ref="1151" />
    <tag k="type" v="line_thin" />
    <tag k="subtype" v="solid" />
  </way>
  <way id="1913">
    <nd ref="1101" />
    <nd ref="1102" />
    <nd ref="1287" />
    <tag k="type" v="line_thin" />
    <tag k="subtype" v="solid" />
  </way>
  <way id="1914">
    <nd ref="1288" />
    <nd ref="1110" />
    <nd ref="1290" />
    <tag k="highway" v="unclassified" />
    <tag k="junction" v="roundabout" />
    <tag k="lanes" v="2" />
    <tag k="maxspeed" v="20 mph" />
    <tag k="name" v="West Michigan Avenue" />
    <tag k="surface" v="asphalt" />
  </way>
  <way id="1915">
    <nd ref="1289" />
    <nd ref="1116" />
    <nd ref="1294" />
    <tag k="highway" v="unclassified" />
    <tag k="junction" v="roundabout" />
    <tag k="lanes" v="2" />
    <tag k="maxspeed" v="20 mph" />
    <tag k="name" v="West Michigan Avenue" />
    <tag k="surface" v="asphalt" />
  </way>
  <way id="1916">
    <nd ref="1290" />
    <nd ref="1111" />
    <nd ref="1112" />
    <nd ref="1113" />
    <nd ref="1114" />
    <nd ref="1115" />
    <nd ref="1289" />
    <tag k="highway" v="unclassified" />
    <tag k="junction" v="roundabout" />
    <tag k="lanes" v="2" />
    <tag k="maxspeed" v="20 mph" />
    <tag k="name" v="West Michigan Avenue" />
    <tag k="surface" v="asphalt" />
  </way>
  <way id="1917">
    <nd ref="1291" />
    <nd ref="1097" />
    <nd ref="1098" />
    <nd ref="1099" />
    <nd ref="1100" />
    <nd ref="1300" />
    <tag k="highway" v="unclassified" />
    <tag k="junction" v="roundabout" />
    <tag k="lanes" v="2" />
    <tag k="maxspeed" v="20 mph" />
    <tag k="name" v="West Michigan Avenue" />
    <tag k="surface" v="asphalt" />
  </way>
  <way id="1918">
    <nd ref="1062" />
    <nd ref="1284" />
    <tag k="type" v="line_thin" />
    <tag k="subtype" v="solid" />
  </way>
  <way id="1919">
    <nd ref="678" />
    <nd ref="1062" />
    <tag k="type" v="line_thin" />
    <tag k="subtype" v="solid" />
  </way>
  <way id="1920">
    <nd ref="1150" />
    <nd ref="1292" />
    <tag k="type" v="line_thin" />
    <tag k="subtype" v="solid" />
  </way>
  <way id="1921">
    <nd ref="1284" />
    <nd ref="307" />
    <tag k="type" v="line_thin" />
    <tag k="subtype" v="solid" />
  </way>
  <way id="1922">
    <nd ref="1151" />
    <nd ref="1293" />
    <tag k="type" v="line_thin" />
    <tag k="subtype" v="solid" />
  </way>
  <way id="1923">
    <nd ref="1292" />
    <nd ref="1293" />
    <tag k="type" v="line_thin" />
    <tag k="subtype" v="solid" />
  </way>
  <way id="1924">
    <nd ref="1086" />
    <nd ref="1087" />
    <nd ref="1088" />
    <nd ref="1089" />
    <nd ref="1090" />
    <nd ref="1295" />
    <tag k="highway" v="unclassified" />
    <tag k="junction" v="roundabout" />
    <tag k="lanes" v="2" />
    <tag k="maxspeed" v="20 mph" />
    <tag k="name" v="West Michigan Avenue" />
    <tag k="surface" v="asphalt" />
  </way>
  <way id="1925">
    <nd ref="1295" />
    <nd ref="1091" />
    <nd ref="1092" />
    <nd ref="1093" />
    <nd ref="1094" />
    <nd ref="1061" />
    <nd ref="1062" />
    <tag k="highway" v="unclassified" />
    <tag k="junction" v="roundabout" />
    <tag k="lanes" v="2" />
    <tag k="maxspeed" v="20 mph" />
    <tag k="name" v="West Michigan Avenue" />
    <tag k="surface" v="asphalt" />
  </way>
  <way id="1926">
    <nd ref="1294" />
    <nd ref="1117" />
    <nd ref="1118" />
    <nd ref="1119" />
    <nd ref="1120" />
    <nd ref="1121" />
    <nd ref="1296" />
    <tag k="highway" v="unclassified" />
    <tag k="junction" v="roundabout" />
    <tag k="lanes" v="2" />
    <tag k="maxspeed" v="20 mph" />
    <tag k="name" v="West Michigan Avenue" />
    <tag k="surface" v="asphalt" />
  </way>
  <way id="1927">
    <nd ref="1296" />
    <nd ref="1122" />
    <nd ref="1123" />
    <nd ref="1124" />
    <nd ref="1125" />
    <nd ref="1095" />
    <tag k="highway" v="unclassified" />
    <tag k="junction" v="roundabout" />
    <tag k="lanes" v="2" />
    <tag k="maxspeed" v="20 mph" />
    <tag k="name" v="West Michigan Avenue" />
    <tag k="surface" v="asphalt" />
  </way>
  <way id="1928">
    <nd ref="1297" />
    <nd ref="487" />
    <nd ref="88" />
    <nd ref="847" />
    <nd ref="307" />
    <tag k="type" v="line_thin" />
    <tag k="subtype" v="solid" />
  </way>
  <way id="1929">
    <nd ref="1284" />
    <nd ref="1063" />
    <nd ref="1064" />
    <nd ref="1065" />
    <nd ref="1066" />
    <nd ref="1298" />
    <tag k="highway" v="unclassified" />
    <tag k="junction" v="roundabout" />
    <tag k="lanes" v="2" />
    <tag k="maxspeed" v="20 mph" />
    <tag k="name" v="West Michigan Avenue" />
    <tag k="surface" v="asphalt" />
  </way>
  <way id="1930">
    <nd ref="1297" />
    <nd ref="1299" />
    <nd ref="311" />
    <nd ref="280" />
    <nd ref="309" />
    <tag k="type" v="line_thin" />
    <tag k="subtype" v="solid" />
  </way>
  <way id="1931">
    <nd ref="1283" />
    <nd ref="1049" />
    <nd ref="1050" />
    <nd ref="1051" />
    <nd ref="1305" />
    <tag k="type" v="line_thin" />
    <tag k="subtype" v="solid" />
  </way>
  <way id="1932">
    <nd ref="1283" />
    <nd ref="491" />
    <tag k="type" v="line_thin" />
    <tag k="subtype" v="solid" />
  </way>
  <way id="1933">
    <nd ref="1298" />
    <nd ref="1067" />
    <nd ref="1068" />
    <nd ref="1069" />
    <tag k="type" v="line_thin" />
    <tag k="subtype" v="solid" />
  </way>
  <way id="1934">
    <nd ref="1279" />
    <nd ref="681" />
    <nd ref="278" />
    <nd ref="1301" />
    <tag k="highway" v="unclassified" />
    <tag k="maxspeed" v="25 mph" />
    <tag k="name" v="West Michigan Avenue" />
    <tag k="oneway" v="yes" />
    <tag k="surface" v="asphalt" />
    <tag k="tiger:cfcc" v="A41" />
    <tag k="tiger:county" v="Kalamazoo, MI" />
    <tag k="tiger:name_base" v="Michigan" />
    <tag k="tiger:name_direction_prefix" v="W" />
    <tag k="tiger:name_type" v="Ave" />
    <tag k="tiger:reviewed" v="no" />
    <tag k="tiger:zip_left" v="49006" />
    <tag k="tiger:zip_right" v="49006" />
  </way>
  <way id="1935">
    <nd ref="1280" />
    <nd ref="1055" />
    <nd ref="1282" />
    <nd ref="1302" />
    <tag k="highway" v="unclassified" />
    <tag k="maxspeed" v="25 mph" />
    <tag k="name" v="West Michigan Avenue" />
    <tag k="oneway" v="yes" />
    <tag k="surface" v="asphalt" />
    <tag k="tiger:cfcc" v="A41" />
    <tag k="tiger:county" v="Kalamazoo, MI" />
    <tag k="tiger:name_base" v="Michigan" />
    <tag k="tiger:name_direction_prefix" v="W" />
    <tag k="tiger:name_type" v="Ave" />
    <tag k="tiger:reviewed" v="no" />
    <tag k="tiger:zip_left" v="49006" />
    <tag k="tiger:zip_right" v="49006" />
  </way>
  <way id="1936">
    <nd ref="1301" />
    <nd ref="682" />
    <nd ref="279" />
    <nd ref="953" />
    <nd ref="1303" />
    <tag k="highway" v="unclassified" />
    <tag k="maxspeed" v="25 mph" />
    <tag k="name" v="West Michigan Avenue" />
    <tag k="oneway" v="yes" />
    <tag k="surface" v="asphalt" />
    <tag k="tiger:cfcc" v="A41" />
    <tag k="tiger:county" v="Kalamazoo, MI" />
    <tag k="tiger:name_base" v="Michigan" />
    <tag k="tiger:name_direction_prefix" v="W" />
    <tag k="tiger:name_type" v="Ave" />
    <tag k="tiger:reviewed" v="no" />
    <tag k="tiger:zip_left" v="49006" />
    <tag k="tiger:zip_right" v="49006" />
  </way>
  <way id="1937">
    <nd ref="1303" />
    <nd ref="683" />
    <nd ref="1309" />
    <nd ref="309" />
    <tag k="highway" v="unclassified" />
    <tag k="maxspeed" v="25 mph" />
    <tag k="name" v="West Michigan Avenue" />
    <tag k="oneway" v="yes" />
    <tag k="surface" v="asphalt" />
    <tag k="tiger:cfcc" v="A41" />
    <tag k="tiger:county" v="Kalamazoo, MI" />
    <tag k="tiger:name_base" v="Michigan" />
    <tag k="tiger:name_direction_prefix" v="W" />
    <tag k="tiger:name_type" v="Ave" />
    <tag k="tiger:reviewed" v="no" />
    <tag k="tiger:zip_left" v="49006" />
    <tag k="tiger:zip_right" v="49006" />
  </way>
  <way id="1938">
    <nd ref="1302" />
    <nd ref="1056" />
    <nd ref="1057" />
    <nd ref="1058" />
    <nd ref="1304" />
    <tag k="highway" v="unclassified" />
    <tag k="maxspeed" v="25 mph" />
    <tag k="name" v="West Michigan Avenue" />
    <tag k="oneway" v="yes" />
    <tag k="surface" v="asphalt" />
    <tag k="tiger:cfcc" v="A41" />
    <tag k="tiger:county" v="Kalamazoo, MI" />
    <tag k="tiger:name_base" v="Michigan" />
    <tag k="tiger:name_direction_prefix" v="W" />
    <tag k="tiger:name_type" v="Ave" />
    <tag k="tiger:reviewed" v="no" />
    <tag k="tiger:zip_left" v="49006" />
    <tag k="tiger:zip_right" v="49006" />
  </way>
  <way id="1939">
    <nd ref="1304" />
    <nd ref="1059" />
    <nd ref="1060" />
    <nd ref="1069" />
    <tag k="highway" v="unclassified" />
    <tag k="maxspeed" v="25 mph" />
    <tag k="name" v="West Michigan Avenue" />
    <tag k="oneway" v="yes" />
    <tag k="surface" v="asphalt" />
    <tag k="tiger:cfcc" v="A41" />
    <tag k="tiger:county" v="Kalamazoo, MI" />
    <tag k="tiger:name_base" v="Michigan" />
    <tag k="tiger:name_direction_prefix" v="W" />
    <tag k="tiger:name_type" v="Ave" />
    <tag k="tiger:reviewed" v="no" />
    <tag k="tiger:zip_left" v="49006" />
    <tag k="tiger:zip_right" v="49006" />
  </way>
  <way id="1940">
    <nd ref="1305" />
    <nd ref="1306" />
    <nd ref="1307" />
    <nd ref="1308" />
    <nd ref="1101" />
    <tag k="type" v="line_thin" />
    <tag k="subtype" v="solid" />
  </way>
  <way id="1941">
    <nd ref="1300" />
    <nd ref="1311" />
    <nd ref="1310" />
    <nd ref="1101" />
    <tag k="type" v="line_thin" />
    <tag k="subtype" v="solid" />
  </way>
  <way id="1942">
    <nd ref="1070" />
    <nd ref="1071" />
    <nd ref="1072" />
    <nd ref="1073" />
    <nd ref="1074" />
    <nd ref="1312" />
    <tag k="highway" v="unclassified" />
    <tag k="junction" v="roundabout" />
    <tag k="lanes" v="2" />
    <tag k="maxspeed" v="20 mph" />
    <tag k="name" v="West Michigan Avenue" />
    <tag k="surface" v="asphalt" />
  </way>
  <way id="1943">
    <nd ref="1312" />
    <nd ref="1075" />
    <nd ref="1076" />
    <nd ref="1077" />
    <nd ref="1266" />
    <tag k="highway" v="unclassified" />
    <tag k="junction" v="roundabout" />
    <tag k="lanes" v="2" />
    <tag k="maxspeed" v="20 mph" />
    <tag k="name" v="West Michigan Avenue" />
    <tag k="surface" v="asphalt" />
  </way>
  <way id="1944">
    <nd ref="1287" />
    <nd ref="1103" />
    <nd ref="1104" />
    <nd ref="1105" />
    <nd ref="1106" />
    <nd ref="1313" />
    <tag k="highway" v="unclassified" />
    <tag k="junction" v="roundabout" />
    <tag k="lanes" v="2" />
    <tag k="maxspeed" v="20 mph" />
    <tag k="name" v="West Michigan Avenue" />
    <tag k="surface" v="asphalt" />
  </way>
  <way id="1945">
    <nd ref="1313" />
    <nd ref="1107" />
    <nd ref="1108" />
    <nd ref="1109" />
    <nd ref="1288" />
    <tag k="highway" v="unclassified" />
    <tag k="junction" v="roundabout" />
    <tag k="lanes" v="2" />
    <tag k="maxspeed" v="20 mph" />
    <tag k="name" v="West Michigan Avenue" />
    <tag k="surface" v="asphalt" />
  </way>
  <way id="1946">
    <nd ref="1052" />
    <nd ref="1319" />
    <nd ref="1318" />
    <nd ref="1317" />
    <nd ref="1316" />
    <tag k="type" v="line_thin" />
    <tag k="subtype" v="solid" />
  </way>
  <way id="1947">
    <nd ref="1320" />
    <nd ref="1323" />
    <tag k="type" v="line_thin" />
    <tag k="subtype" v="solid" />
  </way>
  <way id="1948">
    <nd ref="1326" />
    <nd ref="1327" />
    <nd ref="1328" />
    <nd ref="1329" />
    <nd ref="1330" />
    <nd ref="1331" />
    <nd ref="1332" />
    <nd ref="1333" />
    <nd ref="1334" />
    <nd ref="1335" />
    <nd ref="1336" />
    <nd ref="1337" />
    <tag k="highway" v="service" />
  </way>
  <way id="1949">
    <nd ref="1338" />
    <nd ref="1339" />
    <nd ref="1340" />
    <nd ref="1341" />
    <nd ref="1342" />
    <nd ref="1343" />
    <nd ref="1344" />
    <nd ref="1348" />
    <nd ref="1345" />
    <nd ref="1346" />
    <nd ref="1347" />
    <tag k="highway" v="service" />
  </way>
  <way id="1950">
    <nd ref="1350" />
    <nd ref="325" />
    <nd ref="326" />
    <nd ref="327" />
    <nd ref="352" />
    <nd ref="594" />
    <nd ref="328" />
    <nd ref="329" />
    <nd ref="924" />
    <nd ref="330" />
    <nd ref="331" />
    <nd ref="595" />
    <nd ref="357" />
    <nd ref="332" />
    <nd ref="426" />
    <nd ref="333" />
    <nd ref="334" />
    <nd ref="335" />
    <nd ref="336" />
    <nd ref="337" />
    <nd ref="952" />
    <nd ref="1349" />
    <nd ref="1478" />
    <tag k="access" v="private" />
    <tag k="bicycle" v="yes" />
    <tag k="foot" v="yes" />
    <tag k="highway" v="service" />
    <tag k="horse" v="no" />
    <tag k="oneway" v="no" />
    <tag k="surface" v="paved" />
  </way>
  <way id="1951">
    <nd ref="1198" />
    <nd ref="1199" />
    <nd ref="1200" />
    <nd ref="1201" />
    <nd ref="1202" />
    <nd ref="1203" />
    <nd ref="1204" />
    <nd ref="1375" />
    <nd ref="1415" />
    <tag k="highway" v="unclassified" />
    <tag k="maxspeed" v="25 mph" />
    <tag k="name" v="Ring Road South" />
    <tag k="old_name" v="Knollwood Avenue" />
    <tag k="surface" v="asphalt" />
    <tag k="tiger:cfcc" v="A41" />
    <tag k="tiger:county" v="Kalamazoo, MI" />
    <tag k="tiger:name_base" v="Rankin" />
    <tag k="tiger:name_type" v="Ave" />
    <tag k="tiger:reviewed" v="no" />
  </way>
  <way id="1952">
    <nd ref="428" />
    <nd ref="650" />
    <nd ref="287" />
    <nd ref="649" />
    <nd ref="291" />
    <nd ref="648" />
    <nd ref="647" />
    <nd ref="4457" />
    <nd ref="507" />
    <tag k="highway" v="unclassified" />
    <tag k="maxspeed" v="25 mph" />
    <tag k="name" v="Ring Road South" />
    <tag k="old_name" v="Knollwood Avenue" />
    <tag k="surface" v="asphalt" />
    <tag k="tiger:cfcc" v="A41" />
    <tag k="tiger:county" v="Kalamazoo, MI" />
    <tag k="tiger:name_base" v="Rankin" />
    <tag k="tiger:name_type" v="Ave" />
    <tag k="tiger:reviewed" v="no" />
  </way>
  <way id="1953">
    <nd ref="1374" />
    <nd ref="1379" />
    <nd ref="1378" />
    <nd ref="1377" />
    <nd ref="1376" />
    <tag k="type" v="line_thin" />
    <tag k="subtype" v="solid" />
  </way>
  <way id="1954">
    <nd ref="507" />
    <nd ref="1404" />
    <nd ref="1324" />
    <nd ref="1386" />
    <tag k="highway" v="unclassified" />
    <tag k="maxspeed" v="25 mph" />
    <tag k="name" v="Ring Road South" />
    <tag k="old_name" v="Knollwood Avenue" />
    <tag k="surface" v="asphalt" />
    <tag k="tiger:cfcc" v="A41" />
    <tag k="tiger:county" v="Kalamazoo, MI" />
    <tag k="tiger:name_base" v="Rankin" />
    <tag k="tiger:name_type" v="Ave" />
    <tag k="tiger:reviewed" v="no" />
  </way>
  <way id="1955">
    <nd ref="1406" />
    <nd ref="1405" />
    <nd ref="1325" />
    <nd ref="1387" />
    <tag k="type" v="line_thin" />
    <tag k="subtype" v="solid" />
  </way>
  <way id="1956">
    <nd ref="1387" />
    <nd ref="1395" />
    <nd ref="1394" />
    <nd ref="1393" />
    <nd ref="1392" />
    <nd ref="1391" />
    <nd ref="1390" />
    <nd ref="1389" />
    <nd ref="1388" />
    <nd ref="1323" />
    <tag k="type" v="line_thin" />
    <tag k="subtype" v="solid" />
  </way>
  <way id="1957">
    <nd ref="1374" />
    <nd ref="1396" />
    <nd ref="1397" />
    <nd ref="1398" />
    <nd ref="1399" />
    <nd ref="1400" />
    <nd ref="1401" />
    <nd ref="1402" />
    <nd ref="1403" />
    <nd ref="1406" />
    <tag k="type" v="line_thin" />
    <tag k="subtype" v="solid" />
  </way>
  <way id="1962">
    <nd ref="1415" />
    <nd ref="1413" />
    <nd ref="1414" />
    <nd ref="1416" />
    <nd ref="1323" />
    <tag k="type" v="line_thin" />
    <tag k="subtype" v="solid" />
  </way>
  <way id="1963">
    <nd ref="507" />
    <nd ref="1412" />
    <nd ref="1411" />
    <nd ref="1410" />
    <nd ref="1409" />
    <nd ref="1408" />
    <nd ref="1407" />
    <nd ref="1321" />
    <tag k="type" v="line_thin" />
    <tag k="subtype" v="solid" />
  </way>
  <way id="1964">
    <nd ref="1321" />
    <nd ref="1380" />
    <nd ref="1381" />
    <nd ref="1382" />
    <nd ref="1383" />
    <nd ref="1384" />
    <nd ref="1385" />
    <nd ref="1386" />
    <tag k="type" v="line_thin" />
    <tag k="subtype" v="solid" />
  </way>
  <way id="1965">
    <nd ref="1415" />
    <nd ref="1376" />
    <tag k="type" v="line_thin" />
    <tag k="subtype" v="solid" />
  </way>
  <way id="1970">
    <nd ref="1387" />
    <nd ref="1420" />
    <nd ref="1459" />
    <tag k="type" v="line_thin" />
    <tag k="subtype" v="solid" />
  </way>
  <way id="1971">
    <nd ref="1421" />
    <nd ref="1422" />
    <nd ref="1423" />
    <nd ref="1424" />
    <nd ref="1425" />
    <tag k="type" v="line_thin" />
    <tag k="subtype" v="solid" />
  </way>
  <way id="1972">
    <nd ref="1426" />
    <nd ref="1427" />
    <nd ref="1428" />
    <nd ref="1429" />
    <nd ref="1430" />
    <nd ref="1431" />
    <nd ref="1432" />
    <nd ref="1433" />
    <tag k="type" v="line_thin" />
    <tag k="subtype" v="solid" />
  </way>
  <way id="1973">
    <nd ref="1434" />
    <nd ref="1435" />
    <nd ref="1436" />
    <nd ref="1437" />
    <nd ref="1438" />
    <nd ref="1439" />
    <nd ref="1440" />
    <nd ref="1441" />
    <nd ref="1442" />
    <nd ref="1443" />
    <tag k="type" v="line_thin" />
    <tag k="subtype" v="solid" />
  </way>
  <way id="1974">
    <nd ref="1444" />
    <nd ref="1445" />
    <nd ref="1446" />
    <nd ref="1447" />
    <nd ref="1448" />
    <nd ref="1449" />
    <nd ref="1450" />
    <nd ref="1426" />
    <tag k="type" v="line_thin" />
    <tag k="subtype" v="solid" />
  </way>
  <way id="1975">
    <nd ref="1421" />
    <nd ref="1451" />
    <nd ref="1452" />
    <nd ref="1453" />
    <nd ref="1454" />
    <nd ref="1455" />
    <nd ref="1456" />
    <nd ref="1457" />
    <nd ref="1458" />
    <nd ref="1459" />
    <tag k="type" v="line_thin" />
    <tag k="subtype" v="solid" />
  </way>
  <way id="1976">
    <nd ref="1460" />
    <nd ref="1461" />
    <nd ref="1462" />
    <nd ref="1463" />
    <nd ref="1443" />
    <tag k="type" v="line_thin" />
    <tag k="subtype" v="solid" />
  </way>
  <way id="1977">
    <nd ref="1444" />
    <nd ref="1464" />
    <nd ref="1465" />
    <nd ref="1433" />
    <tag k="highway" v="unclassified" />
    <tag k="maxspeed" v="25 mph" />
    <tag k="name" v="Ring Road South" />
    <tag k="old_name" v="Knollwood Avenue" />
    <tag k="surface" v="asphalt" />
    <tag k="tiger:cfcc" v="A41" />
    <tag k="tiger:county" v="Kalamazoo, MI" />
    <tag k="tiger:name_base" v="Rankin" />
    <tag k="tiger:name_type" v="Ave" />
    <tag k="tiger:reviewed" v="no" />
  </way>
  <way id="1978">
    <nd ref="1459" />
    <nd ref="1468" />
    <nd ref="1466" />
    <nd ref="1467" />
    <nd ref="1434" />
    <tag k="type" v="line_thin" />
    <tag k="subtype" v="solid" />
  </way>
  <way id="1979">
    <nd ref="1460" />
    <nd ref="1425" />
    <tag k="type" v="line_thin" />
    <tag k="subtype" v="solid" />
  </way>
  <way id="1980">
    <nd ref="1444" />
    <nd ref="1386" />
    <tag k="type" v="line_thin" />
    <tag k="subtype" v="solid" />
  </way>
  <way id="1981">
    <nd ref="1460" />
    <nd ref="1376" />
    <tag k="type" v="line_thin" />
    <tag k="subtype" v="solid" />
  </way>
  <way id="1982">
    <nd ref="1421" />
    <nd ref="1472" />
    <nd ref="1473" />
    <nd ref="1474" />
    <nd ref="1469" />
    <tag k="type" v="line_thin" />
    <tag k="subtype" v="solid" />
  </way>
  <way id="1983">
    <nd ref="1426" />
    <nd ref="1475" />
    <nd ref="1476" />
    <nd ref="1477" />
    <nd ref="1470" />
    <tag k="type" v="line_thin" />
    <tag k="subtype" v="solid" />
  </way>
  <way id="1984">
    <nd ref="1443" />
    <nd ref="1471" />
    <tag k="type" v="line_thin" />
    <tag k="subtype" v="solid" />
  </way>
  <way id="1985">
    <nd ref="1470" />
    <nd ref="1503" />
    <tag k="type" v="line_thin" />
    <tag k="subtype" v="solid" />
  </way>
  <way id="1986">
    <nd ref="1322" />
    <nd ref="1321" />
    <tag k="type" v="line_thin" />
    <tag k="subtype" v="solid" />
  </way>
  <way id="1987">
    <nd ref="1480" />
    <nd ref="1372" />
    <nd ref="1371" />
    <nd ref="1370" />
    <nd ref="1369" />
    <nd ref="1368" />
    <nd ref="1367" />
    <nd ref="1366" />
    <nd ref="1365" />
    <nd ref="1364" />
    <nd ref="1363" />
    <nd ref="1362" />
    <nd ref="1361" />
    <nd ref="1360" />
    <nd ref="1359" />
    <nd ref="1358" />
    <nd ref="1357" />
    <nd ref="1356" />
    <nd ref="1355" />
    <nd ref="1354" />
    <nd ref="1353" />
    <nd ref="1352" />
    <nd ref="1351" />
    <tag k="type" v="line_thin" />
    <tag k="subtype" v="solid" />
  </way>
  <way id="1988">
    <nd ref="1482" />
    <nd ref="1516" />
    <tag k="type" v="line_thin" />
    <tag k="subtype" v="solid" />
  </way>
  <way id="1989">
    <nd ref="1492" />
    <nd ref="1479" />
    <nd ref="1478" />
    <tag k="type" v="line_thin" />
    <tag k="subtype" v="solid" />
  </way>
  <way id="1990">
    <nd ref="1503" />
    <nd ref="1487" />
    <nd ref="1488" />
    <nd ref="1489" />
    <nd ref="1490" />
    <nd ref="1491" />
    <nd ref="1492" />
    <tag k="type" v="line_thin" />
    <tag k="subtype" v="solid" />
  </way>
  <way id="1992">
    <nd ref="1503" />
    <nd ref="1500" />
    <nd ref="1498" />
    <nd ref="1499" />
    <nd ref="1480" />
    <tag k="type" v="line_thin" />
    <tag k="subtype" v="solid" />
  </way>
  <way id="1993">
    <nd ref="1501" />
    <nd ref="1471" />
    <tag k="type" v="line_thin" />
    <tag k="subtype" v="solid" />
  </way>
  <way id="1994">
    <nd ref="1501" />
    <nd ref="1481" />
    <nd ref="1482" />
    <tag k="type" v="line_thin" />
    <tag k="subtype" v="solid" />
  </way>
  <way id="1995">
    <nd ref="1480" />
    <nd ref="1482" />
    <tag k="type" v="line_thin" />
    <tag k="subtype" v="solid" />
  </way>
  <way id="1996">
    <nd ref="1502" />
    <nd ref="1469" />
    <tag k="type" v="line_thin" />
    <tag k="subtype" v="solid" />
  </way>
  <way id="1997">
    <nd ref="1470" />
    <nd ref="1503" />
    <tag k="type" v="line_thin" />
    <tag k="subtype" v="solid" />
  </way>
  <way id="1998">
    <nd ref="1502" />
    <nd ref="1504" />
    <nd ref="1505" />
    <nd ref="1480" />
    <tag k="type" v="line_thin" />
    <tag k="subtype" v="solid" />
  </way>
  <way id="1999">
    <nd ref="1503" />
    <nd ref="1483" />
    <nd ref="1484" />
    <nd ref="1485" />
    <nd ref="1486" />
    <nd ref="1478" />
    <tag k="type" v="line_thin" />
    <tag k="subtype" v="solid" />
  </way>
  <way id="2000">
    <nd ref="1492" />
    <nd ref="1506" />
    <tag k="type" v="line_thin" />
    <tag k="subtype" v="solid" />
  </way>
  <way id="2001">
    <nd ref="1322" />
    <nd ref="1511" />
    <nd ref="1512" />
    <nd ref="1513" />
    <nd ref="1514" />
    <nd ref="1506" />
    <tag k="type" v="line_thin" />
    <tag k="subtype" v="solid" />
  </way>
  <way id="2002">
    <nd ref="1506" />
    <nd ref="1507" />
    <nd ref="1508" />
    <nd ref="1509" />
    <nd ref="1510" />
    <nd ref="1320" />
    <tag k="type" v="line_thin" />
    <tag k="subtype" v="solid" />
  </way>
  <way id="2003">
    <nd ref="1516" />
    <nd ref="1517" />
    <nd ref="1373" />
    <nd ref="1515" />
    <nd ref="1518" />
    <tag k="type" v="line_thin" />
    <tag k="subtype" v="solid" />
  </way>
  <way id="2004">
    <nd ref="1518" />
    <nd ref="1374" />
    <tag k="type" v="line_thin" />
    <tag k="subtype" v="solid" />
  </way>
  <way id="2005">
    <nd ref="1322" />
    <nd ref="1519" />
    <nd ref="1520" />
    <nd ref="1516" />
    <tag k="type" v="line_thin" />
    <tag k="subtype" v="solid" />
  </way>
  <way id="2006">
    <nd ref="1501" />
    <nd ref="1481" />
    <nd ref="1493" />
    <nd ref="1494" />
    <nd ref="1495" />
    <nd ref="1496" />
    <nd ref="1497" />
    <nd ref="1478" />
    <tag k="type" v="line_thin" />
    <tag k="subtype" v="solid" />
  </way>
  <way id="2007">
    <nd ref="1521" />
    <nd ref="1253" />
    <nd ref="1577" />
    <nd ref="1252" />
    <tag k="type" v="line_thin" />
    <tag k="subtype" v="solid" />
  </way>
  <way id="2008">
    <nd ref="1522" />
    <nd ref="290" />
    <nd ref="4465" />
    <nd ref="850" />
    <nd ref="288" />
    <nd ref="286" />
    <nd ref="285" />
    <nd ref="283" />
    <nd ref="284" />
    <nd ref="428" />
    <tag k="highway" v="unclassified" />
    <tag k="maxspeed" v="25 mph" />
    <tag k="name" v="Ring Road South" />
    <tag k="surface" v="asphalt" />
    <tag k="tiger:cfcc" v="A41" />
    <tag k="tiger:county" v="Kalamazoo, MI" />
    <tag k="tiger:name_base" v="Rankin" />
    <tag k="tiger:name_type" v="Ave" />
    <tag k="tiger:reviewed" v="no" />
  </way>
  <way id="2009">
    <nd ref="1523" />
    <nd ref="1241" />
    <nd ref="1242" />
    <nd ref="1243" />
    <nd ref="1244" />
    <nd ref="1245" />
    <nd ref="1246" />
    <nd ref="1247" />
    <nd ref="1248" />
    <nd ref="1198" />
    <tag k="highway" v="unclassified" />
    <tag k="maxspeed" v="25 mph" />
    <tag k="name" v="Ring Road South" />
    <tag k="surface" v="asphalt" />
    <tag k="tiger:cfcc" v="A41" />
    <tag k="tiger:county" v="Kalamazoo, MI" />
    <tag k="tiger:name_base" v="Rankin" />
    <tag k="tiger:name_type" v="Ave" />
    <tag k="tiger:reviewed" v="no" />
  </way>
  <way id="2010">
    <nd ref="1525" />
    <nd ref="1526" />
    <nd ref="1578" />
    <tag k="highway" v="service" />
    <tag k="maxspeed" v="25 mph" />
    <tag k="surface" v="asphalt" />
    <tag k="tiger:cfcc" v="A41" />
    <tag k="tiger:county" v="Kalamazoo, MI" />
    <tag k="tiger:name_base" v="Auditorium" />
    <tag k="tiger:name_type" v="Dr" />
    <tag k="tiger:reviewed" v="no" />
  </way>
  <way id="2011">
    <nd ref="1523" />
    <nd ref="1540" />
    <nd ref="1541" />
    <nd ref="1525" />
    <tag k="type" v="line_thin" />
    <tag k="subtype" v="solid" />
  </way>
  <way id="2012">
    <nd ref="1550" />
    <nd ref="1534" />
    <nd ref="1535" />
    <nd ref="1536" />
    <nd ref="1537" />
    <nd ref="1538" />
    <nd ref="1539" />
    <tag k="highway" v="service" />
    <tag k="maxspeed" v="25 mph" />
    <tag k="surface" v="asphalt" />
    <tag k="tiger:cfcc" v="A41" />
    <tag k="tiger:county" v="Kalamazoo, MI" />
    <tag k="tiger:name_base" v="Auditorium" />
    <tag k="tiger:name_type" v="Dr" />
    <tag k="tiger:reviewed" v="no" />
  </way>
  <way id="2013">
    <nd ref="181" />
    <nd ref="182" />
    <nd ref="183" />
    <nd ref="645" />
    <nd ref="500" />
    <nd ref="501" />
    <tag k="highway" v="service" />
    <tag k="maxspeed" v="25 mph" />
    <tag k="surface" v="asphalt" />
    <tag k="tiger:cfcc" v="A41" />
    <tag k="tiger:county" v="Kalamazoo, MI" />
    <tag k="tiger:name_base" v="Auditorium" />
    <tag k="tiger:name_type" v="Dr" />
    <tag k="tiger:reviewed" v="no" />
  </way>
  <way id="2014">
    <nd ref="1547" />
    <nd ref="1549" />
    <nd ref="1597" />
    <nd ref="1598" />
    <nd ref="181" />
    <tag k="type" v="line_thin" />
    <tag k="subtype" v="solid" />
  </way>
  <way id="2015">
    <nd ref="1550" />
    <nd ref="1534" />
    <tag k="type" v="line_thin" />
    <tag k="subtype" v="solid" />
  </way>
  <way id="2016">
    <nd ref="1548" />
    <nd ref="1554" />
    <nd ref="1555" />
    <nd ref="1556" />
    <nd ref="1557" />
    <nd ref="1558" />
    <nd ref="1522" />
    <tag k="type" v="line_thin" />
    <tag k="subtype" v="solid" />
  </way>
  <way id="2017">
    <nd ref="1548" />
    <nd ref="1560" />
    <nd ref="1561" />
    <nd ref="1562" />
    <nd ref="1563" />
    <nd ref="1564" />
    <nd ref="1565" />
    <nd ref="1566" />
    <nd ref="1567" />
    <nd ref="1568" />
    <nd ref="1252" />
    <tag k="type" v="line_thin" />
    <tag k="subtype" v="solid" />
  </way>
  <way id="2018">
    <nd ref="1544" />
    <nd ref="1569" />
    <nd ref="1570" />
    <nd ref="1571" />
    <nd ref="1572" />
    <nd ref="1573" />
    <nd ref="1574" />
    <nd ref="1576" />
    <tag k="type" v="line_thin" />
    <tag k="subtype" v="solid" />
  </way>
  <way id="2019">
    <nd ref="1553" />
    <nd ref="1580" />
    <nd ref="1581" />
    <nd ref="1582" />
    <nd ref="1583" />
    <nd ref="1584" />
    <tag k="type" v="line_thin" />
    <tag k="subtype" v="solid" />
  </way>
  <way id="2020">
    <nd ref="1584" />
    <nd ref="1240" />
    <nd ref="1545" />
    <nd ref="1523" />
    <tag k="highway" v="unclassified" />
    <tag k="maxspeed" v="25 mph" />
    <tag k="name" v="Ring Road South" />
    <tag k="surface" v="asphalt" />
    <tag k="tiger:cfcc" v="A41" />
    <tag k="tiger:county" v="Kalamazoo, MI" />
    <tag k="tiger:name_base" v="Rankin" />
    <tag k="tiger:name_type" v="Ave" />
    <tag k="tiger:reviewed" v="no" />
  </way>
  <way id="2021">
    <nd ref="1584" />
    <nd ref="1239" />
    <tag k="type" v="line_thin" />
    <tag k="subtype" v="solid" />
  </way>
  <way id="2022">
    <nd ref="1576" />
    <nd ref="1575" />
    <nd ref="1524" />
    <nd ref="1522" />
    <tag k="highway" v="unclassified" />
    <tag k="maxspeed" v="25 mph" />
    <tag k="name" v="Ring Road South" />
    <tag k="surface" v="asphalt" />
    <tag k="tiger:cfcc" v="A41" />
    <tag k="tiger:county" v="Kalamazoo, MI" />
    <tag k="tiger:name_base" v="Rankin" />
    <tag k="tiger:name_type" v="Ave" />
    <tag k="tiger:reviewed" v="no" />
  </way>
  <way id="2023">
    <nd ref="289" />
    <nd ref="1576" />
    <tag k="type" v="line_thin" />
    <tag k="subtype" v="solid" />
  </way>
  <way id="2024">
    <nd ref="1585" />
    <nd ref="1251" />
    <nd ref="1739" />
    <tag k="type" v="line_thin" />
    <tag k="subtype" v="solid" />
  </way>
  <way id="2025">
    <nd ref="1252" />
    <nd ref="1585" />
    <tag k="type" v="line_thin" />
    <tag k="subtype" v="solid" />
  </way>
  <way id="2026">
    <nd ref="1544" />
    <nd ref="1586" />
    <nd ref="1587" />
    <nd ref="1588" />
    <nd ref="1589" />
    <nd ref="1522" />
    <tag k="type" v="line_thin" />
    <tag k="subtype" v="solid" />
  </way>
  <way id="2027">
    <nd ref="1553" />
    <nd ref="1590" />
    <nd ref="1591" />
    <nd ref="1592" />
    <nd ref="1593" />
    <nd ref="1594" />
    <nd ref="1595" />
    <nd ref="1596" />
    <nd ref="1521" />
    <tag k="type" v="line_thin" />
    <tag k="subtype" v="solid" />
  </way>
  <way id="2028">
    <nd ref="1547" />
    <nd ref="1528" />
    <tag k="type" v="line_thin" />
    <tag k="subtype" v="solid" />
  </way>
  <way id="2029">
    <nd ref="1547" />
    <nd ref="1599" />
    <nd ref="1548" />
    <tag k="type" v="line_thin" />
    <tag k="subtype" v="solid" />
  </way>
  <way id="2030">
    <nd ref="181" />
    <nd ref="1542" />
    <nd ref="1546" />
    <nd ref="1600" />
    <tag k="type" v="line_thin" />
    <tag k="subtype" v="solid" />
  </way>
  <way id="2031">
    <nd ref="1600" />
    <nd ref="1579" />
    <nd ref="1543" />
    <nd ref="1544" />
    <tag k="type" v="line_thin" />
    <tag k="subtype" v="solid" />
  </way>
  <way id="2032">
    <nd ref="1550" />
    <nd ref="1551" />
    <nd ref="1601" />
    <tag k="type" v="line_thin" />
    <tag k="subtype" v="solid" />
  </way>
  <way id="2033">
    <nd ref="1601" />
    <nd ref="1552" />
    <nd ref="1553" />
    <tag k="type" v="line_thin" />
    <tag k="subtype" v="solid" />
  </way>
  <way id="2034">
    <nd ref="1528" />
    <nd ref="1529" />
    <nd ref="1530" />
    <nd ref="1531" />
    <nd ref="1532" />
    <nd ref="1533" />
    <tag k="highway" v="service" />
    <tag k="maxspeed" v="25 mph" />
    <tag k="surface" v="asphalt" />
    <tag k="tiger:cfcc" v="A41" />
    <tag k="tiger:county" v="Kalamazoo, MI" />
    <tag k="tiger:name_base" v="Auditorium" />
    <tag k="tiger:name_type" v="Dr" />
    <tag k="tiger:reviewed" v="no" />
  </way>
  <way id="2035">
    <nd ref="1528" />
    <nd ref="1527" />
    <nd ref="1559" />
    <nd ref="1578" />
    <tag k="type" v="line_thin" />
    <tag k="subtype" v="solid" />
  </way>
  <way id="2039">
    <nd ref="289" />
    <nd ref="1621" />
    <nd ref="1622" />
    <nd ref="1623" />
    <tag k="type" v="line_thin" />
    <tag k="subtype" v="solid" />
  </way>
  <way id="2040">
    <nd ref="1623" />
    <nd ref="1626" />
    <tag k="type" v="line_thin" />
    <tag k="subtype" v="solid" />
  </way>
  <way id="2042">
    <nd ref="1234" />
    <nd ref="1674" />
    <nd ref="1673" />
    <nd ref="1672" />
    <nd ref="1671" />
    <nd ref="1670" />
    <nd ref="1686" />
    <nd ref="1664" />
    <nd ref="1730" />
    <tag k="type" v="line_thin" />
    <tag k="subtype" v="solid" />
  </way>
  <way id="2043">
    <nd ref="1688" />
    <nd ref="1689" />
    <nd ref="1647" />
    <nd ref="1707" />
    <nd ref="1711" />
    <tag k="type" v="line_thin" />
    <tag k="subtype" v="solid" />
  </way>
  <way id="2044">
    <nd ref="1615" />
    <nd ref="1675" />
    <nd ref="1676" />
    <nd ref="1677" />
    <nd ref="1678" />
    <nd ref="1720" />
    <nd ref="1685" />
    <nd ref="1679" />
    <nd ref="180" />
    <nd ref="1723" />
    <tag k="type" v="line_thin" />
    <tag k="subtype" v="solid" />
  </way>
  <way id="2045">
    <nd ref="1699" />
    <nd ref="1698" />
    <nd ref="1697" />
    <nd ref="1696" />
    <nd ref="1695" />
    <nd ref="1694" />
    <nd ref="1693" />
    <nd ref="1692" />
    <nd ref="1749" />
    <tag k="type" v="line_thin" />
    <tag k="subtype" v="solid" />
  </way>
  <way id="2048">
    <nd ref="1646" />
    <nd ref="1735" />
    <nd ref="1719" />
    <nd ref="1718" />
    <nd ref="1717" />
    <nd ref="1716" />
    <nd ref="1715" />
    <nd ref="1714" />
    <nd ref="1713" />
    <nd ref="1712" />
    <nd ref="1711" />
    <tag k="type" v="line_thin" />
    <tag k="subtype" v="solid" />
  </way>
  <way id="2049">
    <nd ref="1234" />
    <nd ref="1235" />
    <nd ref="1236" />
    <nd ref="1738" />
    <tag k="highway" v="unclassified" />
    <tag k="maxspeed" v="25 mph" />
    <tag k="name" v="Ring Road South" />
    <tag k="surface" v="asphalt" />
    <tag k="tiger:cfcc" v="A41" />
    <tag k="tiger:county" v="Kalamazoo, MI" />
    <tag k="tiger:name_base" v="Rankin" />
    <tag k="tiger:name_type" v="Ave" />
    <tag k="tiger:reviewed" v="no" />
  </way>
  <way id="2050">
    <nd ref="1738" />
    <nd ref="1237" />
    <nd ref="1238" />
    <nd ref="1737" />
    <nd ref="1239" />
    <tag k="highway" v="unclassified" />
    <tag k="maxspeed" v="25 mph" />
    <tag k="name" v="Ring Road South" />
    <tag k="surface" v="asphalt" />
    <tag k="tiger:cfcc" v="A41" />
    <tag k="tiger:county" v="Kalamazoo, MI" />
    <tag k="tiger:name_base" v="Rankin" />
    <tag k="tiger:name_type" v="Ave" />
    <tag k="tiger:reviewed" v="no" />
  </way>
  <way id="2051">
    <nd ref="1626" />
    <nd ref="1618" />
    <nd ref="1627" />
    <nd ref="1619" />
    <nd ref="1620" />
    <nd ref="289" />
    <tag k="highway" v="unclassified" />
    <tag k="maxspeed" v="25 mph" />
    <tag k="name" v="Ring Road South" />
    <tag k="surface" v="asphalt" />
    <tag k="tiger:cfcc" v="A41" />
    <tag k="tiger:county" v="Kalamazoo, MI" />
    <tag k="tiger:name_base" v="Rankin" />
    <tag k="tiger:name_type" v="Ave" />
    <tag k="tiger:reviewed" v="no" />
  </way>
  <way id="2052">
    <nd ref="1626" />
    <nd ref="1617" />
    <nd ref="1616" />
    <nd ref="1615" />
    <tag k="type" v="line_thin" />
    <tag k="subtype" v="solid" />
  </way>
  <way id="2054">
    <nd ref="1723" />
    <nd ref="1724" />
    <nd ref="1725" />
    <nd ref="1726" />
    <tag k="type" v="line_thin" />
    <tag k="subtype" v="solid" />
  </way>
  <way id="2056">
    <nd ref="1699" />
    <nd ref="1741" />
    <nd ref="1653" />
    <nd ref="1742" />
    <tag k="type" v="line_thin" />
    <tag k="subtype" v="solid" />
  </way>
  <way id="2057">
    <nd ref="1711" />
    <nd ref="1706" />
    <nd ref="1625" />
    <tag k="type" v="line_thin" />
    <tag k="subtype" v="solid" />
  </way>
  <way id="2059">
    <nd ref="1742" />
    <nd ref="1709" />
    <nd ref="1708" />
    <nd ref="1249" />
    <tag k="type" v="line_thin" />
    <tag k="subtype" v="solid" />
  </way>
  <way id="2060">
    <nd ref="1615" />
    <nd ref="1659" />
    <nd ref="1743" />
    <tag k="type" v="line_thin" />
    <tag k="subtype" v="solid" />
  </way>
  <way id="2061">
    <nd ref="1743" />
    <nd ref="1660" />
    <nd ref="1721" />
    <nd ref="1683" />
    <nd ref="1684" />
    <nd ref="1722" />
    <nd ref="1661" />
    <nd ref="1745" />
    <nd ref="1729" />
    <tag k="type" v="line_thin" />
    <tag k="subtype" v="solid" />
  </way>
  <way id="2062">
    <nd ref="1705" />
    <nd ref="1662" />
    <nd ref="1680" />
    <nd ref="1636" />
    <nd ref="1637" />
    <nd ref="1681" />
    <nd ref="1682" />
    <nd ref="1744" />
    <tag k="highway" v="unclassified" />
    <tag k="maxspeed" v="25 mph" />
    <tag k="name" v="Auditorium Drive" />
    <tag k="surface" v="asphalt" />
    <tag k="tiger:cfcc" v="A74" />
    <tag k="tiger:county" v="Kalamazoo, MI" />
    <tag k="tiger:name_base" v="Auditorium" />
    <tag k="tiger:name_type" v="Dr" />
    <tag k="tiger:reviewed" v="no" />
  </way>
  <way id="2063">
    <nd ref="1744" />
    <nd ref="1234" />
    <tag k="highway" v="unclassified" />
    <tag k="maxspeed" v="25 mph" />
    <tag k="name" v="Auditorium Drive" />
    <tag k="surface" v="asphalt" />
    <tag k="tiger:cfcc" v="A74" />
    <tag k="tiger:county" v="Kalamazoo, MI" />
    <tag k="tiger:name_base" v="Auditorium" />
    <tag k="tiger:name_type" v="Dr" />
    <tag k="tiger:reviewed" v="no" />
  </way>
  <way id="2064">
    <nd ref="1726" />
    <nd ref="1727" />
    <nd ref="1728" />
    <nd ref="1729" />
    <tag k="type" v="line_thin" />
    <tag k="subtype" v="solid" />
  </way>
  <way id="2065">
    <nd ref="1746" />
    <nd ref="1731" />
    <nd ref="1733" />
    <nd ref="1732" />
    <nd ref="1730" />
    <tag k="type" v="line_thin" />
    <tag k="subtype" v="solid" />
  </way>
  <way id="2066">
    <nd ref="1746" />
    <nd ref="1646" />
    <tag k="type" v="line_thin" />
    <tag k="subtype" v="solid" />
  </way>
  <way id="2067">
    <nd ref="1688" />
    <nd ref="1748" />
    <nd ref="1747" />
    <nd ref="1687" />
    <nd ref="1726" />
    <tag k="type" v="line_thin" />
    <tag k="subtype" v="solid" />
  </way>
  <way id="2068">
    <nd ref="1749" />
    <nd ref="1691" />
    <nd ref="1690" />
    <nd ref="1700" />
    <nd ref="1701" />
    <nd ref="1702" />
    <nd ref="1703" />
    <nd ref="1704" />
    <nd ref="1705" />
    <tag k="type" v="line_thin" />
    <tag k="subtype" v="solid" />
  </way>
  <way id="2069">
    <nd ref="1729" />
    <nd ref="1740" />
    <nd ref="1663" />
    <nd ref="1710" />
    <nd ref="358" />
    <nd ref="1750" />
    <tag k="type" v="line_thin" />
    <tag k="subtype" v="solid" />
  </way>
  <way id="2072">
    <nd ref="1751" />
    <nd ref="1645" />
    <nd ref="1734" />
    <nd ref="1646" />
    <tag k="highway" v="unclassified" />
    <tag k="maxspeed" v="25 mph" />
    <tag k="name" v="Auditorium Drive" />
    <tag k="surface" v="asphalt" />
    <tag k="tiger:cfcc" v="A74" />
    <tag k="tiger:county" v="Kalamazoo, MI" />
    <tag k="tiger:name_base" v="Auditorium" />
    <tag k="tiger:name_type" v="Dr" />
    <tag k="tiger:reviewed" v="no" />
  </way>
  <way id="2073">
    <nd ref="1705" />
    <nd ref="1736" />
    <nd ref="1635" />
    <nd ref="1752" />
    <tag k="type" v="line_thin" />
    <tag k="subtype" v="solid" />
  </way>
  <way id="2200">
    <nd ref="1533" />
    <nd ref="1605" />
    <nd ref="2197" />
    <tag k="highway" v="service" />
  </way>
  <way id="2201">
    <nd ref="2197" />
    <nd ref="1606" />
    <nd ref="1613" />
    <tag k="highway" v="service" />
  </way>
  <way id="2202">
    <nd ref="501" />
    <nd ref="2198" />
    <tag k="highway" v="service" />
  </way>
  <way id="2203">
    <nd ref="2198" />
    <nd ref="1602" />
    <nd ref="1614" />
    <tag k="highway" v="service" />
  </way>
  <way id="2205">
    <nd ref="1539" />
    <nd ref="1603" />
    <nd ref="2199" />
    <tag k="type" v="line_thin" />
    <tag k="subtype" v="solid" />
  </way>
  <way id="2206">
    <nd ref="2199" />
    <nd ref="1604" />
    <nd ref="1607" />
    <tag k="type" v="line_thin" />
    <tag k="subtype" v="solid" />
  </way>
  <way id="2211">
    <nd ref="2208" />
    <nd ref="2209" />
    <nd ref="2210" />
    <tag k="highway" v="unclassified" />
    <tag k="maxspeed" v="25 mph" />
    <tag k="name" v="Theatre Drive" />
    <tag k="surface" v="asphalt" />
    <tag k="tiger:cfcc" v="A41" />
    <tag k="tiger:county" v="Kalamazoo, MI" />
    <tag k="tiger:name_base" v="Roell" />
    <tag k="tiger:name_type" v="Dr" />
    <tag k="tiger:reviewed" v="no" />
  </way>
  <way id="2223">
    <nd ref="2217" />
    <nd ref="2218" />
    <nd ref="2219" />
    <nd ref="2220" />
    <nd ref="2221" />
    <nd ref="2222" />
    <tag k="highway" v="unclassified" />
    <tag k="maxspeed" v="25 mph" />
    <tag k="name" v="Ring Road South" />
    <tag k="surface" v="asphalt" />
    <tag k="tiger:cfcc" v="A41" />
    <tag k="tiger:county" v="Kalamazoo, MI" />
    <tag k="tiger:name_base" v="Western" />
    <tag k="tiger:name_type" v="Ave" />
    <tag k="tiger:reviewed" v="no" />
  </way>
  <way id="2224">
    <nd ref="1730" />
    <nd ref="1665" />
    <nd ref="1666" />
    <nd ref="1667" />
    <nd ref="1668" />
    <nd ref="1669" />
    <nd ref="2217" />
    <tag k="type" v="line_thin" />
    <tag k="subtype" v="solid" />
  </way>
  <way id="2225">
    <nd ref="2222" />
    <nd ref="2291" />
    <nd ref="4439" />
    <nd ref="2307" />
    <nd ref="2208" />
    <tag k="type" v="line_thin" />
    <tag k="subtype" v="solid" />
  </way>
  <way id="2292">
    <nd ref="1652" />
    <nd ref="2226" />
    <tag k="type" v="line_thin" />
    <tag k="subtype" v="solid" />
  </way>
  <way id="2295">
    <nd ref="247" />
    <nd ref="248" />
    <nd ref="249" />
    <nd ref="4414" />
    <nd ref="3135" />
    <nd ref="250" />
    <nd ref="849" />
    <nd ref="2323" />
    <nd ref="2367" />
    <tag k="highway" v="unclassified" />
    <tag k="maxspeed" v="25 mph" />
    <tag k="name" v="Ring Road South" />
    <tag k="surface" v="asphalt" />
    <tag k="tiger:cfcc" v="A41" />
    <tag k="tiger:county" v="Kalamazoo, MI" />
    <tag k="tiger:name_base" v="Western" />
    <tag k="tiger:name_type" v="Ave" />
    <tag k="tiger:reviewed" v="no" />
  </way>
  <way id="2296">
    <nd ref="247" />
    <nd ref="189" />
    <nd ref="193" />
    <nd ref="192" />
    <nd ref="191" />
    <nd ref="190" />
    <nd ref="1723" />
    <tag k="type" v="line_thin" />
    <tag k="subtype" v="solid" />
  </way>
  <way id="2301">
    <nd ref="2300" />
    <nd ref="2302" />
    <nd ref="2303" />
    <nd ref="2304" />
    <tag k="type" v="line_thin" />
    <tag k="subtype" v="solid" />
  </way>
  <way id="2335">
    <nd ref="2333" />
    <nd ref="2334" />
    <nd ref="2336" />
    <nd ref="2337" />
    <nd ref="2338" />
    <nd ref="2339" />
    <nd ref="2340" />
    <tag k="type" v="line_thin" />
    <tag k="subtype" v="solid" />
  </way>
  <way id="2358">
    <nd ref="2208" />
    <nd ref="2342" />
    <nd ref="2347" />
    <nd ref="2348" />
    <nd ref="2349" />
    <nd ref="2350" />
    <nd ref="2383" />
    <tag k="type" v="line_thin" />
    <tag k="subtype" v="solid" />
  </way>
  <way id="2360">
    <nd ref="2340" />
    <nd ref="2359" />
    <nd ref="2361" />
    <nd ref="2362" />
    <nd ref="2363" />
    <nd ref="2364" />
    <nd ref="2365" />
    <nd ref="2244" />
    <tag k="type" v="line_thin" />
    <tag k="subtype" v="solid" />
  </way>
  <way id="2368">
    <nd ref="2367" />
    <nd ref="2325" />
    <nd ref="2328" />
    <nd ref="2401" />
    <nd ref="2329" />
    <nd ref="2330" />
    <nd ref="2331" />
    <nd ref="2333" />
    <tag k="type" v="line_thin" />
    <tag k="subtype" v="solid" />
  </way>
  <way id="2376">
    <nd ref="2333" />
    <nd ref="785" />
    <nd ref="4428" />
    <nd ref="212" />
    <tag k="type" v="line_thin" />
    <tag k="subtype" v="solid" />
  </way>
  <way id="2384">
    <nd ref="2383" />
    <nd ref="2351" />
    <nd ref="2352" />
    <nd ref="2353" />
    <nd ref="2354" />
    <nd ref="2355" />
    <nd ref="2357" />
    <nd ref="2260" />
    <tag k="type" v="line_thin" />
    <tag k="subtype" v="solid" />
  </way>
  <way id="2392">
    <nd ref="2391" />
    <nd ref="2240" />
    <nd ref="2408" />
    <nd ref="2410" />
    <tag k="highway" v="unclassified" />
    <tag k="maxspeed" v="25 mph" />
    <tag k="name" v="Ring Road South" />
    <tag k="surface" v="asphalt" />
    <tag k="tiger:cfcc" v="A41" />
    <tag k="tiger:county" v="Kalamazoo, MI" />
    <tag k="tiger:name_base" v="Western" />
    <tag k="tiger:name_type" v="Ave" />
    <tag k="tiger:reviewed" v="no" />
  </way>
  <way id="2402">
    <nd ref="2371" />
    <nd ref="2400" />
    <nd ref="2310" />
    <nd ref="2312" />
    <nd ref="2313" />
    <nd ref="2314" />
    <nd ref="2315" />
    <nd ref="2316" />
    <nd ref="2317" />
    <nd ref="2318" />
    <nd ref="2319" />
    <nd ref="2300" />
    <tag k="highway" v="unclassified" />
    <tag k="maxspeed" v="25 mph" />
    <tag k="name" v="Ring Road South" />
    <tag k="surface" v="asphalt" />
    <tag k="tiger:cfcc" v="A41" />
    <tag k="tiger:county" v="Kalamazoo, MI" />
    <tag k="tiger:name_base" v="Western" />
    <tag k="tiger:name_type" v="Ave" />
    <tag k="tiger:reviewed" v="no" />
  </way>
  <way id="2405">
    <nd ref="2401" />
    <nd ref="2329" />
    <nd ref="2330" />
    <nd ref="2331" />
    <tag k="type" v="line_thin" />
    <tag k="subtype" v="solid" />
  </way>
  <way id="2407">
    <nd ref="2371" />
    <nd ref="2243" />
    <tag k="type" v="line_thin" />
    <tag k="subtype" v="solid" />
  </way>
  <way id="2420">
    <nd ref="2410" />
    <nd ref="2357" />
    <nd ref="2260" />
    <tag k="highway" v="unclassified" />
    <tag k="maxspeed" v="25 mph" />
    <tag k="name" v="Ring Road South" />
    <tag k="surface" v="asphalt" />
    <tag k="tiger:cfcc" v="A41" />
    <tag k="tiger:county" v="Kalamazoo, MI" />
    <tag k="tiger:name_base" v="Western" />
    <tag k="tiger:name_type" v="Ave" />
    <tag k="tiger:reviewed" v="no" />
  </way>
  <way id="2425">
    <nd ref="2243" />
    <nd ref="2424" />
    <nd ref="2244" />
    <tag k="type" v="line_thin" />
    <tag k="subtype" v="solid" />
  </way>
  <way id="2556">
    <nd ref="2552" />
    <nd ref="2441" />
    <tag k="type" v="line_thin" />
    <tag k="subtype" v="solid" />
  </way>
  <way id="2558">
    <nd ref="2553" />
    <nd ref="2439" />
    <tag k="type" v="line_thin" />
    <tag k="subtype" v="solid" />
  </way>
  <way id="2577">
    <nd ref="2574" />
    <nd ref="2520" />
    <tag k="type" v="line_thin" />
    <tag k="subtype" v="solid" />
  </way>
  <way id="2579">
    <nd ref="2575" />
    <nd ref="2521" />
    <tag k="type" v="line_thin" />
    <tag k="subtype" v="solid" />
  </way>
  <way id="2582">
    <nd ref="2575" />
    <nd ref="2581" />
    <nd ref="2583" />
    <nd ref="2584" />
    <nd ref="2585" />
    <nd ref="2586" />
    <nd ref="2587" />
    <nd ref="2439" />
    <tag k="type" v="line_thin" />
    <tag k="subtype" v="solid" />
  </way>
  <way id="2589">
    <nd ref="2441" />
    <nd ref="2588" />
    <nd ref="2590" />
    <nd ref="2591" />
    <nd ref="2592" />
    <nd ref="2574" />
    <tag k="type" v="line_thin" />
    <tag k="subtype" v="solid" />
  </way>
  <way id="2601">
    <nd ref="2439" />
    <nd ref="2600" />
    <nd ref="2607" />
    <nd ref="2608" />
    <nd ref="2609" />
    <nd ref="2610" />
    <nd ref="2611" />
    <nd ref="2612" />
    <nd ref="2594" />
    <tag k="type" v="line_thin" />
    <tag k="subtype" v="solid" />
  </way>
  <way id="2618">
    <nd ref="2440" />
    <nd ref="2617" />
    <nd ref="2620" />
    <nd ref="2621" />
    <nd ref="2622" />
    <nd ref="2593" />
    <tag k="type" v="line_thin" />
    <tag k="subtype" v="solid" />
  </way>
  <way id="2663">
    <nd ref="2625" />
    <nd ref="2631" />
    <nd ref="2632" />
    <nd ref="2633" />
    <nd ref="2634" />
    <nd ref="2635" />
    <tag k="type" v="line_thin" />
    <tag k="subtype" v="solid" />
  </way>
  <way id="2664">
    <nd ref="2636" />
    <nd ref="2637" />
    <nd ref="2638" />
    <nd ref="2639" />
    <nd ref="2640" />
    <nd ref="2641" />
    <nd ref="2642" />
    <nd ref="2628" />
    <tag k="type" v="line_thin" />
    <tag k="subtype" v="solid" />
  </way>
  <way id="2665">
    <nd ref="2628" />
    <nd ref="2643" />
    <nd ref="2644" />
    <nd ref="2645" />
    <nd ref="2646" />
    <nd ref="2647" />
    <nd ref="2648" />
    <nd ref="2649" />
    <nd ref="2650" />
    <tag k="type" v="line_thin" />
    <tag k="subtype" v="solid" />
  </way>
  <way id="2666">
    <nd ref="2651" />
    <nd ref="2652" />
    <nd ref="2653" />
    <nd ref="2654" />
    <nd ref="2655" />
    <nd ref="2656" />
    <tag k="type" v="line_thin" />
    <tag k="subtype" v="solid" />
  </way>
  <way id="2669">
    <nd ref="2656" />
    <nd ref="2658" />
    <nd ref="2659" />
    <nd ref="2635" />
    <tag k="type" v="line_thin" />
    <tag k="subtype" v="solid" />
  </way>
  <way id="2670">
    <nd ref="2650" />
    <nd ref="2657" />
    <nd ref="2660" />
    <nd ref="2636" />
    <tag k="type" v="line_thin" />
    <tag k="subtype" v="solid" />
  </way>
  <way id="2686">
    <nd ref="2441" />
    <nd ref="2567" />
    <nd ref="2683" />
    <tag k="type" v="line_thin" />
    <tag k="subtype" v="solid" />
  </way>
  <way id="2692">
    <nd ref="2685" />
    <nd ref="2566" />
    <nd ref="2440" />
    <tag k="highway" v="unclassified" />
    <tag k="maxspeed" v="25 mph" />
    <tag k="name" v="Auditorium Drive" />
    <tag k="surface" v="asphalt" />
    <tag k="tiger:cfcc" v="A74" />
    <tag k="tiger:county" v="Kalamazoo, MI" />
    <tag k="tiger:name_base" v="Auditorium" />
    <tag k="tiger:name_type" v="Dr" />
    <tag k="tiger:reviewed" v="no" />
  </way>
  <way id="2708">
    <nd ref="2684" />
    <nd ref="2628" />
    <tag k="type" v="line_thin" />
    <tag k="subtype" v="solid" />
  </way>
  <way id="2709">
    <nd ref="2683" />
    <nd ref="2625" />
    <tag k="type" v="line_thin" />
    <tag k="subtype" v="solid" />
  </way>
  <way id="2710">
    <nd ref="2685" />
    <nd ref="2651" />
    <tag k="type" v="line_thin" />
    <tag k="subtype" v="solid" />
  </way>
  <way id="2742">
    <nd ref="2439" />
    <nd ref="2740" />
    <tag k="type" v="line_thin" />
    <tag k="subtype" v="solid" />
  </way>
  <way id="2744">
    <nd ref="2440" />
    <nd ref="2741" />
    <tag k="type" v="line_thin" />
    <tag k="subtype" v="solid" />
  </way>
  <way id="2790">
    <nd ref="2741" />
    <nd ref="2554" />
    <nd ref="2732" />
    <nd ref="2748" />
    <nd ref="2763" />
    <nd ref="2725" />
    <nd ref="2780" />
    <tag k="type" v="line_thin" />
    <tag k="subtype" v="solid" />
  </way>
  <way id="2791">
    <nd ref="2740" />
    <nd ref="2553" />
    <nd ref="2731" />
    <nd ref="2747" />
    <nd ref="2764" />
    <nd ref="2724" />
    <nd ref="2779" />
    <tag k="type" v="line_thin" />
    <tag k="subtype" v="solid" />
  </way>
  <way id="2792">
    <nd ref="2780" />
    <nd ref="2771" />
    <nd ref="2757" />
    <nd ref="1644" />
    <nd ref="1751" />
    <tag k="type" v="line_thin" />
    <tag k="subtype" v="solid" />
  </way>
  <way id="2793">
    <nd ref="2779" />
    <nd ref="2770" />
    <nd ref="2756" />
    <nd ref="515" />
    <nd ref="1750" />
    <tag k="type" v="line_thin" />
    <tag k="subtype" v="solid" />
  </way>
  <way id="2796">
    <nd ref="2594" />
    <nd ref="2794" />
    <tag k="foot" v="no" />
    <tag k="highway" v="unclassified" />
    <tag k="horse" v="no" />
    <tag k="maxspeed" v="25 mph" />
    <tag k="name" v="Theatre Drive" />
    <tag k="oneway" v="yes" />
    <tag k="surface" v="asphalt" />
    <tag k="tiger:cfcc" v="A41" />
    <tag k="tiger:county" v="Kalamazoo, MI" />
    <tag k="tiger:name_base" v="Auditorium;Roell" />
    <tag k="tiger:name_direction_prefix" v="N;E" />
    <tag k="tiger:name_type" v="St;Dr;Ct" />
    <tag k="tiger:reviewed" v="no" />
  </way>
  <way id="2798">
    <nd ref="2593" />
    <nd ref="2795" />
    <tag k="foot" v="no" />
    <tag k="highway" v="unclassified" />
    <tag k="horse" v="no" />
    <tag k="maxspeed" v="25 mph" />
    <tag k="name" v="Theatre Drive" />
    <tag k="oneway" v="yes" />
    <tag k="surface" v="asphalt" />
    <tag k="tiger:cfcc" v="A41" />
    <tag k="tiger:county" v="Kalamazoo, MI" />
    <tag k="tiger:name_base" v="Auditorium;Roell" />
    <tag k="tiger:name_direction_prefix" v="N;E" />
    <tag k="tiger:name_type" v="St;Dr;Ct" />
    <tag k="tiger:reviewed" v="no" />
  </way>
  <way id="2803">
    <nd ref="2794" />
    <nd ref="414" />
    <nd ref="415" />
    <nd ref="2801" />
    <tag k="foot" v="no" />
    <tag k="highway" v="unclassified" />
    <tag k="horse" v="no" />
    <tag k="maxspeed" v="25 mph" />
    <tag k="name" v="Theatre Drive" />
    <tag k="oneway" v="yes" />
    <tag k="surface" v="asphalt" />
    <tag k="tiger:cfcc" v="A41" />
    <tag k="tiger:county" v="Kalamazoo, MI" />
    <tag k="tiger:name_base" v="Auditorium;Roell" />
    <tag k="tiger:name_direction_prefix" v="N;E" />
    <tag k="tiger:name_type" v="St;Dr;Ct" />
    <tag k="tiger:reviewed" v="no" />
  </way>
  <way id="2805">
    <nd ref="2795" />
    <nd ref="2453" />
    <nd ref="2454" />
    <nd ref="2802" />
    <tag k="foot" v="no" />
    <tag k="highway" v="unclassified" />
    <tag k="horse" v="no" />
    <tag k="maxspeed" v="25 mph" />
    <tag k="name" v="Theatre Drive" />
    <tag k="oneway" v="yes" />
    <tag k="surface" v="asphalt" />
    <tag k="tiger:cfcc" v="A41" />
    <tag k="tiger:county" v="Kalamazoo, MI" />
    <tag k="tiger:name_base" v="Auditorium;Roell" />
    <tag k="tiger:name_direction_prefix" v="N;E" />
    <tag k="tiger:name_type" v="St;Dr;Ct" />
    <tag k="tiger:reviewed" v="no" />
  </way>
  <way id="2810">
    <nd ref="2801" />
    <nd ref="215" />
    <nd ref="214" />
    <nd ref="416" />
    <nd ref="213" />
    <nd ref="2808" />
    <tag k="foot" v="no" />
    <tag k="highway" v="unclassified" />
    <tag k="horse" v="no" />
    <tag k="maxspeed" v="25 mph" />
    <tag k="name" v="Theatre Drive" />
    <tag k="oneway" v="yes" />
    <tag k="surface" v="asphalt" />
    <tag k="tiger:cfcc" v="A41" />
    <tag k="tiger:county" v="Kalamazoo, MI" />
    <tag k="tiger:name_base" v="Auditorium;Roell" />
    <tag k="tiger:name_direction_prefix" v="N;E" />
    <tag k="tiger:name_type" v="St;Dr;Ct" />
    <tag k="tiger:reviewed" v="no" />
  </way>
  <way id="2811">
    <nd ref="2808" />
    <nd ref="212" />
    <tag k="foot" v="no" />
    <tag k="highway" v="unclassified" />
    <tag k="horse" v="no" />
    <tag k="maxspeed" v="25 mph" />
    <tag k="name" v="Theatre Drive" />
    <tag k="oneway" v="yes" />
    <tag k="surface" v="asphalt" />
    <tag k="tiger:cfcc" v="A41" />
    <tag k="tiger:county" v="Kalamazoo, MI" />
    <tag k="tiger:name_base" v="Auditorium;Roell" />
    <tag k="tiger:name_direction_prefix" v="N;E" />
    <tag k="tiger:name_type" v="St;Dr;Ct" />
    <tag k="tiger:reviewed" v="no" />
  </way>
  <way id="2812">
    <nd ref="2802" />
    <nd ref="2455" />
    <nd ref="2456" />
    <nd ref="2457" />
    <nd ref="2458" />
    <nd ref="2809" />
    <tag k="foot" v="no" />
    <tag k="highway" v="unclassified" />
    <tag k="horse" v="no" />
    <tag k="maxspeed" v="25 mph" />
    <tag k="name" v="Theatre Drive" />
    <tag k="oneway" v="yes" />
    <tag k="surface" v="asphalt" />
    <tag k="tiger:cfcc" v="A41" />
    <tag k="tiger:county" v="Kalamazoo, MI" />
    <tag k="tiger:name_base" v="Auditorium;Roell" />
    <tag k="tiger:name_direction_prefix" v="N;E" />
    <tag k="tiger:name_type" v="St;Dr;Ct" />
    <tag k="tiger:reviewed" v="no" />
  </way>
  <way id="2813">
    <nd ref="2809" />
    <nd ref="2459" />
    <nd ref="2210" />
    <tag k="foot" v="no" />
    <tag k="highway" v="unclassified" />
    <tag k="horse" v="no" />
    <tag k="maxspeed" v="25 mph" />
    <tag k="name" v="Theatre Drive" />
    <tag k="oneway" v="yes" />
    <tag k="surface" v="asphalt" />
    <tag k="tiger:cfcc" v="A41" />
    <tag k="tiger:county" v="Kalamazoo, MI" />
    <tag k="tiger:name_base" v="Auditorium;Roell" />
    <tag k="tiger:name_direction_prefix" v="N;E" />
    <tag k="tiger:name_type" v="St;Dr;Ct" />
    <tag k="tiger:reviewed" v="no" />
  </way>
  <way id="2846">
    <nd ref="1752" />
    <nd ref="1634" />
    <nd ref="2844" />
    <tag k="type" v="line_thin" />
    <tag k="subtype" v="solid" />
  </way>
  <way id="2847">
    <nd ref="2844" />
    <nd ref="2552" />
    <tag k="type" v="line_thin" />
    <tag k="subtype" v="solid" />
  </way>
  <way id="2848">
    <nd ref="1750" />
    <nd ref="515" />
    <nd ref="2724" />
    <nd ref="2845" />
    <tag k="type" v="line_thin" />
    <tag k="subtype" v="solid" />
  </way>
  <way id="2849">
    <nd ref="2845" />
    <nd ref="2553" />
    <tag k="type" v="line_thin" />
    <tag k="subtype" v="solid" />
  </way>
  <way id="2853">
    <nd ref="2520" />
    <nd ref="2527" />
    <nd ref="2851" />
    <tag k="type" v="line_thin" />
    <tag k="subtype" v="solid" />
  </way>
  <way id="2855">
    <nd ref="2521" />
    <nd ref="2528" />
    <nd ref="2852" />
    <tag k="type" v="line_thin" />
    <tag k="subtype" v="solid" />
  </way>
  <way id="2860">
    <nd ref="2851" />
    <nd ref="2451" />
    <nd ref="2450" />
    <nd ref="2483" />
    <nd ref="2465" />
    <nd ref="2464" />
    <nd ref="2858" />
    <tag k="type" v="line_thin" />
    <tag k="subtype" v="solid" />
  </way>
  <way id="2862">
    <nd ref="2852" />
    <nd ref="518" />
    <nd ref="2481" />
    <nd ref="216" />
    <nd ref="217" />
    <nd ref="2859" />
    <tag k="type" v="line_thin" />
    <tag k="subtype" v="solid" />
  </way>
  <way id="2877">
    <nd ref="2874" />
    <nd ref="2514" />
    <nd ref="2865" />
    <tag k="type" v="line_thin" />
    <tag k="subtype" v="solid" />
  </way>
  <way id="2879">
    <nd ref="2875" />
    <nd ref="2513" />
    <nd ref="2866" />
    <tag k="type" v="line_thin" />
    <tag k="subtype" v="solid" />
  </way>
  <way id="2916">
    <nd ref="2895" />
    <nd ref="2815" />
    <nd ref="2902" />
    <nd ref="2910" />
    <nd ref="2889" />
    <tag k="type" v="line_thin" />
    <tag k="subtype" v="solid" />
  </way>
  <way id="2917">
    <nd ref="2896" />
    <nd ref="2816" />
    <nd ref="2903" />
    <nd ref="2909" />
    <nd ref="2888" />
    <tag k="type" v="line_thin" />
    <tag k="subtype" v="solid" />
  </way>
  <way id="2918">
    <nd ref="2635" />
    <nd ref="2702" />
    <nd ref="2824" />
    <nd ref="2546" />
    <nd ref="2895" />
    <tag k="type" v="line_thin" />
    <tag k="subtype" v="solid" />
  </way>
  <way id="2919">
    <nd ref="2636" />
    <nd ref="2701" />
    <nd ref="2825" />
    <nd ref="2545" />
    <nd ref="2896" />
    <tag k="type" v="line_thin" />
    <tag k="subtype" v="solid" />
  </way>
  <way id="2929">
    <nd ref="177" />
    <nd ref="2930" />
    <nd ref="2926" />
    <nd ref="2959" />
    <tag k="highway" v="service" />
    <tag k="maxspeed" v="25 mph" />
    <tag k="service" v="parking_aisle" />
    <tag k="surface" v="asphalt" />
    <tag k="tiger:cfcc" v="A74" />
    <tag k="tiger:county" v="Kalamazoo, MI" />
    <tag k="tiger:name_base" v="Auditorium" />
    <tag k="tiger:name_type" v="Dr" />
    <tag k="tiger:reviewed" v="no" />
  </way>
  <way id="2964">
    <nd ref="2932" />
    <nd ref="2933" />
    <nd ref="2934" />
    <nd ref="2935" />
    <nd ref="2936" />
    <nd ref="2650" />
    <tag k="type" v="line_thin" />
    <tag k="subtype" v="solid" />
  </way>
  <way id="2965">
    <nd ref="2656" />
    <nd ref="2939" />
    <nd ref="2940" />
    <nd ref="2941" />
    <nd ref="2942" />
    <nd ref="2943" />
    <nd ref="2944" />
    <nd ref="2945" />
    <tag k="type" v="line_thin" />
    <tag k="subtype" v="solid" />
  </way>
  <way id="2970">
    <nd ref="2945" />
    <nd ref="2952" />
    <nd ref="2953" />
    <nd ref="2954" />
    <nd ref="2955" />
    <nd ref="2956" />
    <nd ref="2957" />
    <nd ref="2958" />
    <nd ref="2635" />
    <tag k="type" v="line_thin" />
    <tag k="subtype" v="solid" />
  </way>
  <way id="2971">
    <nd ref="2959" />
    <nd ref="2960" />
    <nd ref="2961" />
    <nd ref="2962" />
    <nd ref="2963" />
    <nd ref="2636" />
    <tag k="type" v="line_thin" />
    <tag k="subtype" v="solid" />
  </way>
  <way id="2980">
    <nd ref="2976" />
    <nd ref="2977" />
    <nd ref="2978" />
    <nd ref="2979" />
    <tag k="highway" v="service" />
    <tag k="maxspeed" v="25 mph" />
    <tag k="service" v="parking_aisle" />
    <tag k="surface" v="asphalt" />
    <tag k="tiger:cfcc" v="A74" />
    <tag k="tiger:county" v="Kalamazoo, MI" />
    <tag k="tiger:name_base" v="Auditorium" />
    <tag k="tiger:name_type" v="Dr" />
    <tag k="tiger:reviewed" v="no" />
  </way>
  <way id="2985">
    <nd ref="2981" />
    <nd ref="2982" />
    <nd ref="2983" />
    <nd ref="2984" />
    <tag k="highway" v="service" />
    <tag k="maxspeed" v="25 mph" />
    <tag k="service" v="parking_aisle" />
    <tag k="surface" v="asphalt" />
    <tag k="tiger:cfcc" v="A74" />
    <tag k="tiger:county" v="Kalamazoo, MI" />
    <tag k="tiger:name_base" v="Auditorium" />
    <tag k="tiger:name_type" v="Dr" />
    <tag k="tiger:reviewed" v="no" />
  </way>
  <way id="3016">
    <nd ref="3071" />
    <nd ref="2989" />
    <nd ref="2990" />
    <nd ref="2991" />
    <nd ref="2992" />
    <nd ref="3033" />
    <tag k="type" v="line_thin" />
    <tag k="subtype" v="solid" />
  </way>
  <way id="3017">
    <nd ref="3034" />
    <nd ref="2994" />
    <nd ref="2995" />
    <nd ref="2996" />
    <nd ref="2997" />
    <nd ref="2998" />
    <nd ref="2999" />
    <nd ref="3025" />
    <nd ref="3070" />
    <tag k="type" v="line_thin" />
    <tag k="subtype" v="solid" />
  </way>
  <way id="3029">
    <nd ref="3026" />
    <nd ref="2694" />
    <nd ref="2650" />
    <tag k="foot" v="no" />
    <tag k="highway" v="unclassified" />
    <tag k="horse" v="no" />
    <tag k="maxspeed" v="25 mph" />
    <tag k="name" v="Theatre Drive" />
    <tag k="oneway" v="yes" />
    <tag k="surface" v="asphalt" />
    <tag k="tiger:cfcc" v="A41" />
    <tag k="tiger:county" v="Kalamazoo, MI" />
    <tag k="tiger:name_base" v="Auditorium;Roell" />
    <tag k="tiger:name_direction_prefix" v="N;E" />
    <tag k="tiger:name_type" v="St;Dr;Ct" />
    <tag k="tiger:reviewed" v="no" />
  </way>
  <way id="3031">
    <nd ref="3027" />
    <nd ref="2695" />
    <nd ref="2656" />
    <tag k="foot" v="no" />
    <tag k="highway" v="unclassified" />
    <tag k="horse" v="no" />
    <tag k="maxspeed" v="25 mph" />
    <tag k="name" v="Theatre Drive" />
    <tag k="oneway" v="yes" />
    <tag k="surface" v="asphalt" />
    <tag k="tiger:cfcc" v="A41" />
    <tag k="tiger:county" v="Kalamazoo, MI" />
    <tag k="tiger:name_base" v="Auditorium;Roell" />
    <tag k="tiger:name_direction_prefix" v="N;E" />
    <tag k="tiger:name_type" v="St;Dr;Ct" />
    <tag k="tiger:reviewed" v="no" />
  </way>
  <way id="3036">
    <nd ref="3033" />
    <nd ref="2476" />
    <nd ref="3026" />
    <tag k="foot" v="no" />
    <tag k="highway" v="unclassified" />
    <tag k="horse" v="no" />
    <tag k="maxspeed" v="25 mph" />
    <tag k="name" v="Theatre Drive" />
    <tag k="oneway" v="yes" />
    <tag k="surface" v="asphalt" />
    <tag k="tiger:cfcc" v="A41" />
    <tag k="tiger:county" v="Kalamazoo, MI" />
    <tag k="tiger:name_base" v="Auditorium;Roell" />
    <tag k="tiger:name_direction_prefix" v="N;E" />
    <tag k="tiger:name_type" v="St;Dr;Ct" />
    <tag k="tiger:reviewed" v="no" />
  </way>
  <way id="3038">
    <nd ref="3034" />
    <nd ref="380" />
    <nd ref="3027" />
    <tag k="foot" v="no" />
    <tag k="highway" v="unclassified" />
    <tag k="horse" v="no" />
    <tag k="maxspeed" v="25 mph" />
    <tag k="name" v="Theatre Drive" />
    <tag k="oneway" v="yes" />
    <tag k="surface" v="asphalt" />
    <tag k="tiger:cfcc" v="A41" />
    <tag k="tiger:county" v="Kalamazoo, MI" />
    <tag k="tiger:name_base" v="Auditorium;Roell" />
    <tag k="tiger:name_direction_prefix" v="N;E" />
    <tag k="tiger:name_type" v="St;Dr;Ct" />
    <tag k="tiger:reviewed" v="no" />
  </way>
  <way id="3054">
    <nd ref="3063" />
    <nd ref="3053" />
    <nd ref="3079" />
    <tag k="highway" v="service" />
    <tag k="service" v="parking_aisle" />
  </way>
  <way id="3072">
    <nd ref="3026" />
    <nd ref="3014" />
    <nd ref="3013" />
    <nd ref="3012" />
    <nd ref="3011" />
    <nd ref="3010" />
    <nd ref="3070" />
    <tag k="type" v="line_thin" />
    <tag k="subtype" v="solid" />
  </way>
  <way id="3073">
    <nd ref="3070" />
    <nd ref="3056" />
    <nd ref="3064" />
    <tag k="type" v="line_thin" />
    <tag k="subtype" v="solid" />
  </way>
  <way id="3074">
    <nd ref="3027" />
    <nd ref="3008" />
    <nd ref="3007" />
    <nd ref="3006" />
    <nd ref="3005" />
    <nd ref="3004" />
    <nd ref="3003" />
    <nd ref="3002" />
    <nd ref="3071" />
    <tag k="type" v="line_thin" />
    <tag k="subtype" v="solid" />
  </way>
  <way id="3075">
    <nd ref="3071" />
    <nd ref="2924" />
    <nd ref="3063" />
    <tag k="type" v="line_thin" />
    <tag k="subtype" v="solid" />
  </way>
  <way id="3078">
    <nd ref="86" />
    <nd ref="3264" />
    <tag k="highway" v="service" />
    <tag k="service" v="parking_aisle" />
  </way>
  <way id="3085">
    <nd ref="177" />
    <nd ref="3178" />
    <nd ref="176" />
    <nd ref="379" />
    <tag k="type" v="line_thin" />
    <tag k="subtype" v="solid" />
  </way>
  <way id="3105">
    <nd ref="3103" />
    <nd ref="3267" />
    <nd ref="3104" />
    <tag k="highway" v="service" />
    <tag k="tiger:cfcc" v="A74" />
    <tag k="tiger:county" v="Kalamazoo, MI" />
    <tag k="tiger:name_base" v="Western" />
    <tag k="tiger:name_type" v="Ave" />
    <tag k="tiger:reviewed" v="no" />
  </way>
  <way id="3162">
    <nd ref="2981" />
    <nd ref="3175" />
    <nd ref="3157" />
    <tag k="type" v="line_thin" />
    <tag k="subtype" v="solid" />
  </way>
  <way id="3163">
    <nd ref="2976" />
    <nd ref="3177" />
    <nd ref="3157" />
    <tag k="type" v="line_thin" />
    <tag k="subtype" v="solid" />
  </way>
  <way id="3164">
    <nd ref="2976" />
    <nd ref="3174" />
    <nd ref="3176" />
    <nd ref="379" />
    <tag k="type" v="line_thin" />
    <tag k="subtype" v="solid" />
  </way>
  <way id="3179">
    <nd ref="379" />
    <nd ref="3165" />
    <nd ref="175" />
    <nd ref="3180" />
    <tag k="type" v="line_thin" />
    <tag k="subtype" v="solid" />
  </way>
  <way id="3182">
    <nd ref="3079" />
    <nd ref="3159" />
    <nd ref="3158" />
    <nd ref="3157" />
    <tag k="type" v="line_thin" />
    <tag k="subtype" v="solid" />
  </way>
  <way id="3183">
    <nd ref="3064" />
    <nd ref="3057" />
    <nd ref="3180" />
    <tag k="type" v="line_thin" />
    <tag k="subtype" v="solid" />
  </way>
  <way id="3186">
    <nd ref="3180" />
    <nd ref="3101" />
    <tag k="type" v="line_thin" />
    <tag k="subtype" v="solid" />
  </way>
  <way id="3190">
    <nd ref="3079" />
    <nd ref="3080" />
    <tag k="type" v="line_thin" />
    <tag k="subtype" v="solid" />
  </way>
  <way id="3196">
    <nd ref="3194" />
    <nd ref="3195" />
    <nd ref="167" />
    <tag k="highway" v="service" />
    <tag k="service" v="parking_aisle" />
  </way>
  <way id="3219">
    <nd ref="3206" />
    <nd ref="3207" />
    <nd ref="3208" />
    <nd ref="3209" />
    <nd ref="3210" />
    <nd ref="3211" />
    <nd ref="3212" />
    <nd ref="3213" />
    <nd ref="3214" />
    <nd ref="3215" />
    <nd ref="3216" />
    <nd ref="3217" />
    <nd ref="3247" />
    <tag k="highway" v="unclassified" />
    <tag k="maxspeed" v="25 mph" />
    <tag k="maxspeed:type" v="sign" />
    <tag k="name" v="West Shaw Lane" />
    <tag k="oneway" v="yes" />
    <tag k="surface" v="paved" />
    <tag k="tiger:cfcc" v="A74" />
    <tag k="tiger:county" v="Kalamazoo, MI" />
    <tag k="tiger:name_base" v="Shaw" />
    <tag k="tiger:name_direction_suffix" v="W" />
    <tag k="tiger:name_type" v="Ln" />
    <tag k="tiger:reviewed" v="no" />
  </way>
  <way id="3221">
    <nd ref="167" />
    <nd ref="3252" />
    <tag k="highway" v="service" />
    <tag k="maxspeed" v="25 mph" />
    <tag k="service" v="parking_aisle" />
    <tag k="surface" v="asphalt" />
    <tag k="tiger:cfcc" v="A74" />
    <tag k="tiger:county" v="Kalamazoo, MI" />
    <tag k="tiger:name_base" v="Auditorium" />
    <tag k="tiger:name_type" v="Dr" />
    <tag k="tiger:reviewed" v="no" />
  </way>
  <way id="3224">
    <nd ref="3101" />
    <nd ref="3100" />
    <nd ref="3099" />
    <nd ref="3098" />
    <nd ref="3097" />
    <nd ref="3096" />
    <nd ref="3095" />
    <nd ref="3218" />
    <tag k="type" v="line_thin" />
    <tag k="subtype" v="solid" />
  </way>
  <way id="3225">
    <nd ref="3218" />
    <nd ref="3226" />
    <nd ref="3227" />
    <nd ref="86" />
    <tag k="type" v="line_thin" />
    <tag k="subtype" v="solid" />
  </way>
  <way id="3230">
    <nd ref="167" />
    <nd ref="3232" />
    <nd ref="3236" />
    <nd ref="3231" />
    <nd ref="3104" />
    <tag k="type" v="line_thin" />
    <tag k="subtype" v="solid" />
  </way>
  <way id="3233">
    <nd ref="3218" />
    <nd ref="3234" />
    <nd ref="3235" />
    <nd ref="86" />
    <tag k="type" v="line_thin" />
    <tag k="subtype" v="solid" />
  </way>
  <way id="3238">
    <nd ref="167" />
    <nd ref="3237" />
    <nd ref="3239" />
    <nd ref="3240" />
    <nd ref="3241" />
    <nd ref="3104" />
    <tag k="type" v="line_thin" />
    <tag k="subtype" v="solid" />
  </way>
  <way id="3250">
    <nd ref="3218" />
    <nd ref="3247" />
    <tag k="type" v="line_thin" />
    <tag k="subtype" v="solid" />
  </way>
  <way id="3253">
    <nd ref="3252" />
    <nd ref="3228" />
    <nd ref="168" />
    <nd ref="169" />
    <nd ref="170" />
    <nd ref="171" />
    <nd ref="172" />
    <nd ref="3080" />
    <tag k="highway" v="service" />
    <tag k="maxspeed" v="25 mph" />
    <tag k="service" v="parking_aisle" />
    <tag k="surface" v="asphalt" />
    <tag k="tiger:cfcc" v="A74" />
    <tag k="tiger:county" v="Kalamazoo, MI" />
    <tag k="tiger:name_base" v="Auditorium" />
    <tag k="tiger:name_type" v="Dr" />
    <tag k="tiger:reviewed" v="no" />
  </way>
  <way id="3258">
    <nd ref="86" />
    <nd ref="3259" />
    <tag k="highway" v="service" />
    <tag k="service" v="parking_aisle" />
  </way>
  <way id="3275">
    <nd ref="3264" />
    <nd ref="381" />
    <nd ref="387" />
    <nd ref="388" />
    <nd ref="3273" />
    <tag k="highway" v="service" />
    <tag k="service" v="parking_aisle" />
  </way>
  <way id="3277">
    <nd ref="3194" />
    <nd ref="3197" />
    <nd ref="3198" />
    <nd ref="3199" />
    <nd ref="3274" />
    <tag k="highway" v="service" />
    <tag k="service" v="parking_aisle" />
  </way>
  <way id="3282">
    <nd ref="3273" />
    <nd ref="382" />
    <nd ref="383" />
    <nd ref="384" />
    <nd ref="3280" />
    <tag k="highway" v="service" />
    <tag k="service" v="parking_aisle" />
  </way>
  <way id="3284">
    <nd ref="3274" />
    <nd ref="3200" />
    <nd ref="3201" />
    <nd ref="3202" />
    <nd ref="3281" />
    <tag k="highway" v="service" />
    <tag k="service" v="parking_aisle" />
  </way>
  <way id="3289">
    <nd ref="3280" />
    <nd ref="389" />
    <nd ref="3287" />
    <tag k="highway" v="service" />
    <tag k="service" v="parking_aisle" />
  </way>
  <way id="3291">
    <nd ref="3281" />
    <nd ref="3203" />
    <nd ref="3288" />
    <tag k="highway" v="service" />
    <tag k="service" v="parking_aisle" />
  </way>
  <way id="3296">
    <nd ref="3287" />
    <nd ref="3294" />
    <nd ref="385" />
    <nd ref="3204" />
    <tag k="highway" v="service" />
    <tag k="service" v="parking_aisle" />
  </way>
  <way id="3298">
    <nd ref="3288" />
    <nd ref="3295" />
    <nd ref="3204" />
    <tag k="highway" v="service" />
    <tag k="service" v="parking_aisle" />
  </way>
  <way id="3304">
    <nd ref="3301" />
    <nd ref="2473" />
    <nd ref="2474" />
    <nd ref="2475" />
    <nd ref="3033" />
    <tag k="foot" v="no" />
    <tag k="highway" v="unclassified" />
    <tag k="horse" v="no" />
    <tag k="maxspeed" v="25 mph" />
    <tag k="name" v="Theatre Drive" />
    <tag k="oneway" v="yes" />
    <tag k="surface" v="asphalt" />
    <tag k="tiger:cfcc" v="A41" />
    <tag k="tiger:county" v="Kalamazoo, MI" />
    <tag k="tiger:name_base" v="Auditorium;Roell" />
    <tag k="tiger:name_direction_prefix" v="N;E" />
    <tag k="tiger:name_type" v="St;Dr;Ct" />
    <tag k="tiger:reviewed" v="no" />
  </way>
  <way id="3306">
    <nd ref="3302" />
    <nd ref="391" />
    <nd ref="392" />
    <nd ref="386" />
    <nd ref="3034" />
    <tag k="foot" v="no" />
    <tag k="highway" v="unclassified" />
    <tag k="horse" v="no" />
    <tag k="maxspeed" v="25 mph" />
    <tag k="name" v="Theatre Drive" />
    <tag k="oneway" v="yes" />
    <tag k="surface" v="asphalt" />
    <tag k="tiger:cfcc" v="A41" />
    <tag k="tiger:county" v="Kalamazoo, MI" />
    <tag k="tiger:name_base" v="Auditorium;Roell" />
    <tag k="tiger:name_direction_prefix" v="N;E" />
    <tag k="tiger:name_type" v="St;Dr;Ct" />
    <tag k="tiger:reviewed" v="no" />
  </way>
  <way id="3308">
    <nd ref="3204" />
    <nd ref="3301" />
    <tag k="type" v="line_thin" />
    <tag k="subtype" v="solid" />
  </way>
  <way id="3319">
    <nd ref="2276" />
    <nd ref="2277" />
    <nd ref="2278" />
    <nd ref="2279" />
    <nd ref="2280" />
    <nd ref="3317" />
    <tag k="highway" v="unclassified" />
    <tag k="maxspeed" v="25 mph" />
    <tag k="name" v="Ring Road South" />
    <tag k="surface" v="asphalt" />
    <tag k="tiger:cfcc" v="A41" />
    <tag k="tiger:county" v="Kalamazoo, MI" />
    <tag k="tiger:name_base" v="Western" />
    <tag k="tiger:name_type" v="Ave" />
    <tag k="tiger:reviewed" v="no" />
  </way>
  <way id="3320">
    <nd ref="3317" />
    <nd ref="2281" />
    <nd ref="2282" />
    <nd ref="2283" />
    <nd ref="2284" />
    <nd ref="2285" />
    <nd ref="2286" />
    <nd ref="2287" />
    <nd ref="2288" />
    <tag k="highway" v="unclassified" />
    <tag k="maxspeed" v="25 mph" />
    <tag k="name" v="Ring Road South" />
    <tag k="surface" v="asphalt" />
    <tag k="tiger:cfcc" v="A41" />
    <tag k="tiger:county" v="Kalamazoo, MI" />
    <tag k="tiger:name_base" v="Western" />
    <tag k="tiger:name_type" v="Ave" />
    <tag k="tiger:reviewed" v="no" />
  </way>
  <way id="3321">
    <nd ref="783" />
    <nd ref="378" />
    <nd ref="778" />
    <nd ref="779" />
    <nd ref="251" />
    <nd ref="3318" />
    <tag k="highway" v="unclassified" />
    <tag k="maxspeed" v="25 mph" />
    <tag k="name" v="Ring Road South" />
    <tag k="surface" v="asphalt" />
    <tag k="tiger:cfcc" v="A41" />
    <tag k="tiger:county" v="Kalamazoo, MI" />
    <tag k="tiger:name_base" v="Western" />
    <tag k="tiger:name_type" v="Ave" />
    <tag k="tiger:reviewed" v="no" />
  </way>
  <way id="3322">
    <nd ref="3318" />
    <nd ref="780" />
    <nd ref="252" />
    <nd ref="781" />
    <nd ref="253" />
    <nd ref="782" />
    <nd ref="254" />
    <nd ref="255" />
    <nd ref="23" />
    <tag k="highway" v="unclassified" />
    <tag k="maxspeed" v="25 mph" />
    <tag k="name" v="Ring Road South" />
    <tag k="surface" v="asphalt" />
    <tag k="tiger:cfcc" v="A41" />
    <tag k="tiger:county" v="Kalamazoo, MI" />
    <tag k="tiger:name_base" v="Western" />
    <tag k="tiger:name_type" v="Ave" />
    <tag k="tiger:reviewed" v="no" />
  </way>
  <way id="3326">
    <nd ref="2244" />
    <nd ref="2245" />
    <nd ref="2246" />
    <nd ref="2247" />
    <nd ref="2248" />
    <nd ref="3324" />
    <tag k="highway" v="unclassified" />
    <tag k="maxspeed" v="25 mph" />
    <tag k="name" v="Ring Road South" />
    <tag k="surface" v="asphalt" />
    <tag k="tiger:cfcc" v="A41" />
    <tag k="tiger:county" v="Kalamazoo, MI" />
    <tag k="tiger:name_base" v="Western" />
    <tag k="tiger:name_type" v="Ave" />
    <tag k="tiger:reviewed" v="no" />
  </way>
  <way id="3327">
    <nd ref="3324" />
    <nd ref="2249" />
    <nd ref="2250" />
    <nd ref="2251" />
    <nd ref="2252" />
    <nd ref="2253" />
    <nd ref="2254" />
    <nd ref="2255" />
    <nd ref="2256" />
    <tag k="highway" v="unclassified" />
    <tag k="maxspeed" v="25 mph" />
    <tag k="name" v="Ring Road South" />
    <tag k="surface" v="asphalt" />
    <tag k="tiger:cfcc" v="A41" />
    <tag k="tiger:county" v="Kalamazoo, MI" />
    <tag k="tiger:name_base" v="Western" />
    <tag k="tiger:name_type" v="Ave" />
    <tag k="tiger:reviewed" v="no" />
  </way>
  <way id="3328">
    <nd ref="2260" />
    <nd ref="2261" />
    <nd ref="2262" />
    <nd ref="2263" />
    <nd ref="2264" />
    <nd ref="3325" />
    <tag k="highway" v="unclassified" />
    <tag k="maxspeed" v="25 mph" />
    <tag k="name" v="Ring Road South" />
    <tag k="surface" v="asphalt" />
    <tag k="tiger:cfcc" v="A41" />
    <tag k="tiger:county" v="Kalamazoo, MI" />
    <tag k="tiger:name_base" v="Western" />
    <tag k="tiger:name_type" v="Ave" />
    <tag k="tiger:reviewed" v="no" />
  </way>
  <way id="3329">
    <nd ref="3325" />
    <nd ref="2265" />
    <nd ref="2266" />
    <nd ref="2267" />
    <nd ref="2268" />
    <nd ref="2269" />
    <nd ref="2270" />
    <nd ref="2271" />
    <nd ref="2272" />
    <tag k="highway" v="unclassified" />
    <tag k="maxspeed" v="25 mph" />
    <tag k="name" v="Ring Road South" />
    <tag k="surface" v="asphalt" />
    <tag k="tiger:cfcc" v="A41" />
    <tag k="tiger:county" v="Kalamazoo, MI" />
    <tag k="tiger:name_base" v="Western" />
    <tag k="tiger:name_type" v="Ave" />
    <tag k="tiger:reviewed" v="no" />
  </way>
  <way id="3331">
    <nd ref="3324" />
    <nd ref="3318" />
    <tag k="type" v="line_thin" />
    <tag k="subtype" v="solid" />
  </way>
  <way id="3469">
    <nd ref="3468" />
    <nd ref="3108" />
    <nd ref="3109" />
    <nd ref="3110" />
    <nd ref="3111" />
    <nd ref="3112" />
    <nd ref="3113" />
    <nd ref="3114" />
    <nd ref="3115" />
    <nd ref="3116" />
    <nd ref="3117" />
    <nd ref="3118" />
    <tag k="highway" v="unclassified" />
    <tag k="maxspeed" v="25 mph" />
    <tag k="name" v="Arcadia Loop" />
    <tag k="surface" v="asphalt" />
    <tag k="tiger:cfcc" v="A41" />
    <tag k="tiger:county" v="Kalamazoo, MI" />
    <tag k="tiger:name_base" v="Van de Giessen" />
    <tag k="tiger:name_type" v="Rd" />
    <tag k="tiger:reviewed" v="no" />
    <tag k="tiger:zip_left" v="49008" />
    <tag k="tiger:zip_right" v="49008" />
  </way>
  <way id="3471">
    <nd ref="3470" />
    <nd ref="15" />
    <nd ref="14" />
    <nd ref="13" />
    <nd ref="1005" />
    <nd ref="998" />
    <nd ref="12" />
    <nd ref="11" />
    <nd ref="10" />
    <nd ref="9" />
    <nd ref="315" />
    <nd ref="2" />
    <tag k="highway" v="unclassified" />
    <tag k="maxspeed" v="25 mph" />
    <tag k="name" v="Arcadia Loop" />
    <tag k="surface" v="asphalt" />
    <tag k="tiger:cfcc" v="A41" />
    <tag k="tiger:county" v="Kalamazoo, MI" />
    <tag k="tiger:name_base" v="Van de Giessen" />
    <tag k="tiger:name_type" v="Rd" />
    <tag k="tiger:reviewed" v="no" />
    <tag k="tiger:zip_left" v="49008" />
    <tag k="tiger:zip_right" v="49008" />
  </way>
  <way id="3473">
    <nd ref="3472" />
    <nd ref="3122" />
    <nd ref="3123" />
    <nd ref="3124" />
    <nd ref="3125" />
    <nd ref="3126" />
    <nd ref="3127" />
    <nd ref="3128" />
    <nd ref="3129" />
    <nd ref="3130" />
    <nd ref="3131" />
    <nd ref="3132" />
    <tag k="highway" v="unclassified" />
    <tag k="maxspeed" v="25 mph" />
    <tag k="name" v="Arcadia Loop" />
    <tag k="surface" v="asphalt" />
    <tag k="tiger:cfcc" v="A41" />
    <tag k="tiger:county" v="Kalamazoo, MI" />
    <tag k="tiger:name_base" v="Van de Giessen" />
    <tag k="tiger:name_type" v="Rd" />
    <tag k="tiger:reviewed" v="no" />
    <tag k="tiger:zip_left" v="49008" />
    <tag k="tiger:zip_right" v="49008" />
  </way>
  <way id="3585">
    <nd ref="3403" />
    <nd ref="3404" />
    <nd ref="3461" />
    <tag k="highway" v="unclassified" />
    <tag k="maxspeed" v="25 mph" />
    <tag k="name" v="Ring Road South" />
    <tag k="surface" v="asphalt" />
    <tag k="tiger:cfcc" v="A74;A41" />
    <tag k="tiger:county" v="Kalamazoo, MI" />
    <tag k="tiger:name_base" v="Western;Van de Giessen" />
    <tag k="tiger:name_type" v="Ave;Rd" />
    <tag k="tiger:reviewed" v="no" />
    <tag k="tiger:zip_left" v="49008" />
    <tag k="tiger:zip_right" v="49008" />
  </way>
  <way id="3587">
    <nd ref="3443" />
    <nd ref="3444" />
    <nd ref="3462" />
    <tag k="highway" v="unclassified" />
    <tag k="maxspeed" v="25 mph" />
    <tag k="name" v="Ring Road South" />
    <tag k="surface" v="asphalt" />
    <tag k="tiger:cfcc" v="A74;A41" />
    <tag k="tiger:county" v="Kalamazoo, MI" />
    <tag k="tiger:name_base" v="Western;Van de Giessen" />
    <tag k="tiger:name_type" v="Ave;Rd" />
    <tag k="tiger:reviewed" v="no" />
    <tag k="tiger:zip_left" v="49008" />
    <tag k="tiger:zip_right" v="49008" />
  </way>
  <way id="3592">
    <nd ref="3363" />
    <nd ref="3364" />
    <nd ref="3454" />
    <tag k="highway" v="unclassified" />
    <tag k="maxspeed" v="25 mph" />
    <tag k="name" v="Ring Road South" />
    <tag k="surface" v="asphalt" />
    <tag k="tiger:cfcc" v="A74;A41" />
    <tag k="tiger:county" v="Kalamazoo, MI" />
    <tag k="tiger:name_base" v="Western;Van de Giessen" />
    <tag k="tiger:name_type" v="Ave;Rd" />
    <tag k="tiger:reviewed" v="no" />
    <tag k="tiger:zip_left" v="49008" />
    <tag k="tiger:zip_right" v="49008" />
  </way>
  <way id="3594">
    <nd ref="16" />
    <nd ref="17" />
    <nd ref="3455" />
    <tag k="highway" v="unclassified" />
    <tag k="maxspeed" v="25 mph" />
    <tag k="name" v="Ring Road South" />
    <tag k="surface" v="asphalt" />
    <tag k="tiger:cfcc" v="A74;A41" />
    <tag k="tiger:county" v="Kalamazoo, MI" />
    <tag k="tiger:name_base" v="Western;Van de Giessen" />
    <tag k="tiger:name_type" v="Ave;Rd" />
    <tag k="tiger:reviewed" v="no" />
    <tag k="tiger:zip_left" v="49008" />
    <tag k="tiger:zip_right" v="49008" />
  </way>
  <way id="3611">
    <nd ref="3103" />
    <nd ref="3610" />
    <nd ref="3612" />
    <nd ref="3613" />
    <nd ref="3468" />
    <tag k="type" v="line_thin" />
    <tag k="subtype" v="solid" />
  </way>
  <way id="3619">
    <nd ref="282" />
    <nd ref="3615" />
    <nd ref="3616" />
    <nd ref="3661" />
    <nd ref="3617" />
    <nd ref="3618" />
    <nd ref="3470" />
    <tag k="type" v="line_thin" />
    <tag k="subtype" v="solid" />
  </way>
  <way id="3634">
    <nd ref="282" />
    <nd ref="3633" />
    <nd ref="3635" />
    <nd ref="3636" />
    <nd ref="3637" />
    <nd ref="3638" />
    <nd ref="3472" />
    <tag k="type" v="line_thin" />
    <tag k="subtype" v="solid" />
  </way>
  <way id="3640">
    <nd ref="3103" />
    <nd ref="3639" />
    <nd ref="3641" />
    <nd ref="3642" />
    <nd ref="3643" />
    <nd ref="3470" />
    <tag k="type" v="line_thin" />
    <tag k="subtype" v="solid" />
  </way>
  <way id="3659">
    <nd ref="3468" />
    <nd ref="3672" />
    <nd ref="3703" />
    <tag k="type" v="line_thin" />
    <tag k="subtype" v="solid" />
  </way>
  <way id="3663">
    <nd ref="3470" />
    <nd ref="3673" />
    <nd ref="3662" />
    <tag k="type" v="line_thin" />
    <tag k="subtype" v="solid" />
  </way>
  <way id="3665">
    <nd ref="3472" />
    <nd ref="3664" />
    <tag k="type" v="line_thin" />
    <tag k="subtype" v="solid" />
  </way>
  <way id="3666">
    <nd ref="3363" />
    <nd ref="3670" />
    <nd ref="3684" />
    <nd ref="3671" />
    <nd ref="3703" />
    <tag k="type" v="line_thin" />
    <tag k="subtype" v="solid" />
  </way>
  <way id="3667">
    <nd ref="3662" />
    <nd ref="3669" />
    <nd ref="3668" />
    <nd ref="3680" />
    <nd ref="16" />
    <tag k="type" v="line_thin" />
    <tag k="subtype" v="solid" />
  </way>
  <way id="3675">
    <nd ref="3403" />
    <nd ref="3683" />
    <nd ref="3674" />
    <nd ref="3676" />
    <nd ref="3677" />
    <nd ref="3678" />
    <nd ref="3664" />
    <tag k="type" v="line_thin" />
    <tag k="subtype" v="solid" />
  </way>
  <way id="3695">
    <nd ref="3662" />
    <nd ref="3694" />
    <nd ref="3696" />
    <nd ref="3697" />
    <nd ref="3698" />
    <nd ref="3699" />
    <nd ref="3700" />
    <nd ref="3701" />
    <nd ref="3702" />
    <nd ref="3596" />
    <tag k="type" v="line_thin" />
    <tag k="subtype" v="solid" />
  </way>
  <way id="3704">
    <nd ref="3703" />
    <nd ref="3685" />
    <nd ref="3686" />
    <nd ref="3687" />
    <nd ref="3688" />
    <nd ref="3689" />
    <nd ref="3690" />
    <nd ref="3691" />
    <nd ref="3692" />
    <nd ref="3693" />
    <nd ref="3597" />
    <tag k="type" v="line_thin" />
    <tag k="subtype" v="solid" />
  </way>
  <way id="3706">
    <nd ref="3443" />
    <nd ref="3705" />
    <nd ref="3707" />
    <nd ref="3708" />
    <nd ref="3709" />
    <nd ref="3597" />
    <tag k="type" v="line_thin" />
    <tag k="subtype" v="solid" />
  </way>
  <way id="3716">
    <nd ref="3403" />
    <nd ref="3711" />
    <nd ref="3712" />
    <nd ref="3713" />
    <nd ref="3714" />
    <nd ref="3715" />
    <nd ref="3596" />
    <tag k="type" v="line_thin" />
    <tag k="subtype" v="solid" />
  </way>
  <way id="3718">
    <nd ref="3472" />
    <nd ref="3717" />
    <nd ref="3719" />
    <nd ref="3720" />
    <nd ref="3721" />
    <nd ref="3722" />
    <nd ref="3603" />
    <tag k="type" v="line_thin" />
    <tag k="subtype" v="solid" />
  </way>
  <way id="3724">
    <nd ref="3604" />
    <nd ref="3723" />
    <nd ref="3725" />
    <nd ref="3726" />
    <nd ref="3727" />
    <nd ref="3728" />
    <nd ref="3729" />
    <nd ref="3730" />
    <nd ref="3470" />
    <tag k="type" v="line_thin" />
    <tag k="subtype" v="solid" />
  </way>
  <way id="3745">
    <nd ref="3603" />
    <nd ref="3744" />
    <nd ref="3746" />
    <nd ref="3749" />
    <nd ref="3750" />
    <nd ref="3751" />
    <nd ref="3363" />
    <tag k="type" v="line_thin" />
    <tag k="subtype" v="solid" />
  </way>
  <way id="3761">
    <nd ref="16" />
    <nd ref="3757" />
    <nd ref="3756" />
    <nd ref="3755" />
    <nd ref="3754" />
    <nd ref="3753" />
    <nd ref="3604" />
    <tag k="type" v="line_thin" />
    <tag k="subtype" v="solid" />
  </way>
  <way id="3782">
    <nd ref="3779" />
    <nd ref="3406" />
    <nd ref="3407" />
    <nd ref="3408" />
    <nd ref="3409" />
    <nd ref="3410" />
    <nd ref="2256" />
    <tag k="highway" v="unclassified" />
    <tag k="maxspeed" v="25 mph" />
    <tag k="name" v="Ring Road South" />
    <tag k="surface" v="asphalt" />
    <tag k="tiger:cfcc" v="A74;A41" />
    <tag k="tiger:county" v="Kalamazoo, MI" />
    <tag k="tiger:name_base" v="Western;Van de Giessen" />
    <tag k="tiger:name_type" v="Ave;Rd" />
    <tag k="tiger:reviewed" v="no" />
    <tag k="tiger:zip_left" v="49008" />
    <tag k="tiger:zip_right" v="49008" />
  </way>
  <way id="3784">
    <nd ref="3780" />
    <nd ref="3446" />
    <nd ref="3447" />
    <nd ref="3448" />
    <nd ref="3449" />
    <nd ref="3450" />
    <nd ref="2272" />
    <tag k="highway" v="unclassified" />
    <tag k="maxspeed" v="25 mph" />
    <tag k="name" v="Ring Road South" />
    <tag k="surface" v="asphalt" />
    <tag k="tiger:cfcc" v="A74;A41" />
    <tag k="tiger:county" v="Kalamazoo, MI" />
    <tag k="tiger:name_base" v="Western;Van de Giessen" />
    <tag k="tiger:name_type" v="Ave;Rd" />
    <tag k="tiger:reviewed" v="no" />
    <tag k="tiger:zip_left" v="49008" />
    <tag k="tiger:zip_right" v="49008" />
  </way>
  <way id="3795">
    <nd ref="3454" />
    <nd ref="3365" />
    <nd ref="3793" />
    <tag k="highway" v="unclassified" />
    <tag k="maxspeed" v="25 mph" />
    <tag k="name" v="Ring Road South" />
    <tag k="surface" v="asphalt" />
    <tag k="tiger:cfcc" v="A74;A41" />
    <tag k="tiger:county" v="Kalamazoo, MI" />
    <tag k="tiger:name_base" v="Western;Van de Giessen" />
    <tag k="tiger:name_type" v="Ave;Rd" />
    <tag k="tiger:reviewed" v="no" />
    <tag k="tiger:zip_left" v="49008" />
    <tag k="tiger:zip_right" v="49008" />
  </way>
  <way id="3796">
    <nd ref="3793" />
    <nd ref="3366" />
    <nd ref="3367" />
    <nd ref="3368" />
    <nd ref="3369" />
    <nd ref="3370" />
    <nd ref="2288" />
    <tag k="highway" v="unclassified" />
    <tag k="maxspeed" v="25 mph" />
    <tag k="name" v="Ring Road South" />
    <tag k="surface" v="asphalt" />
    <tag k="tiger:cfcc" v="A74;A41" />
    <tag k="tiger:county" v="Kalamazoo, MI" />
    <tag k="tiger:name_base" v="Western;Van de Giessen" />
    <tag k="tiger:name_type" v="Ave;Rd" />
    <tag k="tiger:reviewed" v="no" />
    <tag k="tiger:zip_left" v="49008" />
    <tag k="tiger:zip_right" v="49008" />
  </way>
  <way id="3797">
    <nd ref="3455" />
    <nd ref="18" />
    <nd ref="3794" />
    <tag k="highway" v="unclassified" />
    <tag k="maxspeed" v="25 mph" />
    <tag k="name" v="Ring Road South" />
    <tag k="surface" v="asphalt" />
    <tag k="tiger:cfcc" v="A74;A41" />
    <tag k="tiger:county" v="Kalamazoo, MI" />
    <tag k="tiger:name_base" v="Western;Van de Giessen" />
    <tag k="tiger:name_type" v="Ave;Rd" />
    <tag k="tiger:reviewed" v="no" />
    <tag k="tiger:zip_left" v="49008" />
    <tag k="tiger:zip_right" v="49008" />
  </way>
  <way id="3798">
    <nd ref="3794" />
    <nd ref="19" />
    <nd ref="20" />
    <nd ref="21" />
    <nd ref="22" />
    <nd ref="23" />
    <tag k="highway" v="unclassified" />
    <tag k="maxspeed" v="25 mph" />
    <tag k="name" v="Ring Road South" />
    <tag k="surface" v="asphalt" />
    <tag k="tiger:cfcc" v="A74;A41" />
    <tag k="tiger:county" v="Kalamazoo, MI" />
    <tag k="tiger:name_base" v="Western;Van de Giessen" />
    <tag k="tiger:name_type" v="Ave;Rd" />
    <tag k="tiger:reviewed" v="no" />
    <tag k="tiger:zip_left" v="49008" />
    <tag k="tiger:zip_right" v="49008" />
  </way>
  <way id="3817">
    <nd ref="3597" />
    <nd ref="3816" />
    <nd ref="3818" />
    <nd ref="3819" />
    <nd ref="3820" />
    <nd ref="3872" />
    <tag k="type" v="line_thin" />
    <tag k="subtype" v="solid" />
  </way>
  <way id="3823">
    <nd ref="3596" />
    <nd ref="3822" />
    <nd ref="3824" />
    <nd ref="3825" />
    <nd ref="3826" />
    <nd ref="3828" />
    <tag k="type" v="line_thin" />
    <tag k="subtype" v="solid" />
  </way>
  <way id="3830">
    <nd ref="3827" />
    <nd ref="3361" />
    <nd ref="3603" />
    <tag k="highway" v="unclassified" />
    <tag k="maxspeed" v="25 mph" />
    <tag k="name" v="Ring Road South" />
    <tag k="surface" v="asphalt" />
    <tag k="tiger:cfcc" v="A74;A41" />
    <tag k="tiger:county" v="Kalamazoo, MI" />
    <tag k="tiger:name_base" v="Western;Van de Giessen" />
    <tag k="tiger:name_type" v="Ave;Rd" />
    <tag k="tiger:reviewed" v="no" />
    <tag k="tiger:zip_left" v="49008" />
    <tag k="tiger:zip_right" v="49008" />
  </way>
  <way id="3832">
    <nd ref="3828" />
    <nd ref="246" />
    <nd ref="3604" />
    <tag k="highway" v="unclassified" />
    <tag k="maxspeed" v="25 mph" />
    <tag k="name" v="Ring Road South" />
    <tag k="surface" v="asphalt" />
    <tag k="tiger:cfcc" v="A74;A41" />
    <tag k="tiger:county" v="Kalamazoo, MI" />
    <tag k="tiger:name_base" v="Western;Van de Giessen" />
    <tag k="tiger:name_type" v="Ave;Rd" />
    <tag k="tiger:reviewed" v="no" />
    <tag k="tiger:zip_left" v="49008" />
    <tag k="tiger:zip_right" v="49008" />
  </way>
  <way id="3837">
    <nd ref="3332" />
    <nd ref="3333" />
    <nd ref="3334" />
    <nd ref="3335" />
    <nd ref="3336" />
    <nd ref="3337" />
    <nd ref="3338" />
    <nd ref="3339" />
    <nd ref="3340" />
    <nd ref="3341" />
    <nd ref="3342" />
    <nd ref="3343" />
    <nd ref="3344" />
    <nd ref="3345" />
    <nd ref="3346" />
    <nd ref="3347" />
    <nd ref="3348" />
    <nd ref="3349" />
    <nd ref="3350" />
    <nd ref="3351" />
    <nd ref="3352" />
    <nd ref="3353" />
    <nd ref="3354" />
    <nd ref="3355" />
    <nd ref="3356" />
    <nd ref="3357" />
    <nd ref="3358" />
    <nd ref="3359" />
    <nd ref="3835" />
    <tag k="highway" v="unclassified" />
    <tag k="maxspeed" v="25 mph" />
    <tag k="name" v="Ring Road South" />
    <tag k="surface" v="asphalt" />
    <tag k="tiger:cfcc" v="A74;A41" />
    <tag k="tiger:county" v="Kalamazoo, MI" />
    <tag k="tiger:name_base" v="Western;Van de Giessen" />
    <tag k="tiger:name_type" v="Ave;Rd" />
    <tag k="tiger:reviewed" v="no" />
    <tag k="tiger:zip_left" v="49008" />
    <tag k="tiger:zip_right" v="49008" />
  </way>
  <way id="3838">
    <nd ref="3835" />
    <nd ref="3360" />
    <nd ref="3827" />
    <tag k="highway" v="unclassified" />
    <tag k="maxspeed" v="25 mph" />
    <tag k="name" v="Ring Road South" />
    <tag k="surface" v="asphalt" />
    <tag k="tiger:cfcc" v="A74;A41" />
    <tag k="tiger:county" v="Kalamazoo, MI" />
    <tag k="tiger:name_base" v="Western;Van de Giessen" />
    <tag k="tiger:name_type" v="Ave;Rd" />
    <tag k="tiger:reviewed" v="no" />
    <tag k="tiger:zip_left" v="49008" />
    <tag k="tiger:zip_right" v="49008" />
  </way>
  <way id="3839">
    <nd ref="232" />
    <nd ref="233" />
    <nd ref="234" />
    <nd ref="235" />
    <nd ref="686" />
    <nd ref="210" />
    <nd ref="1020" />
    <nd ref="236" />
    <nd ref="965" />
    <nd ref="964" />
    <nd ref="220" />
    <nd ref="237" />
    <nd ref="532" />
    <nd ref="531" />
    <nd ref="1008" />
    <nd ref="951" />
    <nd ref="238" />
    <nd ref="239" />
    <nd ref="240" />
    <nd ref="241" />
    <nd ref="242" />
    <nd ref="913" />
    <nd ref="31" />
    <nd ref="1016" />
    <nd ref="446" />
    <nd ref="74" />
    <nd ref="243" />
    <nd ref="244" />
    <nd ref="3836" />
    <tag k="highway" v="unclassified" />
    <tag k="maxspeed" v="25 mph" />
    <tag k="name" v="Ring Road South" />
    <tag k="surface" v="asphalt" />
    <tag k="tiger:cfcc" v="A74;A41" />
    <tag k="tiger:county" v="Kalamazoo, MI" />
    <tag k="tiger:name_base" v="Western;Van de Giessen" />
    <tag k="tiger:name_type" v="Ave;Rd" />
    <tag k="tiger:reviewed" v="no" />
    <tag k="tiger:zip_left" v="49008" />
    <tag k="tiger:zip_right" v="49008" />
  </way>
  <way id="3840">
    <nd ref="3836" />
    <nd ref="245" />
    <nd ref="3828" />
    <tag k="highway" v="unclassified" />
    <tag k="maxspeed" v="25 mph" />
    <tag k="name" v="Ring Road South" />
    <tag k="surface" v="asphalt" />
    <tag k="tiger:cfcc" v="A74;A41" />
    <tag k="tiger:county" v="Kalamazoo, MI" />
    <tag k="tiger:name_base" v="Western;Van de Giessen" />
    <tag k="tiger:name_type" v="Ave;Rd" />
    <tag k="tiger:reviewed" v="no" />
    <tag k="tiger:zip_left" v="49008" />
    <tag k="tiger:zip_right" v="49008" />
  </way>
  <way id="3871">
    <nd ref="3842" />
    <nd ref="3843" />
    <nd ref="3844" />
    <nd ref="3845" />
    <nd ref="3846" />
    <nd ref="3847" />
    <nd ref="3848" />
    <nd ref="3849" />
    <nd ref="3850" />
    <nd ref="3851" />
    <nd ref="3852" />
    <nd ref="3853" />
    <nd ref="3854" />
    <nd ref="3855" />
    <nd ref="3856" />
    <nd ref="3857" />
    <nd ref="3858" />
    <nd ref="3859" />
    <nd ref="3860" />
    <nd ref="3861" />
    <nd ref="3862" />
    <nd ref="3863" />
    <nd ref="3864" />
    <nd ref="3865" />
    <nd ref="3866" />
    <nd ref="3867" />
    <nd ref="3868" />
    <nd ref="3869" />
    <nd ref="3870" />
    <tag k="highway" v="unclassified" />
    <tag k="maxspeed" v="25 mph" />
    <tag k="name" v="Ring Road South" />
    <tag k="surface" v="asphalt" />
    <tag k="tiger:cfcc" v="A74;A41" />
    <tag k="tiger:county" v="Kalamazoo, MI" />
    <tag k="tiger:name_base" v="Western;Van de Giessen" />
    <tag k="tiger:name_type" v="Ave;Rd" />
    <tag k="tiger:reviewed" v="no" />
    <tag k="tiger:zip_left" v="49008" />
    <tag k="tiger:zip_right" v="49008" />
  </way>
  <way id="3873">
    <nd ref="3872" />
    <nd ref="3821" />
    <nd ref="3870" />
    <tag k="type" v="line_thin" />
    <tag k="subtype" v="solid" />
  </way>
  <way id="3884">
    <nd ref="3897" />
    <nd ref="3877" />
    <nd ref="3878" />
    <nd ref="4028" />
    <tag k="highway" v="unclassified" />
    <tag k="maxspeed" v="25 mph" />
    <tag k="name" v="Ring Road South" />
    <tag k="surface" v="asphalt" />
    <tag k="tiger:cfcc" v="A74;A41" />
    <tag k="tiger:county" v="Kalamazoo, MI" />
    <tag k="tiger:name_base" v="Western;Van de Giessen" />
    <tag k="tiger:name_type" v="Ave;Rd" />
    <tag k="tiger:reviewed" v="no" />
    <tag k="tiger:zip_left" v="49008" />
    <tag k="tiger:zip_right" v="49008" />
  </way>
  <way id="3892">
    <nd ref="3894" />
    <nd ref="3885" />
    <nd ref="3886" />
    <nd ref="4012" />
    <tag k="highway" v="unclassified" />
    <tag k="maxspeed" v="25 mph" />
    <tag k="name" v="Ring Road South" />
    <tag k="surface" v="asphalt" />
    <tag k="tiger:cfcc" v="A74;A41" />
    <tag k="tiger:county" v="Kalamazoo, MI" />
    <tag k="tiger:name_base" v="Western;Van de Giessen" />
    <tag k="tiger:name_type" v="Ave;Rd" />
    <tag k="tiger:reviewed" v="no" />
    <tag k="tiger:zip_left" v="49008" />
    <tag k="tiger:zip_right" v="49008" />
  </way>
  <way id="3895">
    <nd ref="3935" />
    <nd ref="3893" />
    <nd ref="3894" />
    <tag k="highway" v="unclassified" />
    <tag k="maxspeed" v="25 mph" />
    <tag k="name" v="Ring Road South" />
    <tag k="surface" v="asphalt" />
    <tag k="tiger:cfcc" v="A74;A41" />
    <tag k="tiger:county" v="Kalamazoo, MI" />
    <tag k="tiger:name_base" v="Western;Van de Giessen" />
    <tag k="tiger:name_type" v="Ave;Rd" />
    <tag k="tiger:reviewed" v="no" />
    <tag k="tiger:zip_left" v="49008" />
    <tag k="tiger:zip_right" v="49008" />
  </way>
  <way id="3898">
    <nd ref="3916" />
    <nd ref="3896" />
    <nd ref="3897" />
    <tag k="highway" v="unclassified" />
    <tag k="maxspeed" v="25 mph" />
    <tag k="name" v="Ring Road South" />
    <tag k="surface" v="asphalt" />
    <tag k="tiger:cfcc" v="A74;A41" />
    <tag k="tiger:county" v="Kalamazoo, MI" />
    <tag k="tiger:name_base" v="Western;Van de Giessen" />
    <tag k="tiger:name_type" v="Ave;Rd" />
    <tag k="tiger:reviewed" v="no" />
    <tag k="tiger:zip_left" v="49008" />
    <tag k="tiger:zip_right" v="49008" />
  </way>
  <way id="3917">
    <nd ref="3900" />
    <nd ref="3901" />
    <nd ref="4172" />
    <tag k="highway" v="unclassified" />
    <tag k="maxspeed" v="25 mph" />
    <tag k="name" v="Ring Road South" />
    <tag k="surface" v="asphalt" />
    <tag k="tiger:cfcc" v="A74;A41" />
    <tag k="tiger:county" v="Kalamazoo, MI" />
    <tag k="tiger:name_base" v="Western;Van de Giessen" />
    <tag k="tiger:name_type" v="Ave;Rd" />
    <tag k="tiger:reviewed" v="no" />
    <tag k="tiger:zip_left" v="49008" />
    <tag k="tiger:zip_right" v="49008" />
  </way>
  <way id="4002">
    <nd ref="4004" />
    <nd ref="3995" />
    <nd ref="3996" />
    <nd ref="4006" />
    <tag k="highway" v="unclassified" />
    <tag k="maxspeed" v="25 mph" />
    <tag k="name" v="Ring Road South" />
    <tag k="surface" v="asphalt" />
    <tag k="tiger:cfcc" v="A74;A41" />
    <tag k="tiger:county" v="Kalamazoo, MI" />
    <tag k="tiger:name_base" v="Western;Van de Giessen" />
    <tag k="tiger:name_type" v="Ave;Rd" />
    <tag k="tiger:reviewed" v="no" />
    <tag k="tiger:zip_left" v="49008" />
    <tag k="tiger:zip_right" v="49008" />
  </way>
  <way id="4005">
    <nd ref="4049" />
    <nd ref="4003" />
    <nd ref="4004" />
    <tag k="highway" v="unclassified" />
    <tag k="maxspeed" v="25 mph" />
    <tag k="name" v="Ring Road South" />
    <tag k="surface" v="asphalt" />
    <tag k="tiger:cfcc" v="A74;A41" />
    <tag k="tiger:county" v="Kalamazoo, MI" />
    <tag k="tiger:name_base" v="Western;Van de Giessen" />
    <tag k="tiger:name_type" v="Ave;Rd" />
    <tag k="tiger:reviewed" v="no" />
    <tag k="tiger:zip_left" v="49008" />
    <tag k="tiger:zip_right" v="49008" />
  </way>
  <way id="4010">
    <nd ref="3842" />
    <nd ref="3891" />
    <nd ref="3890" />
    <nd ref="3889" />
    <nd ref="3888" />
    <nd ref="4014" />
    <nd ref="4008" />
    <nd ref="4023" />
    <tag k="type" v="line_thin" />
    <tag k="subtype" v="solid" />
  </way>
  <way id="4011">
    <nd ref="228" />
    <nd ref="3887" />
    <nd ref="4012" />
    <tag k="type" v="line_thin" />
    <tag k="subtype" v="solid" />
  </way>
  <way id="4022">
    <nd ref="232" />
    <nd ref="231" />
    <nd ref="230" />
    <nd ref="229" />
    <nd ref="4020" />
    <nd ref="228" />
    <tag k="type" v="line_thin" />
    <tag k="subtype" v="solid" />
  </way>
  <way id="4024">
    <nd ref="4023" />
    <nd ref="4006" />
    <tag k="type" v="line_thin" />
    <tag k="subtype" v="solid" />
  </way>
  <way id="4029">
    <nd ref="4028" />
    <nd ref="3879" />
    <nd ref="3880" />
    <nd ref="3881" />
    <nd ref="3882" />
    <nd ref="3883" />
    <nd ref="3332" />
    <tag k="highway" v="unclassified" />
    <tag k="maxspeed" v="25 mph" />
    <tag k="name" v="Ring Road South" />
    <tag k="surface" v="asphalt" />
    <tag k="tiger:cfcc" v="A74;A41" />
    <tag k="tiger:county" v="Kalamazoo, MI" />
    <tag k="tiger:name_base" v="Western;Van de Giessen" />
    <tag k="tiger:name_type" v="Ave;Rd" />
    <tag k="tiger:reviewed" v="no" />
    <tag k="tiger:zip_left" v="49008" />
    <tag k="tiger:zip_right" v="49008" />
  </way>
  <way id="4059">
    <nd ref="4052" />
    <nd ref="4053" />
    <nd ref="4054" />
    <nd ref="4055" />
    <nd ref="4056" />
    <nd ref="4057" />
    <nd ref="4058" />
    <tag k="highway" v="tertiary" />
    <tag k="lanes" v="2" />
    <tag k="maxspeed" v="25 mph" />
    <tag k="maxspeed:type" v="sign" />
    <tag k="name" v="West Michigan Avenue" />
    <tag k="surface" v="asphalt" />
    <tag k="tiger:cfcc" v="A41" />
    <tag k="tiger:county" v="Kalamazoo, MI" />
    <tag k="tiger:name_base" v="Michigan" />
    <tag k="tiger:name_direction_prefix" v="W" />
    <tag k="tiger:name_type" v="Ave" />
    <tag k="tiger:zip_left" v="49006" />
    <tag k="tiger:zip_right" v="49006" />
  </way>
  <way id="4068">
    <nd ref="4061" />
    <nd ref="4062" />
    <nd ref="4063" />
    <nd ref="4064" />
    <nd ref="4065" />
    <nd ref="4066" />
    <nd ref="4067" />
    <tag k="highway" v="tertiary" />
    <tag k="lanes" v="2" />
    <tag k="maxspeed" v="25 mph" />
    <tag k="maxspeed:type" v="sign" />
    <tag k="name" v="West Michigan Avenue" />
    <tag k="surface" v="asphalt" />
    <tag k="tiger:cfcc" v="A41" />
    <tag k="tiger:county" v="Kalamazoo, MI" />
    <tag k="tiger:name_base" v="Michigan" />
    <tag k="tiger:name_direction_prefix" v="W" />
    <tag k="tiger:name_type" v="Ave" />
    <tag k="tiger:zip_left" v="49006" />
    <tag k="tiger:zip_right" v="49006" />
  </way>
  <way id="4077">
    <nd ref="4070" />
    <nd ref="4071" />
    <nd ref="4072" />
    <nd ref="4073" />
    <nd ref="4074" />
    <nd ref="4075" />
    <nd ref="4076" />
    <tag k="highway" v="tertiary" />
    <tag k="lanes" v="2" />
    <tag k="maxspeed" v="25 mph" />
    <tag k="maxspeed:type" v="sign" />
    <tag k="name" v="West Michigan Avenue" />
    <tag k="surface" v="asphalt" />
    <tag k="tiger:cfcc" v="A41" />
    <tag k="tiger:county" v="Kalamazoo, MI" />
    <tag k="tiger:name_base" v="Michigan" />
    <tag k="tiger:name_direction_prefix" v="W" />
    <tag k="tiger:name_type" v="Ave" />
    <tag k="tiger:zip_left" v="49006" />
    <tag k="tiger:zip_right" v="49006" />
  </way>
  <way id="4123">
    <nd ref="3919" />
    <nd ref="4122" />
    <nd ref="4124" />
    <nd ref="4125" />
    <nd ref="4126" />
    <nd ref="4127" />
    <nd ref="4128" />
    <nd ref="4129" />
    <nd ref="4070" />
    <tag k="type" v="line_thin" />
    <tag k="subtype" v="solid" />
  </way>
  <way id="4131">
    <nd ref="4061" />
    <nd ref="4130" />
    <nd ref="4132" />
    <nd ref="4133" />
    <nd ref="4134" />
    <nd ref="4135" />
    <nd ref="4136" />
    <nd ref="4137" />
    <nd ref="770" />
    <tag k="type" v="line_thin" />
    <tag k="subtype" v="solid" />
  </way>
  <way id="4141">
    <nd ref="4052" />
    <nd ref="4140" />
    <nd ref="4142" />
    <nd ref="4143" />
    <nd ref="4144" />
    <nd ref="4145" />
    <nd ref="4146" />
    <nd ref="4147" />
    <nd ref="3900" />
    <tag k="type" v="line_thin" />
    <tag k="subtype" v="solid" />
  </way>
  <way id="4149">
    <nd ref="774" />
    <nd ref="4148" />
    <nd ref="4150" />
    <nd ref="4151" />
    <nd ref="4152" />
    <nd ref="4153" />
    <nd ref="4154" />
    <nd ref="4155" />
    <nd ref="770" />
    <tag k="type" v="line_thin" />
    <tag k="subtype" v="solid" />
  </way>
  <way id="4157">
    <nd ref="3922" />
    <nd ref="4169" />
    <nd ref="825" />
    <tag k="type" v="line_thin" />
    <tag k="subtype" v="solid" />
  </way>
  <way id="4158">
    <nd ref="4036" />
    <nd ref="4170" />
    <nd ref="3921" />
    <tag k="type" v="line_thin" />
    <tag k="subtype" v="solid" />
  </way>
  <way id="4162">
    <nd ref="3921" />
    <nd ref="3920" />
    <nd ref="3919" />
    <tag k="type" v="line_thin" />
    <tag k="subtype" v="solid" />
  </way>
  <way id="4192">
    <nd ref="4172" />
    <nd ref="3902" />
    <nd ref="3903" />
    <nd ref="3904" />
    <nd ref="3905" />
    <nd ref="4190" />
    <tag k="highway" v="unclassified" />
    <tag k="maxspeed" v="25 mph" />
    <tag k="name" v="Ring Road South" />
    <tag k="surface" v="asphalt" />
    <tag k="tiger:cfcc" v="A74;A41" />
    <tag k="tiger:county" v="Kalamazoo, MI" />
    <tag k="tiger:name_base" v="Western;Van de Giessen" />
    <tag k="tiger:name_type" v="Ave;Rd" />
    <tag k="tiger:reviewed" v="no" />
    <tag k="tiger:zip_left" v="49008" />
    <tag k="tiger:zip_right" v="49008" />
  </way>
  <way id="4193">
    <nd ref="4190" />
    <nd ref="3906" />
    <nd ref="3907" />
    <nd ref="3908" />
    <nd ref="3909" />
    <nd ref="3910" />
    <nd ref="3911" />
    <nd ref="3912" />
    <nd ref="3913" />
    <nd ref="3914" />
    <nd ref="3915" />
    <nd ref="3916" />
    <tag k="highway" v="unclassified" />
    <tag k="maxspeed" v="25 mph" />
    <tag k="name" v="Ring Road South" />
    <tag k="surface" v="asphalt" />
    <tag k="tiger:cfcc" v="A74;A41" />
    <tag k="tiger:county" v="Kalamazoo, MI" />
    <tag k="tiger:name_base" v="Western;Van de Giessen" />
    <tag k="tiger:name_type" v="Ave;Rd" />
    <tag k="tiger:reviewed" v="no" />
    <tag k="tiger:zip_left" v="49008" />
    <tag k="tiger:zip_right" v="49008" />
  </way>
  <way id="4194">
    <nd ref="825" />
    <nd ref="222" />
    <nd ref="223" />
    <nd ref="824" />
    <nd ref="4191" />
    <tag k="highway" v="unclassified" />
    <tag k="maxspeed" v="25 mph" />
    <tag k="name" v="Ring Road South" />
    <tag k="surface" v="asphalt" />
    <tag k="tiger:cfcc" v="A74;A41" />
    <tag k="tiger:county" v="Kalamazoo, MI" />
    <tag k="tiger:name_base" v="Western;Van de Giessen" />
    <tag k="tiger:name_type" v="Ave;Rd" />
    <tag k="tiger:reviewed" v="no" />
    <tag k="tiger:zip_left" v="49008" />
    <tag k="tiger:zip_right" v="49008" />
  </way>
  <way id="4195">
    <nd ref="4191" />
    <nd ref="224" />
    <nd ref="823" />
    <nd ref="822" />
    <nd ref="225" />
    <nd ref="226" />
    <nd ref="395" />
    <nd ref="227" />
    <nd ref="821" />
    <nd ref="820" />
    <nd ref="805" />
    <nd ref="209" />
    <tag k="highway" v="unclassified" />
    <tag k="maxspeed" v="25 mph" />
    <tag k="name" v="Ring Road South" />
    <tag k="surface" v="asphalt" />
    <tag k="tiger:cfcc" v="A74;A41" />
    <tag k="tiger:county" v="Kalamazoo, MI" />
    <tag k="tiger:name_base" v="Western;Van de Giessen" />
    <tag k="tiger:name_type" v="Ave;Rd" />
    <tag k="tiger:reviewed" v="no" />
    <tag k="tiger:zip_left" v="49008" />
    <tag k="tiger:zip_right" v="49008" />
  </way>
  <way id="4199">
    <nd ref="3922" />
    <nd ref="4165" />
    <nd ref="3923" />
    <nd ref="3924" />
    <nd ref="4197" />
    <tag k="highway" v="unclassified" />
    <tag k="maxspeed" v="25 mph" />
    <tag k="name" v="Ring Road South" />
    <tag k="surface" v="asphalt" />
    <tag k="tiger:cfcc" v="A74;A41" />
    <tag k="tiger:county" v="Kalamazoo, MI" />
    <tag k="tiger:name_base" v="Western;Van de Giessen" />
    <tag k="tiger:name_type" v="Ave;Rd" />
    <tag k="tiger:reviewed" v="no" />
    <tag k="tiger:zip_left" v="49008" />
    <tag k="tiger:zip_right" v="49008" />
  </way>
  <way id="4200">
    <nd ref="4197" />
    <nd ref="3925" />
    <nd ref="3926" />
    <nd ref="3927" />
    <nd ref="3928" />
    <nd ref="3929" />
    <nd ref="3930" />
    <nd ref="3931" />
    <nd ref="3932" />
    <nd ref="3933" />
    <nd ref="3934" />
    <nd ref="3935" />
    <tag k="highway" v="unclassified" />
    <tag k="maxspeed" v="25 mph" />
    <tag k="name" v="Ring Road South" />
    <tag k="surface" v="asphalt" />
    <tag k="tiger:cfcc" v="A74;A41" />
    <tag k="tiger:county" v="Kalamazoo, MI" />
    <tag k="tiger:name_base" v="Western;Van de Giessen" />
    <tag k="tiger:name_type" v="Ave;Rd" />
    <tag k="tiger:reviewed" v="no" />
    <tag k="tiger:zip_left" v="49008" />
    <tag k="tiger:zip_right" v="49008" />
  </way>
  <way id="4201">
    <nd ref="4036" />
    <nd ref="4180" />
    <nd ref="4037" />
    <nd ref="4038" />
    <nd ref="4198" />
    <tag k="type" v="line_thin" />
    <tag k="subtype" v="solid" />
  </way>
  <way id="4202">
    <nd ref="4198" />
    <nd ref="4039" />
    <nd ref="4040" />
    <nd ref="4041" />
    <nd ref="4042" />
    <nd ref="4043" />
    <nd ref="4044" />
    <nd ref="4045" />
    <nd ref="4046" />
    <nd ref="4047" />
    <nd ref="4048" />
    <nd ref="4049" />
    <tag k="type" v="line_thin" />
    <tag k="subtype" v="solid" />
  </way>
  <way id="4207">
    <nd ref="4076" />
    <nd ref="4206" />
    <nd ref="4210" />
    <nd ref="4211" />
    <nd ref="4212" />
    <nd ref="4094" />
    <tag k="type" v="line_thin" />
    <tag k="subtype" v="solid" />
  </way>
  <way id="4214">
    <nd ref="1044" />
    <nd ref="4213" />
    <nd ref="4215" />
    <nd ref="4216" />
    <nd ref="4217" />
    <nd ref="4218" />
    <nd ref="4067" />
    <tag k="type" v="line_thin" />
    <tag k="subtype" v="solid" />
  </way>
  <way id="4220">
    <nd ref="1044" />
    <nd ref="4219" />
    <nd ref="4221" />
    <nd ref="4222" />
    <nd ref="4223" />
    <nd ref="4224" />
    <nd ref="768" />
    <tag k="type" v="line_thin" />
    <tag k="subtype" v="solid" />
  </way>
  <way id="4226">
    <nd ref="4112" />
    <nd ref="4225" />
    <nd ref="4227" />
    <nd ref="4228" />
    <nd ref="4229" />
    <nd ref="4230" />
    <nd ref="4231" />
    <nd ref="4232" />
    <nd ref="4058" />
    <tag k="type" v="line_thin" />
    <tag k="subtype" v="solid" />
  </way>
  <way id="4236">
    <nd ref="4241" />
    <nd ref="4245" />
    <tag k="highway" v="unclassified" />
    <tag k="maxspeed" v="25 mph" />
    <tag k="name" v="Ring Road North" />
    <tag k="old_name" v="North Dormitory Road" />
    <tag k="surface" v="concrete" />
    <tag k="tiger:cfcc" v="A41" />
    <tag k="tiger:county" v="Kalamazoo, MI" />
    <tag k="tiger:name_base" v="Dormitory" />
    <tag k="tiger:name_direction_suffix" v="N" />
    <tag k="tiger:name_type" v="Rd" />
    <tag k="tiger:reviewed" v="no" />
  </way>
  <way id="4240">
    <nd ref="4239" />
    <nd ref="4082" />
    <nd ref="4083" />
    <nd ref="4084" />
    <nd ref="4085" />
    <nd ref="4086" />
    <nd ref="4087" />
    <nd ref="4088" />
    <nd ref="4089" />
    <nd ref="4090" />
    <nd ref="4091" />
    <nd ref="4092" />
    <nd ref="4093" />
    <nd ref="4094" />
    <tag k="highway" v="unclassified" />
    <tag k="maxspeed" v="25 mph" />
    <tag k="name" v="Ring Road North" />
    <tag k="old_name" v="North Dormitory Road" />
    <tag k="surface" v="concrete" />
    <tag k="tiger:cfcc" v="A41" />
    <tag k="tiger:county" v="Kalamazoo, MI" />
    <tag k="tiger:name_base" v="Dormitory" />
    <tag k="tiger:name_direction_suffix" v="N" />
    <tag k="tiger:name_type" v="Rd" />
    <tag k="tiger:reviewed" v="no" />
  </way>
  <way id="4247">
    <nd ref="4246" />
    <nd ref="660" />
    <nd ref="664" />
    <nd ref="663" />
    <nd ref="64" />
    <nd ref="662" />
    <nd ref="3" />
    <nd ref="661" />
    <nd ref="65" />
    <nd ref="66" />
    <nd ref="67" />
    <nd ref="459" />
    <nd ref="458" />
    <nd ref="1044" />
    <tag k="highway" v="unclassified" />
    <tag k="maxspeed" v="25 mph" />
    <tag k="name" v="Ring Road North" />
    <tag k="old_name" v="North Dormitory Road" />
    <tag k="surface" v="concrete" />
    <tag k="tiger:cfcc" v="A41" />
    <tag k="tiger:county" v="Kalamazoo, MI" />
    <tag k="tiger:name_base" v="Dormitory" />
    <tag k="tiger:name_direction_suffix" v="N" />
    <tag k="tiger:name_type" v="Rd" />
    <tag k="tiger:reviewed" v="no" />
  </way>
  <way id="4250">
    <nd ref="4248" />
    <nd ref="4258" />
    <nd ref="4249" />
    <tag k="highway" v="unclassified" />
    <tag k="maxspeed" v="25 mph" />
    <tag k="name" v="Ring Road North" />
    <tag k="old_name" v="North Dormitory Road" />
    <tag k="surface" v="concrete" />
    <tag k="tiger:cfcc" v="A41" />
    <tag k="tiger:county" v="Kalamazoo, MI" />
    <tag k="tiger:name_base" v="Dormitory" />
    <tag k="tiger:name_direction_suffix" v="N" />
    <tag k="tiger:name_type" v="Rd" />
    <tag k="tiger:reviewed" v="no" />
  </way>
  <way id="4252">
    <nd ref="4241" />
    <nd ref="4251" />
    <tag k="type" v="line_thin" />
    <tag k="subtype" v="solid" />
  </way>
  <way id="4254">
    <nd ref="4245" />
    <nd ref="4255" />
    <nd ref="4100" />
    <nd ref="4101" />
    <nd ref="4102" />
    <nd ref="4103" />
    <nd ref="4104" />
    <nd ref="4105" />
    <nd ref="4106" />
    <nd ref="4107" />
    <nd ref="4108" />
    <nd ref="4109" />
    <nd ref="4110" />
    <nd ref="4111" />
    <nd ref="4112" />
    <tag k="highway" v="unclassified" />
    <tag k="maxspeed" v="25 mph" />
    <tag k="name" v="Ring Road North" />
    <tag k="old_name" v="North Dormitory Road" />
    <tag k="surface" v="concrete" />
    <tag k="tiger:cfcc" v="A41" />
    <tag k="tiger:county" v="Kalamazoo, MI" />
    <tag k="tiger:name_base" v="Dormitory" />
    <tag k="tiger:name_direction_suffix" v="N" />
    <tag k="tiger:name_type" v="Rd" />
    <tag k="tiger:reviewed" v="no" />
  </way>
  <way id="4257">
    <nd ref="4249" />
    <nd ref="4246" />
    <tag k="type" v="line_thin" />
    <tag k="subtype" v="solid" />
  </way>
  <way id="4264">
    <nd ref="4262" />
    <nd ref="4263" />
    <tag k="highway" v="service" />
    <tag k="service" v="parking_aisle" />
  </way>
  <way id="4267">
    <nd ref="4265" />
    <nd ref="4266" />
    <tag k="highway" v="service" />
    <tag k="service" v="parking_aisle" />
  </way>
  <way id="4268">
    <nd ref="4266" />
    <nd ref="4269" />
    <nd ref="4270" />
    <nd ref="4271" />
    <nd ref="4251" />
    <tag k="type" v="line_thin" />
    <tag k="subtype" v="solid" />
  </way>
  <way id="4273">
    <nd ref="725" />
    <nd ref="4272" />
    <nd ref="4274" />
    <nd ref="4276" />
    <nd ref="4277" />
    <nd ref="4278" />
    <nd ref="4248" />
    <tag k="type" v="line_thin" />
    <tag k="subtype" v="solid" />
  </way>
  <way id="4280">
    <nd ref="4263" />
    <nd ref="4279" />
    <nd ref="4281" />
    <nd ref="4282" />
    <nd ref="4283" />
    <nd ref="4284" />
    <nd ref="4237" />
    <tag k="type" v="line_thin" />
    <tag k="subtype" v="solid" />
  </way>
  <way id="4290">
    <nd ref="4263" />
    <nd ref="4294" />
    <nd ref="4291" />
    <nd ref="4329" />
    <nd ref="4288" />
    <tag k="type" v="line_thin" />
    <tag k="subtype" v="solid" />
  </way>
  <way id="4296">
    <nd ref="725" />
    <nd ref="4295" />
    <nd ref="4297" />
    <nd ref="4298" />
    <nd ref="4299" />
    <nd ref="4300" />
    <nd ref="4328" />
    <nd ref="4099" />
    <tag k="type" v="line_thin" />
    <tag k="subtype" v="solid" />
  </way>
  <way id="4301">
    <nd ref="4099" />
    <nd ref="4248" />
    <tag k="type" v="line_thin" />
    <tag k="subtype" v="solid" />
  </way>
  <way id="4302">
    <nd ref="4288" />
    <nd ref="4251" />
    <tag k="type" v="line_thin" />
    <tag k="subtype" v="solid" />
  </way>
  <way id="4304">
    <nd ref="4303" />
    <nd ref="4237" />
    <tag k="highway" v="unclassified" />
    <tag k="maxspeed" v="25 mph" />
    <tag k="name" v="Ring Road North" />
    <tag k="old_name" v="North Dormitory Road" />
    <tag k="surface" v="concrete" />
    <tag k="tiger:cfcc" v="A41" />
    <tag k="tiger:county" v="Kalamazoo, MI" />
    <tag k="tiger:name_base" v="Dormitory" />
    <tag k="tiger:name_direction_suffix" v="N" />
    <tag k="tiger:name_type" v="Rd" />
    <tag k="tiger:reviewed" v="no" />
  </way>
  <way id="4306">
    <nd ref="4305" />
    <nd ref="4081" />
    <nd ref="4333" />
    <tag k="highway" v="unclassified" />
    <tag k="maxspeed" v="25 mph" />
    <tag k="name" v="Ring Road North" />
    <tag k="old_name" v="North Dormitory Road" />
    <tag k="surface" v="concrete" />
    <tag k="tiger:cfcc" v="A41" />
    <tag k="tiger:county" v="Kalamazoo, MI" />
    <tag k="tiger:name_base" v="Dormitory" />
    <tag k="tiger:name_direction_suffix" v="N" />
    <tag k="tiger:name_type" v="Rd" />
    <tag k="tiger:reviewed" v="no" />
  </way>
  <way id="4308">
    <nd ref="725" />
    <nd ref="4307" />
    <nd ref="4309" />
    <nd ref="4310" />
    <nd ref="4311" />
    <nd ref="4313" />
    <nd ref="4314" />
    <nd ref="4315" />
    <nd ref="4303" />
    <tag k="type" v="line_thin" />
    <tag k="subtype" v="solid" />
  </way>
  <way id="4317">
    <nd ref="4266" />
    <nd ref="4316" />
    <nd ref="4318" />
    <nd ref="4319" />
    <nd ref="4322" />
    <nd ref="4323" />
    <nd ref="4324" />
    <nd ref="4325" />
    <nd ref="4326" />
    <nd ref="4327" />
    <nd ref="4305" />
    <tag k="type" v="line_thin" />
    <tag k="subtype" v="solid" />
  </way>
  <way id="4345">
    <nd ref="4237" />
    <nd ref="4343" />
    <tag k="highway" v="unclassified" />
    <tag k="maxspeed" v="25 mph" />
    <tag k="name" v="Ring Road North" />
    <tag k="old_name" v="North Dormitory Road" />
    <tag k="surface" v="concrete" />
    <tag k="tiger:cfcc" v="A41" />
    <tag k="tiger:county" v="Kalamazoo, MI" />
    <tag k="tiger:name_base" v="Dormitory" />
    <tag k="tiger:name_direction_suffix" v="N" />
    <tag k="tiger:name_type" v="Rd" />
    <tag k="tiger:reviewed" v="no" />
  </way>
  <way id="4346">
    <nd ref="4343" />
    <nd ref="4246" />
    <tag k="highway" v="unclassified" />
    <tag k="maxspeed" v="25 mph" />
    <tag k="name" v="Ring Road North" />
    <tag k="old_name" v="North Dormitory Road" />
    <tag k="surface" v="concrete" />
    <tag k="tiger:cfcc" v="A41" />
    <tag k="tiger:county" v="Kalamazoo, MI" />
    <tag k="tiger:name_base" v="Dormitory" />
    <tag k="tiger:name_direction_suffix" v="N" />
    <tag k="tiger:name_type" v="Rd" />
    <tag k="tiger:reviewed" v="no" />
  </way>
  <way id="4347">
    <nd ref="4333" />
    <nd ref="4344" />
    <tag k="highway" v="unclassified" />
    <tag k="maxspeed" v="25 mph" />
    <tag k="name" v="Ring Road North" />
    <tag k="old_name" v="North Dormitory Road" />
    <tag k="surface" v="concrete" />
    <tag k="tiger:cfcc" v="A41" />
    <tag k="tiger:county" v="Kalamazoo, MI" />
    <tag k="tiger:name_base" v="Dormitory" />
    <tag k="tiger:name_direction_suffix" v="N" />
    <tag k="tiger:name_type" v="Rd" />
    <tag k="tiger:reviewed" v="no" />
  </way>
  <way id="4348">
    <nd ref="4344" />
    <nd ref="4239" />
    <tag k="highway" v="unclassified" />
    <tag k="maxspeed" v="25 mph" />
    <tag k="name" v="Ring Road North" />
    <tag k="old_name" v="North Dormitory Road" />
    <tag k="surface" v="concrete" />
    <tag k="tiger:cfcc" v="A41" />
    <tag k="tiger:county" v="Kalamazoo, MI" />
    <tag k="tiger:name_base" v="Dormitory" />
    <tag k="tiger:name_direction_suffix" v="N" />
    <tag k="tiger:name_type" v="Rd" />
    <tag k="tiger:reviewed" v="no" />
  </way>
  <way id="4360">
    <nd ref="4343" />
    <nd ref="4239" />
    <tag k="type" v="line_thin" />
    <tag k="subtype" v="solid" />
  </way>
  <way id="4367">
    <nd ref="3461" />
    <nd ref="3405" />
    <nd ref="4365" />
    <tag k="highway" v="unclassified" />
    <tag k="maxspeed" v="25 mph" />
    <tag k="name" v="Ring Road South" />
    <tag k="surface" v="asphalt" />
    <tag k="tiger:cfcc" v="A74;A41" />
    <tag k="tiger:county" v="Kalamazoo, MI" />
    <tag k="tiger:name_base" v="Western;Van de Giessen" />
    <tag k="tiger:name_type" v="Ave;Rd" />
    <tag k="tiger:reviewed" v="no" />
    <tag k="tiger:zip_left" v="49008" />
    <tag k="tiger:zip_right" v="49008" />
  </way>
  <way id="4368">
    <nd ref="4365" />
    <nd ref="3779" />
    <tag k="highway" v="unclassified" />
    <tag k="maxspeed" v="25 mph" />
    <tag k="name" v="Ring Road South" />
    <tag k="surface" v="asphalt" />
    <tag k="tiger:cfcc" v="A74;A41" />
    <tag k="tiger:county" v="Kalamazoo, MI" />
    <tag k="tiger:name_base" v="Western;Van de Giessen" />
    <tag k="tiger:name_type" v="Ave;Rd" />
    <tag k="tiger:reviewed" v="no" />
    <tag k="tiger:zip_left" v="49008" />
    <tag k="tiger:zip_right" v="49008" />
  </way>
  <way id="4369">
    <nd ref="3462" />
    <nd ref="3445" />
    <nd ref="4366" />
    <tag k="highway" v="unclassified" />
    <tag k="maxspeed" v="25 mph" />
    <tag k="name" v="Ring Road South" />
    <tag k="surface" v="asphalt" />
    <tag k="tiger:cfcc" v="A74;A41" />
    <tag k="tiger:county" v="Kalamazoo, MI" />
    <tag k="tiger:name_base" v="Western;Van de Giessen" />
    <tag k="tiger:name_type" v="Ave;Rd" />
    <tag k="tiger:reviewed" v="no" />
    <tag k="tiger:zip_left" v="49008" />
    <tag k="tiger:zip_right" v="49008" />
  </way>
  <way id="4370">
    <nd ref="4366" />
    <nd ref="3780" />
    <tag k="highway" v="unclassified" />
    <tag k="maxspeed" v="25 mph" />
    <tag k="name" v="Ring Road South" />
    <tag k="surface" v="asphalt" />
    <tag k="tiger:cfcc" v="A74;A41" />
    <tag k="tiger:county" v="Kalamazoo, MI" />
    <tag k="tiger:name_base" v="Western;Van de Giessen" />
    <tag k="tiger:name_type" v="Ave;Rd" />
    <tag k="tiger:reviewed" v="no" />
    <tag k="tiger:zip_left" v="49008" />
    <tag k="tiger:zip_right" v="49008" />
  </way>
  <way id="4372">
    <nd ref="4365" />
    <nd ref="3780" />
    <tag k="type" v="line_thin" />
    <tag k="subtype" v="solid" />
  </way>
  <way id="4375">
    <nd ref="3794" />
    <nd ref="3779" />
    <tag k="type" v="line_thin" />
    <tag k="subtype" v="solid" />
  </way>
  <way id="4396">
    <nd ref="4388" />
    <nd ref="4378" />
    <nd ref="4382" />
    <nd ref="2228" />
    <nd ref="2229" />
    <nd ref="4415" />
    <nd ref="3134" />
    <nd ref="2230" />
    <nd ref="2231" />
    <nd ref="2371" />
    <tag k="type" v="line_thin" />
    <tag k="subtype" v="solid" />
  </way>
  <way id="4397">
    <nd ref="4389" />
    <nd ref="2235" />
    <nd ref="4381" />
    <nd ref="2236" />
    <nd ref="2237" />
    <nd ref="2238" />
    <nd ref="2239" />
    <nd ref="2391" />
    <tag k="type" v="line_thin" />
    <tag k="subtype" v="solid" />
  </way>
  <way id="4403">
    <nd ref="4399" />
    <nd ref="4389" />
    <tag k="highway" v="unclassified" />
    <tag k="maxspeed" v="25 mph" />
    <tag k="name" v="Ring Road South" />
    <tag k="surface" v="asphalt" />
    <tag k="tiger:cfcc" v="A41" />
    <tag k="tiger:county" v="Kalamazoo, MI" />
    <tag k="tiger:name_base" v="Western" />
    <tag k="tiger:name_type" v="Ave" />
    <tag k="tiger:reviewed" v="no" />
  </way>
  <way id="4405">
    <nd ref="1688" />
    <nd ref="1648" />
    <nd ref="1649" />
    <nd ref="1650" />
    <nd ref="1651" />
    <nd ref="1652" />
    <nd ref="2226" />
    <tag k="type" v="line_thin" />
    <tag k="subtype" v="solid" />
  </way>
  <way id="4406">
    <nd ref="1699" />
    <nd ref="1654" />
    <nd ref="1655" />
    <nd ref="1656" />
    <nd ref="1657" />
    <nd ref="4395" />
    <nd ref="1658" />
    <nd ref="4399" />
    <tag k="type" v="line_thin" />
    <tag k="subtype" v="solid" />
  </way>
  <way id="4410">
    <nd ref="4388" />
    <nd ref="2226" />
    <tag k="type" v="line_thin" />
    <tag k="subtype" v="solid" />
  </way>
  <way id="4423">
    <nd ref="4414" />
    <nd ref="3135" />
    <nd ref="250" />
    <nd ref="4421" />
    <tag k="highway" v="unclassified" />
    <tag k="maxspeed" v="25 mph" />
    <tag k="name" v="Ring Road South" />
    <tag k="surface" v="asphalt" />
    <tag k="tiger:cfcc" v="A41" />
    <tag k="tiger:county" v="Kalamazoo, MI" />
    <tag k="tiger:name_base" v="Western" />
    <tag k="tiger:name_type" v="Ave" />
    <tag k="tiger:reviewed" v="no" />
  </way>
  <way id="4424">
    <nd ref="4421" />
    <nd ref="849" />
    <nd ref="2323" />
    <nd ref="2367" />
    <tag k="highway" v="unclassified" />
    <tag k="maxspeed" v="25 mph" />
    <tag k="name" v="Ring Road South" />
    <tag k="surface" v="asphalt" />
    <tag k="tiger:cfcc" v="A41" />
    <tag k="tiger:county" v="Kalamazoo, MI" />
    <tag k="tiger:name_base" v="Western" />
    <tag k="tiger:name_type" v="Ave" />
    <tag k="tiger:reviewed" v="no" />
  </way>
  <way id="4425">
    <nd ref="4415" />
    <nd ref="3134" />
    <nd ref="2230" />
    <nd ref="4422" />
    <tag k="type" v="line_thin" />
    <tag k="subtype" v="solid" />
  </way>
  <way id="4426">
    <nd ref="4422" />
    <nd ref="2231" />
    <nd ref="2371" />
    <tag k="type" v="line_thin" />
    <tag k="subtype" v="solid" />
  </way>
  <way id="4437">
    <nd ref="2593" />
    <nd ref="2489" />
    <nd ref="2452" />
    <nd ref="2574" />
    <tag k="type" v="line_thin" />
    <tag k="subtype" v="solid" />
  </way>
  <way id="4438">
    <nd ref="2594" />
    <nd ref="2488" />
    <nd ref="179" />
    <nd ref="2575" />
    <tag k="type" v="line_thin" />
    <tag k="subtype" v="solid" />
  </way>
  <way id="4449">
    <nd ref="1623" />
    <nd ref="4447" />
    <tag k="type" v="line_thin" />
    <tag k="subtype" v="solid" />
  </way>
  <way id="4450">
    <nd ref="4447" />
    <nd ref="1624" />
    <nd ref="1625" />
    <tag k="type" v="line_thin" />
    <tag k="subtype" v="solid" />
  </way>
  <way id="4451">
    <nd ref="1739" />
    <nd ref="4448" />
    <tag k="type" v="line_thin" />
    <tag k="subtype" v="solid" />
  </way>
  <way id="4452">
    <nd ref="4448" />
    <nd ref="1250" />
    <nd ref="1249" />
    <tag k="type" v="line_thin" />
    <tag k="subtype" v="solid" />
  </way>
  <way id="4454">
    <nd ref="1739" />
    <nd ref="4447" />
    <tag k="type" v="line_thin" />
    <tag k="subtype" v="solid" />
  </way>
  <way id="4459">
    <nd ref="428" />
    <nd ref="650" />
    <nd ref="287" />
    <nd ref="649" />
    <nd ref="291" />
    <nd ref="648" />
    <nd ref="647" />
    <nd ref="4457" />
    <tag k="highway" v="unclassified" />
    <tag k="maxspeed" v="25 mph" />
    <tag k="name" v="Ring Road South" />
    <tag k="old_name" v="Knollwood Avenue" />
    <tag k="surface" v="asphalt" />
    <tag k="tiger:cfcc" v="A41" />
    <tag k="tiger:county" v="Kalamazoo, MI" />
    <tag k="tiger:name_base" v="Rankin" />
    <tag k="tiger:name_type" v="Ave" />
    <tag k="tiger:reviewed" v="no" />
  </way>
  <way id="4460">
    <nd ref="4457" />
    <nd ref="507" />
    <tag k="highway" v="unclassified" />
    <tag k="maxspeed" v="25 mph" />
    <tag k="name" v="Ring Road South" />
    <tag k="old_name" v="Knollwood Avenue" />
    <tag k="surface" v="asphalt" />
    <tag k="tiger:cfcc" v="A41" />
    <tag k="tiger:county" v="Kalamazoo, MI" />
    <tag k="tiger:name_base" v="Rankin" />
    <tag k="tiger:name_type" v="Ave" />
    <tag k="tiger:reviewed" v="no" />
  </way>
  <way id="4461">
    <nd ref="1212" />
    <nd ref="1213" />
    <nd ref="1214" />
    <nd ref="1215" />
    <nd ref="1216" />
    <nd ref="1217" />
    <nd ref="1218" />
    <nd ref="4458" />
    <tag k="type" v="line_thin" />
    <tag k="subtype" v="solid" />
  </way>
  <way id="4462">
    <nd ref="4458" />
    <nd ref="1406" />
    <tag k="type" v="line_thin" />
    <tag k="subtype" v="solid" />
  </way>
  <way id="4467">
    <nd ref="4464" />
    <nd ref="1254" />
    <nd ref="1521" />
    <tag k="type" v="line_thin" />
    <tag k="subtype" v="solid" />
  </way>
  <way id="4468">
    <nd ref="1522" />
    <nd ref="290" />
    <nd ref="4465" />
    <tag k="highway" v="unclassified" />
    <tag k="maxspeed" v="25 mph" />
    <tag k="name" v="Ring Road South" />
    <tag k="surface" v="asphalt" />
    <tag k="tiger:cfcc" v="A41" />
    <tag k="tiger:county" v="Kalamazoo, MI" />
    <tag k="tiger:name_base" v="Rankin" />
    <tag k="tiger:name_type" v="Ave" />
    <tag k="tiger:reviewed" v="no" />
  </way>
  <way id="4473">
    <nd ref="1212" />
    <nd ref="1261" />
    <nd ref="1260" />
    <nd ref="1259" />
    <nd ref="4471" />
    <tag k="type" v="line_thin" />
    <tag k="subtype" v="solid" />
  </way>
  <way id="4474">
    <nd ref="4471" />
    <nd ref="1258" />
    <nd ref="1257" />
    <nd ref="1256" />
    <nd ref="1255" />
    <nd ref="4464" />
    <tag k="type" v="line_thin" />
    <tag k="subtype" v="solid" />
  </way>
  <way id="4475">
    <nd ref="4465" />
    <nd ref="850" />
    <nd ref="288" />
    <nd ref="286" />
    <nd ref="285" />
    <nd ref="4472" />
    <tag k="highway" v="unclassified" />
    <tag k="maxspeed" v="25 mph" />
    <tag k="name" v="Ring Road South" />
    <tag k="surface" v="asphalt" />
    <tag k="tiger:cfcc" v="A41" />
    <tag k="tiger:county" v="Kalamazoo, MI" />
    <tag k="tiger:name_base" v="Rankin" />
    <tag k="tiger:name_type" v="Ave" />
    <tag k="tiger:reviewed" v="no" />
  </way>
  <way id="4476">
    <nd ref="4472" />
    <nd ref="283" />
    <nd ref="284" />
    <nd ref="428" />
    <tag k="highway" v="unclassified" />
    <tag k="maxspeed" v="25 mph" />
    <tag k="name" v="Ring Road South" />
    <tag k="surface" v="asphalt" />
    <tag k="tiger:cfcc" v="A41" />
    <tag k="tiger:county" v="Kalamazoo, MI" />
    <tag k="tiger:name_base" v="Rankin" />
    <tag k="tiger:name_type" v="Ave" />
    <tag k="tiger:reviewed" v="no" />
  </way>
  <way id="4480">
    <nd ref="1433" />
    <nd ref="1418" />
    <nd ref="853" />
    <nd ref="4478" />
    <tag k="highway" v="unclassified" />
    <tag k="maxspeed" v="25 mph" />
    <tag k="name" v="Ring Road South" />
    <tag k="old_name" v="Knollwood Avenue" />
    <tag k="surface" v="asphalt" />
    <tag k="tiger:cfcc" v="A41" />
    <tag k="tiger:county" v="Kalamazoo, MI" />
    <tag k="tiger:name_base" v="Rankin" />
    <tag k="tiger:name_type" v="Ave" />
    <tag k="tiger:reviewed" v="no" />
  </way>
  <way id="4481">
    <nd ref="4478" />
    <nd ref="427" />
    <nd ref="505" />
    <nd ref="292" />
    <nd ref="848" />
    <nd ref="413" />
    <nd ref="270" />
    <tag k="highway" v="unclassified" />
    <tag k="maxspeed" v="25 mph" />
    <tag k="name" v="Ring Road South" />
    <tag k="old_name" v="Knollwood Avenue" />
    <tag k="surface" v="asphalt" />
    <tag k="tiger:cfcc" v="A41" />
    <tag k="tiger:county" v="Kalamazoo, MI" />
    <tag k="tiger:name_base" v="Rankin" />
    <tag k="tiger:name_type" v="Ave" />
    <tag k="tiger:reviewed" v="no" />
  </way>
  <way id="4482">
    <nd ref="1425" />
    <nd ref="1417" />
    <nd ref="1205" />
    <nd ref="4479" />
    <tag k="highway" v="unclassified" />
    <tag k="maxspeed" v="25 mph" />
    <tag k="name" v="Ring Road South" />
    <tag k="old_name" v="Knollwood Avenue" />
    <tag k="surface" v="asphalt" />
    <tag k="tiger:cfcc" v="A41" />
    <tag k="tiger:county" v="Kalamazoo, MI" />
    <tag k="tiger:name_base" v="Rankin" />
    <tag k="tiger:name_type" v="Ave" />
    <tag k="tiger:reviewed" v="no" />
  </way>
  <way id="4483">
    <nd ref="4479" />
    <nd ref="1206" />
    <nd ref="1207" />
    <nd ref="1208" />
    <nd ref="1209" />
    <nd ref="1210" />
    <nd ref="1211" />
    <nd ref="1157" />
    <tag k="highway" v="unclassified" />
    <tag k="maxspeed" v="25 mph" />
    <tag k="name" v="Ring Road South" />
    <tag k="old_name" v="Knollwood Avenue" />
    <tag k="surface" v="asphalt" />
    <tag k="tiger:cfcc" v="A41" />
    <tag k="tiger:county" v="Kalamazoo, MI" />
    <tag k="tiger:name_base" v="Rankin" />
    <tag k="tiger:name_type" v="Ave" />
    <tag k="tiger:reviewed" v="no" />
  </way>
  <way id="4494">
    <nd ref="1434" />
    <nd ref="1419" />
    <nd ref="4492" />
    <tag k="type" v="line_thin" />
    <tag k="subtype" v="solid" />
  </way>
  <way id="4495">
    <nd ref="4492" />
    <nd ref="1220" />
    <nd ref="4485" />
    <tag k="type" v="line_thin" />
    <tag k="subtype" v="solid" />
  </way>
  <way id="4496">
    <nd ref="1433" />
    <nd ref="1418" />
    <nd ref="4493" />
    <tag k="highway" v="unclassified" />
    <tag k="maxspeed" v="25 mph" />
    <tag k="name" v="Ring Road South" />
    <tag k="old_name" v="Knollwood Avenue" />
    <tag k="surface" v="asphalt" />
    <tag k="tiger:cfcc" v="A41" />
    <tag k="tiger:county" v="Kalamazoo, MI" />
    <tag k="tiger:name_base" v="Rankin" />
    <tag k="tiger:name_type" v="Ave" />
    <tag k="tiger:reviewed" v="no" />
  </way>
  <way id="4497">
    <nd ref="4493" />
    <nd ref="853" />
    <nd ref="4486" />
    <tag k="highway" v="unclassified" />
    <tag k="maxspeed" v="25 mph" />
    <tag k="name" v="Ring Road South" />
    <tag k="old_name" v="Knollwood Avenue" />
    <tag k="surface" v="asphalt" />
    <tag k="tiger:cfcc" v="A41" />
    <tag k="tiger:county" v="Kalamazoo, MI" />
    <tag k="tiger:name_base" v="Rankin" />
    <tag k="tiger:name_type" v="Ave" />
    <tag k="tiger:reviewed" v="no" />
  </way>
  <way id="4501">
    <nd ref="4485" />
    <nd ref="1221" />
    <nd ref="1222" />
    <nd ref="1223" />
    <nd ref="1224" />
    <nd ref="1225" />
    <nd ref="1226" />
    <nd ref="1170" />
    <nd ref="1169" />
    <nd ref="1168" />
    <nd ref="1167" />
    <nd ref="1166" />
    <nd ref="1133" />
    <tag k="type" v="line_thin" />
    <tag k="subtype" v="solid" />
  </way>
  <way id="4502">
    <nd ref="4486" />
    <nd ref="427" />
    <nd ref="505" />
    <nd ref="292" />
    <nd ref="848" />
    <nd ref="413" />
    <nd ref="270" />
    <nd ref="271" />
    <nd ref="467" />
    <nd ref="272" />
    <nd ref="1197" />
    <nd ref="466" />
    <tag k="type" v="line_thin" />
    <tag k="subtype" v="solid" />
  </way>
  <way id="4503">
    <nd ref="2874" />
    <nd ref="2833" />
    <nd ref="2888" />
    <tag k="type" v="line_thin" />
    <tag k="subtype" v="solid" />
  </way>
  <way id="4504">
    <nd ref="2875" />
    <nd ref="2834" />
    <nd ref="2889" />
    <tag k="type" v="line_thin" />
    <tag k="subtype" v="solid" />
  </way>
  <way id="4527">
    <nd ref="2333" />
    <nd ref="785" />
    <nd ref="4516" />
    <nd ref="4428" />
    <nd ref="212" />
    <nd ref="786" />
    <nd ref="390" />
    <nd ref="4510" />
    <nd ref="3302" />
    <tag k="type" v="line_thin" />
    <tag k="subtype" v="solid" />
  </way>
  <way id="4528">
    <nd ref="2300" />
    <nd ref="2213" />
    <nd ref="4517" />
    <nd ref="4429" />
    <nd ref="2214" />
    <nd ref="2470" />
    <nd ref="2471" />
    <nd ref="2472" />
    <nd ref="4509" />
    <nd ref="3301" />
    <tag k="type" v="line_thin" />
    <tag k="subtype" v="solid" />
  </way>
  <way id="4531">
    <nd ref="2858" />
    <nd ref="2496" />
    <nd ref="2463" />
    <nd ref="2462" />
    <nd ref="2461" />
    <nd ref="2486" />
    <nd ref="2468" />
    <nd ref="4529" />
    <tag k="type" v="line_thin" />
    <tag k="subtype" v="solid" />
  </way>
  <way id="4533">
    <nd ref="2859" />
    <nd ref="2495" />
    <nd ref="218" />
    <nd ref="219" />
    <nd ref="73" />
    <nd ref="4530" />
    <tag k="type" v="line_thin" />
    <tag k="subtype" v="solid" />
  </way>
  <way id="4538">
    <nd ref="4529" />
    <nd ref="4536" />
    <tag k="type" v="line_thin" />
    <tag k="subtype" v="solid" />
  </way>
  <way id="4539">
    <nd ref="4536" />
    <nd ref="2865" />
    <tag k="type" v="line_thin" />
    <tag k="subtype" v="solid" />
  </way>
  <way id="4540">
    <nd ref="4530" />
    <nd ref="4537" />
    <tag k="type" v="line_thin" />
    <tag k="subtype" v="solid" />
  </way>
  <way id="4541">
    <nd ref="4537" />
    <nd ref="2866" />
    <tag k="type" v="line_thin" />
    <tag k="subtype" v="solid" />
  </way>
  <way id="4547">
    <nd ref="4415" />
    <nd ref="2229" />
    <nd ref="2228" />
    <nd ref="4545" />
    <tag k="type" v="line_thin" />
    <tag k="subtype" v="solid" />
  </way>
  <way id="4548">
    <nd ref="4545" />
    <nd ref="4382" />
    <nd ref="4378" />
    <nd ref="4388" />
    <nd ref="4399" />
    <tag k="type" v="line_thin" />
    <tag k="subtype" v="solid" />
  </way>
  <way id="4549">
    <nd ref="4414" />
    <nd ref="249" />
    <nd ref="248" />
    <nd ref="4546" />
    <tag k="type" v="line_thin" />
    <tag k="subtype" v="solid" />
  </way>
  <way id="4550">
    <nd ref="4546" />
    <nd ref="247" />
    <nd ref="2226" />
    <tag k="type" v="line_thin" />
    <tag k="subtype" v="solid" />
  </way>
  <way id="4571">
    <nd ref="4568" />
    <nd ref="4288" />
    <tag k="highway" v="unclassified" />
    <tag k="maxspeed" v="25 mph" />
    <tag k="name" v="Ring Road North" />
    <tag k="old_name" v="North Dormitory Road" />
    <tag k="surface" v="concrete" />
    <tag k="tiger:cfcc" v="A41" />
    <tag k="tiger:county" v="Kalamazoo, MI" />
    <tag k="tiger:name_base" v="Dormitory" />
    <tag k="tiger:name_direction_suffix" v="N" />
    <tag k="tiger:name_type" v="Rd" />
    <tag k="tiger:reviewed" v="no" />
  </way>
  <way id="4573">
    <nd ref="4569" />
    <nd ref="4099" />
    <tag k="highway" v="unclassified" />
    <tag k="maxspeed" v="25 mph" />
    <tag k="name" v="Ring Road North" />
    <tag k="old_name" v="North Dormitory Road" />
    <tag k="surface" v="concrete" />
    <tag k="tiger:cfcc" v="A41" />
    <tag k="tiger:county" v="Kalamazoo, MI" />
    <tag k="tiger:name_base" v="Dormitory" />
    <tag k="tiger:name_direction_suffix" v="N" />
    <tag k="tiger:name_type" v="Rd" />
    <tag k="tiger:reviewed" v="no" />
  </way>
  <way id="4575">
    <nd ref="4569" />
    <nd ref="63" />
    <tag k="type" v="line_thin" />
    <tag k="subtype" v="solid" />
  </way>
  <way id="4578">
    <nd ref="61" />
    <nd ref="62" />
    <nd ref="4576" />
    <nd ref="63" />
    <tag k="highway" v="unclassified" />
    <tag k="maxspeed" v="25 mph" />
    <tag k="name" v="Ring Road North" />
    <tag k="old_name" v="North Dormitory Road" />
    <tag k="surface" v="concrete" />
    <tag k="tiger:cfcc" v="A41" />
    <tag k="tiger:county" v="Kalamazoo, MI" />
    <tag k="tiger:name_base" v="Dormitory" />
    <tag k="tiger:name_direction_suffix" v="N" />
    <tag k="tiger:name_type" v="Rd" />
    <tag k="tiger:reviewed" v="no" />
  </way>
  <way id="4581">
    <nd ref="4080" />
    <nd ref="4305" />
    <tag k="highway" v="unclassified" />
    <tag k="maxspeed" v="25 mph" />
    <tag k="name" v="Ring Road North" />
    <tag k="old_name" v="North Dormitory Road" />
    <tag k="surface" v="concrete" />
    <tag k="tiger:cfcc" v="A41" />
    <tag k="tiger:county" v="Kalamazoo, MI" />
    <tag k="tiger:name_base" v="Dormitory" />
    <tag k="tiger:name_direction_suffix" v="N" />
    <tag k="tiger:name_type" v="Rd" />
    <tag k="tiger:reviewed" v="no" />
  </way>
  <way id="4584">
    <nd ref="63" />
    <nd ref="4303" />
    <tag k="highway" v="unclassified" />
    <tag k="maxspeed" v="25 mph" />
    <tag k="name" v="Ring Road North" />
    <tag k="old_name" v="North Dormitory Road" />
    <tag k="surface" v="concrete" />
    <tag k="tiger:cfcc" v="A41" />
    <tag k="tiger:county" v="Kalamazoo, MI" />
    <tag k="tiger:name_base" v="Dormitory" />
    <tag k="tiger:name_direction_suffix" v="N" />
    <tag k="tiger:name_type" v="Rd" />
    <tag k="tiger:reviewed" v="no" />
  </way>
  <way id="4590">
    <nd ref="4587" />
    <nd ref="4588" />
    <nd ref="4589" />
    <tag k="highway" v="unclassified" />
    <tag k="maxspeed" v="25 mph" />
    <tag k="name" v="Ring Road North" />
    <tag k="old_name" v="North Dormitory Road" />
    <tag k="surface" v="concrete" />
    <tag k="tiger:cfcc" v="A41" />
    <tag k="tiger:county" v="Kalamazoo, MI" />
    <tag k="tiger:name_base" v="Dormitory" />
    <tag k="tiger:name_direction_suffix" v="N" />
    <tag k="tiger:name_type" v="Rd" />
    <tag k="tiger:reviewed" v="no" />
  </way>
  <way id="4591">
    <nd ref="4568" />
    <nd ref="4589" />
    <tag k="type" v="line_thin" />
    <tag k="subtype" v="solid" />
  </way>
  <way id="4596">
    <nd ref="4080" />
    <nd ref="4079" />
    <nd ref="4595" />
    <tag k="type" v="line_thin" />
    <tag k="subtype" v="solid" />
  </way>
  <way id="4661">
    <nd ref="480" />
    <nd ref="1269" />
    <nd ref="481" />
    <nd ref="482" />
    <nd ref="483" />
    <nd ref="4659" />
    <tag k="highway" v="unclassified" />
    <tag k="maxspeed" v="25 mph" />
    <tag k="name" v="Ring Road North" />
    <tag k="oneway" v="yes" />
    <tag k="surface" v="asphalt" />
  </way>
  <way id="4663">
    <nd ref="1140" />
    <nd ref="1141" />
    <nd ref="1142" />
    <nd ref="1143" />
    <nd ref="1144" />
    <nd ref="4660" />
    <tag k="highway" v="unclassified" />
    <tag k="maxspeed" v="25 mph" />
    <tag k="name" v="Ring Road North" />
    <tag k="oneway" v="yes" />
    <tag k="surface" v="asphalt" />
  </way>
  <way id="4668">
    <nd ref="4660" />
    <nd ref="1181" />
    <tag k="type" v="line_thin" />
    <tag k="subtype" v="solid" />
  </way>
  <way id="4669">
    <nd ref="1181" />
    <nd ref="4659" />
    <tag k="type" v="line_thin" />
    <tag k="subtype" v="solid" />
  </way>
  <way id="4673">
    <nd ref="1189" />
    <nd ref="4660" />
    <tag k="type" v="line_thin" />
    <tag k="subtype" v="solid" />
  </way>
  <way id="4682">
    <nd ref="94" />
    <nd ref="4681" />
    <nd ref="95" />
    <tag k="type" v="line_thin" />
    <tag k="subtype" v="solid" />
  </way>
  <way id="4690">
    <nd ref="1180" />
    <nd ref="4688" />
    <nd ref="4689" />
    <tag k="type" v="line_thin" />
    <tag k="subtype" v="solid" />
  </way>
  <way id="4694">
    <nd ref="1188" />
    <nd ref="4692" />
    <nd ref="4693" />
    <tag k="type" v="line_thin" />
    <tag k="subtype" v="solid" />
  </way>
  <way id="4698">
    <nd ref="1196" />
    <nd ref="4696" />
    <nd ref="4697" />
    <tag k="type" v="line_thin" />
    <tag k="subtype" v="solid" />
  </way>
  <way id="4714">
    <nd ref="4713" />
    <nd ref="184" />
    <nd ref="600" />
    <nd ref="599" />
    <nd ref="185" />
    <nd ref="186" />
    <nd ref="1" />
    <tag k="highway" v="service" />
    <tag k="lanes" v="1" />
    <tag k="maxspeed" v="25 mph" />
    <tag k="maxspeed:type" v="sign" />
    <tag k="name" v="Business Court" />
    <tag k="surface" v="paved" />
    <tag k="tiger:cfcc" v="A41" />
    <tag k="tiger:county" v="Kalamazoo, MI" />
    <tag k="tiger:name_base" v="Wilbur;Rankin" />
    <tag k="tiger:name_type" v="Ave" />
    <tag k="tiger:reviewed" v="no" />
    <tag k="tiger:zip_left" v="49006;49007" />
    <tag k="tiger:zip_right" v="49006;49007" />
  </way>
  <way id="4741">
    <nd ref="4733" />
    <nd ref="4734" />
    <nd ref="4735" />
    <nd ref="4736" />
    <nd ref="4737" />
    <nd ref="4738" />
    <nd ref="4739" />
    <nd ref="4740" />
    <tag k="highway" v="service" />
    <tag k="lanes" v="1" />
    <tag k="maxspeed" v="25 mph" />
    <tag k="maxspeed:type" v="sign" />
    <tag k="name" v="Business Court" />
    <tag k="surface" v="paved" />
    <tag k="tiger:cfcc" v="A41" />
    <tag k="tiger:county" v="Kalamazoo, MI" />
    <tag k="tiger:name_base" v="Wilbur;Rankin" />
    <tag k="tiger:name_type" v="Ave" />
    <tag k="tiger:reviewed" v="no" />
    <tag k="tiger:zip_left" v="49006;49007" />
    <tag k="tiger:zip_right" v="49006;49007" />
  </way>
  <way id="4750">
    <nd ref="4742" />
    <nd ref="4743" />
    <nd ref="4744" />
    <nd ref="4745" />
    <nd ref="4746" />
    <nd ref="4747" />
    <nd ref="4748" />
    <nd ref="4749" />
    <tag k="highway" v="service" />
    <tag k="lanes" v="1" />
    <tag k="maxspeed" v="25 mph" />
    <tag k="maxspeed:type" v="sign" />
    <tag k="name" v="Business Court" />
    <tag k="surface" v="paved" />
    <tag k="tiger:cfcc" v="A41" />
    <tag k="tiger:county" v="Kalamazoo, MI" />
    <tag k="tiger:name_base" v="Wilbur;Rankin" />
    <tag k="tiger:name_type" v="Ave" />
    <tag k="tiger:reviewed" v="no" />
    <tag k="tiger:zip_left" v="49006;49007" />
    <tag k="tiger:zip_right" v="49006;49007" />
  </way>
  <way id="4759">
    <nd ref="4751" />
    <nd ref="4752" />
    <nd ref="4753" />
    <nd ref="4754" />
    <nd ref="4755" />
    <nd ref="4756" />
    <nd ref="4757" />
    <nd ref="4758" />
    <tag k="highway" v="service" />
    <tag k="lanes" v="1" />
    <tag k="maxspeed" v="25 mph" />
    <tag k="maxspeed:type" v="sign" />
    <tag k="name" v="Business Court" />
    <tag k="surface" v="paved" />
    <tag k="tiger:cfcc" v="A41" />
    <tag k="tiger:county" v="Kalamazoo, MI" />
    <tag k="tiger:name_base" v="Wilbur;Rankin" />
    <tag k="tiger:name_type" v="Ave" />
    <tag k="tiger:reviewed" v="no" />
    <tag k="tiger:zip_left" v="49006;49007" />
    <tag k="tiger:zip_right" v="49006;49007" />
  </way>
  <way id="4776">
    <nd ref="4775" />
    <nd ref="96" />
    <nd ref="97" />
    <nd ref="98" />
    <nd ref="99" />
    <nd ref="100" />
    <nd ref="101" />
    <nd ref="102" />
    <nd ref="103" />
    <nd ref="104" />
    <nd ref="105" />
    <nd ref="106" />
    <nd ref="107" />
    <tag k="highway" v="unclassified" />
    <tag k="maxspeed" v="25 mph" />
    <tag k="name" v="Ring Road North" />
    <tag k="surface" v="paved" />
    <tag k="tiger:cfcc" v="A41" />
    <tag k="tiger:county" v="Kalamazoo, MI" />
    <tag k="tiger:name_base" v="Rankin" />
    <tag k="tiger:name_type" v="Ave" />
    <tag k="tiger:reviewed" v="no" />
  </way>
  <way id="4777">
    <nd ref="4689" />
    <nd ref="4775" />
    <tag k="type" v="line_thin" />
    <tag k="subtype" v="solid" />
  </way>
  <way id="4793">
    <nd ref="4778" />
    <nd ref="4779" />
    <nd ref="4780" />
    <nd ref="4781" />
    <nd ref="4782" />
    <nd ref="4783" />
    <nd ref="4784" />
    <nd ref="4785" />
    <nd ref="4786" />
    <nd ref="4787" />
    <nd ref="4788" />
    <nd ref="4789" />
    <nd ref="4790" />
    <nd ref="4796" />
    <tag k="highway" v="unclassified" />
    <tag k="maxspeed" v="25 mph" />
    <tag k="name" v="Ring Road North" />
    <tag k="surface" v="paved" />
    <tag k="tiger:cfcc" v="A41" />
    <tag k="tiger:county" v="Kalamazoo, MI" />
    <tag k="tiger:name_base" v="Rankin" />
    <tag k="tiger:name_type" v="Ave" />
    <tag k="tiger:reviewed" v="no" />
  </way>
  <way id="4794">
    <nd ref="4693" />
    <nd ref="4791" />
    <nd ref="4792" />
    <nd ref="4778" />
    <tag k="highway" v="unclassified" />
    <tag k="maxspeed" v="25 mph" />
    <tag k="name" v="Ring Road North" />
    <tag k="surface" v="paved" />
    <tag k="tiger:cfcc" v="A41" />
    <tag k="tiger:county" v="Kalamazoo, MI" />
    <tag k="tiger:name_base" v="Rankin" />
    <tag k="tiger:name_type" v="Ave" />
    <tag k="tiger:reviewed" v="no" />
  </way>
  <way id="4795">
    <nd ref="95" />
    <nd ref="4778" />
    <tag k="type" v="line_thin" />
    <tag k="subtype" v="solid" />
  </way>
  <way id="4808">
    <nd ref="4796" />
    <nd ref="4797" />
    <nd ref="4798" />
    <nd ref="4799" />
    <nd ref="4800" />
    <nd ref="4801" />
    <nd ref="4802" />
    <nd ref="4803" />
    <nd ref="4804" />
    <nd ref="4805" />
    <nd ref="4806" />
    <nd ref="4807" />
    <nd ref="4836" />
    <tag k="highway" v="unclassified" />
    <tag k="maxspeed" v="25 mph" />
    <tag k="name" v="Ring Road North" />
    <tag k="surface" v="paved" />
    <tag k="tiger:cfcc" v="A41" />
    <tag k="tiger:county" v="Kalamazoo, MI" />
    <tag k="tiger:name_base" v="Rankin" />
    <tag k="tiger:name_type" v="Ave" />
    <tag k="tiger:reviewed" v="no" />
  </way>
  <way id="4834">
    <nd ref="4822" />
    <nd ref="4823" />
    <nd ref="4824" />
    <nd ref="4825" />
    <nd ref="4826" />
    <nd ref="4827" />
    <nd ref="4828" />
    <nd ref="4829" />
    <nd ref="4830" />
    <nd ref="4831" />
    <nd ref="4832" />
    <nd ref="4833" />
    <nd ref="4856" />
    <tag k="highway" v="unclassified" />
    <tag k="maxspeed" v="25 mph" />
    <tag k="name" v="Ring Road North" />
    <tag k="surface" v="paved" />
    <tag k="tiger:cfcc" v="A41" />
    <tag k="tiger:county" v="Kalamazoo, MI" />
    <tag k="tiger:name_base" v="Rankin" />
    <tag k="tiger:name_type" v="Ave" />
    <tag k="tiger:reviewed" v="no" />
  </way>
  <way id="4854">
    <nd ref="4836" />
    <nd ref="4837" />
    <nd ref="4838" />
    <nd ref="4839" />
    <nd ref="4840" />
    <nd ref="4841" />
    <nd ref="4842" />
    <nd ref="4843" />
    <nd ref="4844" />
    <nd ref="4845" />
    <nd ref="4846" />
    <nd ref="4847" />
    <nd ref="4848" />
    <nd ref="4849" />
    <nd ref="4850" />
    <nd ref="4851" />
    <nd ref="4852" />
    <tag k="highway" v="unclassified" />
    <tag k="maxspeed" v="25 mph" />
    <tag k="name" v="Ring Road North" />
    <tag k="old_name" v="Goldsworth Drive" />
    <tag k="tiger:cfcc" v="A41" />
    <tag k="tiger:county" v="Kalamazoo, MI" />
    <tag k="tiger:name_base" v="Rankin" />
    <tag k="tiger:name_type" v="Ave" />
    <tag k="tiger:reviewed" v="no" />
  </way>
  <way id="4874">
    <nd ref="4856" />
    <nd ref="4857" />
    <nd ref="4858" />
    <nd ref="4859" />
    <nd ref="4860" />
    <nd ref="4861" />
    <nd ref="4862" />
    <nd ref="4863" />
    <nd ref="4864" />
    <nd ref="4865" />
    <nd ref="4866" />
    <nd ref="4867" />
    <nd ref="4868" />
    <nd ref="4869" />
    <nd ref="4870" />
    <nd ref="4871" />
    <nd ref="4872" />
    <tag k="highway" v="unclassified" />
    <tag k="maxspeed" v="25 mph" />
    <tag k="name" v="Ring Road North" />
    <tag k="old_name" v="Goldsworth Drive" />
    <tag k="tiger:cfcc" v="A41" />
    <tag k="tiger:county" v="Kalamazoo, MI" />
    <tag k="tiger:name_base" v="Rankin" />
    <tag k="tiger:name_type" v="Ave" />
    <tag k="tiger:reviewed" v="no" />
  </way>
  <way id="4875">
    <nd ref="48" />
    <nd ref="4876" />
    <tag k="type" v="line_thin" />
    <tag k="subtype" v="solid" />
  </way>
  <way id="4877">
    <nd ref="4876" />
    <nd ref="49" />
    <tag k="type" v="line_thin" />
    <tag k="subtype" v="solid" />
  </way>
  <way id="4880">
    <nd ref="4878" />
    <nd ref="4879" />
    <nd ref="4643" />
    <tag k="type" v="line_thin" />
    <tag k="subtype" v="solid" />
  </way>
  <way id="4883">
    <nd ref="4881" />
    <nd ref="4882" />
    <nd ref="4650" />
    <tag k="type" v="line_thin" />
    <tag k="subtype" v="solid" />
  </way>
  <way id="4887">
    <nd ref="4988" />
    <nd ref="4957" />
    <nd ref="164" />
    <nd ref="165" />
    <nd ref="166" />
    <nd ref="127" />
    <tag k="access" v="private" />
    <tag k="highway" v="unclassified" />
    <tag k="maxspeed" v="25 mph" />
    <tag k="name" v="Ring Road North" />
    <tag k="tiger:cfcc" v="A74" />
    <tag k="tiger:county" v="Kalamazoo, MI" />
    <tag k="tiger:name_base" v="Goldsworth" />
    <tag k="tiger:name_type" v="Dr" />
    <tag k="tiger:reviewed" v="no" />
  </way>
  <way id="4890">
    <nd ref="4852" />
    <nd ref="4891" />
    <nd ref="4910" />
    <nd ref="4853" />
    <nd ref="4922" />
    <tag k="highway" v="unclassified" />
    <tag k="maxspeed" v="25 mph" />
    <tag k="name" v="Ring Road North" />
    <tag k="old_name" v="Goldsworth Drive" />
    <tag k="tiger:cfcc" v="A41" />
    <tag k="tiger:county" v="Kalamazoo, MI" />
    <tag k="tiger:name_base" v="Rankin" />
    <tag k="tiger:name_type" v="Ave" />
    <tag k="tiger:reviewed" v="no" />
  </way>
  <way id="4898">
    <nd ref="4872" />
    <nd ref="4900" />
    <nd ref="4899" />
    <nd ref="4888" />
    <nd ref="4873" />
    <nd ref="4934" />
    <tag k="highway" v="unclassified" />
    <tag k="maxspeed" v="25 mph" />
    <tag k="name" v="Ring Road North" />
    <tag k="old_name" v="Goldsworth Drive" />
    <tag k="tiger:cfcc" v="A41" />
    <tag k="tiger:county" v="Kalamazoo, MI" />
    <tag k="tiger:name_base" v="Rankin" />
    <tag k="tiger:name_type" v="Ave" />
    <tag k="tiger:reviewed" v="no" />
  </way>
  <way id="4908">
    <nd ref="4852" />
    <nd ref="4907" />
    <nd ref="4909" />
    <nd ref="4928" />
    <tag k="type" v="line_thin" />
    <tag k="subtype" v="solid" />
  </way>
  <way id="4923">
    <nd ref="4918" />
    <nd ref="4919" />
    <nd ref="4920" />
    <nd ref="4921" />
    <nd ref="4922" />
    <tag k="access" v="private" />
    <tag k="highway" v="unclassified" />
    <tag k="maxspeed" v="25 mph" />
    <tag k="name" v="Ring Road North" />
    <tag k="tiger:cfcc" v="A74" />
    <tag k="tiger:county" v="Kalamazoo, MI" />
    <tag k="tiger:name_base" v="Goldsworth" />
    <tag k="tiger:name_type" v="Dr" />
    <tag k="tiger:reviewed" v="no" />
  </way>
  <way id="4929">
    <nd ref="4924" />
    <nd ref="4925" />
    <nd ref="4926" />
    <nd ref="4927" />
    <nd ref="4928" />
    <tag k="access" v="private" />
    <tag k="highway" v="unclassified" />
    <tag k="maxspeed" v="25 mph" />
    <tag k="name" v="Ring Road North" />
    <tag k="tiger:cfcc" v="A74" />
    <tag k="tiger:county" v="Kalamazoo, MI" />
    <tag k="tiger:name_base" v="Goldsworth" />
    <tag k="tiger:name_type" v="Dr" />
    <tag k="tiger:reviewed" v="no" />
  </way>
  <way id="4935">
    <nd ref="4930" />
    <nd ref="4931" />
    <nd ref="4932" />
    <nd ref="4933" />
    <nd ref="4934" />
    <tag k="access" v="private" />
    <tag k="highway" v="unclassified" />
    <tag k="maxspeed" v="25 mph" />
    <tag k="name" v="Ring Road North" />
    <tag k="tiger:cfcc" v="A74" />
    <tag k="tiger:county" v="Kalamazoo, MI" />
    <tag k="tiger:name_base" v="Goldsworth" />
    <tag k="tiger:name_type" v="Dr" />
    <tag k="tiger:reviewed" v="no" />
  </way>
  <way id="4942">
    <nd ref="4936" />
    <nd ref="4937" />
    <nd ref="4938" />
    <nd ref="4939" />
    <nd ref="4940" />
    <tag k="access" v="private" />
    <tag k="highway" v="unclassified" />
    <tag k="maxspeed" v="25 mph" />
    <tag k="name" v="Ring Road North" />
    <tag k="tiger:cfcc" v="A74" />
    <tag k="tiger:county" v="Kalamazoo, MI" />
    <tag k="tiger:name_base" v="Goldsworth" />
    <tag k="tiger:name_type" v="Dr" />
    <tag k="tiger:reviewed" v="no" />
  </way>
  <way id="4949">
    <nd ref="4943" />
    <nd ref="4944" />
    <nd ref="4945" />
    <nd ref="4946" />
    <nd ref="4947" />
    <tag k="access" v="private" />
    <tag k="highway" v="unclassified" />
    <tag k="maxspeed" v="25 mph" />
    <tag k="name" v="Ring Road North" />
    <tag k="tiger:cfcc" v="A74" />
    <tag k="tiger:county" v="Kalamazoo, MI" />
    <tag k="tiger:name_base" v="Goldsworth" />
    <tag k="tiger:name_type" v="Dr" />
    <tag k="tiger:reviewed" v="no" />
  </way>
  <way id="4951">
    <nd ref="4950" />
    <nd ref="499" />
    <nd ref="143" />
    <nd ref="142" />
    <nd ref="670" />
    <nd ref="141" />
    <nd ref="140" />
    <nd ref="139" />
    <nd ref="138" />
    <nd ref="137" />
    <nd ref="136" />
    <nd ref="135" />
    <nd ref="579" />
    <nd ref="692" />
    <nd ref="134" />
    <nd ref="133" />
    <nd ref="132" />
    <nd ref="131" />
    <nd ref="130" />
    <nd ref="367" />
    <nd ref="368" />
    <nd ref="369" />
    <tag k="access" v="private" />
    <tag k="highway" v="unclassified" />
    <tag k="maxspeed" v="25 mph" />
    <tag k="name" v="Valley 2 Drive" />
    <tag k="tiger:cfcc" v="A74" />
    <tag k="tiger:county" v="Kalamazoo, MI" />
    <tag k="tiger:name_base" v="Pond" />
    <tag k="tiger:name_direction_suffix" v="E" />
    <tag k="tiger:name_type" v="Dr" />
    <tag k="tiger:reviewed" v="no" />
  </way>
  <way id="4954">
    <nd ref="4918" />
    <nd ref="4940" />
    <tag k="type" v="line_thin" />
    <tag k="subtype" v="solid" />
  </way>
  <way id="4955">
    <nd ref="4924" />
    <nd ref="4940" />
    <tag k="type" v="line_thin" />
    <tag k="subtype" v="solid" />
  </way>
  <way id="4958">
    <nd ref="4930" />
    <nd ref="4947" />
    <tag k="type" v="line_thin" />
    <tag k="subtype" v="solid" />
  </way>
  <way id="4964">
    <nd ref="4943" />
    <nd ref="4963" />
    <nd ref="4965" />
    <nd ref="4966" />
    <nd ref="4967" />
    <nd ref="4881" />
    <tag k="type" v="line_thin" />
    <tag k="subtype" v="solid" />
  </way>
  <way id="4969">
    <nd ref="4936" />
    <nd ref="4968" />
    <nd ref="4972" />
    <nd ref="4973" />
    <nd ref="4974" />
    <nd ref="4975" />
    <nd ref="4976" />
    <nd ref="4876" />
    <tag k="type" v="line_thin" />
    <tag k="subtype" v="solid" />
  </way>
  <way id="4978">
    <nd ref="827" />
    <nd ref="4977" />
    <nd ref="4979" />
    <nd ref="4980" />
    <nd ref="4981" />
    <nd ref="4982" />
    <nd ref="4983" />
    <nd ref="4878" />
    <tag k="type" v="line_thin" />
    <tag k="subtype" v="solid" />
  </way>
  <way id="4989">
    <nd ref="4988" />
    <nd ref="4952" />
    <tag k="type" v="line_thin" />
    <tag k="subtype" v="solid" />
  </way>
  <way id="4998">
    <nd ref="4997" />
    <nd ref="4959" />
    <nd ref="4995" />
    <nd ref="127" />
    <tag k="highway" v="unclassified" />
    <tag k="maxspeed" v="25 mph" />
    <tag k="name" v="Ring Road North" />
    <tag k="old_name" v="Goldsworth Drive" />
    <tag k="tiger:cfcc" v="A41" />
    <tag k="tiger:county" v="Kalamazoo, MI" />
    <tag k="tiger:name_base" v="Rankin" />
    <tag k="tiger:name_type" v="Ave" />
    <tag k="tiger:reviewed" v="no" />
  </way>
  <way id="5008">
    <nd ref="5007" />
    <nd ref="4762" />
    <nd ref="4763" />
    <nd ref="4764" />
    <nd ref="4765" />
    <nd ref="4766" />
    <nd ref="4767" />
    <nd ref="4768" />
    <nd ref="4769" />
    <nd ref="4770" />
    <nd ref="4771" />
    <nd ref="4772" />
    <nd ref="4773" />
    <nd ref="4822" />
    <tag k="highway" v="unclassified" />
    <tag k="maxspeed" v="25 mph" />
    <tag k="name" v="Ring Road North" />
    <tag k="surface" v="paved" />
    <tag k="tiger:cfcc" v="A41" />
    <tag k="tiger:county" v="Kalamazoo, MI" />
    <tag k="tiger:name_base" v="Rankin" />
    <tag k="tiger:name_type" v="Ave" />
    <tag k="tiger:reviewed" v="no" />
  </way>
  <way id="5009">
    <nd ref="5007" />
    <nd ref="4697" />
    <tag k="type" v="line_thin" />
    <tag k="subtype" v="solid" />
  </way>
  <way id="5049">
    <nd ref="5039" />
    <nd ref="5040" />
    <nd ref="5041" />
    <nd ref="5042" />
    <nd ref="5043" />
    <nd ref="5044" />
    <nd ref="5045" />
    <nd ref="5069" />
    <nd ref="839" />
    <tag k="type" v="line_thin" />
    <tag k="subtype" v="solid" />
  </way>
  <way id="5051">
    <nd ref="5039" />
    <nd ref="5070" />
    <nd ref="5050" />
    <nd ref="5052" />
    <nd ref="1231" />
    <tag k="type" v="line_thin" />
    <tag k="subtype" v="solid" />
  </way>
  <way id="5055">
    <nd ref="838" />
    <nd ref="5019" />
    <nd ref="5023" />
    <nd ref="5025" />
    <nd ref="5053" />
    <tag k="type" v="line_thin" />
    <tag k="subtype" v="solid" />
  </way>
  <way id="5056">
    <nd ref="5053" />
    <nd ref="5027" />
    <nd ref="5030" />
    <nd ref="5031" />
    <nd ref="5029" />
    <nd ref="1277" />
    <tag k="type" v="line_thin" />
    <tag k="subtype" v="solid" />
  </way>
  <way id="5057">
    <nd ref="1231" />
    <nd ref="5017" />
    <nd ref="5073" />
    <nd ref="5022" />
    <nd ref="5024" />
    <nd ref="5034" />
    <nd ref="5054" />
    <tag k="type" v="line_thin" />
    <tag k="subtype" v="solid" />
  </way>
  <way id="5058">
    <nd ref="5054" />
    <nd ref="5026" />
    <nd ref="5032" />
    <nd ref="5035" />
    <nd ref="5033" />
    <nd ref="5028" />
    <nd ref="1316" />
    <tag k="type" v="line_thin" />
    <tag k="subtype" v="solid" />
  </way>
  <way id="5061">
    <nd ref="5054" />
    <nd ref="5060" />
    <nd ref="5062" />
    <nd ref="5063" />
    <nd ref="5064" />
    <nd ref="5065" />
    <nd ref="5066" />
    <nd ref="5067" />
    <nd ref="5068" />
    <nd ref="838" />
    <tag k="type" v="line_thin" />
    <tag k="subtype" v="solid" />
  </way>
  <way id="5078">
    <nd ref="2340" />
    <nd ref="5101" />
    <nd ref="5083" />
    <nd ref="5084" />
    <tag k="type" v="line_thin" />
    <tag k="subtype" v="solid" />
  </way>
  <way id="5085">
    <nd ref="5084" />
    <nd ref="5082" />
    <nd ref="783" />
    <tag k="type" v="line_thin" />
    <tag k="subtype" v="solid" />
  </way>
  <way id="5093">
    <nd ref="2304" />
    <nd ref="5095" />
    <nd ref="5094" />
    <nd ref="5096" />
    <tag k="type" v="line_thin" />
    <tag k="subtype" v="solid" />
  </way>
  <way id="5097">
    <nd ref="5096" />
    <nd ref="2276" />
    <tag k="type" v="line_thin" />
    <tag k="subtype" v="solid" />
  </way>
  <way id="5099">
    <nd ref="2222" />
    <nd ref="5096" />
    <tag k="type" v="line_thin" />
    <tag k="subtype" v="solid" />
  </way>
  <way id="5100">
    <nd ref="2367" />
    <nd ref="5084" />
    <tag k="type" v="line_thin" />
    <tag k="subtype" v="solid" />
  </way>
  <way id="5113">
    <nd ref="1607" />
    <nd ref="5112" />
    <nd ref="5115" />
    <nd ref="5116" />
    <nd ref="5117" />
    <nd ref="5125" />
    <tag k="type" v="line_thin" />
    <tag k="subtype" v="solid" />
  </way>
  <way id="5124">
    <nd ref="1614" />
    <nd ref="5123" />
    <tag k="type" v="line_thin" />
    <tag k="subtype" v="solid" />
  </way>
  <way id="5126">
    <nd ref="5125" />
    <nd ref="5118" />
    <nd ref="5119" />
    <nd ref="5120" />
    <nd ref="5121" />
    <nd ref="5122" />
    <nd ref="1613" />
    <tag k="type" v="line_thin" />
    <tag k="subtype" v="solid" />
  </way>
  <way id="5130">
    <nd ref="5129" />
    <nd ref="810" />
    <nd ref="809" />
    <nd ref="54" />
    <nd ref="808" />
    <nd ref="807" />
    <nd ref="806" />
    <nd ref="833" />
    <nd ref="55" />
    <nd ref="832" />
    <nd ref="831" />
    <nd ref="830" />
    <nd ref="829" />
    <nd ref="56" />
    <nd ref="828" />
    <nd ref="646" />
    <nd ref="530" />
    <nd ref="667" />
    <nd ref="668" />
    <nd ref="684" />
    <tag k="highway" v="unclassified" />
    <tag k="maxspeed" v="25 mph" />
    <tag k="name" v="Central Campus Drive" />
    <tag k="old_name" v="Gilkison Avenue" />
    <tag k="oneway" v="no" />
    <tag k="surface" v="asphalt" />
    <tag k="tiger:cfcc" v="A74" />
    <tag k="tiger:county" v="Kalamazoo, MI" />
    <tag k="tiger:name_base" v="Gilkison" />
    <tag k="tiger:name_type" v="Ave" />
    <tag k="tiger:reviewed" v="no" />
  </way>
  <way id="5151">
    <nd ref="5131" />
    <nd ref="5132" />
    <nd ref="5133" />
    <nd ref="5134" />
    <nd ref="5135" />
    <nd ref="5136" />
    <nd ref="5137" />
    <nd ref="5138" />
    <nd ref="5139" />
    <nd ref="5140" />
    <nd ref="5141" />
    <nd ref="5142" />
    <nd ref="5143" />
    <nd ref="5144" />
    <nd ref="5145" />
    <nd ref="5146" />
    <nd ref="5147" />
    <nd ref="5148" />
    <nd ref="5149" />
    <nd ref="5150" />
    <tag k="highway" v="unclassified" />
    <tag k="maxspeed" v="25 mph" />
    <tag k="name" v="Central Campus Drive" />
    <tag k="old_name" v="Gilkison Avenue" />
    <tag k="oneway" v="no" />
    <tag k="surface" v="asphalt" />
    <tag k="tiger:cfcc" v="A74" />
    <tag k="tiger:county" v="Kalamazoo, MI" />
    <tag k="tiger:name_base" v="Gilkison" />
    <tag k="tiger:name_type" v="Ave" />
    <tag k="tiger:reviewed" v="no" />
  </way>
  <way id="5172">
    <nd ref="5152" />
    <nd ref="5153" />
    <nd ref="5154" />
    <nd ref="5155" />
    <nd ref="5156" />
    <nd ref="5157" />
    <nd ref="5158" />
    <nd ref="5159" />
    <nd ref="5160" />
    <nd ref="5161" />
    <nd ref="5162" />
    <nd ref="5163" />
    <nd ref="5164" />
    <nd ref="5165" />
    <nd ref="5166" />
    <nd ref="5167" />
    <nd ref="5168" />
    <nd ref="5169" />
    <nd ref="5170" />
    <nd ref="5171" />
    <tag k="highway" v="unclassified" />
    <tag k="maxspeed" v="25 mph" />
    <tag k="name" v="Central Campus Drive" />
    <tag k="old_name" v="Gilkison Avenue" />
    <tag k="oneway" v="no" />
    <tag k="surface" v="asphalt" />
    <tag k="tiger:cfcc" v="A74" />
    <tag k="tiger:county" v="Kalamazoo, MI" />
    <tag k="tiger:name_base" v="Gilkison" />
    <tag k="tiger:name_type" v="Ave" />
    <tag k="tiger:reviewed" v="no" />
  </way>
  <way id="5230">
    <nd ref="5131" />
    <nd ref="5292" />
    <nd ref="5193" />
    <nd ref="5194" />
    <nd ref="5195" />
    <nd ref="5196" />
    <nd ref="5197" />
    <nd ref="5198" />
    <nd ref="5264" />
    <tag k="type" v="line_thin" />
    <tag k="subtype" v="solid" />
  </way>
  <way id="5231">
    <nd ref="5129" />
    <nd ref="5202" />
    <nd ref="5203" />
    <nd ref="5204" />
    <nd ref="5205" />
    <nd ref="5206" />
    <nd ref="5208" />
    <nd ref="5256" />
    <tag k="type" v="line_thin" />
    <tag k="subtype" v="solid" />
  </way>
  <way id="5232">
    <nd ref="5152" />
    <nd ref="5210" />
    <nd ref="5211" />
    <nd ref="5320" />
    <nd ref="5212" />
    <nd ref="5257" />
    <tag k="type" v="line_thin" />
    <tag k="subtype" v="solid" />
  </way>
  <way id="5258">
    <nd ref="49" />
    <nd ref="50" />
    <nd ref="51" />
    <nd ref="52" />
    <nd ref="767" />
    <nd ref="5256" />
    <tag k="access" v="private" />
    <tag k="highway" v="unclassified" />
    <tag k="maxspeed" v="25 mph" />
    <tag k="name" v="Ring Road North" />
    <tag k="old_name" v="Gilkison Avenue" />
    <tag k="tiger:cfcc" v="A74" />
    <tag k="tiger:county" v="Kalamazoo, MI" />
    <tag k="tiger:name_base" v="Gilkison" />
    <tag k="tiger:name_type" v="Ave" />
    <tag k="tiger:reviewed" v="no" />
  </way>
  <way id="5259">
    <nd ref="5256" />
    <nd ref="53" />
    <tag k="access" v="private" />
    <tag k="highway" v="unclassified" />
    <tag k="maxspeed" v="25 mph" />
    <tag k="name" v="Ring Road North" />
    <tag k="old_name" v="Gilkison Avenue" />
    <tag k="tiger:cfcc" v="A74" />
    <tag k="tiger:county" v="Kalamazoo, MI" />
    <tag k="tiger:name_base" v="Gilkison" />
    <tag k="tiger:name_type" v="Ave" />
    <tag k="tiger:reviewed" v="no" />
  </way>
  <way id="5260">
    <nd ref="4650" />
    <nd ref="4651" />
    <nd ref="5075" />
    <nd ref="4652" />
    <nd ref="4653" />
    <nd ref="4654" />
    <nd ref="5257" />
    <tag k="access" v="private" />
    <tag k="highway" v="unclassified" />
    <tag k="maxspeed" v="25 mph" />
    <tag k="name" v="Ring Road North" />
    <tag k="old_name" v="Gilkison Avenue" />
    <tag k="tiger:cfcc" v="A74" />
    <tag k="tiger:county" v="Kalamazoo, MI" />
    <tag k="tiger:name_base" v="Gilkison" />
    <tag k="tiger:name_type" v="Ave" />
    <tag k="tiger:reviewed" v="no" />
  </way>
  <way id="5261">
    <nd ref="5257" />
    <nd ref="4655" />
    <nd ref="4619" />
    <tag k="access" v="private" />
    <tag k="highway" v="unclassified" />
    <tag k="maxspeed" v="25 mph" />
    <tag k="name" v="Ring Road North" />
    <tag k="old_name" v="Gilkison Avenue" />
    <tag k="tiger:cfcc" v="A74" />
    <tag k="tiger:county" v="Kalamazoo, MI" />
    <tag k="tiger:name_base" v="Gilkison" />
    <tag k="tiger:name_type" v="Ave" />
    <tag k="tiger:reviewed" v="no" />
  </way>
  <way id="5265">
    <nd ref="49" />
    <nd ref="50" />
    <nd ref="51" />
    <nd ref="52" />
    <nd ref="767" />
    <nd ref="5256" />
    <tag k="access" v="private" />
    <tag k="highway" v="unclassified" />
    <tag k="maxspeed" v="25 mph" />
    <tag k="name" v="Ring Road North" />
    <tag k="old_name" v="Gilkison Avenue" />
    <tag k="tiger:cfcc" v="A74" />
    <tag k="tiger:county" v="Kalamazoo, MI" />
    <tag k="tiger:name_base" v="Gilkison" />
    <tag k="tiger:name_type" v="Ave" />
    <tag k="tiger:reviewed" v="no" />
  </way>
  <way id="5267">
    <nd ref="4643" />
    <nd ref="4644" />
    <nd ref="4645" />
    <nd ref="4646" />
    <nd ref="4647" />
    <nd ref="5264" />
    <tag k="access" v="private" />
    <tag k="highway" v="unclassified" />
    <tag k="maxspeed" v="25 mph" />
    <tag k="name" v="Ring Road North" />
    <tag k="old_name" v="Gilkison Avenue" />
    <tag k="tiger:cfcc" v="A74" />
    <tag k="tiger:county" v="Kalamazoo, MI" />
    <tag k="tiger:name_base" v="Gilkison" />
    <tag k="tiger:name_type" v="Ave" />
    <tag k="tiger:reviewed" v="no" />
  </way>
  <way id="5280">
    <nd ref="53" />
    <nd ref="5278" />
    <tag k="highway" v="unclassified" />
    <tag k="maxspeed" v="25 mph" />
    <tag k="name" v="Ring Road North" />
    <tag k="old_name" v="North Dormitory Road" />
    <tag k="surface" v="concrete" />
    <tag k="tiger:cfcc" v="A41" />
    <tag k="tiger:county" v="Kalamazoo, MI" />
    <tag k="tiger:name_base" v="Dormitory" />
    <tag k="tiger:name_direction_suffix" v="N" />
    <tag k="tiger:name_type" v="Rd" />
    <tag k="tiger:reviewed" v="no" />
  </way>
  <way id="5281">
    <nd ref="5278" />
    <nd ref="522" />
    <nd ref="523" />
    <nd ref="524" />
    <nd ref="158" />
    <nd ref="525" />
    <nd ref="766" />
    <nd ref="526" />
    <nd ref="527" />
    <nd ref="659" />
    <nd ref="528" />
    <nd ref="658" />
    <nd ref="765" />
    <nd ref="529" />
    <nd ref="726" />
    <nd ref="58" />
    <nd ref="657" />
    <nd ref="59" />
    <nd ref="60" />
    <nd ref="61" />
    <tag k="highway" v="unclassified" />
    <tag k="maxspeed" v="25 mph" />
    <tag k="name" v="Ring Road North" />
    <tag k="old_name" v="North Dormitory Road" />
    <tag k="surface" v="concrete" />
    <tag k="tiger:cfcc" v="A41" />
    <tag k="tiger:county" v="Kalamazoo, MI" />
    <tag k="tiger:name_base" v="Dormitory" />
    <tag k="tiger:name_direction_suffix" v="N" />
    <tag k="tiger:name_type" v="Rd" />
    <tag k="tiger:reviewed" v="no" />
  </way>
  <way id="5282">
    <nd ref="4619" />
    <nd ref="5279" />
    <tag k="highway" v="unclassified" />
    <tag k="maxspeed" v="25 mph" />
    <tag k="name" v="Ring Road North" />
    <tag k="old_name" v="North Dormitory Road" />
    <tag k="surface" v="concrete" />
    <tag k="tiger:cfcc" v="A41" />
    <tag k="tiger:county" v="Kalamazoo, MI" />
    <tag k="tiger:name_base" v="Dormitory" />
    <tag k="tiger:name_direction_suffix" v="N" />
    <tag k="tiger:name_type" v="Rd" />
    <tag k="tiger:reviewed" v="no" />
  </way>
  <way id="5283">
    <nd ref="5279" />
    <nd ref="4620" />
    <nd ref="4621" />
    <nd ref="4622" />
    <nd ref="4623" />
    <nd ref="4624" />
    <nd ref="4625" />
    <nd ref="4626" />
    <nd ref="4627" />
    <nd ref="4628" />
    <nd ref="4629" />
    <nd ref="4630" />
    <nd ref="4631" />
    <nd ref="4632" />
    <nd ref="4633" />
    <nd ref="4634" />
    <nd ref="4635" />
    <nd ref="4636" />
    <nd ref="4637" />
    <nd ref="4638" />
    <nd ref="4587" />
    <tag k="highway" v="unclassified" />
    <tag k="maxspeed" v="25 mph" />
    <tag k="name" v="Ring Road North" />
    <tag k="old_name" v="North Dormitory Road" />
    <tag k="surface" v="concrete" />
    <tag k="tiger:cfcc" v="A41" />
    <tag k="tiger:county" v="Kalamazoo, MI" />
    <tag k="tiger:name_base" v="Dormitory" />
    <tag k="tiger:name_direction_suffix" v="N" />
    <tag k="tiger:name_type" v="Rd" />
    <tag k="tiger:reviewed" v="no" />
  </way>
  <way id="5285">
    <nd ref="5129" />
    <nd ref="5271" />
    <nd ref="5275" />
    <nd ref="5276" />
    <nd ref="5277" />
    <nd ref="5278" />
    <tag k="type" v="line_thin" />
    <tag k="subtype" v="solid" />
  </way>
  <way id="5286">
    <nd ref="5131" />
    <nd ref="5287" />
    <nd ref="5279" />
    <tag k="type" v="line_thin" />
    <tag k="subtype" v="solid" />
  </way>
  <way id="5294">
    <nd ref="5152" />
    <nd ref="5293" />
    <nd ref="5296" />
    <nd ref="5302" />
    <nd ref="5303" />
    <nd ref="5304" />
    <nd ref="5305" />
    <nd ref="5306" />
    <tag k="type" v="line_thin" />
    <tag k="subtype" v="solid" />
  </way>
  <way id="5311">
    <nd ref="522" />
    <nd ref="523" />
    <nd ref="524" />
    <nd ref="158" />
    <nd ref="525" />
    <nd ref="766" />
    <nd ref="526" />
    <nd ref="527" />
    <nd ref="659" />
    <nd ref="528" />
    <nd ref="658" />
    <nd ref="765" />
    <nd ref="529" />
    <nd ref="726" />
    <nd ref="58" />
    <nd ref="657" />
    <nd ref="59" />
    <nd ref="60" />
    <nd ref="61" />
    <tag k="highway" v="unclassified" />
    <tag k="maxspeed" v="25 mph" />
    <tag k="name" v="Ring Road North" />
    <tag k="old_name" v="North Dormitory Road" />
    <tag k="surface" v="concrete" />
    <tag k="tiger:cfcc" v="A41" />
    <tag k="tiger:county" v="Kalamazoo, MI" />
    <tag k="tiger:name_base" v="Dormitory" />
    <tag k="tiger:name_direction_suffix" v="N" />
    <tag k="tiger:name_type" v="Rd" />
    <tag k="tiger:reviewed" v="no" />
  </way>
  <way id="5317">
    <nd ref="4595" />
    <nd ref="4617" />
    <nd ref="4616" />
    <nd ref="4615" />
    <nd ref="4614" />
    <nd ref="4613" />
    <nd ref="4612" />
    <nd ref="4611" />
    <nd ref="4610" />
    <nd ref="4609" />
    <nd ref="4608" />
    <nd ref="4607" />
    <nd ref="4606" />
    <nd ref="4605" />
    <nd ref="4604" />
    <nd ref="4603" />
    <nd ref="4602" />
    <nd ref="4601" />
    <nd ref="4600" />
    <nd ref="4599" />
    <nd ref="5315" />
    <nd ref="5306" />
    <tag k="type" v="line_thin" />
    <tag k="subtype" v="solid" />
  </way>
  <way id="5322">
    <nd ref="5278" />
    <nd ref="53" />
    <nd ref="5256" />
    <tag k="type" v="line_thin" />
    <tag k="subtype" v="solid" />
  </way>
  <way id="5323">
    <nd ref="5306" />
    <nd ref="4598" />
    <nd ref="4648" />
    <nd ref="5264" />
    <tag k="type" v="line_thin" />
    <tag k="subtype" v="solid" />
  </way>
  <way id="5324">
    <nd ref="2684" />
    <nd ref="2439" />
    <tag k="type" v="line_thin" />
    <tag k="subtype" v="solid" />
  </way>
  <way id="2075">
    <nd ref="1623" />
    <nd ref="1622" />
    <nd ref="1621" />
    <nd ref="289" />
    <nd ref="1620" />
    <nd ref="1619" />
    <nd ref="1627" />
    <nd ref="1618" />
    <nd ref="1626" />
    <tag k="area" v="yes" />
  </way>
  <way id="2298">
    <nd ref="1723" />
    <nd ref="190" />
    <nd ref="191" />
    <nd ref="192" />
    <nd ref="193" />
    <nd ref="189" />
    <nd ref="247" />
    <nd ref="2226" />
    <nd ref="1652" />
    <nd ref="1651" />
    <nd ref="1650" />
    <nd ref="1649" />
    <nd ref="1648" />
    <nd ref="1688" />
    <tag k="area" v="yes" />
  </way>
  <relation id="2076">
    <member type="way" role="left" ref="1884" />
    <member type="way" role="right" ref="1883" />
    <tag k="type" v="lanelet" />
    <tag k="subtype" v="road" />
    <tag k="speed_limit" v="10" />
    <tag k="location" v="urban" />
    <tag k="one_way" v="yes" />
  </relation>
  <relation id="2077">
    <member type="way" role="left" ref="1890" />
    <member type="way" role="right" ref="1887" />
    <tag k="type" v="lanelet" />
    <tag k="subtype" v="road" />
    <tag k="speed_limit" v="10" />
    <tag k="location" v="urban" />
    <tag k="one_way" v="yes" />
  </relation>
  <relation id="2078">
    <member type="way" role="left" ref="1894" />
    <member type="way" role="right" ref="1893" />
    <tag k="type" v="lanelet" />
    <tag k="subtype" v="road" />
    <tag k="speed_limit" v="10" />
    <tag k="location" v="urban" />
    <tag k="one_way" v="yes" />
  </relation>
  <relation id="2079">
    <member type="way" role="left" ref="1891" />
    <member type="way" role="right" ref="1873" />
    <tag k="type" v="lanelet" />
    <tag k="subtype" v="road" />
    <tag k="speed_limit" v="10" />
    <tag k="location" v="urban" />
    <tag k="one_way" v="yes" />
  </relation>
  <relation id="2080">
    <member type="way" role="left" ref="4661" />
    <member type="way" role="right" ref="4663" />
    <tag k="type" v="lanelet" />
    <tag k="subtype" v="road" />
    <tag k="speed_limit" v="10" />
    <tag k="location" v="urban" />
    <tag k="one_way" v="yes" />
  </relation>
  <relation id="2081">
    <member type="way" role="left" ref="1889" />
    <member type="way" role="right" ref="1895" />
    <tag k="type" v="lanelet" />
    <tag k="subtype" v="road" />
    <tag k="speed_limit" v="10" />
    <tag k="location" v="urban" />
    <tag k="one_way" v="yes" />
  </relation>
  <relation id="2082">
    <member type="way" role="left" ref="1900" />
    <member type="way" role="right" ref="1898" />
    <tag k="type" v="lanelet" />
    <tag k="subtype" v="road" />
    <tag k="speed_limit" v="10" />
    <tag k="location" v="urban" />
    <tag k="one_way" v="yes" />
  </relation>
  <relation id="2083">
    <member type="way" role="left" ref="1885" />
    <member type="way" role="right" ref="1870" />
    <tag k="type" v="lanelet" />
    <tag k="subtype" v="road" />
    <tag k="speed_limit" v="10" />
    <tag k="location" v="urban" />
    <tag k="one_way" v="yes" />
  </relation>
  <relation id="2084">
    <member type="way" role="left" ref="1905" />
    <member type="way" role="right" ref="1904" />
    <tag k="type" v="lanelet" />
    <tag k="subtype" v="road" />
    <tag k="speed_limit" v="10" />
    <tag k="location" v="urban" />
    <tag k="one_way" v="yes" />
  </relation>
  <relation id="2085">
    <member type="way" role="left" ref="1899" />
    <member type="way" role="right" ref="1897" />
    <tag k="type" v="lanelet" />
    <tag k="subtype" v="road" />
    <tag k="speed_limit" v="10" />
    <tag k="location" v="urban" />
    <tag k="one_way" v="yes" />
  </relation>
  <relation id="2087">
    <member type="way" role="left" ref="1776" />
    <member type="way" role="right" ref="1874" />
    <tag k="type" v="lanelet" />
    <tag k="subtype" v="road" />
    <tag k="speed_limit" v="10" />
    <tag k="location" v="urban" />
    <tag k="one_way" v="yes" />
  </relation>
  <relation id="2088">
    <member type="way" role="left" ref="1935" />
    <member type="way" role="right" ref="1934" />
    <tag k="type" v="lanelet" />
    <tag k="subtype" v="road" />
    <tag k="speed_limit" v="10" />
    <tag k="location" v="urban" />
    <tag k="one_way" v="yes" />
  </relation>
  <relation id="2089">
    <member type="way" role="left" ref="1902" />
    <member type="way" role="right" ref="1905" />
    <tag k="type" v="lanelet" />
    <tag k="subtype" v="road" />
    <tag k="speed_limit" v="10" />
    <tag k="location" v="urban" />
    <tag k="one_way" v="yes" />
  </relation>
  <relation id="2090">
    <member type="way" role="left" ref="1907" />
    <member type="way" role="right" ref="1906" />
    <tag k="type" v="lanelet" />
    <tag k="subtype" v="road" />
    <tag k="speed_limit" v="10" />
    <tag k="location" v="urban" />
    <tag k="one_way" v="yes" />
  </relation>
  <relation id="2091">
    <member type="way" role="left" ref="1773" />
    <member type="way" role="right" ref="1872" />
    <tag k="type" v="lanelet" />
    <tag k="subtype" v="road" />
    <tag k="speed_limit" v="10" />
    <tag k="location" v="urban" />
    <tag k="one_way" v="yes" />
  </relation>
  <relation id="2092">
    <member type="way" role="left" ref="1910" />
    <member type="way" role="right" ref="1912" />
    <tag k="type" v="lanelet" />
    <tag k="subtype" v="road" />
    <tag k="speed_limit" v="10" />
    <tag k="location" v="urban" />
    <tag k="one_way" v="yes" />
  </relation>
  <relation id="2093">
    <member type="way" role="left" ref="1772" />
    <member type="way" role="right" ref="1911" />
    <tag k="type" v="lanelet" />
    <tag k="subtype" v="road" />
    <tag k="speed_limit" v="10" />
    <tag k="location" v="urban" />
    <tag k="one_way" v="yes" />
  </relation>
  <relation id="2094">
    <member type="way" role="left" ref="1913" />
    <member type="way" role="right" ref="1900" />
    <tag k="type" v="lanelet" />
    <tag k="subtype" v="road" />
    <tag k="speed_limit" v="10" />
    <tag k="location" v="urban" />
    <tag k="one_way" v="yes" />
  </relation>
  <relation id="2095">
    <member type="way" role="left" ref="1944" />
    <member type="way" role="right" ref="1942" />
    <tag k="type" v="lanelet" />
    <tag k="subtype" v="road" />
    <tag k="speed_limit" v="10" />
    <tag k="location" v="urban" />
    <tag k="one_way" v="yes" />
  </relation>
  <relation id="2096">
    <member type="way" role="left" ref="1914" />
    <member type="way" role="right" ref="1890" />
    <tag k="type" v="lanelet" />
    <tag k="subtype" v="road" />
    <tag k="speed_limit" v="10" />
    <tag k="location" v="urban" />
    <tag k="one_way" v="yes" />
  </relation>
  <relation id="2097">
    <member type="way" role="left" ref="1916" />
    <member type="way" role="right" ref="1889" />
    <tag k="type" v="lanelet" />
    <tag k="subtype" v="road" />
    <tag k="speed_limit" v="10" />
    <tag k="location" v="urban" />
    <tag k="one_way" v="yes" />
  </relation>
  <relation id="2098">
    <member type="way" role="left" ref="1917" />
    <member type="way" role="right" ref="1908" />
    <tag k="type" v="lanelet" />
    <tag k="subtype" v="road" />
    <tag k="speed_limit" v="10" />
    <tag k="location" v="urban" />
    <tag k="one_way" v="yes" />
  </relation>
  <relation id="2099">
    <member type="way" role="left" ref="1868" />
    <member type="way" role="right" ref="1892" />
    <tag k="type" v="lanelet" />
    <tag k="subtype" v="road" />
    <tag k="speed_limit" v="10" />
    <tag k="location" v="urban" />
    <tag k="one_way" v="yes" />
  </relation>
  <relation id="2100">
    <member type="way" role="left" ref="1918" />
    <member type="way" role="right" ref="1823" />
    <tag k="type" v="lanelet" />
    <tag k="subtype" v="road" />
    <tag k="speed_limit" v="10" />
    <tag k="location" v="urban" />
    <tag k="one_way" v="yes" />
  </relation>
  <relation id="2101">
    <member type="way" role="left" ref="1919" />
    <member type="way" role="right" ref="1920" />
    <tag k="type" v="lanelet" />
    <tag k="subtype" v="road" />
    <tag k="speed_limit" v="10" />
    <tag k="location" v="urban" />
    <tag k="one_way" v="yes" />
  </relation>
  <relation id="2102">
    <member type="way" role="left" ref="1921" />
    <member type="way" role="right" ref="1922" />
    <tag k="type" v="lanelet" />
    <tag k="subtype" v="road" />
    <tag k="speed_limit" v="10" />
    <tag k="location" v="urban" />
    <tag k="one_way" v="yes" />
  </relation>
  <relation id="2103">
    <member type="way" role="left" ref="1918" />
    <member type="way" role="right" ref="1923" />
    <tag k="type" v="lanelet" />
    <tag k="subtype" v="road" />
    <tag k="speed_limit" v="10" />
    <tag k="location" v="urban" />
    <tag k="one_way" v="yes" />
  </relation>
  <relation id="2104">
    <member type="way" role="left" ref="1869" />
    <member type="way" role="right" ref="1918" />
    <tag k="type" v="lanelet" />
    <tag k="subtype" v="road" />
    <tag k="speed_limit" v="10" />
    <tag k="location" v="urban" />
    <tag k="one_way" v="yes" />
  </relation>
  <relation id="2105">
    <member type="way" role="left" ref="1915" />
    <member type="way" role="right" ref="1894" />
    <tag k="type" v="lanelet" />
    <tag k="subtype" v="road" />
    <tag k="speed_limit" v="10" />
    <tag k="location" v="urban" />
    <tag k="one_way" v="yes" />
  </relation>
  <relation id="2106">
    <member type="way" role="left" ref="1926" />
    <member type="way" role="right" ref="1924" />
    <tag k="type" v="lanelet" />
    <tag k="subtype" v="road" />
    <tag k="speed_limit" v="10" />
    <tag k="location" v="urban" />
    <tag k="one_way" v="yes" />
  </relation>
  <relation id="2107">
    <member type="way" role="left" ref="1927" />
    <member type="way" role="right" ref="1925" />
    <tag k="type" v="lanelet" />
    <tag k="subtype" v="road" />
    <tag k="speed_limit" v="10" />
    <tag k="location" v="urban" />
    <tag k="one_way" v="yes" />
  </relation>
  <relation id="2108">
    <member type="way" role="left" ref="1929" />
    <member type="way" role="right" ref="1928" />
    <tag k="type" v="lanelet" />
    <tag k="subtype" v="road" />
    <tag k="speed_limit" v="10" />
    <tag k="location" v="urban" />
    <tag k="one_way" v="yes" />
  </relation>
  <relation id="2109">
    <member type="way" role="left" ref="1933" />
    <member type="way" role="right" ref="1930" />
    <tag k="type" v="lanelet" />
    <tag k="subtype" v="road" />
    <tag k="speed_limit" v="10" />
    <tag k="location" v="urban" />
    <tag k="one_way" v="yes" />
  </relation>
  <relation id="2110">
    <member type="way" role="left" ref="1938" />
    <member type="way" role="right" ref="1936" />
    <tag k="type" v="lanelet" />
    <tag k="subtype" v="road" />
    <tag k="speed_limit" v="10" />
    <tag k="location" v="urban" />
    <tag k="one_way" v="yes" />
  </relation>
  <relation id="2111">
    <member type="way" role="left" ref="1939" />
    <member type="way" role="right" ref="1937" />
    <tag k="type" v="lanelet" />
    <tag k="subtype" v="road" />
    <tag k="speed_limit" v="10" />
    <tag k="location" v="urban" />
    <tag k="one_way" v="yes" />
  </relation>
  <relation id="2112">
    <member type="way" role="left" ref="1940" />
    <member type="way" role="right" ref="1939" />
    <tag k="type" v="lanelet" />
    <tag k="subtype" v="road" />
    <tag k="speed_limit" v="10" />
    <tag k="location" v="urban" />
    <tag k="one_way" v="yes" />
  </relation>
  <relation id="2113">
    <member type="way" role="left" ref="1931" />
    <member type="way" role="right" ref="1938" />
    <tag k="type" v="lanelet" />
    <tag k="subtype" v="road" />
    <tag k="speed_limit" v="10" />
    <tag k="location" v="urban" />
    <tag k="one_way" v="yes" />
  </relation>
  <relation id="2114">
    <member type="way" role="left" ref="1941" />
    <member type="way" role="right" ref="1933" />
    <tag k="type" v="lanelet" />
    <tag k="subtype" v="road" />
    <tag k="speed_limit" v="10" />
    <tag k="location" v="urban" />
    <tag k="one_way" v="yes" />
  </relation>
  <relation id="2115">
    <member type="way" role="left" ref="1945" />
    <member type="way" role="right" ref="1943" />
    <tag k="type" v="lanelet" />
    <tag k="subtype" v="road" />
    <tag k="speed_limit" v="10" />
    <tag k="location" v="urban" />
    <tag k="one_way" v="yes" />
  </relation>
  <relation id="2116">
    <member type="way" role="left" ref="1952" />
    <member type="way" role="right" ref="1951" />
    <tag k="type" v="lanelet" />
    <tag k="subtype" v="road" />
    <tag k="speed_limit" v="10" />
    <tag k="location" v="urban" />
    <tag k="one_way" v="yes" />
  </relation>
  <relation id="2118">
    <member type="way" role="left" ref="1946" />
    <member type="way" role="right" ref="1814" />
    <tag k="type" v="lanelet" />
    <tag k="subtype" v="road" />
    <tag k="speed_limit" v="10" />
    <tag k="location" v="urban" />
    <tag k="one_way" v="yes" />
  </relation>
  <relation id="2119">
    <member type="way" role="left" ref="1954" />
    <member type="way" role="right" ref="1955" />
    <tag k="type" v="lanelet" />
    <tag k="subtype" v="road" />
    <tag k="speed_limit" v="10" />
    <tag k="location" v="urban" />
    <tag k="one_way" v="yes" />
  </relation>
  <relation id="2120">
    <member type="way" role="left" ref="4459" />
    <member type="way" role="right" ref="4461" />
    <tag k="type" v="lanelet" />
    <tag k="subtype" v="road" />
    <tag k="speed_limit" v="10" />
    <tag k="location" v="urban" />
    <tag k="one_way" v="yes" />
  </relation>
  <relation id="2121">
    <member type="way" role="left" ref="1953" />
    <member type="way" role="right" ref="1964" />
    <tag k="type" v="lanelet" />
    <tag k="subtype" v="road" />
    <tag k="speed_limit" v="10" />
    <tag k="location" v="urban" />
    <tag k="one_way" v="yes" />
  </relation>
  <relation id="2122">
    <member type="way" role="left" ref="1964" />
    <member type="way" role="right" ref="1956" />
    <tag k="type" v="lanelet" />
    <tag k="subtype" v="road" />
    <tag k="speed_limit" v="10" />
    <tag k="location" v="urban" />
    <tag k="one_way" v="yes" />
  </relation>
  <relation id="2123">
    <member type="way" role="left" ref="1957" />
    <member type="way" role="right" ref="1963" />
    <tag k="type" v="lanelet" />
    <tag k="subtype" v="road" />
    <tag k="speed_limit" v="10" />
    <tag k="location" v="urban" />
    <tag k="one_way" v="yes" />
  </relation>
  <relation id="2124">
    <member type="way" role="left" ref="1963" />
    <member type="way" role="right" ref="1962" />
    <tag k="type" v="lanelet" />
    <tag k="subtype" v="road" />
    <tag k="speed_limit" v="10" />
    <tag k="location" v="urban" />
    <tag k="one_way" v="yes" />
  </relation>
  <relation id="2125">
    <member type="way" role="left" ref="4480" />
    <member type="way" role="right" ref="4482" />
    <tag k="type" v="lanelet" />
    <tag k="subtype" v="road" />
    <tag k="speed_limit" v="10" />
    <tag k="location" v="urban" />
    <tag k="one_way" v="yes" />
  </relation>
  <relation id="2126">
    <member type="way" role="left" ref="4496" />
    <member type="way" role="right" ref="4494" />
    <tag k="type" v="lanelet" />
    <tag k="subtype" v="road" />
    <tag k="speed_limit" v="10" />
    <tag k="location" v="urban" />
    <tag k="one_way" v="yes" />
  </relation>
  <relation id="2127">
    <member type="way" role="left" ref="1971" />
    <member type="way" role="right" ref="1972" />
    <tag k="type" v="lanelet" />
    <tag k="subtype" v="road" />
    <tag k="speed_limit" v="10" />
    <tag k="location" v="urban" />
    <tag k="one_way" v="yes" />
  </relation>
  <relation id="2128">
    <member type="way" role="left" ref="1972" />
    <member type="way" role="right" ref="1973" />
    <tag k="type" v="lanelet" />
    <tag k="subtype" v="road" />
    <tag k="speed_limit" v="10" />
    <tag k="location" v="urban" />
    <tag k="one_way" v="yes" />
  </relation>
  <relation id="2129">
    <member type="way" role="left" ref="1975" />
    <member type="way" role="right" ref="1974" />
    <tag k="type" v="lanelet" />
    <tag k="subtype" v="road" />
    <tag k="speed_limit" v="10" />
    <tag k="location" v="urban" />
    <tag k="one_way" v="yes" />
  </relation>
  <relation id="2130">
    <member type="way" role="left" ref="1974" />
    <member type="way" role="right" ref="1976" />
    <tag k="type" v="lanelet" />
    <tag k="subtype" v="road" />
    <tag k="speed_limit" v="10" />
    <tag k="location" v="urban" />
    <tag k="one_way" v="yes" />
  </relation>
  <relation id="2131">
    <member type="way" role="left" ref="1954" />
    <member type="way" role="right" ref="1965" />
    <tag k="type" v="lanelet" />
    <tag k="subtype" v="road" />
    <tag k="speed_limit" v="10" />
    <tag k="location" v="urban" />
    <tag k="one_way" v="yes" />
  </relation>
  <relation id="2132">
    <member type="way" role="left" ref="1977" />
    <member type="way" role="right" ref="1978" />
    <tag k="type" v="lanelet" />
    <tag k="subtype" v="road" />
    <tag k="speed_limit" v="10" />
    <tag k="location" v="urban" />
    <tag k="one_way" v="yes" />
  </relation>
  <relation id="2133">
    <member type="way" role="left" ref="1977" />
    <member type="way" role="right" ref="1979" />
    <tag k="type" v="lanelet" />
    <tag k="subtype" v="road" />
    <tag k="speed_limit" v="10" />
    <tag k="location" v="urban" />
    <tag k="one_way" v="yes" />
  </relation>
  <relation id="2134">
    <member type="way" role="left" ref="1980" />
    <member type="way" role="right" ref="1970" />
    <tag k="type" v="lanelet" />
    <tag k="subtype" v="road" />
    <tag k="speed_limit" v="10" />
    <tag k="location" v="urban" />
    <tag k="one_way" v="yes" />
  </relation>
  <relation id="2135">
    <member type="way" role="left" ref="1980" />
    <member type="way" role="right" ref="1981" />
    <tag k="type" v="lanelet" />
    <tag k="subtype" v="road" />
    <tag k="speed_limit" v="10" />
    <tag k="location" v="urban" />
    <tag k="one_way" v="yes" />
  </relation>
  <relation id="2136">
    <member type="way" role="left" ref="1982" />
    <member type="way" role="right" ref="1983" />
    <tag k="type" v="lanelet" />
    <tag k="subtype" v="road" />
    <tag k="speed_limit" v="10" />
    <tag k="location" v="urban" />
    <tag k="one_way" v="yes" />
    <tag k="turn_direction" v="straight" />
  </relation>
  <relation id="2137">
    <member type="way" role="left" ref="1983" />
    <member type="way" role="right" ref="1984" />
    <tag k="type" v="lanelet" />
    <tag k="subtype" v="road" />
    <tag k="speed_limit" v="10" />
    <tag k="location" v="urban" />
    <tag k="one_way" v="yes" />
  </relation>
  <relation id="2138">
    <member type="way" role="left" ref="1986" />
    <member type="way" role="right" ref="1947" />
    <tag k="type" v="lanelet" />
    <tag k="subtype" v="road" />
    <tag k="speed_limit" v="10" />
    <tag k="location" v="urban" />
    <tag k="one_way" v="yes" />
  </relation>
  <relation id="2139">
    <member type="way" role="left" ref="1985" />
    <member type="way" role="right" ref="1993" />
    <tag k="type" v="lanelet" />
    <tag k="subtype" v="road" />
    <tag k="speed_limit" v="10" />
    <tag k="location" v="urban" />
    <tag k="one_way" v="yes" />
  </relation>
  <relation id="2140">
    <member type="way" role="left" ref="1990" />
    <member type="way" role="right" ref="1994" />
    <tag k="type" v="lanelet" />
    <tag k="subtype" v="road" />
    <tag k="speed_limit" v="10" />
    <tag k="location" v="urban" />
    <tag k="one_way" v="yes" />
  </relation>
  <relation id="2141">
    <member type="way" role="left" ref="1996" />
    <member type="way" role="right" ref="1997" />
    <tag k="type" v="lanelet" />
    <tag k="subtype" v="road" />
    <tag k="speed_limit" v="10" />
    <tag k="location" v="urban" />
    <tag k="one_way" v="yes" />
  </relation>
  <relation id="2143">
    <member type="way" role="left" ref="1998" />
    <member type="way" role="right" ref="1999" />
    <tag k="type" v="lanelet" />
    <tag k="subtype" v="road" />
    <tag k="speed_limit" v="10" />
    <tag k="location" v="urban" />
    <tag k="one_way" v="yes" />
  </relation>
  <relation id="2144">
    <member type="way" role="left" ref="1995" />
    <member type="way" role="right" ref="1989" />
    <tag k="type" v="lanelet" />
    <tag k="subtype" v="road" />
    <tag k="speed_limit" v="10" />
    <tag k="location" v="urban" />
    <tag k="one_way" v="yes" />
  </relation>
  <relation id="2145">
    <member type="way" role="left" ref="1987" />
    <member type="way" role="right" ref="1950" />
    <tag k="type" v="lanelet" />
    <tag k="subtype" v="road" />
    <tag k="speed_limit" v="10" />
    <tag k="location" v="urban" />
    <tag k="one_way" v="yes" />
  </relation>
  <relation id="2146">
    <member type="way" role="left" ref="2003" />
    <member type="way" role="right" ref="2001" />
    <tag k="type" v="lanelet" />
    <tag k="subtype" v="road" />
    <tag k="speed_limit" v="10" />
    <tag k="location" v="urban" />
    <tag k="one_way" v="yes" />
  </relation>
  <relation id="2147">
    <member type="way" role="left" ref="2005" />
    <member type="way" role="right" ref="2002" />
    <tag k="type" v="lanelet" />
    <tag k="subtype" v="road" />
    <tag k="speed_limit" v="10" />
    <tag k="location" v="urban" />
    <tag k="one_way" v="yes" />
  </relation>
  <relation id="2148">
    <member type="way" role="left" ref="2004" />
    <member type="way" role="right" ref="1986" />
    <tag k="type" v="lanelet" />
    <tag k="subtype" v="road" />
    <tag k="speed_limit" v="10" />
    <tag k="location" v="urban" />
    <tag k="one_way" v="yes" />
  </relation>
  <relation id="2149">
    <member type="way" role="left" ref="1988" />
    <member type="way" role="right" ref="2000" />
    <tag k="type" v="lanelet" />
    <tag k="subtype" v="road" />
    <tag k="speed_limit" v="10" />
    <tag k="location" v="urban" />
    <tag k="one_way" v="yes" />
  </relation>
  <relation id="2150">
    <member type="way" role="left" ref="4476" />
    <member type="way" role="right" ref="4473" />
    <tag k="type" v="lanelet" />
    <tag k="subtype" v="road" />
    <tag k="speed_limit" v="10" />
    <tag k="location" v="urban" />
    <tag k="one_way" v="yes" />
  </relation>
  <relation id="2151">
    <member type="way" role="left" ref="2008" />
    <member type="way" role="right" ref="2009" />
    <tag k="type" v="lanelet" />
    <tag k="subtype" v="road" />
    <tag k="speed_limit" v="10" />
    <tag k="location" v="urban" />
    <tag k="one_way" v="yes" />
  </relation>
  <relation id="2152">
    <member type="way" role="left" ref="2016" />
    <member type="way" role="right" ref="2011" />
    <tag k="type" v="lanelet" />
    <tag k="subtype" v="road" />
    <tag k="speed_limit" v="10" />
    <tag k="location" v="urban" />
    <tag k="one_way" v="yes" />
  </relation>
  <relation id="2153">
    <member type="way" role="left" ref="2026" />
    <member type="way" role="right" ref="2027" />
    <tag k="type" v="lanelet" />
    <tag k="subtype" v="road" />
    <tag k="speed_limit" v="10" />
    <tag k="location" v="urban" />
    <tag k="one_way" v="yes" />
  </relation>
  <relation id="2154">
    <member type="way" role="left" ref="2022" />
    <member type="way" role="right" ref="2020" />
    <tag k="type" v="lanelet" />
    <tag k="subtype" v="road" />
    <tag k="speed_limit" v="10" />
    <tag k="location" v="urban" />
    <tag k="one_way" v="yes" />
  </relation>
  <relation id="2155">
    <member type="way" role="left" ref="2022" />
    <member type="way" role="right" ref="2007" />
    <tag k="type" v="lanelet" />
    <tag k="subtype" v="road" />
    <tag k="speed_limit" v="10" />
    <tag k="location" v="urban" />
    <tag k="one_way" v="yes" />
  </relation>
  <relation id="2156">
    <member type="way" role="left" ref="2018" />
    <member type="way" role="right" ref="2017" />
    <tag k="type" v="lanelet" />
    <tag k="subtype" v="road" />
    <tag k="speed_limit" v="10" />
    <tag k="location" v="urban" />
    <tag k="one_way" v="yes" />
  </relation>
  <relation id="2157">
    <member type="way" role="left" ref="2018" />
    <member type="way" role="right" ref="2019" />
    <tag k="type" v="lanelet" />
    <tag k="subtype" v="road" />
    <tag k="speed_limit" v="10" />
    <tag k="location" v="urban" />
    <tag k="one_way" v="yes" />
  </relation>
  <relation id="2158">
    <member type="way" role="left" ref="2030" />
    <member type="way" role="right" ref="2032" />
    <tag k="type" v="lanelet" />
    <tag k="subtype" v="road" />
    <tag k="speed_limit" v="10" />
    <tag k="location" v="urban" />
    <tag k="one_way" v="yes" />
  </relation>
  <relation id="2159">
    <member type="way" role="left" ref="2023" />
    <member type="way" role="right" ref="2021" />
    <tag k="type" v="lanelet" />
    <tag k="subtype" v="road" />
    <tag k="speed_limit" v="10" />
    <tag k="location" v="urban" />
    <tag k="one_way" v="yes" />
  </relation>
  <relation id="2160">
    <member type="way" role="left" ref="2023" />
    <member type="way" role="right" ref="2025" />
    <tag k="type" v="lanelet" />
    <tag k="subtype" v="road" />
    <tag k="speed_limit" v="10" />
    <tag k="location" v="urban" />
    <tag k="one_way" v="yes" />
  </relation>
  <relation id="2161">
    <member type="way" role="left" ref="2031" />
    <member type="way" role="right" ref="2033" />
    <tag k="type" v="lanelet" />
    <tag k="subtype" v="road" />
    <tag k="speed_limit" v="10" />
    <tag k="location" v="urban" />
    <tag k="one_way" v="yes" />
  </relation>
  <relation id="2162">
    <member type="way" role="left" ref="2031" />
    <member type="way" role="right" ref="2029" />
    <tag k="type" v="lanelet" />
    <tag k="subtype" v="road" />
    <tag k="speed_limit" v="10" />
    <tag k="location" v="urban" />
    <tag k="one_way" v="yes" />
  </relation>
  <relation id="2163">
    <member type="way" role="left" ref="2029" />
    <member type="way" role="right" ref="2010" />
    <tag k="type" v="lanelet" />
    <tag k="subtype" v="road" />
    <tag k="speed_limit" v="10" />
    <tag k="location" v="urban" />
    <tag k="one_way" v="yes" />
  </relation>
  <relation id="2164">
    <member type="way" role="left" ref="2030" />
    <member type="way" role="right" ref="2028" />
    <tag k="type" v="lanelet" />
    <tag k="subtype" v="road" />
    <tag k="speed_limit" v="10" />
    <tag k="location" v="urban" />
    <tag k="one_way" v="yes" />
  </relation>
  <relation id="2165">
    <member type="way" role="left" ref="2014" />
    <member type="way" role="right" ref="2035" />
    <tag k="type" v="lanelet" />
    <tag k="subtype" v="road" />
    <tag k="speed_limit" v="10" />
    <tag k="location" v="urban" />
    <tag k="one_way" v="yes" />
  </relation>
  <relation id="2166">
    <member type="way" role="left" ref="2013" />
    <member type="way" role="right" ref="2012" />
    <tag k="type" v="lanelet" />
    <tag k="subtype" v="road" />
    <tag k="speed_limit" v="10" />
    <tag k="location" v="urban" />
    <tag k="one_way" v="yes" />
  </relation>
  <relation id="2167">
    <member type="way" role="left" ref="2013" />
    <member type="way" role="right" ref="2034" />
    <tag k="type" v="lanelet" />
    <tag k="subtype" v="road" />
    <tag k="speed_limit" v="10" />
    <tag k="location" v="urban" />
    <tag k="one_way" v="yes" />
  </relation>
  <relation id="2168">
    <member type="way" role="left" ref="2202" />
    <member type="way" role="right" ref="2205" />
    <tag k="type" v="lanelet" />
    <tag k="subtype" v="road" />
    <tag k="speed_limit" v="10" />
    <tag k="location" v="urban" />
    <tag k="one_way" v="yes" />
  </relation>
  <relation id="2169">
    <member type="way" role="left" ref="2202" />
    <member type="way" role="right" ref="2200" />
    <tag k="type" v="lanelet" />
    <tag k="subtype" v="road" />
    <tag k="speed_limit" v="10" />
    <tag k="location" v="urban" />
    <tag k="one_way" v="yes" />
  </relation>
  <relation id="2170">
    <member type="way" role="left" ref="2060" />
    <member type="way" role="right" ref="2063" />
    <tag k="type" v="lanelet" />
    <tag k="subtype" v="road" />
    <tag k="speed_limit" v="10" />
    <tag k="location" v="urban" />
    <tag k="one_way" v="yes" />
  </relation>
  <relation id="2171">
    <member type="way" role="left" ref="2044" />
    <member type="way" role="right" ref="2042" />
    <tag k="type" v="lanelet" />
    <tag k="subtype" v="road" />
    <tag k="speed_limit" v="10" />
    <tag k="location" v="urban" />
    <tag k="one_way" v="yes" />
  </relation>
  <relation id="2172">
    <member type="way" role="left" ref="2051" />
    <member type="way" role="right" ref="2050" />
    <tag k="type" v="lanelet" />
    <tag k="subtype" v="road" />
    <tag k="speed_limit" v="10" />
    <tag k="location" v="urban" />
    <tag k="one_way" v="yes" />
  </relation>
  <relation id="2173">
    <member type="way" role="left" ref="2052" />
    <member type="way" role="right" ref="2049" />
    <tag k="type" v="lanelet" />
    <tag k="subtype" v="road" />
    <tag k="speed_limit" v="10" />
    <tag k="location" v="urban" />
    <tag k="one_way" v="yes" />
  </relation>
  <relation id="2174">
    <member type="way" role="left" ref="2039" />
    <member type="way" role="right" ref="2024" />
    <tag k="type" v="lanelet" />
    <tag k="subtype" v="road" />
    <tag k="speed_limit" v="10" />
    <tag k="location" v="urban" />
    <tag k="one_way" v="yes" />
  </relation>
  <relation id="2175">
    <member type="way" role="left" ref="4449" />
    <member type="way" role="right" ref="4451" />
    <tag k="type" v="lanelet" />
    <tag k="subtype" v="road" />
    <tag k="speed_limit" v="10" />
    <tag k="location" v="urban" />
    <tag k="one_way" v="yes" />
  </relation>
  <relation id="2177">
    <member type="way" role="left" ref="2043" />
    <member type="way" role="right" ref="2056" />
    <tag k="type" v="lanelet" />
    <tag k="subtype" v="road" />
    <tag k="speed_limit" v="10" />
    <tag k="location" v="urban" />
    <tag k="one_way" v="yes" />
  </relation>
  <relation id="2178">
    <member type="way" role="left" ref="2057" />
    <member type="way" role="right" ref="2059" />
    <tag k="type" v="lanelet" />
    <tag k="subtype" v="road" />
    <tag k="speed_limit" v="10" />
    <tag k="location" v="urban" />
    <tag k="one_way" v="yes" />
  </relation>
  <relation id="2179">
    <member type="way" role="left" ref="2061" />
    <member type="way" role="right" ref="2062" />
    <tag k="type" v="lanelet" />
    <tag k="subtype" v="road" />
    <tag k="speed_limit" v="10" />
    <tag k="location" v="urban" />
    <tag k="one_way" v="yes" />
  </relation>
  <relation id="2180">
    <member type="way" role="left" ref="2060" />
    <member type="way" role="right" ref="2057" />
    <tag k="type" v="lanelet" />
    <tag k="subtype" v="road" />
    <tag k="speed_limit" v="10" />
    <tag k="location" v="urban" />
    <tag k="one_way" v="yes" />
  </relation>
  <relation id="2181">
    <member type="way" role="left" ref="2061" />
    <member type="way" role="right" ref="2048" />
    <tag k="type" v="lanelet" />
    <tag k="subtype" v="road" />
    <tag k="speed_limit" v="10" />
    <tag k="location" v="urban" />
    <tag k="one_way" v="yes" />
  </relation>
  <relation id="2182">
    <member type="way" role="left" ref="2054" />
    <member type="way" role="right" ref="2065" />
    <tag k="type" v="lanelet" />
    <tag k="subtype" v="road" />
    <tag k="speed_limit" v="10" />
    <tag k="location" v="urban" />
    <tag k="one_way" v="yes" />
  </relation>
  <relation id="2183">
    <member type="way" role="left" ref="2064" />
    <member type="way" role="right" ref="2066" />
    <tag k="type" v="lanelet" />
    <tag k="subtype" v="road" />
    <tag k="speed_limit" v="10" />
    <tag k="location" v="urban" />
    <tag k="one_way" v="yes" />
  </relation>
  <relation id="2184">
    <member type="way" role="left" ref="2067" />
    <member type="way" role="right" ref="2045" />
    <tag k="type" v="lanelet" />
    <tag k="subtype" v="road" />
    <tag k="speed_limit" v="10" />
    <tag k="location" v="urban" />
    <tag k="one_way" v="yes" />
  </relation>
  <relation id="2185">
    <member type="way" role="left" ref="2064" />
    <member type="way" role="right" ref="2068" />
    <tag k="type" v="lanelet" />
    <tag k="subtype" v="road" />
    <tag k="speed_limit" v="10" />
    <tag k="location" v="urban" />
    <tag k="one_way" v="yes" />
  </relation>
  <relation id="2186">
    <member type="way" role="left" ref="2069" />
    <member type="way" role="right" ref="2073" />
    <tag k="type" v="lanelet" />
    <tag k="subtype" v="road" />
    <tag k="speed_limit" v="10" />
    <tag k="location" v="urban" />
    <tag k="one_way" v="yes" />
  </relation>
  <relation id="2187">
    <member type="way" role="left" ref="2069" />
    <member type="way" role="right" ref="2072" />
    <tag k="type" v="lanelet" />
    <tag k="subtype" v="road" />
    <tag k="speed_limit" v="10" />
    <tag k="location" v="urban" />
    <tag k="one_way" v="yes" />
  </relation>
  <relation id="2189">
    <member type="way" role="left" ref="4405" />
    <member type="way" role="right" ref="4406" />
    <tag k="type" v="lanelet" />
    <tag k="subtype" v="road" />
    <tag k="speed_limit" v="10" />
    <tag k="location" v="urban" />
    <tag k="one_way" v="yes" />
  </relation>
  <relation id="2191">
    <member type="way" role="left" ref="2848" />
    <member type="way" role="right" ref="2846" />
    <tag k="type" v="lanelet" />
    <tag k="subtype" v="road" />
    <tag k="speed_limit" v="10" />
    <tag k="location" v="urban" />
    <tag k="one_way" v="yes" />
  </relation>
  <relation id="2204">
    <member type="way" role="left" ref="2203" />
    <member type="way" role="right" ref="2201" />
    <tag k="type" v="lanelet" />
    <tag k="subtype" v="road" />
    <tag k="speed_limit" v="10" />
    <tag k="location" v="urban" />
    <tag k="one_way" v="yes" />
  </relation>
  <relation id="2207">
    <member type="way" role="left" ref="2203" />
    <member type="way" role="right" ref="2206" />
    <tag k="type" v="lanelet" />
    <tag k="subtype" v="road" />
    <tag k="speed_limit" v="10" />
    <tag k="location" v="urban" />
    <tag k="one_way" v="yes" />
  </relation>
  <relation id="2299">
    <member type="way" role="left" ref="2296" />
    <member type="way" role="right" ref="2224" />
    <tag k="type" v="lanelet" />
    <tag k="subtype" v="road" />
    <tag k="speed_limit" v="10" />
    <tag k="location" v="urban" />
    <tag k="one_way" v="yes" />
  </relation>
  <relation id="2369">
    <member type="way" role="left" ref="2225" />
    <member type="way" role="right" ref="2368" />
    <tag k="type" v="lanelet" />
    <tag k="subtype" v="road" />
    <tag k="speed_limit" v="10" />
    <tag k="location" v="urban" />
    <tag k="one_way" v="yes" />
  </relation>
  <relation id="2378">
    <member type="way" role="left" ref="2335" />
    <member type="way" role="right" ref="2301" />
    <tag k="type" v="lanelet" />
    <tag k="subtype" v="road" />
    <tag k="speed_limit" v="10" />
    <tag k="location" v="urban" />
    <tag k="one_way" v="yes" />
  </relation>
  <relation id="2385">
    <member type="way" role="left" ref="2335" />
    <member type="way" role="right" ref="2358" />
    <tag k="type" v="lanelet" />
    <tag k="subtype" v="road" />
    <tag k="speed_limit" v="10" />
    <tag k="location" v="urban" />
    <tag k="one_way" v="yes" />
  </relation>
  <relation id="2386">
    <member type="way" role="left" ref="2360" />
    <member type="way" role="right" ref="2384" />
    <tag k="type" v="lanelet" />
    <tag k="subtype" v="road" />
    <tag k="speed_limit" v="10" />
    <tag k="location" v="urban" />
    <tag k="one_way" v="yes" />
  </relation>
  <relation id="2387">
    <member type="way" role="left" ref="3321" />
    <member type="way" role="right" ref="3319" />
    <tag k="type" v="lanelet" />
    <tag k="subtype" v="road" />
    <tag k="speed_limit" v="10" />
    <tag k="location" v="urban" />
    <tag k="one_way" v="yes" />
  </relation>
  <relation id="2388">
    <member type="way" role="left" ref="2295" />
    <member type="way" role="right" ref="2223" />
    <tag k="type" v="lanelet" />
    <tag k="subtype" v="road" />
    <tag k="speed_limit" v="10" />
    <tag k="location" v="urban" />
    <tag k="one_way" v="yes" />
  </relation>
  <relation id="2415">
    <member type="way" role="left" ref="2407" />
    <member type="way" role="right" ref="2392" />
    <tag k="type" v="lanelet" />
    <tag k="subtype" v="road" />
    <tag k="speed_limit" v="10" />
    <tag k="location" v="urban" />
    <tag k="one_way" v="yes" />
  </relation>
  <relation id="2422">
    <member type="way" role="left" ref="3326" />
    <member type="way" role="right" ref="3328" />
    <tag k="type" v="lanelet" />
    <tag k="subtype" v="road" />
    <tag k="speed_limit" v="10" />
    <tag k="location" v="urban" />
    <tag k="one_way" v="yes" />
  </relation>
  <relation id="2426">
    <member type="way" role="left" ref="2425" />
    <member type="way" role="right" ref="2420" />
    <tag k="type" v="lanelet" />
    <tag k="subtype" v="road" />
    <tag k="speed_limit" v="10" />
    <tag k="location" v="urban" />
    <tag k="one_way" v="yes" />
  </relation>
  <relation id="2430">
    <member type="way" role="left" ref="2376" />
    <member type="way" role="right" ref="2211" />
    <tag k="type" v="lanelet" />
    <tag k="subtype" v="road" />
    <tag k="speed_limit" v="10" />
    <tag k="location" v="urban" />
    <tag k="one_way" v="yes" />
  </relation>
  <relation id="2435">
    <member type="way" role="left" ref="2368" />
    <member type="way" role="right" ref="2402" />
    <tag k="type" v="lanelet" />
    <tag k="subtype" v="road" />
    <tag k="speed_limit" v="10" />
    <tag k="location" v="urban" />
    <tag k="one_way" v="yes" />
  </relation>
  <relation id="2438">
    <member type="way" role="left" ref="4527" />
    <member type="way" role="right" ref="4528" />
    <tag k="type" v="lanelet" />
    <tag k="subtype" v="road" />
    <tag k="speed_limit" v="10" />
    <tag k="location" v="urban" />
    <tag k="one_way" v="yes" />
  </relation>
  <relation id="2494">
    <member type="way" role="left" ref="4438" />
    <member type="way" role="right" ref="4437" />
    <tag k="type" v="lanelet" />
    <tag k="subtype" v="road" />
    <tag k="speed_limit" v="10" />
    <tag k="location" v="urban" />
    <tag k="one_way" v="yes" />
  </relation>
  <relation id="2526">
    <member type="way" role="left" ref="2855" />
    <member type="way" role="right" ref="2853" />
    <tag k="type" v="lanelet" />
    <tag k="subtype" v="road" />
    <tag k="speed_limit" v="10" />
    <tag k="location" v="urban" />
    <tag k="one_way" v="yes" />
  </relation>
  <relation id="2544">
    <member type="way" role="left" ref="4504" />
    <member type="way" role="right" ref="4503" />
    <tag k="type" v="lanelet" />
    <tag k="subtype" v="road" />
    <tag k="speed_limit" v="10" />
    <tag k="location" v="urban" />
    <tag k="one_way" v="yes" />
  </relation>
  <relation id="2559">
    <member type="way" role="left" ref="2558" />
    <member type="way" role="right" ref="2556" />
    <tag k="type" v="lanelet" />
    <tag k="subtype" v="road" />
    <tag k="speed_limit" v="10" />
    <tag k="location" v="urban" />
    <tag k="one_way" v="yes" />
  </relation>
  <relation id="2562">
    <member type="way" role="left" ref="2742" />
    <member type="way" role="right" ref="2744" />
    <tag k="type" v="lanelet" />
    <tag k="subtype" v="road" />
    <tag k="speed_limit" v="10" />
    <tag k="location" v="urban" />
    <tag k="one_way" v="yes" />
  </relation>
  <relation id="2580">
    <member type="way" role="left" ref="2579" />
    <member type="way" role="right" ref="2577" />
    <tag k="type" v="lanelet" />
    <tag k="subtype" v="road" />
    <tag k="speed_limit" v="10" />
    <tag k="location" v="urban" />
    <tag k="one_way" v="yes" />
  </relation>
  <relation id="2599">
    <member type="way" role="left" ref="2796" />
    <member type="way" role="right" ref="2798" />
    <tag k="type" v="lanelet" />
    <tag k="subtype" v="road" />
    <tag k="speed_limit" v="10" />
    <tag k="location" v="urban" />
    <tag k="one_way" v="yes" />
  </relation>
  <relation id="2623">
    <member type="way" role="left" ref="2601" />
    <member type="way" role="right" ref="2618" />
    <tag k="type" v="lanelet" />
    <tag k="subtype" v="road" />
    <tag k="speed_limit" v="10" />
    <tag k="location" v="urban" />
    <tag k="one_way" v="yes" />
  </relation>
  <relation id="2624">
    <member type="way" role="left" ref="2582" />
    <member type="way" role="right" ref="2589" />
    <tag k="type" v="lanelet" />
    <tag k="subtype" v="road" />
    <tag k="speed_limit" v="10" />
    <tag k="location" v="urban" />
    <tag k="one_way" v="yes" />
  </relation>
  <relation id="2672">
    <member type="way" role="left" ref="2663" />
    <member type="way" role="right" ref="2664" />
    <tag k="type" v="lanelet" />
    <tag k="subtype" v="road" />
    <tag k="speed_limit" v="10" />
    <tag k="location" v="urban" />
    <tag k="one_way" v="yes" />
  </relation>
  <relation id="2673">
    <member type="way" role="left" ref="2665" />
    <member type="way" role="right" ref="2666" />
    <tag k="type" v="lanelet" />
    <tag k="subtype" v="road" />
    <tag k="speed_limit" v="10" />
    <tag k="location" v="urban" />
    <tag k="one_way" v="yes" />
    <tag k="turn_direction" v="right" />
  </relation>
  <relation id="2675">
    <member type="way" role="left" ref="2669" />
    <member type="way" role="right" ref="2670" />
    <tag k="type" v="lanelet" />
    <tag k="subtype" v="road" />
    <tag k="speed_limit" v="10" />
    <tag k="location" v="urban" />
    <tag k="one_way" v="yes" />
  </relation>
  <relation id="2707">
    <member type="way" role="left" ref="2918" />
    <member type="way" role="right" ref="2919" />
    <tag k="type" v="lanelet" />
    <tag k="subtype" v="road" />
    <tag k="speed_limit" v="10" />
    <tag k="location" v="urban" />
    <tag k="one_way" v="yes" />
  </relation>
  <relation id="2711">
    <member type="way" role="left" ref="2708" />
    <member type="way" role="right" ref="2710" />
    <tag k="type" v="lanelet" />
    <tag k="subtype" v="road" />
    <tag k="speed_limit" v="10" />
    <tag k="location" v="urban" />
    <tag k="one_way" v="yes" />
  </relation>
  <relation id="2712">
    <member type="way" role="left" ref="2709" />
    <member type="way" role="right" ref="2708" />
    <tag k="type" v="lanelet" />
    <tag k="subtype" v="road" />
    <tag k="speed_limit" v="10" />
    <tag k="location" v="urban" />
    <tag k="one_way" v="yes" />
  </relation>
  <relation id="2746">
    <member type="way" role="left" ref="2791" />
    <member type="way" role="right" ref="2790" />
    <tag k="type" v="lanelet" />
    <tag k="subtype" v="road" />
    <tag k="speed_limit" v="10" />
    <tag k="location" v="urban" />
    <tag k="one_way" v="yes" />
  </relation>
  <relation id="2762">
    <member type="way" role="left" ref="2793" />
    <member type="way" role="right" ref="2792" />
    <tag k="type" v="lanelet" />
    <tag k="subtype" v="road" />
    <tag k="speed_limit" v="10" />
    <tag k="location" v="urban" />
    <tag k="one_way" v="yes" />
  </relation>
  <relation id="2800">
    <member type="way" role="left" ref="2803" />
    <member type="way" role="right" ref="2805" />
    <tag k="type" v="lanelet" />
    <tag k="subtype" v="road" />
    <tag k="speed_limit" v="10" />
    <tag k="location" v="urban" />
    <tag k="one_way" v="yes" />
  </relation>
  <relation id="2807">
    <member type="way" role="left" ref="2810" />
    <member type="way" role="right" ref="2812" />
    <tag k="type" v="lanelet" />
    <tag k="subtype" v="road" />
    <tag k="speed_limit" v="10" />
    <tag k="location" v="urban" />
    <tag k="one_way" v="yes" />
  </relation>
  <relation id="2814">
    <member type="way" role="left" ref="2811" />
    <member type="way" role="right" ref="2813" />
    <tag k="type" v="lanelet" />
    <tag k="subtype" v="road" />
    <tag k="speed_limit" v="10" />
    <tag k="location" v="urban" />
    <tag k="one_way" v="yes" />
  </relation>
  <relation id="2850">
    <member type="way" role="left" ref="2849" />
    <member type="way" role="right" ref="2847" />
    <tag k="type" v="lanelet" />
    <tag k="subtype" v="road" />
    <tag k="speed_limit" v="10" />
    <tag k="location" v="urban" />
    <tag k="one_way" v="yes" />
  </relation>
  <relation id="2857">
    <member type="way" role="left" ref="2862" />
    <member type="way" role="right" ref="2860" />
    <tag k="type" v="lanelet" />
    <tag k="subtype" v="road" />
    <tag k="speed_limit" v="10" />
    <tag k="location" v="urban" />
    <tag k="one_way" v="yes" />
  </relation>
  <relation id="2864">
    <member type="way" role="left" ref="4533" />
    <member type="way" role="right" ref="4531" />
    <tag k="type" v="lanelet" />
    <tag k="subtype" v="road" />
    <tag k="speed_limit" v="10" />
    <tag k="location" v="urban" />
    <tag k="one_way" v="yes" />
  </relation>
  <relation id="2880">
    <member type="way" role="left" ref="2879" />
    <member type="way" role="right" ref="2877" />
    <tag k="type" v="lanelet" />
    <tag k="subtype" v="road" />
    <tag k="speed_limit" v="10" />
    <tag k="location" v="urban" />
    <tag k="one_way" v="yes" />
  </relation>
  <relation id="2908">
    <member type="way" role="left" ref="2916" />
    <member type="way" role="right" ref="2917" />
    <tag k="type" v="lanelet" />
    <tag k="subtype" v="road" />
    <tag k="speed_limit" v="10" />
    <tag k="location" v="urban" />
    <tag k="one_way" v="yes" />
  </relation>
  <relation id="2923">
    <member type="way" role="left" ref="1992" />
    <member type="way" role="right" ref="2006" />
    <tag k="type" v="lanelet" />
    <tag k="subtype" v="road" />
    <tag k="speed_limit" v="10" />
    <tag k="location" v="urban" />
    <tag k="one_way" v="yes" />
  </relation>
  <relation id="2972">
    <member type="way" role="left" ref="2965" />
    <member type="way" role="right" ref="2964" />
    <tag k="type" v="lanelet" />
    <tag k="subtype" v="road" />
    <tag k="speed_limit" v="10" />
    <tag k="location" v="urban" />
    <tag k="one_way" v="yes" />
  </relation>
  <relation id="2975">
    <member type="way" role="left" ref="2970" />
    <member type="way" role="right" ref="2971" />
    <tag k="type" v="lanelet" />
    <tag k="subtype" v="road" />
    <tag k="speed_limit" v="10" />
    <tag k="location" v="urban" />
    <tag k="one_way" v="yes" />
  </relation>
  <relation id="2986">
    <member type="way" role="left" ref="2929" />
    <member type="way" role="right" ref="2980" />
    <tag k="type" v="lanelet" />
    <tag k="subtype" v="road" />
    <tag k="speed_limit" v="10" />
    <tag k="location" v="urban" />
    <tag k="one_way" v="yes" />
  </relation>
  <relation id="2987">
    <member type="way" role="left" ref="2980" />
    <member type="way" role="right" ref="2985" />
    <tag k="type" v="lanelet" />
    <tag k="subtype" v="road" />
    <tag k="speed_limit" v="10" />
    <tag k="location" v="urban" />
    <tag k="one_way" v="yes" />
  </relation>
  <relation id="3020">
    <member type="way" role="left" ref="3017" />
    <member type="way" role="right" ref="3016" />
    <tag k="type" v="lanelet" />
    <tag k="subtype" v="road" />
    <tag k="speed_limit" v="10" />
    <tag k="location" v="urban" />
    <tag k="one_way" v="yes" />
  </relation>
  <relation id="3024">
    <member type="way" role="left" ref="3072" />
    <member type="way" role="right" ref="3074" />
    <tag k="type" v="lanelet" />
    <tag k="subtype" v="road" />
    <tag k="speed_limit" v="10" />
    <tag k="location" v="urban" />
    <tag k="one_way" v="yes" />
  </relation>
  <relation id="3032">
    <member type="way" role="left" ref="3031" />
    <member type="way" role="right" ref="3029" />
    <tag k="type" v="lanelet" />
    <tag k="subtype" v="road" />
    <tag k="speed_limit" v="10" />
    <tag k="location" v="urban" />
    <tag k="one_way" v="yes" />
  </relation>
  <relation id="3039">
    <member type="way" role="left" ref="3038" />
    <member type="way" role="right" ref="3036" />
    <tag k="type" v="lanelet" />
    <tag k="subtype" v="road" />
    <tag k="speed_limit" v="10" />
    <tag k="location" v="urban" />
    <tag k="one_way" v="yes" />
  </relation>
  <relation id="3076">
    <member type="way" role="left" ref="3073" />
    <member type="way" role="right" ref="3075" />
    <tag k="type" v="lanelet" />
    <tag k="subtype" v="road" />
    <tag k="speed_limit" v="10" />
    <tag k="location" v="urban" />
    <tag k="one_way" v="yes" />
  </relation>
  <relation id="3170">
    <member type="way" role="left" ref="3085" />
    <member type="way" role="right" ref="3163" />
    <tag k="type" v="lanelet" />
    <tag k="subtype" v="road" />
    <tag k="speed_limit" v="10" />
    <tag k="location" v="urban" />
    <tag k="one_way" v="yes" />
  </relation>
  <relation id="3173">
    <member type="way" role="left" ref="3164" />
    <member type="way" role="right" ref="3162" />
    <tag k="type" v="lanelet" />
    <tag k="subtype" v="road" />
    <tag k="speed_limit" v="10" />
    <tag k="location" v="urban" />
    <tag k="one_way" v="yes" />
  </relation>
  <relation id="3187">
    <member type="way" role="left" ref="3179" />
    <member type="way" role="right" ref="3182" />
    <tag k="type" v="lanelet" />
    <tag k="subtype" v="road" />
    <tag k="speed_limit" v="10" />
    <tag k="location" v="urban" />
    <tag k="one_way" v="yes" />
  </relation>
  <relation id="3191">
    <member type="way" role="left" ref="3183" />
    <member type="way" role="right" ref="3054" />
    <tag k="type" v="lanelet" />
    <tag k="subtype" v="road" />
    <tag k="speed_limit" v="10" />
    <tag k="location" v="urban" />
    <tag k="one_way" v="yes" />
  </relation>
  <relation id="3192">
    <member type="way" role="left" ref="3186" />
    <member type="way" role="right" ref="3190" />
    <tag k="type" v="lanelet" />
    <tag k="subtype" v="road" />
    <tag k="speed_limit" v="10" />
    <tag k="location" v="urban" />
    <tag k="one_way" v="yes" />
  </relation>
  <relation id="3251">
    <member type="way" role="left" ref="3250" />
    <member type="way" role="right" ref="3238" />
    <tag k="type" v="lanelet" />
    <tag k="subtype" v="road" />
    <tag k="speed_limit" v="10" />
    <tag k="location" v="urban" />
    <tag k="one_way" v="yes" />
  </relation>
  <relation id="3256">
    <member type="way" role="left" ref="3225" />
    <member type="way" role="right" ref="3221" />
    <tag k="type" v="lanelet" />
    <tag k="subtype" v="road" />
    <tag k="speed_limit" v="10" />
    <tag k="location" v="urban" />
    <tag k="one_way" v="yes" />
  </relation>
  <relation id="3261">
    <member type="way" role="left" ref="3258" />
    <member type="way" role="right" ref="3230" />
    <tag k="type" v="lanelet" />
    <tag k="subtype" v="road" />
    <tag k="speed_limit" v="10" />
    <tag k="location" v="urban" />
    <tag k="one_way" v="yes" />
  </relation>
  <relation id="3262">
    <member type="way" role="left" ref="3224" />
    <member type="way" role="right" ref="3253" />
    <tag k="type" v="lanelet" />
    <tag k="subtype" v="road" />
    <tag k="speed_limit" v="10" />
    <tag k="location" v="urban" />
    <tag k="one_way" v="yes" />
  </relation>
  <relation id="3266">
    <member type="way" role="left" ref="3078" />
    <member type="way" role="right" ref="3196" />
    <tag k="type" v="lanelet" />
    <tag k="subtype" v="road" />
    <tag k="speed_limit" v="10" />
    <tag k="location" v="urban" />
    <tag k="one_way" v="yes" />
  </relation>
  <relation id="3269">
    <member type="way" role="left" ref="3105" />
    <member type="way" role="right" ref="1769" />
    <tag k="type" v="lanelet" />
    <tag k="subtype" v="road" />
    <tag k="speed_limit" v="10" />
    <tag k="location" v="urban" />
    <tag k="one_way" v="yes" />
  </relation>
  <relation id="3270">
    <member type="way" role="left" ref="3219" />
    <member type="way" role="right" ref="1758" />
    <tag k="type" v="lanelet" />
    <tag k="subtype" v="road" />
    <tag k="speed_limit" v="10" />
    <tag k="location" v="urban" />
    <tag k="one_way" v="yes" />
  </relation>
  <relation id="3271">
    <member type="way" role="left" ref="3275" />
    <member type="way" role="right" ref="3277" />
    <tag k="type" v="lanelet" />
    <tag k="subtype" v="road" />
    <tag k="speed_limit" v="10" />
    <tag k="location" v="urban" />
    <tag k="one_way" v="yes" />
  </relation>
  <relation id="3279">
    <member type="way" role="left" ref="3282" />
    <member type="way" role="right" ref="3284" />
    <tag k="type" v="lanelet" />
    <tag k="subtype" v="road" />
    <tag k="speed_limit" v="10" />
    <tag k="location" v="urban" />
    <tag k="one_way" v="yes" />
  </relation>
  <relation id="3286">
    <member type="way" role="left" ref="3289" />
    <member type="way" role="right" ref="3291" />
    <tag k="type" v="lanelet" />
    <tag k="subtype" v="road" />
    <tag k="speed_limit" v="10" />
    <tag k="location" v="urban" />
    <tag k="one_way" v="yes" />
  </relation>
  <relation id="3293">
    <member type="way" role="left" ref="3296" />
    <member type="way" role="right" ref="3298" />
    <tag k="type" v="lanelet" />
    <tag k="subtype" v="road" />
    <tag k="speed_limit" v="10" />
    <tag k="location" v="urban" />
    <tag k="one_way" v="yes" />
  </relation>
  <relation id="3307">
    <member type="way" role="left" ref="3306" />
    <member type="way" role="right" ref="3304" />
    <tag k="type" v="lanelet" />
    <tag k="subtype" v="road" />
    <tag k="speed_limit" v="10" />
    <tag k="location" v="urban" />
    <tag k="one_way" v="yes" />
  </relation>
  <relation id="3323">
    <member type="way" role="left" ref="3322" />
    <member type="way" role="right" ref="3320" />
    <tag k="type" v="lanelet" />
    <tag k="subtype" v="road" />
    <tag k="speed_limit" v="10" />
    <tag k="location" v="urban" />
    <tag k="one_way" v="yes" />
  </relation>
  <relation id="3330">
    <member type="way" role="left" ref="3327" />
    <member type="way" role="right" ref="3329" />
    <tag k="type" v="lanelet" />
    <tag k="subtype" v="road" />
    <tag k="speed_limit" v="10" />
    <tag k="location" v="urban" />
    <tag k="one_way" v="yes" />
  </relation>
  <relation id="3452">
    <member type="way" role="left" ref="3839" />
    <member type="way" role="right" ref="3837" />
    <tag k="type" v="lanelet" />
    <tag k="subtype" v="road" />
    <tag k="speed_limit" v="10" />
    <tag k="location" v="urban" />
    <tag k="one_way" v="yes" />
  </relation>
  <relation id="3460">
    <member type="way" role="left" ref="3797" />
    <member type="way" role="right" ref="3795" />
    <tag k="type" v="lanelet" />
    <tag k="subtype" v="road" />
    <tag k="speed_limit" v="10" />
    <tag k="location" v="urban" />
    <tag k="one_way" v="yes" />
  </relation>
  <relation id="3467">
    <member type="way" role="left" ref="4367" />
    <member type="way" role="right" ref="4369" />
    <tag k="type" v="lanelet" />
    <tag k="subtype" v="road" />
    <tag k="speed_limit" v="10" />
    <tag k="location" v="urban" />
    <tag k="one_way" v="yes" />
  </relation>
  <relation id="3588">
    <member type="way" role="left" ref="3585" />
    <member type="way" role="right" ref="3587" />
    <tag k="type" v="lanelet" />
    <tag k="subtype" v="road" />
    <tag k="speed_limit" v="10" />
    <tag k="location" v="urban" />
    <tag k="one_way" v="yes" />
  </relation>
  <relation id="3595">
    <member type="way" role="left" ref="3594" />
    <member type="way" role="right" ref="3592" />
    <tag k="type" v="lanelet" />
    <tag k="subtype" v="road" />
    <tag k="speed_limit" v="10" />
    <tag k="location" v="urban" />
    <tag k="one_way" v="yes" />
  </relation>
  <relation id="3762">
    <member type="way" role="left" ref="3469" />
    <member type="way" role="right" ref="3471" />
    <tag k="type" v="lanelet" />
    <tag k="subtype" v="road" />
    <tag k="speed_limit" v="10" />
    <tag k="location" v="urban" />
    <tag k="one_way" v="yes" />
  </relation>
  <relation id="3763">
    <member type="way" role="left" ref="3471" />
    <member type="way" role="right" ref="3473" />
    <tag k="type" v="lanelet" />
    <tag k="subtype" v="road" />
    <tag k="speed_limit" v="10" />
    <tag k="location" v="urban" />
    <tag k="one_way" v="yes" />
  </relation>
  <relation id="3764">
    <member type="way" role="left" ref="3611" />
    <member type="way" role="right" ref="3619" />
    <tag k="type" v="lanelet" />
    <tag k="subtype" v="road" />
    <tag k="speed_limit" v="10" />
    <tag k="location" v="urban" />
    <tag k="one_way" v="yes" />
  </relation>
  <relation id="3765">
    <member type="way" role="left" ref="3640" />
    <member type="way" role="right" ref="3634" />
    <tag k="type" v="lanelet" />
    <tag k="subtype" v="road" />
    <tag k="speed_limit" v="10" />
    <tag k="location" v="urban" />
    <tag k="one_way" v="yes" />
  </relation>
  <relation id="3766">
    <member type="way" role="left" ref="3724" />
    <member type="way" role="right" ref="3718" />
    <tag k="type" v="lanelet" />
    <tag k="subtype" v="road" />
    <tag k="speed_limit" v="10" />
    <tag k="location" v="urban" />
    <tag k="one_way" v="yes" />
  </relation>
  <relation id="3767">
    <member type="way" role="left" ref="3659" />
    <member type="way" role="right" ref="3663" />
    <tag k="type" v="lanelet" />
    <tag k="subtype" v="road" />
    <tag k="speed_limit" v="10" />
    <tag k="location" v="urban" />
    <tag k="one_way" v="yes" />
  </relation>
  <relation id="3768">
    <member type="way" role="left" ref="3695" />
    <member type="way" role="right" ref="3704" />
    <tag k="type" v="lanelet" />
    <tag k="subtype" v="road" />
    <tag k="speed_limit" v="10" />
    <tag k="location" v="urban" />
    <tag k="one_way" v="yes" />
  </relation>
  <relation id="3769">
    <member type="way" role="left" ref="3666" />
    <member type="way" role="right" ref="3667" />
    <tag k="type" v="lanelet" />
    <tag k="subtype" v="road" />
    <tag k="speed_limit" v="10" />
    <tag k="location" v="urban" />
    <tag k="one_way" v="yes" />
  </relation>
  <relation id="3770">
    <member type="way" role="left" ref="3594" />
    <member type="way" role="right" ref="3585" />
    <tag k="type" v="lanelet" />
    <tag k="subtype" v="road" />
    <tag k="speed_limit" v="10" />
    <tag k="location" v="urban" />
    <tag k="one_way" v="yes" />
  </relation>
  <relation id="3771">
    <member type="way" role="left" ref="3667" />
    <member type="way" role="right" ref="3675" />
    <tag k="type" v="lanelet" />
    <tag k="subtype" v="road" />
    <tag k="speed_limit" v="10" />
    <tag k="location" v="urban" />
    <tag k="one_way" v="yes" />
  </relation>
  <relation id="3772">
    <member type="way" role="left" ref="3663" />
    <member type="way" role="right" ref="3665" />
    <tag k="type" v="lanelet" />
    <tag k="subtype" v="road" />
    <tag k="speed_limit" v="10" />
    <tag k="location" v="urban" />
    <tag k="one_way" v="yes" />
  </relation>
  <relation id="3773">
    <member type="way" role="left" ref="3761" />
    <member type="way" role="right" ref="3745" />
    <tag k="type" v="lanelet" />
    <tag k="subtype" v="road" />
    <tag k="speed_limit" v="10" />
    <tag k="location" v="urban" />
    <tag k="one_way" v="yes" />
  </relation>
  <relation id="3774">
    <member type="way" role="left" ref="3716" />
    <member type="way" role="right" ref="3706" />
    <tag k="type" v="lanelet" />
    <tag k="subtype" v="road" />
    <tag k="speed_limit" v="10" />
    <tag k="location" v="urban" />
    <tag k="one_way" v="yes" />
  </relation>
  <relation id="3785">
    <member type="way" role="left" ref="3782" />
    <member type="way" role="right" ref="3784" />
    <tag k="type" v="lanelet" />
    <tag k="subtype" v="road" />
    <tag k="speed_limit" v="10" />
    <tag k="location" v="urban" />
    <tag k="one_way" v="yes" />
  </relation>
  <relation id="3799">
    <member type="way" role="left" ref="3798" />
    <member type="way" role="right" ref="3796" />
    <tag k="type" v="lanelet" />
    <tag k="subtype" v="road" />
    <tag k="speed_limit" v="10" />
    <tag k="location" v="urban" />
    <tag k="one_way" v="yes" />
  </relation>
  <relation id="3833">
    <member type="way" role="left" ref="3832" />
    <member type="way" role="right" ref="3830" />
    <tag k="type" v="lanelet" />
    <tag k="subtype" v="road" />
    <tag k="speed_limit" v="10" />
    <tag k="location" v="urban" />
    <tag k="one_way" v="yes" />
  </relation>
  <relation id="3841">
    <member type="way" role="left" ref="3840" />
    <member type="way" role="right" ref="3838" />
    <tag k="type" v="lanelet" />
    <tag k="subtype" v="road" />
    <tag k="speed_limit" v="10" />
    <tag k="location" v="urban" />
    <tag k="one_way" v="yes" />
  </relation>
  <relation id="3874">
    <member type="way" role="left" ref="3823" />
    <member type="way" role="right" ref="3817" />
    <tag k="type" v="lanelet" />
    <tag k="subtype" v="road" />
    <tag k="speed_limit" v="10" />
    <tag k="location" v="urban" />
    <tag k="one_way" v="yes" />
  </relation>
  <relation id="3875">
    <member type="way" role="left" ref="3840" />
    <member type="way" role="right" ref="3873" />
    <tag k="type" v="lanelet" />
    <tag k="subtype" v="road" />
    <tag k="speed_limit" v="10" />
    <tag k="location" v="urban" />
    <tag k="one_way" v="yes" />
  </relation>
  <relation id="3876">
    <member type="way" role="left" ref="3839" />
    <member type="way" role="right" ref="3871" />
    <tag k="type" v="lanelet" />
    <tag k="subtype" v="road" />
    <tag k="speed_limit" v="10" />
    <tag k="location" v="urban" />
    <tag k="one_way" v="yes" />
  </relation>
  <relation id="4017">
    <member type="way" role="left" ref="3892" />
    <member type="way" role="right" ref="4002" />
    <tag k="type" v="lanelet" />
    <tag k="subtype" v="road" />
    <tag k="speed_limit" v="10" />
    <tag k="location" v="urban" />
    <tag k="one_way" v="yes" />
  </relation>
  <relation id="4025">
    <member type="way" role="left" ref="4011" />
    <member type="way" role="right" ref="4024" />
    <tag k="type" v="lanelet" />
    <tag k="subtype" v="road" />
    <tag k="speed_limit" v="10" />
    <tag k="location" v="urban" />
    <tag k="one_way" v="yes" />
  </relation>
  <relation id="4026">
    <member type="way" role="left" ref="4022" />
    <member type="way" role="right" ref="4010" />
    <tag k="type" v="lanelet" />
    <tag k="subtype" v="road" />
    <tag k="speed_limit" v="10" />
    <tag k="location" v="urban" />
    <tag k="one_way" v="yes" />
  </relation>
  <relation id="4030">
    <member type="way" role="left" ref="1848" />
    <member type="way" role="right" ref="3884" />
    <tag k="type" v="lanelet" />
    <tag k="subtype" v="road" />
    <tag k="speed_limit" v="10" />
    <tag k="location" v="urban" />
    <tag k="one_way" v="yes" />
  </relation>
  <relation id="4031">
    <member type="way" role="left" ref="4022" />
    <member type="way" role="right" ref="4029" />
    <tag k="type" v="lanelet" />
    <tag k="subtype" v="road" />
    <tag k="speed_limit" v="10" />
    <tag k="location" v="urban" />
    <tag k="one_way" v="yes" />
  </relation>
  <relation id="4159">
    <member type="way" role="left" ref="4157" />
    <member type="way" role="right" ref="4158" />
    <tag k="type" v="lanelet" />
    <tag k="subtype" v="road" />
    <tag k="speed_limit" v="10" />
    <tag k="location" v="urban" />
    <tag k="one_way" v="yes" />
  </relation>
  <relation id="4171">
    <member type="way" role="left" ref="1768" />
    <member type="way" role="right" ref="4162" />
    <tag k="type" v="lanelet" />
    <tag k="subtype" v="road" />
    <tag k="speed_limit" v="10" />
    <tag k="location" v="urban" />
    <tag k="one_way" v="yes" />
  </relation>
  <relation id="4174">
    <member type="way" role="left" ref="1768" />
    <member type="way" role="right" ref="3917" />
    <tag k="type" v="lanelet" />
    <tag k="subtype" v="road" />
    <tag k="speed_limit" v="10" />
    <tag k="location" v="urban" />
    <tag k="one_way" v="yes" />
  </relation>
  <relation id="4175">
    <member type="way" role="left" ref="4194" />
    <member type="way" role="right" ref="4192" />
    <tag k="type" v="lanelet" />
    <tag k="subtype" v="road" />
    <tag k="speed_limit" v="10" />
    <tag k="location" v="urban" />
    <tag k="one_way" v="yes" />
  </relation>
  <relation id="4176">
    <member type="way" role="left" ref="4149" />
    <member type="way" role="right" ref="4141" />
    <tag k="type" v="lanelet" />
    <tag k="subtype" v="road" />
    <tag k="speed_limit" v="10" />
    <tag k="location" v="urban" />
    <tag k="one_way" v="yes" />
  </relation>
  <relation id="4177">
    <member type="way" role="left" ref="4131" />
    <member type="way" role="right" ref="4123" />
    <tag k="type" v="lanelet" />
    <tag k="subtype" v="road" />
    <tag k="speed_limit" v="10" />
    <tag k="location" v="urban" />
    <tag k="one_way" v="yes" />
  </relation>
  <relation id="4178">
    <member type="way" role="left" ref="4068" />
    <member type="way" role="right" ref="4077" />
    <tag k="type" v="lanelet" />
    <tag k="subtype" v="road" />
    <tag k="speed_limit" v="10" />
    <tag k="location" v="urban" />
    <tag k="one_way" v="yes" />
  </relation>
  <relation id="4179">
    <member type="way" role="left" ref="1849" />
    <member type="way" role="right" ref="4059" />
    <tag k="type" v="lanelet" />
    <tag k="subtype" v="road" />
    <tag k="speed_limit" v="10" />
    <tag k="location" v="urban" />
    <tag k="one_way" v="yes" />
  </relation>
  <relation id="4184">
    <member type="way" role="left" ref="4199" />
    <member type="way" role="right" ref="4201" />
    <tag k="type" v="lanelet" />
    <tag k="subtype" v="road" />
    <tag k="speed_limit" v="10" />
    <tag k="location" v="urban" />
    <tag k="one_way" v="yes" />
  </relation>
  <relation id="4185">
    <member type="way" role="left" ref="1850" />
    <member type="way" role="right" ref="3898" />
    <tag k="type" v="lanelet" />
    <tag k="subtype" v="road" />
    <tag k="speed_limit" v="10" />
    <tag k="location" v="urban" />
    <tag k="one_way" v="yes" />
  </relation>
  <relation id="4186">
    <member type="way" role="left" ref="3895" />
    <member type="way" role="right" ref="4005" />
    <tag k="type" v="lanelet" />
    <tag k="subtype" v="road" />
    <tag k="speed_limit" v="10" />
    <tag k="location" v="urban" />
    <tag k="one_way" v="yes" />
  </relation>
  <relation id="4196">
    <member type="way" role="left" ref="4195" />
    <member type="way" role="right" ref="4193" />
    <tag k="type" v="lanelet" />
    <tag k="subtype" v="road" />
    <tag k="speed_limit" v="10" />
    <tag k="location" v="urban" />
    <tag k="one_way" v="yes" />
  </relation>
  <relation id="4203">
    <member type="way" role="left" ref="4200" />
    <member type="way" role="right" ref="4202" />
    <tag k="type" v="lanelet" />
    <tag k="subtype" v="road" />
    <tag k="speed_limit" v="10" />
    <tag k="location" v="urban" />
    <tag k="one_way" v="yes" />
  </relation>
  <relation id="4233">
    <member type="way" role="left" ref="4214" />
    <member type="way" role="right" ref="4207" />
    <tag k="type" v="lanelet" />
    <tag k="subtype" v="road" />
    <tag k="speed_limit" v="10" />
    <tag k="location" v="urban" />
    <tag k="one_way" v="yes" />
  </relation>
  <relation id="4234">
    <member type="way" role="left" ref="4220" />
    <member type="way" role="right" ref="4226" />
    <tag k="type" v="lanelet" />
    <tag k="subtype" v="road" />
    <tag k="speed_limit" v="10" />
    <tag k="location" v="urban" />
    <tag k="one_way" v="yes" />
  </relation>
  <relation id="4330">
    <member type="way" role="left" ref="4247" />
    <member type="way" role="right" ref="4254" />
    <tag k="type" v="lanelet" />
    <tag k="subtype" v="road" />
    <tag k="speed_limit" v="10" />
    <tag k="location" v="urban" />
    <tag k="one_way" v="yes" />
  </relation>
  <relation id="4331">
    <member type="way" role="left" ref="4247" />
    <member type="way" role="right" ref="4240" />
    <tag k="type" v="lanelet" />
    <tag k="subtype" v="road" />
    <tag k="speed_limit" v="10" />
    <tag k="location" v="urban" />
    <tag k="one_way" v="yes" />
  </relation>
  <relation id="4332">
    <member type="way" role="left" ref="4257" />
    <member type="way" role="right" ref="4236" />
    <tag k="type" v="lanelet" />
    <tag k="subtype" v="road" />
    <tag k="speed_limit" v="10" />
    <tag k="location" v="urban" />
    <tag k="one_way" v="yes" />
  </relation>
  <relation id="4335">
    <member type="way" role="left" ref="4345" />
    <member type="way" role="right" ref="4347" />
    <tag k="type" v="lanelet" />
    <tag k="subtype" v="road" />
    <tag k="speed_limit" v="10" />
    <tag k="location" v="urban" />
    <tag k="one_way" v="yes" />
  </relation>
  <relation id="4336">
    <member type="way" role="left" ref="4250" />
    <member type="way" role="right" ref="4252" />
    <tag k="type" v="lanelet" />
    <tag k="subtype" v="road" />
    <tag k="speed_limit" v="10" />
    <tag k="location" v="urban" />
    <tag k="one_way" v="yes" />
  </relation>
  <relation id="4337">
    <member type="way" role="left" ref="4268" />
    <member type="way" role="right" ref="4273" />
    <tag k="type" v="lanelet" />
    <tag k="subtype" v="road" />
    <tag k="speed_limit" v="10" />
    <tag k="location" v="urban" />
    <tag k="one_way" v="yes" />
  </relation>
  <relation id="4338">
    <member type="way" role="left" ref="4273" />
    <member type="way" role="right" ref="4280" />
    <tag k="type" v="lanelet" />
    <tag k="subtype" v="road" />
    <tag k="speed_limit" v="10" />
    <tag k="location" v="urban" />
    <tag k="one_way" v="yes" />
  </relation>
  <relation id="4349">
    <member type="way" role="left" ref="4346" />
    <member type="way" role="right" ref="4348" />
    <tag k="type" v="lanelet" />
    <tag k="subtype" v="road" />
    <tag k="speed_limit" v="10" />
    <tag k="location" v="urban" />
    <tag k="one_way" v="yes" />
  </relation>
  <relation id="4351">
    <member type="way" role="left" ref="4250" />
    <member type="way" role="right" ref="4345" />
    <tag k="type" v="lanelet" />
    <tag k="subtype" v="road" />
    <tag k="speed_limit" v="10" />
    <tag k="location" v="urban" />
    <tag k="one_way" v="yes" />
  </relation>
  <relation id="4352">
    <member type="way" role="left" ref="4267" />
    <member type="way" role="right" ref="1833" />
    <tag k="type" v="lanelet" />
    <tag k="subtype" v="road" />
    <tag k="speed_limit" v="10" />
    <tag k="location" v="urban" />
    <tag k="one_way" v="yes" />
  </relation>
  <relation id="4353">
    <member type="way" role="left" ref="1833" />
    <member type="way" role="right" ref="4264" />
    <tag k="type" v="lanelet" />
    <tag k="subtype" v="road" />
    <tag k="speed_limit" v="10" />
    <tag k="location" v="urban" />
    <tag k="one_way" v="yes" />
  </relation>
  <relation id="4354">
    <member type="way" role="left" ref="4301" />
    <member type="way" role="right" ref="4302" />
    <tag k="type" v="lanelet" />
    <tag k="subtype" v="road" />
    <tag k="speed_limit" v="10" />
    <tag k="location" v="urban" />
    <tag k="one_way" v="yes" />
  </relation>
  <relation id="4355">
    <member type="way" role="left" ref="4296" />
    <member type="way" role="right" ref="4290" />
    <tag k="type" v="lanelet" />
    <tag k="subtype" v="road" />
    <tag k="speed_limit" v="10" />
    <tag k="location" v="urban" />
    <tag k="one_way" v="yes" />
  </relation>
  <relation id="4356">
    <member type="way" role="left" ref="4308" />
    <member type="way" role="right" ref="4317" />
    <tag k="type" v="lanelet" />
    <tag k="subtype" v="road" />
    <tag k="speed_limit" v="10" />
    <tag k="location" v="urban" />
    <tag k="one_way" v="yes" />
  </relation>
  <relation id="4357">
    <member type="way" role="left" ref="4304" />
    <member type="way" role="right" ref="4306" />
    <tag k="type" v="lanelet" />
    <tag k="subtype" v="road" />
    <tag k="speed_limit" v="10" />
    <tag k="location" v="urban" />
    <tag k="one_way" v="yes" />
  </relation>
  <relation id="4361">
    <member type="way" role="left" ref="4257" />
    <member type="way" role="right" ref="4360" />
    <tag k="type" v="lanelet" />
    <tag k="subtype" v="road" />
    <tag k="speed_limit" v="10" />
    <tag k="location" v="urban" />
    <tag k="one_way" v="yes" />
  </relation>
  <relation id="4371">
    <member type="way" role="left" ref="4368" />
    <member type="way" role="right" ref="4370" />
    <tag k="type" v="lanelet" />
    <tag k="subtype" v="road" />
    <tag k="speed_limit" v="10" />
    <tag k="location" v="urban" />
    <tag k="one_way" v="yes" />
  </relation>
  <relation id="4374">
    <member type="way" role="left" ref="3797" />
    <member type="way" role="right" ref="4367" />
    <tag k="type" v="lanelet" />
    <tag k="subtype" v="road" />
    <tag k="speed_limit" v="10" />
    <tag k="location" v="urban" />
    <tag k="one_way" v="yes" />
  </relation>
  <relation id="4376">
    <member type="way" role="left" ref="4375" />
    <member type="way" role="right" ref="4372" />
    <tag k="type" v="lanelet" />
    <tag k="subtype" v="road" />
    <tag k="speed_limit" v="10" />
    <tag k="location" v="urban" />
    <tag k="one_way" v="yes" />
  </relation>
  <relation id="4394">
    <member type="way" role="left" ref="4396" />
    <member type="way" role="right" ref="4397" />
    <tag k="type" v="lanelet" />
    <tag k="subtype" v="road" />
    <tag k="speed_limit" v="10" />
    <tag k="location" v="urban" />
    <tag k="one_way" v="yes" />
  </relation>
  <relation id="4409">
    <member type="way" role="left" ref="4549" />
    <member type="way" role="right" ref="4547" />
    <tag k="type" v="lanelet" />
    <tag k="subtype" v="road" />
    <tag k="speed_limit" v="10" />
    <tag k="location" v="urban" />
    <tag k="one_way" v="yes" />
  </relation>
  <relation id="4411">
    <member type="way" role="left" ref="4410" />
    <member type="way" role="right" ref="4403" />
    <tag k="type" v="lanelet" />
    <tag k="subtype" v="road" />
    <tag k="speed_limit" v="10" />
    <tag k="location" v="urban" />
    <tag k="one_way" v="yes" />
  </relation>
  <relation id="4420">
    <member type="way" role="left" ref="4423" />
    <member type="way" role="right" ref="4425" />
    <tag k="type" v="lanelet" />
    <tag k="subtype" v="road" />
    <tag k="speed_limit" v="10" />
    <tag k="location" v="urban" />
    <tag k="one_way" v="yes" />
  </relation>
  <relation id="4427">
    <member type="way" role="left" ref="4424" />
    <member type="way" role="right" ref="4426" />
    <tag k="type" v="lanelet" />
    <tag k="subtype" v="road" />
    <tag k="speed_limit" v="10" />
    <tag k="location" v="urban" />
    <tag k="one_way" v="yes" />
  </relation>
  <relation id="4453">
    <member type="way" role="left" ref="4450" />
    <member type="way" role="right" ref="4452" />
    <tag k="type" v="lanelet" />
    <tag k="subtype" v="road" />
    <tag k="speed_limit" v="10" />
    <tag k="location" v="urban" />
    <tag k="one_way" v="yes" />
  </relation>
  <relation id="4455">
    <member type="way" role="left" ref="2052" />
    <member type="way" role="right" ref="4450" />
    <tag k="type" v="lanelet" />
    <tag k="subtype" v="road" />
    <tag k="speed_limit" v="10" />
    <tag k="location" v="urban" />
    <tag k="one_way" v="yes" />
  </relation>
  <relation id="4456">
    <member type="way" role="left" ref="2040" />
    <member type="way" role="right" ref="4454" />
    <tag k="type" v="lanelet" />
    <tag k="subtype" v="road" />
    <tag k="speed_limit" v="10" />
    <tag k="location" v="urban" />
    <tag k="one_way" v="yes" />
  </relation>
  <relation id="4463">
    <member type="way" role="left" ref="4460" />
    <member type="way" role="right" ref="4462" />
    <tag k="type" v="lanelet" />
    <tag k="subtype" v="road" />
    <tag k="speed_limit" v="10" />
    <tag k="location" v="urban" />
    <tag k="one_way" v="yes" />
  </relation>
  <relation id="4470">
    <member type="way" role="left" ref="4468" />
    <member type="way" role="right" ref="4467" />
    <tag k="type" v="lanelet" />
    <tag k="subtype" v="road" />
    <tag k="speed_limit" v="10" />
    <tag k="location" v="urban" />
    <tag k="one_way" v="yes" />
  </relation>
  <relation id="4477">
    <member type="way" role="left" ref="4475" />
    <member type="way" role="right" ref="4474" />
    <tag k="type" v="lanelet" />
    <tag k="subtype" v="road" />
    <tag k="speed_limit" v="10" />
    <tag k="location" v="urban" />
    <tag k="one_way" v="yes" />
  </relation>
  <relation id="4484">
    <member type="way" role="left" ref="4481" />
    <member type="way" role="right" ref="4483" />
    <tag k="type" v="lanelet" />
    <tag k="subtype" v="road" />
    <tag k="speed_limit" v="10" />
    <tag k="location" v="urban" />
    <tag k="one_way" v="yes" />
  </relation>
  <relation id="4491">
    <member type="way" role="left" ref="4502" />
    <member type="way" role="right" ref="4501" />
    <tag k="type" v="lanelet" />
    <tag k="subtype" v="road" />
    <tag k="speed_limit" v="10" />
    <tag k="location" v="urban" />
    <tag k="one_way" v="yes" />
  </relation>
  <relation id="4498">
    <member type="way" role="left" ref="4497" />
    <member type="way" role="right" ref="4495" />
    <tag k="type" v="lanelet" />
    <tag k="subtype" v="road" />
    <tag k="speed_limit" v="10" />
    <tag k="location" v="urban" />
    <tag k="one_way" v="yes" />
  </relation>
  <relation id="4535">
    <member type="way" role="left" ref="4540" />
    <member type="way" role="right" ref="4538" />
    <tag k="type" v="lanelet" />
    <tag k="subtype" v="road" />
    <tag k="speed_limit" v="10" />
    <tag k="location" v="urban" />
    <tag k="one_way" v="yes" />
  </relation>
  <relation id="4542">
    <member type="way" role="left" ref="4541" />
    <member type="way" role="right" ref="4539" />
    <tag k="type" v="lanelet" />
    <tag k="subtype" v="road" />
    <tag k="speed_limit" v="10" />
    <tag k="location" v="urban" />
    <tag k="one_way" v="yes" />
  </relation>
  <relation id="4551">
    <member type="way" role="left" ref="4550" />
    <member type="way" role="right" ref="4548" />
    <tag k="type" v="lanelet" />
    <tag k="subtype" v="road" />
    <tag k="speed_limit" v="10" />
    <tag k="location" v="urban" />
    <tag k="one_way" v="yes" />
  </relation>
  <relation id="4574">
    <member type="way" role="left" ref="4573" />
    <member type="way" role="right" ref="4571" />
    <tag k="type" v="lanelet" />
    <tag k="subtype" v="road" />
    <tag k="speed_limit" v="10" />
    <tag k="location" v="urban" />
    <tag k="one_way" v="yes" />
  </relation>
  <relation id="4592">
    <member type="way" role="left" ref="4584" />
    <member type="way" role="right" ref="4581" />
    <tag k="type" v="lanelet" />
    <tag k="subtype" v="road" />
    <tag k="speed_limit" v="10" />
    <tag k="location" v="urban" />
    <tag k="one_way" v="yes" />
  </relation>
  <relation id="4593">
    <member type="way" role="left" ref="4578" />
    <member type="way" role="right" ref="4590" />
    <tag k="type" v="lanelet" />
    <tag k="subtype" v="road" />
    <tag k="speed_limit" v="10" />
    <tag k="location" v="urban" />
    <tag k="one_way" v="yes" />
  </relation>
  <relation id="4594">
    <member type="way" role="left" ref="4575" />
    <member type="way" role="right" ref="4591" />
    <tag k="type" v="lanelet" />
    <tag k="subtype" v="road" />
    <tag k="speed_limit" v="10" />
    <tag k="location" v="urban" />
    <tag k="one_way" v="yes" />
  </relation>
  <relation id="4597">
    <member type="way" role="left" ref="4578" />
    <member type="way" role="right" ref="4596" />
    <tag k="type" v="lanelet" />
    <tag k="subtype" v="road" />
    <tag k="speed_limit" v="10" />
    <tag k="location" v="urban" />
    <tag k="one_way" v="yes" />
  </relation>
  <relation id="4641">
    <member type="way" role="left" ref="5280" />
    <member type="way" role="right" ref="5282" />
    <tag k="type" v="lanelet" />
    <tag k="subtype" v="road" />
    <tag k="speed_limit" v="10" />
    <tag k="location" v="urban" />
    <tag k="one_way" v="yes" />
  </relation>
  <relation id="4642">
    <member type="way" role="left" ref="5322" />
    <member type="way" role="right" ref="5323" />
    <tag k="type" v="lanelet" />
    <tag k="subtype" v="road" />
    <tag k="speed_limit" v="10" />
    <tag k="location" v="urban" />
    <tag k="one_way" v="yes" />
  </relation>
  <relation id="4657">
    <member type="way" role="left" ref="5258" />
    <member type="way" role="right" ref="5260" />
    <tag k="type" v="lanelet" />
    <tag k="subtype" v="road" />
    <tag k="speed_limit" v="10" />
    <tag k="location" v="urban" />
    <tag k="one_way" v="yes" />
  </relation>
  <relation id="4658">
    <member type="way" role="left" ref="5265" />
    <member type="way" role="right" ref="5267" />
    <tag k="type" v="lanelet" />
    <tag k="subtype" v="road" />
    <tag k="speed_limit" v="10" />
    <tag k="location" v="urban" />
    <tag k="one_way" v="yes" />
  </relation>
  <relation id="4671">
    <member type="way" role="left" ref="1847" />
    <member type="way" role="right" ref="1909" />
    <tag k="type" v="lanelet" />
    <tag k="subtype" v="road" />
    <tag k="speed_limit" v="10" />
    <tag k="location" v="urban" />
    <tag k="one_way" v="yes" />
  </relation>
  <relation id="4672">
    <member type="way" role="left" ref="1896" />
    <member type="way" role="right" ref="4668" />
    <tag k="type" v="lanelet" />
    <tag k="subtype" v="road" />
    <tag k="speed_limit" v="10" />
    <tag k="location" v="urban" />
    <tag k="one_way" v="yes" />
  </relation>
  <relation id="4674">
    <member type="way" role="left" ref="4669" />
    <member type="way" role="right" ref="4673" />
    <tag k="type" v="lanelet" />
    <tag k="subtype" v="road" />
    <tag k="speed_limit" v="10" />
    <tag k="location" v="urban" />
    <tag k="one_way" v="yes" />
  </relation>
  <relation id="4675">
    <member type="way" role="left" ref="1877" />
    <member type="way" role="right" ref="1878" />
    <tag k="type" v="lanelet" />
    <tag k="subtype" v="road" />
    <tag k="speed_limit" v="10" />
    <tag k="location" v="urban" />
    <tag k="one_way" v="yes" />
  </relation>
  <relation id="4676">
    <member type="way" role="left" ref="1847" />
    <member type="way" role="right" ref="1877" />
    <tag k="type" v="lanelet" />
    <tag k="subtype" v="road" />
    <tag k="speed_limit" v="10" />
    <tag k="location" v="urban" />
    <tag k="one_way" v="yes" />
  </relation>
  <relation id="4884">
    <member type="way" role="left" ref="4877" />
    <member type="way" role="right" ref="4880" />
    <tag k="type" v="lanelet" />
    <tag k="subtype" v="road" />
    <tag k="speed_limit" v="10" />
    <tag k="location" v="urban" />
    <tag k="one_way" v="yes" />
  </relation>
  <relation id="4885">
    <member type="way" role="left" ref="4877" />
    <member type="way" role="right" ref="4883" />
    <tag k="type" v="lanelet" />
    <tag k="subtype" v="road" />
    <tag k="speed_limit" v="10" />
    <tag k="location" v="urban" />
    <tag k="one_way" v="yes" />
  </relation>
  <relation id="4984">
    <member type="way" role="left" ref="4969" />
    <member type="way" role="right" ref="4964" />
    <tag k="type" v="lanelet" />
    <tag k="subtype" v="road" />
    <tag k="speed_limit" v="10" />
    <tag k="location" v="urban" />
    <tag k="one_way" v="yes" />
  </relation>
  <relation id="4985">
    <member type="way" role="left" ref="4969" />
    <member type="way" role="right" ref="4978" />
    <tag k="type" v="lanelet" />
    <tag k="subtype" v="road" />
    <tag k="speed_limit" v="10" />
    <tag k="location" v="urban" />
    <tag k="one_way" v="yes" />
  </relation>
  <relation id="4986">
    <member type="way" role="left" ref="4942" />
    <member type="way" role="right" ref="1762" />
    <tag k="type" v="lanelet" />
    <tag k="subtype" v="road" />
    <tag k="speed_limit" v="10" />
    <tag k="location" v="urban" />
    <tag k="one_way" v="yes" />
  </relation>
  <relation id="4987">
    <member type="way" role="left" ref="4942" />
    <member type="way" role="right" ref="4949" />
    <tag k="type" v="lanelet" />
    <tag k="subtype" v="road" />
    <tag k="speed_limit" v="10" />
    <tag k="location" v="urban" />
    <tag k="one_way" v="yes" />
  </relation>
  <relation id="4990">
    <member type="way" role="left" ref="4954" />
    <member type="way" role="right" ref="4989" />
    <tag k="type" v="lanelet" />
    <tag k="subtype" v="road" />
    <tag k="speed_limit" v="10" />
    <tag k="location" v="urban" />
    <tag k="one_way" v="yes" />
  </relation>
  <relation id="4991">
    <member type="way" role="left" ref="4955" />
    <member type="way" role="right" ref="4958" />
    <tag k="type" v="lanelet" />
    <tag k="subtype" v="road" />
    <tag k="speed_limit" v="10" />
    <tag k="location" v="urban" />
    <tag k="one_way" v="yes" />
  </relation>
  <relation id="4992">
    <member type="way" role="left" ref="4929" />
    <member type="way" role="right" ref="4935" />
    <tag k="type" v="lanelet" />
    <tag k="subtype" v="road" />
    <tag k="speed_limit" v="10" />
    <tag k="location" v="urban" />
    <tag k="one_way" v="yes" />
  </relation>
  <relation id="4993">
    <member type="way" role="left" ref="4923" />
    <member type="way" role="right" ref="4887" />
    <tag k="type" v="lanelet" />
    <tag k="subtype" v="road" />
    <tag k="speed_limit" v="10" />
    <tag k="location" v="urban" />
    <tag k="one_way" v="yes" />
  </relation>
  <relation id="4994">
    <member type="way" role="left" ref="4908" />
    <member type="way" role="right" ref="4898" />
    <tag k="type" v="lanelet" />
    <tag k="subtype" v="road" />
    <tag k="speed_limit" v="10" />
    <tag k="location" v="urban" />
    <tag k="one_way" v="yes" />
  </relation>
  <relation id="4999">
    <member type="way" role="left" ref="4890" />
    <member type="way" role="right" ref="4998" />
    <tag k="type" v="lanelet" />
    <tag k="subtype" v="road" />
    <tag k="speed_limit" v="10" />
    <tag k="location" v="urban" />
    <tag k="one_way" v="yes" />
  </relation>
  <relation id="5000">
    <member type="way" role="left" ref="4854" />
    <member type="way" role="right" ref="1817" />
    <tag k="type" v="lanelet" />
    <tag k="subtype" v="road" />
    <tag k="speed_limit" v="10" />
    <tag k="location" v="urban" />
    <tag k="one_way" v="yes" />
  </relation>
  <relation id="5001">
    <member type="way" role="left" ref="4854" />
    <member type="way" role="right" ref="4874" />
    <tag k="type" v="lanelet" />
    <tag k="subtype" v="road" />
    <tag k="speed_limit" v="10" />
    <tag k="location" v="urban" />
    <tag k="one_way" v="yes" />
  </relation>
  <relation id="5002">
    <member type="way" role="left" ref="4808" />
    <member type="way" role="right" ref="1851" />
    <tag k="type" v="lanelet" />
    <tag k="subtype" v="road" />
    <tag k="speed_limit" v="10" />
    <tag k="location" v="urban" />
    <tag k="one_way" v="yes" />
  </relation>
  <relation id="5003">
    <member type="way" role="left" ref="4808" />
    <member type="way" role="right" ref="4834" />
    <tag k="type" v="lanelet" />
    <tag k="subtype" v="road" />
    <tag k="speed_limit" v="10" />
    <tag k="location" v="urban" />
    <tag k="one_way" v="yes" />
  </relation>
  <relation id="5004">
    <member type="way" role="left" ref="4793" />
    <member type="way" role="right" ref="4776" />
    <tag k="type" v="lanelet" />
    <tag k="subtype" v="road" />
    <tag k="speed_limit" v="10" />
    <tag k="location" v="urban" />
    <tag k="one_way" v="yes" />
  </relation>
  <relation id="5006">
    <member type="way" role="left" ref="4795" />
    <member type="way" role="right" ref="4777" />
    <tag k="type" v="lanelet" />
    <tag k="subtype" v="road" />
    <tag k="speed_limit" v="10" />
    <tag k="location" v="urban" />
    <tag k="one_way" v="yes" />
  </relation>
  <relation id="5010">
    <member type="way" role="left" ref="4793" />
    <member type="way" role="right" ref="5008" />
    <tag k="type" v="lanelet" />
    <tag k="subtype" v="road" />
    <tag k="speed_limit" v="10" />
    <tag k="location" v="urban" />
    <tag k="one_way" v="yes" />
  </relation>
  <relation id="5011">
    <member type="way" role="left" ref="4794" />
    <member type="way" role="right" ref="5009" />
    <tag k="type" v="lanelet" />
    <tag k="subtype" v="road" />
    <tag k="speed_limit" v="10" />
    <tag k="location" v="urban" />
    <tag k="one_way" v="yes" />
  </relation>
  <relation id="5012">
    <member type="way" role="left" ref="1778" />
    <member type="way" role="right" ref="4794" />
    <tag k="type" v="lanelet" />
    <tag k="subtype" v="road" />
    <tag k="speed_limit" v="10" />
    <tag k="location" v="urban" />
    <tag k="one_way" v="yes" />
  </relation>
  <relation id="5013">
    <member type="way" role="left" ref="4694" />
    <member type="way" role="right" ref="4698" />
    <tag k="type" v="lanelet" />
    <tag k="subtype" v="road" />
    <tag k="speed_limit" v="10" />
    <tag k="location" v="urban" />
    <tag k="one_way" v="yes" />
  </relation>
  <relation id="5014">
    <member type="way" role="left" ref="4682" />
    <member type="way" role="right" ref="4690" />
    <tag k="type" v="lanelet" />
    <tag k="subtype" v="road" />
    <tag k="speed_limit" v="10" />
    <tag k="location" v="urban" />
    <tag k="one_way" v="yes" />
  </relation>
  <relation id="5015">
    <member type="way" role="left" ref="1903" />
    <member type="way" role="right" ref="1946" />
    <tag k="type" v="lanelet" />
    <tag k="subtype" v="road" />
    <tag k="speed_limit" v="10" />
    <tag k="location" v="urban" />
    <tag k="one_way" v="yes" />
  </relation>
  <relation id="5016">
    <member type="way" role="left" ref="1812" />
    <member type="way" role="right" ref="1879" />
    <tag k="type" v="lanelet" />
    <tag k="subtype" v="road" />
    <tag k="speed_limit" v="10" />
    <tag k="location" v="urban" />
    <tag k="one_way" v="yes" />
  </relation>
  <relation id="5021">
    <member type="way" role="left" ref="5055" />
    <member type="way" role="right" ref="5057" />
    <tag k="type" v="lanelet" />
    <tag k="subtype" v="road" />
    <tag k="speed_limit" v="10" />
    <tag k="location" v="urban" />
    <tag k="one_way" v="yes" />
  </relation>
  <relation id="5059">
    <member type="way" role="left" ref="5056" />
    <member type="way" role="right" ref="5058" />
    <tag k="type" v="lanelet" />
    <tag k="subtype" v="road" />
    <tag k="speed_limit" v="10" />
    <tag k="location" v="urban" />
    <tag k="one_way" v="yes" />
  </relation>
  <relation id="5071">
    <member type="way" role="left" ref="5061" />
    <member type="way" role="right" ref="5051" />
    <tag k="type" v="lanelet" />
    <tag k="subtype" v="road" />
    <tag k="speed_limit" v="10" />
    <tag k="location" v="urban" />
    <tag k="one_way" v="yes" />
  </relation>
  <relation id="5072">
    <member type="way" role="left" ref="5058" />
    <member type="way" role="right" ref="5049" />
    <tag k="type" v="lanelet" />
    <tag k="subtype" v="road" />
    <tag k="speed_limit" v="10" />
    <tag k="location" v="urban" />
    <tag k="one_way" v="yes" />
  </relation>
  <relation id="5098">
    <member type="way" role="left" ref="5078" />
    <member type="way" role="right" ref="5093" />
    <tag k="type" v="lanelet" />
    <tag k="subtype" v="road" />
    <tag k="speed_limit" v="10" />
    <tag k="location" v="urban" />
    <tag k="one_way" v="yes" />
  </relation>
  <relation id="5102">
    <member type="way" role="left" ref="5100" />
    <member type="way" role="right" ref="5099" />
    <tag k="type" v="lanelet" />
    <tag k="subtype" v="road" />
    <tag k="speed_limit" v="10" />
    <tag k="location" v="urban" />
    <tag k="one_way" v="yes" />
  </relation>
  <relation id="5103">
    <member type="way" role="left" ref="5085" />
    <member type="way" role="right" ref="5097" />
    <tag k="type" v="lanelet" />
    <tag k="subtype" v="road" />
    <tag k="speed_limit" v="10" />
    <tag k="location" v="urban" />
    <tag k="one_way" v="yes" />
  </relation>
  <relation id="5127">
    <member type="way" role="left" ref="5124" />
    <member type="way" role="right" ref="5126" />
    <tag k="type" v="lanelet" />
    <tag k="subtype" v="road" />
    <tag k="speed_limit" v="10" />
    <tag k="location" v="urban" />
    <tag k="one_way" v="yes" />
  </relation>
  <relation id="5128">
    <member type="way" role="left" ref="5124" />
    <member type="way" role="right" ref="5113" />
    <tag k="type" v="lanelet" />
    <tag k="subtype" v="road" />
    <tag k="speed_limit" v="10" />
    <tag k="location" v="urban" />
    <tag k="one_way" v="yes" />
  </relation>
  <relation id="5241">
    <member type="way" role="left" ref="5231" />
    <member type="way" role="right" ref="5230" />
    <tag k="type" v="lanelet" />
    <tag k="subtype" v="road" />
    <tag k="speed_limit" v="10" />
    <tag k="location" v="urban" />
    <tag k="one_way" v="yes" />
  </relation>
  <relation id="5242">
    <member type="way" role="left" ref="5231" />
    <member type="way" role="right" ref="5232" />
    <tag k="type" v="lanelet" />
    <tag k="subtype" v="road" />
    <tag k="speed_limit" v="10" />
    <tag k="location" v="urban" />
    <tag k="one_way" v="yes" />
  </relation>
  <relation id="5262">
    <member type="way" role="left" ref="5259" />
    <member type="way" role="right" ref="5261" />
    <tag k="type" v="lanelet" />
    <tag k="subtype" v="road" />
    <tag k="speed_limit" v="10" />
    <tag k="location" v="urban" />
    <tag k="one_way" v="yes" />
  </relation>
  <relation id="5284">
    <member type="way" role="left" ref="5281" />
    <member type="way" role="right" ref="5283" />
    <tag k="type" v="lanelet" />
    <tag k="subtype" v="road" />
    <tag k="speed_limit" v="10" />
    <tag k="location" v="urban" />
    <tag k="one_way" v="yes" />
  </relation>
  <relation id="5291">
    <member type="way" role="left" ref="5285" />
    <member type="way" role="right" ref="5286" />
    <tag k="type" v="lanelet" />
    <tag k="subtype" v="road" />
    <tag k="speed_limit" v="10" />
    <tag k="location" v="urban" />
    <tag k="one_way" v="yes" />
  </relation>
  <relation id="5307">
    <member type="way" role="left" ref="5285" />
    <member type="way" role="right" ref="5294" />
    <tag k="type" v="lanelet" />
    <tag k="subtype" v="road" />
    <tag k="speed_limit" v="10" />
    <tag k="location" v="urban" />
    <tag k="one_way" v="yes" />
  </relation>
  <relation id="5319">
    <member type="way" role="left" ref="5281" />
    <member type="way" role="right" ref="5317" />
    <tag k="type" v="lanelet" />
    <tag k="subtype" v="road" />
    <tag k="speed_limit" v="10" />
    <tag k="location" v="urban" />
    <tag k="one_way" v="yes" />
  </relation>
  <relation id="5321">
    <member type="way" role="left" ref="5130" />
    <member type="way" role="right" ref="5172" />
    <tag k="type" v="lanelet" />
    <tag k="subtype" v="road" />
    <tag k="speed_limit" v="10" />
    <tag k="location" v="urban" />
    <tag k="one_way" v="yes" />
  </relation>
  <relation id="5325">
    <member type="way" role="left" ref="5324" />
    <member type="way" role="right" ref="2686" />
    <tag k="type" v="lanelet" />
    <tag k="subtype" v="road" />
    <tag k="speed_limit" v="10" />
    <tag k="location" v="urban" />
    <tag k="one_way" v="yes" />
  </relation>
  <relation id="5326">
    <member type="way" role="left" ref="5324" />
    <member type="way" role="right" ref="2692" />
    <tag k="type" v="lanelet" />
    <tag k="subtype" v="road" />
    <tag k="speed_limit" v="10" />
    <tag k="location" v="urban" />
    <tag k="one_way" v="yes" />
  </relation>
  <relation id="2192">
    <member type="way" role="outer" ref="1902" />
    <member type="way" role="outer" ref="1901" />
    <tag k="type" v="multipolygon" />
  </relation>
  <relation id="3312">
    <member type="way" role="outer" ref="3253" />
    <member type="way" role="outer" ref="3221" />
    <member type="way" role="outer" ref="3196" />
    <member type="way" role="outer" ref="3277" />
    <member type="way" role="outer" ref="3284" />
    <member type="way" role="outer" ref="3291" />
    <member type="way" role="outer" ref="3298" />
    <member type="way" role="outer" ref="3308" />
    <member type="way" role="outer" ref="3304" />
    <member type="way" role="outer" ref="3016" />
    <member type="way" role="outer" ref="3075" />
    <member type="way" role="outer" ref="3054" />
    <member type="way" role="outer" ref="3190" />
    <tag k="type" v="multipolygon" />
    <tag k="subtype" v="parking_lot" />
  </relation>
</osm>